{"casual": {"precision": 0.6153846153846154, "recall": 0.8275862068965517, "f1-score": 0.7058823529411765, "support": 29}, "explosion": {"precision": 0.9032258064516129, "recall": 0.717948717948718, "f1-score": 0.8, "support": 39}, "gunshot": {"precision": 0.8461538461538461, "recall": 0.5238095238095238, "f1-score": 0.6470588235294118, "support": 21}, "siren": {"precision": 0.7272727272727273, "recall": 1.0, "f1-score": 0.8421052631578948, "support": 16}, "accuracy": 0.7523809523809524, "macro avg": {"precision": 0.7730092488157005, "recall": 0.7673361121636983, "f1-score": 0.7487616099071207, "support": 105}, "weighted avg": {"precision": 0.785500520984392, "recall": 0.7523809523809524, "f1-score": 0.7498334070470294, "support": 105}, "classificador": "SGDClassifier"}