{"casual": {"precision": 0.6052631578947368, "recall": 0.7931034482758621, "f1-score": 0.6865671641791046, "support": 29}, "explosion": {"precision": 0.8620689655172413, "recall": 0.6410256410256411, "f1-score": 0.7352941176470588, "support": 39}, "gunshot": {"precision": 0.8947368421052632, "recall": 0.8095238095238095, "f1-score": 0.8500000000000001, "support": 21}, "siren": {"precision": 0.7894736842105263, "recall": 0.9375, "f1-score": 0.8571428571428572, "support": 16}, "accuracy": 0.7619047619047619, "macro avg": {"precision": 0.7878856624319419, "recall": 0.7952882247063282, "f1-score": 0.7822510347422552, "support": 105}, "weighted avg": {"precision": 0.7866130844352259, "recall": 0.7619047619047619, "f1-score": 0.7633448006068101, "support": 105}, "classificador": "Perceptron"}