{"casual": {"precision": 0.5, "recall": 0.8275862068965517, "f1-score": 0.6233766233766235, "support": 29}, "explosion": {"precision": 0.9130434782608695, "recall": 0.5384615384615384, "f1-score": 0.6774193548387096, "support": 39}, "gunshot": {"precision": 0.875, "recall": 0.3333333333333333, "f1-score": 0.48275862068965514, "support": 21}, "siren": {"precision": 0.5384615384615384, "recall": 0.875, "f1-score": 0.6666666666666667, "support": 16}, "accuracy": 0.6285714285714286, "macro avg": {"precision": 0.706626254180602, "recall": 0.6435952696728559, "f1-score": 0.6125553163929138, "support": 105}, "weighted avg": {"precision": 0.7342769549291288, "recall": 0.6285714285714286, "f1-score": 0.62192261540744, "support": 105}, "classificador": "Perceptron"}