{"casual": {"precision": 0.6857142857142857, "recall": 0.8275862068965517, "f1-score": 0.75, "support": 29}, "explosion": {"precision": 0.9444444444444444, "recall": 0.8717948717948718, "f1-score": 0.9066666666666667, "support": 39}, "gunshot": {"precision": 0.8823529411764706, "recall": 0.7142857142857143, "f1-score": 0.7894736842105262, "support": 21}, "siren": {"precision": 0.8823529411764706, "recall": 0.9375, "f1-score": 0.9090909090909091, "support": 16}, "accuracy": 0.8380952380952381, "macro avg": {"precision": 0.8487161531279178, "recall": 0.8377916982442845, "f1-score": 0.8388078149920255, "support": 105}, "weighted avg": {"precision": 0.8511057756435908, "recall": 0.8380952380952381, "f1-score": 0.8403276372750057, "support": 105}, "classificador": "KNeighborsClassifier"}