{"casual": {"precision": 0.7428571428571429, "recall": 0.896551724137931, "f1-score": 0.8125, "support": 29}, "explosion": {"precision": 0.9459459459459459, "recall": 0.8974358974358975, "f1-score": 0.9210526315789475, "support": 39}, "gunshot": {"precision": 0.9375, "recall": 0.7142857142857143, "f1-score": 0.8108108108108109, "support": 21}, "siren": {"precision": 0.8823529411764706, "recall": 0.9375, "f1-score": 0.9090909090909091, "support": 16}, "accuracy": 0.8666666666666667, "macro avg": {"precision": 0.8771640074948899, "recall": 0.8614433339648857, "f1-score": 0.8633635878701669, "support": 105}, "weighted avg": {"precision": 0.8784752008911675, "recall": 0.8666666666666667, "f1-score": 0.8672003257529574, "support": 105}, "classificador": "KNeighborsClassifier"}