{"casual": {"precision": 0.71875, "recall": 0.7931034482758621, "f1-score": 0.7540983606557378, "support": 29}, "explosion": {"precision": 0.918918918918919, "recall": 0.8717948717948718, "f1-score": 0.8947368421052632, "support": 39}, "gunshot": {"precision": 0.8947368421052632, "recall": 0.8095238095238095, "f1-score": 0.8500000000000001, "support": 21}, "siren": {"precision": 0.8823529411764706, "recall": 0.9375, "f1-score": 0.9090909090909091, "support": 16}, "accuracy": 0.8476190476190476, "macro avg": {"precision": 0.8536896755501632, "recall": 0.8529805323986359, "f1-score": 0.8519815279629775, "support": 105}, "weighted avg": {"precision": 0.8532257960083037, "recall": 0.8476190476190476, "f1-score": 0.8491337509197734, "support": 105}, "classificador": "KNeighborsClassifier"}