{"casual": {"precision": 0.5294117647058824, "recall": 0.6206896551724138, "f1-score": 0.5714285714285715, "support": 29}, "explosion": {"precision": 0.8055555555555556, "recall": 0.7435897435897436, "f1-score": 0.7733333333333334, "support": 39}, "gunshot": {"precision": 0.9411764705882353, "recall": 0.7619047619047619, "f1-score": 0.8421052631578947, "support": 21}, "siren": {"precision": 0.7222222222222222, "recall": 0.8125, "f1-score": 0.7647058823529411, "support": 16}, "accuracy": 0.7238095238095238, "macro avg": {"precision": 0.7495915032679739, "recall": 0.7346710401667298, "f1-score": 0.7378932625681852, "support": 105}, "weighted avg": {"precision": 0.7437130407718643, "recall": 0.7238095238095238, "f1-score": 0.7300088877656326, "support": 105}, "classificador": "SGDClassifier"}