{"casual": {"precision": 0.5806451612903226, "recall": 0.6206896551724138, "f1-score": 0.6000000000000001, "support": 29}, "explosion": {"precision": 0.8378378378378378, "recall": 0.7948717948717948, "f1-score": 0.8157894736842105, "support": 39}, "gunshot": {"precision": 0.8235294117647058, "recall": 0.6666666666666666, "f1-score": 0.7368421052631577, "support": 21}, "siren": {"precision": 0.75, "recall": 0.9375, "f1-score": 0.8333333333333334, "support": 16}, "accuracy": 0.7428571428571429, "macro avg": {"precision": 0.7480031027232166, "recall": 0.7549320291777188, "f1-score": 0.7464912280701755, "support": 105}, "weighted avg": {"precision": 0.7505571714300368, "recall": 0.7428571428571429, "f1-score": 0.7430743525480367, "support": 105}, "classificador": "LinearDiscriminantAnalysis"}