{"casual": {"precision": 0.5757575757575758, "recall": 0.6551724137931034, "f1-score": 0.6129032258064515, "support": 29}, "explosion": {"precision": 0.8333333333333334, "recall": 0.7692307692307693, "f1-score": 0.8, "support": 39}, "gunshot": {"precision": 0.8235294117647058, "recall": 0.6666666666666666, "f1-score": 0.7368421052631577, "support": 21}, "siren": {"precision": 0.7894736842105263, "recall": 0.9375, "f1-score": 0.8571428571428572, "support": 16}, "accuracy": 0.7428571428571429, "macro avg": {"precision": 0.7555235012665353, "recall": 0.7571424624226348, "f1-score": 0.7517220470531166, "support": 105}, "weighted avg": {"precision": 0.7535492027752091, "recall": 0.7428571428571429, "f1-score": 0.7444015568876107, "support": 105}, "classificador": "LinearDiscriminantAnalysis"}