{"casual": {"precision": 0.5609756097560976, "recall": 0.7931034482758621, "f1-score": 0.6571428571428573, "support": 29}, "explosion": {"precision": 0.9583333333333334, "recall": 0.5897435897435898, "f1-score": 0.7301587301587301, "support": 39}, "gunshot": {"precision": 0.7894736842105263, "recall": 0.7142857142857143, "f1-score": 0.7500000000000001, "support": 21}, "siren": {"precision": 0.7142857142857143, "recall": 0.9375, "f1-score": 0.8108108108108109, "support": 16}, "accuracy": 0.7238095238095238, "macro avg": {"precision": 0.755767085396418, "recall": 0.7586581880762916, "f1-score": 0.7370280995280996, "support": 105}, "weighted avg": {"precision": 0.7776267759992316, "recall": 0.7238095238095238, "f1-score": 0.7262505362505361, "support": 105}, "classificador": "Perceptron"}