{"casual": {"precision": 0.7741935483870968, "recall": 0.8275862068965517, "f1-score": 0.7999999999999999, "support": 29}, "explosion": {"precision": 0.9024390243902439, "recall": 0.9487179487179487, "f1-score": 0.9249999999999999, "support": 39}, "gunshot": {"precision": 1.0, "recall": 0.7619047619047619, "f1-score": 0.8648648648648648, "support": 21}, "siren": {"precision": 0.9411764705882353, "recall": 1.0, "f1-score": 0.9696969696969697, "support": 16}, "accuracy": 0.8857142857142857, "macro avg": {"precision": 0.9044522608413941, "recall": 0.8845522293798156, "f1-score": 0.8898904586404586, "support": 105}, "weighted avg": {"precision": 0.8924338893700674, "recall": 0.8857142857142857, "f1-score": 0.8852601302601302, "support": 105}, "classificador": "KNeighborsClassifier"}