{"casual": {"precision": 0.6285714285714286, "recall": 0.7586206896551724, "f1-score": 0.6875, "support": 29}, "explosion": {"precision": 0.8888888888888888, "recall": 0.8205128205128205, "f1-score": 0.8533333333333333, "support": 39}, "gunshot": {"precision": 1.0, "recall": 0.5714285714285714, "f1-score": 0.7272727272727273, "support": 21}, "siren": {"precision": 0.6818181818181818, "recall": 0.9375, "f1-score": 0.7894736842105263, "support": 16}, "accuracy": 0.7714285714285715, "macro avg": {"precision": 0.7998196248196248, "recall": 0.772015520399141, "f1-score": 0.7643949362041467, "support": 105}, "weighted avg": {"precision": 0.8076602762317047, "recall": 0.7714285714285715, "f1-score": 0.7725886306675781, "support": 105}, "classificador": "Perceptron"}