{"casual": {"precision": 0.8064516129032258, "recall": 0.8620689655172413, "f1-score": 0.8333333333333334, "support": 29}, "explosion": {"precision": 0.9230769230769231, "recall": 0.9230769230769231, "f1-score": 0.9230769230769231, "support": 39}, "gunshot": {"precision": 0.8823529411764706, "recall": 0.7142857142857143, "f1-score": 0.7894736842105262, "support": 21}, "siren": {"precision": 0.8888888888888888, "recall": 1.0, "f1-score": 0.9411764705882353, "support": 16}, "accuracy": 0.8761904761904762, "macro avg": {"precision": 0.8751925915113771, "recall": 0.8748579007199697, "f1-score": 0.8717651028022544, "support": 105}, "weighted avg": {"precision": 0.8775117215344919, "recall": 0.8761904761904762, "f1-score": 0.874327976804757, "support": 105}, "classificador": "KNeighborsClassifier"}