{"casual": {"precision": 0.5945945945945946, "recall": 0.7586206896551724, "f1-score": 0.6666666666666667, "support": 29}, "explosion": {"precision": 0.8823529411764706, "recall": 0.7692307692307693, "f1-score": 0.8219178082191781, "support": 39}, "gunshot": {"precision": 0.875, "recall": 0.6666666666666666, "f1-score": 0.7567567567567567, "support": 21}, "siren": {"precision": 0.8333333333333334, "recall": 0.9375, "f1-score": 0.8823529411764706, "support": 16}, "accuracy": 0.7714285714285715, "macro avg": {"precision": 0.7963202172760997, "recall": 0.7830045313881521, "f1-score": 0.781923543204768, "support": 105}, "weighted avg": {"precision": 0.793936583642466, "recall": 0.7714285714285715, "f1-score": 0.7752158743294923, "support": 105}, "classificador": "SGDClassifier"}