{"casual": {"precision": 0.75, "recall": 0.8275862068965517, "f1-score": 0.7868852459016394, "support": 29}, "explosion": {"precision": 0.8947368421052632, "recall": 0.8717948717948718, "f1-score": 0.8831168831168831, "support": 39}, "gunshot": {"precision": 0.8333333333333334, "recall": 0.7142857142857143, "f1-score": 0.7692307692307692, "support": 21}, "siren": {"precision": 0.8823529411764706, "recall": 0.9375, "f1-score": 0.9090909090909091, "support": 16}, "accuracy": 0.8380952380952381, "macro avg": {"precision": 0.8401057791537668, "recall": 0.8377916982442845, "f1-score": 0.8370809518350502, "support": 105}, "weighted avg": {"precision": 0.8405941323897981, "recall": 0.8380952380952381, "f1-score": 0.8377193454476828, "support": 105}, "classificador": "KNeighborsClassifier"}