{"casual": {"precision": 0.5, "recall": 0.5517241379310345, "f1-score": 0.5245901639344263, "support": 29}, "explosion": {"precision": 0.6829268292682927, "recall": 0.717948717948718, "f1-score": 0.7000000000000001, "support": 39}, "gunshot": {"precision": 0.9166666666666666, "recall": 0.5238095238095238, "f1-score": 0.6666666666666667, "support": 21}, "siren": {"precision": 0.75, "recall": 0.9375, "f1-score": 0.8333333333333334, "support": 16}, "accuracy": 0.6666666666666666, "macro avg": {"precision": 0.7123983739837398, "recall": 0.682745594922319, "f1-score": 0.6811475409836066, "support": 105}, "weighted avg": {"precision": 0.6893728222996516, "recall": 0.6666666666666666, "f1-score": 0.6652042674993495, "support": 105}, "classificador": "Perceptron"}