{"casual": {"precision": 0.5, "recall": 0.6206896551724138, "f1-score": 0.5538461538461539, "support": 29}, "explosion": {"precision": 0.7631578947368421, "recall": 0.7435897435897436, "f1-score": 0.7532467532467534, "support": 39}, "gunshot": {"precision": 1.0, "recall": 0.3333333333333333, "f1-score": 0.5, "support": 21}, "siren": {"precision": 0.625, "recall": 0.9375, "f1-score": 0.75, "support": 16}, "accuracy": 0.6571428571428571, "macro avg": {"precision": 0.7220394736842105, "recall": 0.6587781830238726, "f1-score": 0.6392732267732268, "support": 105}, "weighted avg": {"precision": 0.7167919799498748, "recall": 0.6571428571428571, "f1-score": 0.6470301127443986, "support": 105}, "classificador": "LinearSVC"}