{"casual": {"precision": 0.5, "recall": 0.5862068965517241, "f1-score": 0.5396825396825397, "support": 29}, "explosion": {"precision": 0.7692307692307693, "recall": 0.7692307692307693, "f1-score": 0.7692307692307693, "support": 39}, "gunshot": {"precision": 0.9166666666666666, "recall": 0.5238095238095238, "f1-score": 0.6666666666666667, "support": 21}, "siren": {"precision": 0.8, "recall": 1.0, "f1-score": 0.888888888888889, "support": 16}, "accuracy": 0.7047619047619048, "macro avg": {"precision": 0.746474358974359, "recall": 0.7198117973980043, "f1-score": 0.7161172161172161, "support": 105}, "weighted avg": {"precision": 0.729047619047619, "recall": 0.7047619047619048, "f1-score": 0.7035525321239607, "support": 105}, "classificador": "LinearSVC"}