{"casual": {"precision": 0.4444444444444444, "recall": 0.5517241379310345, "f1-score": 0.4923076923076923, "support": 29}, "explosion": {"precision": 0.7567567567567568, "recall": 0.717948717948718, "f1-score": 0.736842105263158, "support": 39}, "gunshot": {"precision": 0.875, "recall": 0.3333333333333333, "f1-score": 0.48275862068965514, "support": 21}, "siren": {"precision": 0.6666666666666666, "recall": 1.0, "f1-score": 0.8, "support": 16}, "accuracy": 0.638095238095238, "macro avg": {"precision": 0.6857169669669669, "recall": 0.6507515473032714, "f1-score": 0.6279771045651263, "support": 105}, "weighted avg": {"precision": 0.6804197054197054, "recall": 0.638095238095238, "f1-score": 0.6281113925397047, "support": 105}, "classificador": "Perceptron"}