{"casual": {"precision": 0.6666666666666666, "recall": 0.896551724137931, "f1-score": 0.7647058823529411, "support": 29}, "explosion": {"precision": 0.9428571428571428, "recall": 0.8461538461538461, "f1-score": 0.8918918918918919, "support": 39}, "gunshot": {"precision": 0.8888888888888888, "recall": 0.7619047619047619, "f1-score": 0.8205128205128205, "support": 21}, "siren": {"precision": 1.0, "recall": 0.8125, "f1-score": 0.896551724137931, "support": 16}, "accuracy": 0.8380952380952381, "macro avg": {"precision": 0.8746031746031746, "recall": 0.8292775830491348, "f1-score": 0.8434155797238961, "support": 105}, "weighted avg": {"precision": 0.8644897959183674, "recall": 0.8380952380952381, "f1-score": 0.8431985827523352, "support": 105}, "classificador": "KNeighborsClassifier"}