{"casual": {"precision": 0.6060606060606061, "recall": 0.6896551724137931, "f1-score": 0.6451612903225807, "support": 29}, "explosion": {"precision": 0.9166666666666666, "recall": 0.8461538461538461, "f1-score": 0.8799999999999999, "support": 39}, "gunshot": {"precision": 0.8823529411764706, "recall": 0.7142857142857143, "f1-score": 0.7894736842105262, "support": 21}, "siren": {"precision": 0.7368421052631579, "recall": 0.875, "f1-score": 0.7999999999999999, "support": 16}, "accuracy": 0.780952380952381, "macro avg": {"precision": 0.7854805797917254, "recall": 0.7812736832133385, "f1-score": 0.7786587436332767, "support": 105}, "weighted avg": {"precision": 0.7966156478540379, "recall": 0.780952380952381, "f1-score": 0.7848440455978655, "support": 105}, "classificador": "Perceptron"}