{"casual": {"precision": 0.6176470588235294, "recall": 0.7241379310344828, "f1-score": 0.6666666666666667, "support": 29}, "explosion": {"precision": 0.8823529411764706, "recall": 0.7692307692307693, "f1-score": 0.8219178082191781, "support": 39}, "gunshot": {"precision": 0.8235294117647058, "recall": 0.6666666666666666, "f1-score": 0.7368421052631577, "support": 21}, "siren": {"precision": 0.75, "recall": 0.9375, "f1-score": 0.8333333333333334, "support": 16}, "accuracy": 0.7619047619047619, "macro avg": {"precision": 0.7683823529411764, "recall": 0.7743838417329797, "f1-score": 0.764689978370584, "support": 105}, "weighted avg": {"precision": 0.7773109243697479, "recall": 0.7619047619047619, "f1-score": 0.7637632895022946, "support": 105}, "classificador": "SVC", "mediaTempoClassificacaoCadaAudio": 0.00902415911356608, "desvioTempoClassificacaoCadaAudio": 0.005010381646069829}