{"casual": {"precision": 0.5757575757575758, "recall": 0.6551724137931034, "f1-score": 0.6129032258064515, "support": 29}, "explosion": {"precision": 0.8378378378378378, "recall": 0.7948717948717948, "f1-score": 0.8157894736842105, "support": 39}, "gunshot": {"precision": 0.8, "recall": 0.5714285714285714, "f1-score": 0.6666666666666666, "support": 21}, "siren": {"precision": 0.8, "recall": 1.0, "f1-score": 0.888888888888889, "support": 16}, "accuracy": 0.7428571428571429, "macro avg": {"precision": 0.7533988533988534, "recall": 0.7553681950233675, "f1-score": 0.7460620637615544, "support": 105}, "weighted avg": {"precision": 0.7521204321204321, "recall": 0.7428571428571429, "f1-score": 0.741068621374224, "support": 105}, "classificador": "SVC", "mediaTempoClassificacaoCadaAudio": 0.009610752832321894, "desvioTempoClassificacaoCadaAudio": 0.004872722119022066}