{"casual": {"precision": 0.6470588235294118, "recall": 0.7586206896551724, "f1-score": 0.6984126984126984, "support": 29}, "explosion": {"precision": 0.9375, "recall": 0.7692307692307693, "f1-score": 0.8450704225352113, "support": 39}, "gunshot": {"precision": 0.8125, "recall": 0.6190476190476191, "f1-score": 0.7027027027027026, "support": 21}, "siren": {"precision": 0.6956521739130435, "recall": 1.0, "f1-score": 0.8205128205128205, "support": 16}, "accuracy": 0.7714285714285715, "macro avg": {"precision": 0.7731777493606138, "recall": 0.7867247694833902, "f1-score": 0.7666746610408581, "support": 105}, "weighted avg": {"precision": 0.7954299110948728, "recall": 0.7714285714285715, "f1-score": 0.7723493011219369, "support": 105}, "classificador": "SVC"}