{"casual": {"precision": 0.6538461538461539, "recall": 0.5862068965517241, "f1-score": 0.6181818181818182, "support": 29}, "explosion": {"precision": 0.8387096774193549, "recall": 0.6666666666666666, "f1-score": 0.7428571428571428, "support": 39}, "gunshot": {"precision": 0.40540540540540543, "recall": 0.7142857142857143, "f1-score": 0.5172413793103449, "support": 21}, "siren": {"precision": 0.7272727272727273, "recall": 0.5, "f1-score": 0.5925925925925926, "support": 16}, "accuracy": 0.6285714285714286, "macro avg": {"precision": 0.6563084909859104, "recall": 0.6167898193760263, "f1-score": 0.6177182332354746, "support": 105}, "weighted avg": {"precision": 0.6840104098168615, "recall": 0.6285714285714286, "f1-score": 0.6404023975780954, "support": 105}, "classificador": "LinearDiscriminantAnalysis"}