{"casual": {"precision": 0.53125, "recall": 0.5862068965517241, "f1-score": 0.5573770491803278, "support": 29}, "explosion": {"precision": 0.8275862068965517, "recall": 0.6153846153846154, "f1-score": 0.7058823529411765, "support": 39}, "gunshot": {"precision": 0.5454545454545454, "recall": 0.2857142857142857, "f1-score": 0.37499999999999994, "support": 21}, "siren": {"precision": 0.48484848484848486, "recall": 1.0, "f1-score": 0.653061224489796, "support": 16}, "accuracy": 0.6, "macro avg": {"precision": 0.5972848092998955, "recall": 0.6218264494126563, "f1-score": 0.5728301566528251, "support": 105}, "weighted avg": {"precision": 0.6370879360103497, "recall": 0.6, "f1-score": 0.590641197931163, "support": 105}, "classificador": "Perceptron"}