{"casual": {"precision": 0.5555555555555556, "recall": 0.6896551724137931, "f1-score": 0.6153846153846154, "support": 29}, "explosion": {"precision": 0.8333333333333334, "recall": 0.6410256410256411, "f1-score": 0.7246376811594204, "support": 39}, "gunshot": {"precision": 0.75, "recall": 0.42857142857142855, "f1-score": 0.5454545454545454, "support": 21}, "siren": {"precision": 0.5925925925925926, "recall": 1.0, "f1-score": 0.7441860465116279, "support": 16}, "accuracy": 0.6666666666666666, "macro avg": {"precision": 0.6828703703703703, "recall": 0.6898130605027157, "f1-score": 0.6574157221275523, "support": 105}, "weighted avg": {"precision": 0.70326278659612, "recall": 0.6666666666666666, "f1-score": 0.6616051962866929, "support": 105}, "classificador": "Perceptron"}