{"casual": {"precision": 0.625, "recall": 0.6896551724137931, "f1-score": 0.6557377049180328, "support": 29}, "explosion": {"precision": 0.8378378378378378, "recall": 0.7948717948717948, "f1-score": 0.8157894736842105, "support": 39}, "gunshot": {"precision": 0.6363636363636364, "recall": 0.6666666666666666, "f1-score": 0.6511627906976744, "support": 21}, "siren": {"precision": 0.9285714285714286, "recall": 0.8125, "f1-score": 0.8666666666666666, "support": 16}, "accuracy": 0.7428571428571429, "macro avg": {"precision": 0.7569432256932256, "recall": 0.7409234084880636, "f1-score": 0.747339158991646, "support": 105}, "weighted avg": {"precision": 0.7525852847281419, "recall": 0.7428571428571429, "f1-score": 0.7464120779773809, "support": 105}, "classificador": "KNeighborsClassifier"}