{"casual": {"precision": 0.68, "recall": 0.5862068965517241, "f1-score": 0.6296296296296295, "support": 29}, "explosion": {"precision": 0.8275862068965517, "recall": 0.6153846153846154, "f1-score": 0.7058823529411765, "support": 39}, "gunshot": {"precision": 0.4444444444444444, "recall": 0.7619047619047619, "f1-score": 0.5614035087719298, "support": 21}, "siren": {"precision": 0.8, "recall": 0.75, "f1-score": 0.7741935483870969, "support": 16}, "accuracy": 0.6571428571428571, "macro avg": {"precision": 0.6880076628352491, "recall": 0.6783740684602754, "f1-score": 0.6677772599324582, "support": 105}, "weighted avg": {"precision": 0.705992337164751, "recall": 0.6571428571428571, "f1-score": 0.666335633165421, "support": 105}, "classificador": "LinearDiscriminantAnalysis"}