{"casual": {"precision": 0.696969696969697, "recall": 0.7931034482758621, "f1-score": 0.7419354838709677, "support": 29}, "explosion": {"precision": 0.9354838709677419, "recall": 0.7435897435897436, "f1-score": 0.8285714285714285, "support": 39}, "gunshot": {"precision": 0.8, "recall": 0.38095238095238093, "f1-score": 0.5161290322580645, "support": 21}, "siren": {"precision": 0.5161290322580645, "recall": 1.0, "f1-score": 0.6808510638297872, "support": 16}, "accuracy": 0.7238095238095238, "macro avg": {"precision": 0.7371456500488759, "recall": 0.7294113932044967, "f1-score": 0.691871752132562, "support": 105}, "weighted avg": {"precision": 0.7786100637713541, "recall": 0.7238095238095238, "f1-score": 0.7196451566213307, "support": 105}, "classificador": "SVC"}