{"casual": {"precision": 0.59375, "recall": 0.6551724137931034, "f1-score": 0.6229508196721311, "support": 29}, "explosion": {"precision": 0.775, "recall": 0.7948717948717948, "f1-score": 0.7848101265822786, "support": 39}, "gunshot": {"precision": 0.875, "recall": 0.6666666666666666, "f1-score": 0.7567567567567567, "support": 21}, "siren": {"precision": 0.8823529411764706, "recall": 0.9375, "f1-score": 0.9090909090909091, "support": 16}, "accuracy": 0.7523809523809524, "macro avg": {"precision": 0.7815257352941176, "recall": 0.7635527188328912, "f1-score": 0.7684021530255188, "support": 105}, "weighted avg": {"precision": 0.7612990196078432, "recall": 0.7523809523809524, "f1-score": 0.7534334775671153, "support": 105}, "classificador": "LinearSVC"}