{"casual": {"precision": 0.525, "recall": 0.7241379310344828, "f1-score": 0.6086956521739131, "support": 29}, "explosion": {"precision": 0.5714285714285714, "recall": 0.717948717948718, "f1-score": 0.6363636363636365, "support": 39}, "gunshot": {"precision": 1.0, "recall": 0.047619047619047616, "f1-score": 0.0909090909090909, "support": 21}, "siren": {"precision": 0.8666666666666667, "recall": 0.8125, "f1-score": 0.8387096774193549, "support": 16}, "accuracy": 0.6, "macro avg": {"precision": 0.7407738095238096, "recall": 0.5755514241505622, "f1-score": 0.5436695142164988, "support": 105}, "weighted avg": {"precision": 0.6893083900226756, "recall": 0.6, "f1-score": 0.5504647759907227, "support": 105}, "classificador": "SGDClassifier"}