{"casual": {"precision": 0.5555555555555556, "recall": 0.6896551724137931, "f1-score": 0.6153846153846154, "support": 29}, "explosion": {"precision": 0.4827586206896552, "recall": 0.358974358974359, "f1-score": 0.4117647058823529, "support": 39}, "gunshot": {"precision": 0.2, "recall": 0.19047619047619047, "f1-score": 0.1951219512195122, "support": 21}, "siren": {"precision": 0.75, "recall": 0.9375, "f1-score": 0.8333333333333334, "support": 16}, "accuracy": 0.5047619047619047, "macro avg": {"precision": 0.4970785440613027, "recall": 0.5441514304660857, "f1-score": 0.5139011514549534, "support": 105}, "weighted avg": {"precision": 0.48703521255245397, "recall": 0.5047619047619047, "f1-score": 0.48891306366198756, "support": 105}, "classificador": "Perceptron"}