{"casual": {"precision": 0.5714285714285714, "recall": 0.6896551724137931, "f1-score": 0.625, "support": 29}, "explosion": {"precision": 0.8666666666666667, "recall": 0.6666666666666666, "f1-score": 0.7536231884057971, "support": 39}, "gunshot": {"precision": 0.6666666666666666, "recall": 0.6666666666666666, "f1-score": 0.6666666666666666, "support": 21}, "siren": {"precision": 0.7894736842105263, "recall": 0.9375, "f1-score": 0.8571428571428572, "support": 16}, "accuracy": 0.7142857142857143, "macro avg": {"precision": 0.7235588972431077, "recall": 0.7401221264367815, "f1-score": 0.7256081780538303, "support": 105}, "weighted avg": {"precision": 0.7333619763694952, "recall": 0.7142857142857143, "f1-score": 0.7164818101153505, "support": 105}, "classificador": "SVC"}