{"casual": {"precision": 0.5128205128205128, "recall": 0.6896551724137931, "f1-score": 0.5882352941176471, "support": 29}, "explosion": {"precision": 0.56, "recall": 0.358974358974359, "f1-score": 0.4375, "support": 39}, "gunshot": {"precision": 0.2727272727272727, "recall": 0.2857142857142857, "f1-score": 0.2790697674418604, "support": 21}, "siren": {"precision": 0.7894736842105263, "recall": 0.9375, "f1-score": 0.8571428571428572, "support": 16}, "accuracy": 0.5238095238095238, "macro avg": {"precision": 0.533755367439578, "recall": 0.5679609542756094, "f1-score": 0.5404869796755912, "support": 105}, "weighted avg": {"precision": 0.5244823480612955, "recall": 0.5238095238095238, "f1-score": 0.5113911843807291, "support": 105}, "classificador": "Perceptron"}