{"casual": {"precision": 0.4418604651162791, "recall": 0.6551724137931034, "f1-score": 0.5277777777777777, "support": 29}, "explosion": {"precision": 0.4074074074074074, "recall": 0.28205128205128205, "f1-score": 0.33333333333333337, "support": 39}, "gunshot": {"precision": 0.2222222222222222, "recall": 0.19047619047619047, "f1-score": 0.20512820512820512, "support": 21}, "siren": {"precision": 0.7647058823529411, "recall": 0.8125, "f1-score": 0.787878787878788, "support": 16}, "accuracy": 0.44761904761904764, "macro avg": {"precision": 0.45904899427471246, "recall": 0.48504997158014396, "f1-score": 0.463529526029526, "support": 105}, "weighted avg": {"precision": 0.43433145868166384, "recall": 0.44761904761904764, "f1-score": 0.4306600806600807, "support": 105}, "classificador": "LinearSVC"}