{"casual": {"precision": 0.5365853658536586, "recall": 0.7586206896551724, "f1-score": 0.6285714285714286, "support": 29}, "explosion": {"precision": 0.75, "recall": 0.6153846153846154, "f1-score": 0.676056338028169, "support": 39}, "gunshot": {"precision": 0.2857142857142857, "recall": 0.19047619047619047, "f1-score": 0.22857142857142854, "support": 21}, "siren": {"precision": 0.7777777777777778, "recall": 0.875, "f1-score": 0.823529411764706, "support": 16}, "accuracy": 0.6095238095238096, "macro avg": {"precision": 0.5875193573364305, "recall": 0.6098703738789946, "f1-score": 0.5891821517339331, "support": 105}, "weighted avg": {"precision": 0.6024325719447671, "recall": 0.6095238095238096, "f1-score": 0.595916563808622, "support": 105}, "classificador": "SVC"}