{"casual": {"precision": 0.5625, "recall": 0.6206896551724138, "f1-score": 0.5901639344262296, "support": 29}, "explosion": {"precision": 0.8157894736842105, "recall": 0.7948717948717948, "f1-score": 0.8051948051948051, "support": 39}, "gunshot": {"precision": 0.9285714285714286, "recall": 0.6190476190476191, "f1-score": 0.742857142857143, "support": 21}, "siren": {"precision": 0.7619047619047619, "recall": 1.0, "f1-score": 0.8648648648648648, "support": 16}, "accuracy": 0.7428571428571429, "macro avg": {"precision": 0.7671914160401003, "recall": 0.758652267272957, "f1-score": 0.7507701868357607, "support": 105}, "weighted avg": {"precision": 0.7601787206110514, "recall": 0.7428571428571429, "f1-score": 0.7424303746551991, "support": 105}, "classificador": "LinearSVC"}