{"casual": {"precision": 0.5384615384615384, "recall": 0.7241379310344828, "f1-score": 0.6176470588235294, "support": 29}, "explosion": {"precision": 0.5333333333333333, "recall": 0.41025641025641024, "f1-score": 0.463768115942029, "support": 39}, "gunshot": {"precision": 0.3333333333333333, "recall": 0.2857142857142857, "f1-score": 0.30769230769230765, "support": 21}, "siren": {"precision": 0.8333333333333334, "recall": 0.9375, "f1-score": 0.8823529411764706, "support": 16}, "accuracy": 0.5523809523809524, "macro avg": {"precision": 0.5596153846153846, "recall": 0.5894021567512947, "f1-score": 0.5678651059085842, "support": 105}, "weighted avg": {"precision": 0.5404639804639805, "recall": 0.5523809523809524, "f1-score": 0.5388372071236521, "support": 105}, "classificador": "LinearSVC"}