{"casual": {"precision": 0.4878048780487805, "recall": 0.6896551724137931, "f1-score": 0.5714285714285714, "support": 29}, "explosion": {"precision": 0.8157894736842105, "recall": 0.7948717948717948, "f1-score": 0.8051948051948051, "support": 39}, "gunshot": {"precision": 1.0, "recall": 0.3333333333333333, "f1-score": 0.5, "support": 21}, "siren": {"precision": 0.7368421052631579, "recall": 0.875, "f1-score": 0.7999999999999999, "support": 16}, "accuracy": 0.6857142857142857, "macro avg": {"precision": 0.7601091142490373, "recall": 0.6732150751547303, "f1-score": 0.6691558441558441, "support": 105}, "weighted avg": {"precision": 0.7500152821077082, "recall": 0.6857142857142857, "f1-score": 0.678800247371676, "support": 105}, "classificador": "BaggingClassifier"}