{"casual": {"precision": 0.42592592592592593, "recall": 0.7931034482758621, "f1-score": 0.5542168674698795, "support": 29}, "explosion": {"precision": 0.7352941176470589, "recall": 0.6410256410256411, "f1-score": 0.6849315068493151, "support": 39}, "gunshot": {"precision": 1.0, "recall": 0.047619047619047616, "f1-score": 0.0909090909090909, "support": 21}, "siren": {"precision": 0.75, "recall": 0.75, "f1-score": 0.75, "support": 16}, "accuracy": 0.580952380952381, "macro avg": {"precision": 0.7278050108932462, "recall": 0.5579370342301377, "f1-score": 0.5200143663070713, "support": 105}, "weighted avg": {"precision": 0.7050316422865444, "recall": 0.580952380952381, "f1-score": 0.5399400841222923, "support": 105}, "classificador": "BaggingClassifier"}