{"casual": {"precision": 0.575, "recall": 0.7931034482758621, "f1-score": 0.6666666666666666, "support": 29}, "explosion": {"precision": 0.9130434782608695, "recall": 0.5384615384615384, "f1-score": 0.6774193548387096, "support": 39}, "gunshot": {"precision": 0.4838709677419355, "recall": 0.7142857142857143, "f1-score": 0.5769230769230769, "support": 21}, "siren": {"precision": 1.0, "recall": 0.6875, "f1-score": 0.8148148148148148, "support": 16}, "accuracy": 0.6666666666666666, "macro avg": {"precision": 0.7429786115007012, "recall": 0.6833376752557787, "f1-score": 0.683955978310817, "support": 105}, "weighted avg": {"precision": 0.747095104521472, "recall": 0.6666666666666666, "f1-score": 0.6752867602329967, "support": 105}, "classificador": "KNeighborsClassifier"}