{"casual": {"precision": 0.5757575757575758, "recall": 0.6551724137931034, "f1-score": 0.6129032258064515, "support": 29}, "explosion": {"precision": 0.8529411764705882, "recall": 0.7435897435897436, "f1-score": 0.7945205479452054, "support": 39}, "gunshot": {"precision": 0.7894736842105263, "recall": 0.7142857142857143, "f1-score": 0.7500000000000001, "support": 21}, "siren": {"precision": 0.7894736842105263, "recall": 0.9375, "f1-score": 0.8571428571428572, "support": 16}, "accuracy": 0.7428571428571429, "macro avg": {"precision": 0.7519115301623043, "recall": 0.7626369679171403, "f1-score": 0.7536416577236286, "support": 105}, "weighted avg": {"precision": 0.7540209704296392, "recall": 0.7428571428571429, "f1-score": 0.7449979107860554, "support": 105}, "classificador": "LinearDiscriminantAnalysis"}