{"casual": {"precision": 0.6111111111111112, "recall": 0.7586206896551724, "f1-score": 0.676923076923077, "support": 29}, "explosion": {"precision": 0.8787878787878788, "recall": 0.7435897435897436, "f1-score": 0.8055555555555556, "support": 39}, "gunshot": {"precision": 0.8823529411764706, "recall": 0.7142857142857143, "f1-score": 0.7894736842105262, "support": 21}, "siren": {"precision": 0.7894736842105263, "recall": 0.9375, "f1-score": 0.8571428571428572, "support": 16}, "accuracy": 0.7714285714285715, "macro avg": {"precision": 0.7904314038214968, "recall": 0.7884990368826575, "f1-score": 0.782273793458004, "support": 105}, "weighted avg": {"precision": 0.7919613353049886, "recall": 0.7714285714285715, "f1-score": 0.7746730379061207, "support": 105}, "classificador": "SGDClassifier"}