{"casual": {"precision": 0.5, "recall": 0.8275862068965517, "f1-score": 0.6233766233766235, "support": 29}, "explosion": {"precision": 0.9310344827586207, "recall": 0.6923076923076923, "f1-score": 0.7941176470588235, "support": 39}, "gunshot": {"precision": 0.8888888888888888, "recall": 0.38095238095238093, "f1-score": 0.5333333333333333, "support": 21}, "siren": {"precision": 0.8421052631578947, "recall": 1.0, "f1-score": 0.9142857142857143, "support": 16}, "accuracy": 0.7142857142857143, "macro avg": {"precision": 0.790507158701351, "recall": 0.7252115700391563, "f1-score": 0.7162783295136236, "support": 105}, "weighted avg": {"precision": 0.7900066257598019, "recall": 0.7142857142857143, "f1-score": 0.7131150642075013, "support": 105}, "classificador": "Perceptron"}