{"casual": {"precision": 0.65625, "recall": 0.7241379310344828, "f1-score": 0.6885245901639345, "support": 29}, "explosion": {"precision": 0.8823529411764706, "recall": 0.7692307692307693, "f1-score": 0.8219178082191781, "support": 39}, "gunshot": {"precision": 0.8421052631578947, "recall": 0.7619047619047619, "f1-score": 0.8, "support": 21}, "siren": {"precision": 0.8, "recall": 1.0, "f1-score": 0.888888888888889, "support": 16}, "accuracy": 0.7904761904761904, "macro avg": {"precision": 0.7951770510835914, "recall": 0.8138183655425035, "f1-score": 0.7998328218180003, "support": 105}, "weighted avg": {"precision": 0.7993069069733156, "recall": 0.7904761904761904, "f1-score": 0.7908974272145171, "support": 105}, "classificador": "SGDClassifier"}