{"casual": {"precision": 0.5952380952380952, "recall": 0.8620689655172413, "f1-score": 0.7042253521126761, "support": 29}, "explosion": {"precision": 0.8928571428571429, "recall": 0.6410256410256411, "f1-score": 0.746268656716418, "support": 39}, "gunshot": {"precision": 0.9411764705882353, "recall": 0.7619047619047619, "f1-score": 0.8421052631578947, "support": 21}, "siren": {"precision": 0.8888888888888888, "recall": 1.0, "f1-score": 0.9411764705882353, "support": 16}, "accuracy": 0.780952380952381, "macro avg": {"precision": 0.8295401493930906, "recall": 0.8162498421119111, "f1-score": 0.808443935643806, "support": 105}, "weighted avg": {"precision": 0.8197167755991286, "recall": 0.780952380952381, "f1-score": 0.7835242559898615, "support": 105}, "classificador": "SGDClassifier"}