{"casual": {"precision": 0.65625, "recall": 0.7241379310344828, "f1-score": 0.6885245901639345, "support": 29}, "explosion": {"precision": 0.8717948717948718, "recall": 0.8717948717948718, "f1-score": 0.8717948717948718, "support": 39}, "gunshot": {"precision": 0.8666666666666667, "recall": 0.6190476190476191, "f1-score": 0.7222222222222222, "support": 21}, "siren": {"precision": 0.7894736842105263, "recall": 0.9375, "f1-score": 0.8571428571428572, "support": 16}, "accuracy": 0.7904761904761904, "macro avg": {"precision": 0.7960463056680163, "recall": 0.7881201054692434, "f1-score": 0.7849211353309714, "support": 105}, "weighted avg": {"precision": 0.7986936090225565, "recall": 0.7904761904761904, "f1-score": 0.7890301475781571, "support": 105}, "classificador": "SVC", "mediaTempoClassificacaoCadaAudio": 0.014036392030261812, "desvioTempoClassificacaoCadaAudio": 0.01228184505082884}