{"casual": {"precision": 0.5135135135135135, "recall": 0.6551724137931034, "f1-score": 0.5757575757575758, "support": 29}, "explosion": {"precision": 0.8333333333333334, "recall": 0.7692307692307693, "f1-score": 0.8, "support": 39}, "gunshot": {"precision": 0.9285714285714286, "recall": 0.6190476190476191, "f1-score": 0.742857142857143, "support": 21}, "siren": {"precision": 0.7777777777777778, "recall": 0.875, "f1-score": 0.823529411764706, "support": 16}, "accuracy": 0.7238095238095238, "macro avg": {"precision": 0.7632990132990133, "recall": 0.729612700517873, "f1-score": 0.7355360325948562, "support": 105}, "weighted avg": {"precision": 0.7555841555841555, "recall": 0.7238095238095238, "f1-score": 0.7302232408114763, "support": 105}, "classificador": "LinearDiscriminantAnalysis", "mediaTempoClassificacaoCadaAudio": 0.005528636205764044, "desvioTempoClassificacaoCadaAudio": 0.0037531485469388783}