{"casual": {"precision": 0.6285714285714286, "recall": 0.7586206896551724, "f1-score": 0.6875, "support": 29}, "explosion": {"precision": 0.6415094339622641, "recall": 0.8717948717948718, "f1-score": 0.7391304347826088, "support": 39}, "gunshot": {"precision": 0.0, "recall": 0.0, "f1-score": 0.0, "support": 21}, "siren": {"precision": 0.8235294117647058, "recall": 0.875, "f1-score": 0.8484848484848485, "support": 16}, "accuracy": 0.6666666666666666, "macro avg": {"precision": 0.5234025685745995, "recall": 0.626353890362511, "f1-score": 0.5687788208168644, "support": 105}, "weighted avg": {"precision": 0.5373705708698574, "recall": 0.6666666666666666, "f1-score": 0.5937080431645649, "support": 105}, "classificador": "QuadraticDiscriminantAnalysis", "mediaTempoClassificacaoCadaAudio": 0.008896514347621372, "desvioTempoClassificacaoCadaAudio": 0.006986917081424982}