{"casual": {"precision": 0.5483870967741935, "recall": 0.5862068965517241, "f1-score": 0.5666666666666665, "support": 29}, "explosion": {"precision": 0.8048780487804879, "recall": 0.8461538461538461, "f1-score": 0.8250000000000001, "support": 39}, "gunshot": {"precision": 1.0, "recall": 0.6190476190476191, "f1-score": 0.7647058823529412, "support": 21}, "siren": {"precision": 0.75, "recall": 0.9375, "f1-score": 0.8333333333333334, "support": 16}, "accuracy": 0.7428571428571429, "macro avg": {"precision": 0.7758162863886704, "recall": 0.7472270904382974, "f1-score": 0.7474264705882353, "support": 105}, "weighted avg": {"precision": 0.7646997115132442, "recall": 0.7428571428571429, "f1-score": 0.7428618113912232, "support": 105}, "classificador": "LinearDiscriminantAnalysis", "mediaTempoClassificacaoCadaAudio": 0.004586026782081241, "desvioTempoClassificacaoCadaAudio": 0.0034226165750925975}