{"casual": {"precision": 0.6896551724137931, "recall": 0.6896551724137931, "f1-score": 0.6896551724137931, "support": 29}, "explosion": {"precision": 0.8292682926829268, "recall": 0.8717948717948718, "f1-score": 0.8500000000000001, "support": 39}, "gunshot": {"precision": 1.0, "recall": 0.7619047619047619, "f1-score": 0.8648648648648648, "support": 21}, "siren": {"precision": 0.8421052631578947, "recall": 1.0, "f1-score": 0.9142857142857143, "support": 16}, "accuracy": 0.819047619047619, "macro avg": {"precision": 0.8402571820636536, "recall": 0.8308387015283567, "f1-score": 0.8297014378910931, "support": 105}, "weighted avg": {"precision": 0.826810929763433, "recall": 0.819047619047619, "f1-score": 0.8184831770546057, "support": 105}, "classificador": "Perceptron", "mediaTempoClassificacaoCadaAudio": 0.004238105955578032, "desvioTempoClassificacaoCadaAudio": 0.0007549422999506909}