{"casual": {"precision": 0.6153846153846154, "recall": 0.8275862068965517, "f1-score": 0.7058823529411765, "support": 29}, "explosion": {"precision": 0.9583333333333334, "recall": 0.5897435897435898, "f1-score": 0.7301587301587301, "support": 39}, "gunshot": {"precision": 0.5555555555555556, "recall": 0.7142857142857143, "f1-score": 0.6250000000000001, "support": 21}, "siren": {"precision": 0.9333333333333333, "recall": 0.875, "f1-score": 0.9032258064516129, "support": 16}, "accuracy": 0.7238095238095238, "macro avg": {"precision": 0.7656517094017095, "recall": 0.751653877731464, "f1-score": 0.74106672238788, "support": 105}, "weighted avg": {"precision": 0.7792490842490842, "recall": 0.7238095238095238, "f1-score": 0.7287942058543848, "support": 105}, "classificador": "KNeighborsClassifier", "mediaTempoClassificacaoCadaAudio": 0.043454794656662715, "desvioTempoClassificacaoCadaAudio": 0.03606257984308007}