{"casual": {"precision": 0.6206896551724138, "recall": 0.6206896551724138, "f1-score": 0.6206896551724138, "support": 29}, "explosion": {"precision": 0.8378378378378378, "recall": 0.7948717948717948, "f1-score": 0.8157894736842105, "support": 39}, "gunshot": {"precision": 0.9375, "recall": 0.7142857142857143, "f1-score": 0.8108108108108109, "support": 21}, "siren": {"precision": 0.6956521739130435, "recall": 1.0, "f1-score": 0.8205128205128205, "support": 16}, "accuracy": 0.7619047619047619, "macro avg": {"precision": 0.7729199167308237, "recall": 0.7824617910824807, "f1-score": 0.766950690045064, "support": 105}, "weighted avg": {"precision": 0.776129623412232, "recall": 0.7619047619047619, "f1-score": 0.7616287774182511, "support": 105}, "classificador": "Perceptron", "mediaTempoClassificacaoCadaAudio": 0.004746007919311524, "desvioTempoClassificacaoCadaAudio": 0.003541189818336632}