{"casual": {"precision": 0.5, "recall": 0.7586206896551724, "f1-score": 0.6027397260273972, "support": 29}, "explosion": {"precision": 0.8275862068965517, "recall": 0.6153846153846154, "f1-score": 0.7058823529411765, "support": 39}, "gunshot": {"precision": 0.9230769230769231, "recall": 0.5714285714285714, "f1-score": 0.7058823529411765, "support": 21}, "siren": {"precision": 0.8421052631578947, "recall": 1.0, "f1-score": 0.9142857142857143, "support": 16}, "accuracy": 0.7047619047619048, "macro avg": {"precision": 0.7731920982828424, "recall": 0.7363584691170898, "f1-score": 0.7321975365488661, "support": 105}, "weighted avg": {"precision": 0.7584205872772116, "recall": 0.7047619047619048, "f1-score": 0.7091520443793957, "support": 105}, "classificador": "Perceptron"}