{"casual": {"precision": 0.6, "recall": 0.7241379310344828, "f1-score": 0.65625, "support": 29}, "explosion": {"precision": 0.8571428571428571, "recall": 0.7692307692307693, "f1-score": 0.8108108108108107, "support": 39}, "gunshot": {"precision": 0.9375, "recall": 0.7142857142857143, "f1-score": 0.8108108108108109, "support": 21}, "siren": {"precision": 0.7894736842105263, "recall": 0.9375, "f1-score": 0.8571428571428572, "support": 16}, "accuracy": 0.7714285714285715, "macro avg": {"precision": 0.796029135338346, "recall": 0.7862886036377416, "f1-score": 0.7837536196911197, "support": 105}, "weighted avg": {"precision": 0.7918823845327605, "recall": 0.7714285714285715, "f1-score": 0.7751827082184225, "support": 105}, "classificador": "LinearDiscriminantAnalysis"}