{"casual": {"precision": 0.48936170212765956, "recall": 0.7931034482758621, "f1-score": 0.6052631578947368, "support": 29}, "explosion": {"precision": 0.8571428571428571, "recall": 0.6153846153846154, "f1-score": 0.7164179104477612, "support": 39}, "gunshot": {"precision": 0.9090909090909091, "recall": 0.47619047619047616, "f1-score": 0.6249999999999999, "support": 21}, "siren": {"precision": 0.8421052631578947, "recall": 1.0, "f1-score": 0.9142857142857143, "support": 16}, "accuracy": 0.6952380952380952, "macro avg": {"precision": 0.7744251828798301, "recall": 0.7211696349627384, "f1-score": 0.715241695657053, "support": 105}, "weighted avg": {"precision": 0.76366337230199, "recall": 0.6952380952380952, "f1-score": 0.6975857287141094, "support": 105}, "classificador": "Perceptron"}