{"casual": {"precision": 0.7142857142857143, "recall": 0.8620689655172413, "f1-score": 0.7812500000000001, "support": 29}, "explosion": {"precision": 0.918918918918919, "recall": 0.8717948717948718, "f1-score": 0.8947368421052632, "support": 39}, "gunshot": {"precision": 0.9411764705882353, "recall": 0.7619047619047619, "f1-score": 0.8421052631578947, "support": 21}, "siren": {"precision": 0.875, "recall": 0.875, "f1-score": 0.875, "support": 16}, "accuracy": 0.8476190476190476, "macro avg": {"precision": 0.8623452759482171, "recall": 0.8426921498042188, "f1-score": 0.8482730263157895, "support": 105}, "weighted avg": {"precision": 0.8601602803283475, "recall": 0.8476190476190476, "f1-score": 0.8498590225563909, "support": 105}, "classificador": "KNeighborsClassifier"}