{"casual": {"precision": 0.59375, "recall": 0.6551724137931034, "f1-score": 0.6229508196721311, "support": 29}, "explosion": {"precision": 0.8421052631578947, "recall": 0.8205128205128205, "f1-score": 0.8311688311688312, "support": 39}, "gunshot": {"precision": 0.7647058823529411, "recall": 0.6190476190476191, "f1-score": 0.6842105263157895, "support": 21}, "siren": {"precision": 0.7777777777777778, "recall": 0.875, "f1-score": 0.823529411764706, "support": 16}, "accuracy": 0.7428571428571429, "macro avg": {"precision": 0.7445847308221534, "recall": 0.7424332133383857, "f1-score": 0.7404648972303645, "support": 105}, "weighted avg": {"precision": 0.74822974511442, "recall": 0.7428571428571429, "f1-score": 0.743105236447077, "support": 105}, "classificador": "SVC", "mediaTempoClassificacaoCadaAudio": 0.009383081254504976, "desvioTempoClassificacaoCadaAudio": 0.004763504749470885}