{"casual": {"precision": 0.5428571428571428, "recall": 0.6551724137931034, "f1-score": 0.5937499999999999, "support": 29}, "explosion": {"precision": 0.8333333333333334, "recall": 0.7692307692307693, "f1-score": 0.8, "support": 39}, "gunshot": {"precision": 0.7857142857142857, "recall": 0.5238095238095238, "f1-score": 0.6285714285714286, "support": 21}, "siren": {"precision": 0.8, "recall": 1.0, "f1-score": 0.888888888888889, "support": 16}, "accuracy": 0.7238095238095238, "macro avg": {"precision": 0.7404761904761905, "recall": 0.7370531767083491, "f1-score": 0.7278025793650793, "support": 105}, "weighted avg": {"precision": 0.738503401360544, "recall": 0.7238095238095238, "f1-score": 0.7222949735449736, "support": 105}, "classificador": "SVC", "mediaTempoClassificacaoCadaAudio": 0.011332559585571288, "desvioTempoClassificacaoCadaAudio": 0.005861223664590779}