{"casual": {"precision": 0.5882352941176471, "recall": 0.6896551724137931, "f1-score": 0.6349206349206349, "support": 29}, "explosion": {"precision": 0.8333333333333334, "recall": 0.7692307692307693, "f1-score": 0.8, "support": 39}, "gunshot": {"precision": 0.8571428571428571, "recall": 0.5714285714285714, "f1-score": 0.6857142857142857, "support": 21}, "siren": {"precision": 0.7619047619047619, "recall": 1.0, "f1-score": 0.8648648648648648, "support": 16}, "accuracy": 0.7428571428571429, "macro avg": {"precision": 0.7601540616246498, "recall": 0.7575786282682835, "f1-score": 0.7463749463749464, "support": 105}, "weighted avg": {"precision": 0.7595171401894091, "recall": 0.7428571428571429, "f1-score": 0.7414336785765357, "support": 105}, "classificador": "SVC", "mediaTempoClassificacaoCadaAudio": 0.012955953961326962, "desvioTempoClassificacaoCadaAudio": 0.007332708488156307}