{"casual": {"precision": 0.48484848484848486, "recall": 0.5517241379310345, "f1-score": 0.5161290322580646, "support": 29}, "explosion": {"precision": 0.7209302325581395, "recall": 0.7948717948717948, "f1-score": 0.7560975609756098, "support": 39}, "gunshot": {"precision": 1.0, "recall": 0.42857142857142855, "f1-score": 0.6, "support": 21}, "siren": {"precision": 0.75, "recall": 0.9375, "f1-score": 0.8333333333333334, "support": 16}, "accuracy": 0.6761904761904762, "macro avg": {"precision": 0.7389446793516561, "recall": 0.6781668403435646, "f1-score": 0.676389981641752, "support": 105}, "weighted avg": {"precision": 0.7159703345749858, "recall": 0.6761904761904762, "f1-score": 0.6703702871130094, "support": 105}, "classificador": "QuadraticDiscriminantAnalysis", "mediaTempoClassificacaoCadaAudio": 0.0047119935353597, "desvioTempoClassificacaoCadaAudio": 0.0017002391441347502}