{"casual": {"precision": 0.5853658536585366, "recall": 0.8275862068965517, "f1-score": 0.6857142857142856, "support": 29}, "explosion": {"precision": 0.9090909090909091, "recall": 0.7692307692307693, "f1-score": 0.8333333333333333, "support": 39}, "gunshot": {"precision": 0.9230769230769231, "recall": 0.5714285714285714, "f1-score": 0.7058823529411765, "support": 21}, "siren": {"precision": 0.7222222222222222, "recall": 0.8125, "f1-score": 0.7647058823529411, "support": 16}, "accuracy": 0.7523809523809524, "macro avg": {"precision": 0.7849389770121478, "recall": 0.7451863868889731, "f1-score": 0.7474089635854342, "support": 105}, "weighted avg": {"precision": 0.7940031061982281, "recall": 0.7523809523809524, "f1-score": 0.7566146458583434, "support": 105}, "classificador": "DecisionTreeClassifier", "mediaTempoClassificacaoCadaAudio": 0.0023671309153238933, "desvioTempoClassificacaoCadaAudio": 0.0005915465987331234}