{"casual": {"precision": 0.6388888888888888, "recall": 0.7931034482758621, "f1-score": 0.7076923076923076, "support": 29}, "explosion": {"precision": 0.717391304347826, "recall": 0.8461538461538461, "f1-score": 0.776470588235294, "support": 39}, "gunshot": {"precision": 1.0, "recall": 0.14285714285714285, "f1-score": 0.25, "support": 21}, "siren": {"precision": 0.8, "recall": 1.0, "f1-score": 0.888888888888889, "support": 16}, "accuracy": 0.7142857142857143, "macro avg": {"precision": 0.7890700483091788, "recall": 0.6955286093217128, "f1-score": 0.6557629462041227, "support": 105}, "weighted avg": {"precision": 0.7648194156889808, "recall": 0.7142857142857143, "f1-score": 0.6693109722521486, "support": 105}, "classificador": "Perceptron", "mediaTempoClassificacaoCadaAudio": 0.00403573853628976, "desvioTempoClassificacaoCadaAudio": 0.0011798394957885175}