{"casual": {"precision": 0.75, "recall": 0.8275862068965517, "f1-score": 0.7868852459016394, "support": 29}, "explosion": {"precision": 0.9705882352941176, "recall": 0.8461538461538461, "f1-score": 0.9041095890410958, "support": 39}, "gunshot": {"precision": 0.8947368421052632, "recall": 0.8095238095238095, "f1-score": 0.8500000000000001, "support": 21}, "siren": {"precision": 0.8, "recall": 1.0, "f1-score": 0.888888888888889, "support": 16}, "accuracy": 0.8571428571428571, "macro avg": {"precision": 0.8538312693498453, "recall": 0.8708159656435519, "f1-score": 0.857470930957906, "support": 105}, "weighted avg": {"precision": 0.8684991891493439, "recall": 0.8571428571428571, "f1-score": 0.8585920792949764, "support": 105}, "classificador": "KNeighborsClassifier", "mediaTempoClassificacaoCadaAudio": 0.2567537057967413, "desvioTempoClassificacaoCadaAudio": 0.21099983243617898}