{"casual": {"precision": 0.6571428571428571, "recall": 0.7931034482758621, "f1-score": 0.71875, "support": 29}, "explosion": {"precision": 0.8823529411764706, "recall": 0.7692307692307693, "f1-score": 0.8219178082191781, "support": 39}, "gunshot": {"precision": 0.8888888888888888, "recall": 0.7619047619047619, "f1-score": 0.8205128205128205, "support": 21}, "siren": {"precision": 0.8888888888888888, "recall": 1.0, "f1-score": 0.9411764705882353, "support": 16}, "accuracy": 0.8095238095238095, "macro avg": {"precision": 0.8293183940242763, "recall": 0.8310597448528483, "f1-score": 0.8255892748300586, "support": 105}, "weighted avg": {"precision": 0.8224552043039439, "recall": 0.8095238095238095, "f1-score": 0.8113155931497995, "support": 105}, "classificador": "SGDClassifier", "mediaTempoClassificacaoCadaAudio": 0.002393717992873419, "desvioTempoClassificacaoCadaAudio": 0.0005797808951395694}