{"casual": {"precision": 0.5666666666666667, "recall": 0.5862068965517241, "f1-score": 0.576271186440678, "support": 29}, "explosion": {"precision": 0.8, "recall": 0.717948717948718, "f1-score": 0.7567567567567569, "support": 39}, "gunshot": {"precision": 0.7142857142857143, "recall": 0.7142857142857143, "f1-score": 0.7142857142857143, "support": 21}, "siren": {"precision": 0.7894736842105263, "recall": 0.9375, "f1-score": 0.8571428571428572, "support": 16}, "accuracy": 0.7142857142857143, "macro avg": {"precision": 0.7176065162907268, "recall": 0.7389853321965391, "f1-score": 0.7261141286565016, "support": 105}, "weighted avg": {"precision": 0.7168086883876359, "recall": 0.7142857142857143, "f1-score": 0.7137110822340846, "support": 105}, "classificador": "LinearDiscriminantAnalysis", "mediaTempoClassificacaoCadaAudio": 0.0025800750369117374, "desvioTempoClassificacaoCadaAudio": 0.0008018837975003056}