{"casual": {"precision": 0.6470588235294118, "recall": 0.7586206896551724, "f1-score": 0.6984126984126984, "support": 29}, "explosion": {"precision": 0.875, "recall": 0.8974358974358975, "f1-score": 0.8860759493670887, "support": 39}, "gunshot": {"precision": 0.9230769230769231, "recall": 0.5714285714285714, "f1-score": 0.7058823529411765, "support": 21}, "siren": {"precision": 0.7777777777777778, "recall": 0.875, "f1-score": 0.823529411764706, "support": 16}, "accuracy": 0.7904761904761904, "macro avg": {"precision": 0.8057283810960281, "recall": 0.7756212896299104, "f1-score": 0.7784751031214174, "support": 105}, "weighted avg": {"precision": 0.8068453877277407, "recall": 0.7904761904761904, "f1-score": 0.7886755264693781, "support": 105}, "classificador": "DecisionTreeClassifier", "mediaTempoClassificacaoCadaAudio": 0.002305821010044643, "desvioTempoClassificacaoCadaAudio": 0.0005334204875263304}