{"casual": {"precision": 0.6571428571428571, "recall": 0.7931034482758621, "f1-score": 0.71875, "support": 29}, "explosion": {"precision": 0.8857142857142857, "recall": 0.7948717948717948, "f1-score": 0.8378378378378378, "support": 39}, "gunshot": {"precision": 0.8823529411764706, "recall": 0.7142857142857143, "f1-score": 0.7894736842105262, "support": 21}, "siren": {"precision": 0.8888888888888888, "recall": 1.0, "f1-score": 0.9411764705882353, "support": 16}, "accuracy": 0.8095238095238095, "macro avg": {"precision": 0.8285247432306255, "recall": 0.8255652393583428, "f1-score": 0.8218094981591497, "support": 105}, "weighted avg": {"precision": 0.8223965141612201, "recall": 0.8095238095238095, "f1-score": 0.8110209197477, "support": 105}, "classificador": "Perceptron"}