{"casual": {"precision": 0.4716981132075472, "recall": 0.8620689655172413, "f1-score": 0.6097560975609757, "support": 29}, "explosion": {"precision": 0.84, "recall": 0.5384615384615384, "f1-score": 0.6562499999999999, "support": 39}, "gunshot": {"precision": 0.9166666666666666, "recall": 0.5238095238095238, "f1-score": 0.6666666666666667, "support": 21}, "siren": {"precision": 1.0, "recall": 0.9375, "f1-score": 0.967741935483871, "support": 16}, "accuracy": 0.6857142857142857, "macro avg": {"precision": 0.8070911949685534, "recall": 0.7154600069470759, "f1-score": 0.7251036749278783, "support": 105}, "weighted avg": {"precision": 0.7779928122192272, "recall": 0.6857142857142857, "f1-score": 0.6929575980667642, "support": 105}, "classificador": "Perceptron"}