{"casual": {"precision": 0.5945945945945946, "recall": 0.7586206896551724, "f1-score": 0.6666666666666667, "support": 29}, "explosion": {"precision": 0.868421052631579, "recall": 0.8461538461538461, "f1-score": 0.8571428571428572, "support": 39}, "gunshot": {"precision": 1.0, "recall": 0.47619047619047616, "f1-score": 0.6451612903225806, "support": 21}, "siren": {"precision": 0.8, "recall": 1.0, "f1-score": 0.888888888888889, "support": 16}, "accuracy": 0.7714285714285715, "macro avg": {"precision": 0.8157539118065433, "recall": 0.7702412529998737, "f1-score": 0.7644649257552484, "support": 105}, "weighted avg": {"precision": 0.8086825171035698, "recall": 0.7714285714285715, "f1-score": 0.7669763245800114, "support": 105}, "classificador": "Perceptron"}