{"casual": {"precision": 0.7714285714285715, "recall": 0.9310344827586207, "f1-score": 0.8437500000000001, "support": 29}, "explosion": {"precision": 0.9736842105263158, "recall": 0.9487179487179487, "f1-score": 0.9610389610389611, "support": 39}, "gunshot": {"precision": 1.0, "recall": 0.7142857142857143, "f1-score": 0.8333333333333333, "support": 21}, "siren": {"precision": 0.9411764705882353, "recall": 1.0, "f1-score": 0.9696969696969697, "support": 16}, "accuracy": 0.9047619047619048, "macro avg": {"precision": 0.9215723131357807, "recall": 0.898509536440571, "f1-score": 0.9019548160173161, "support": 105}, "weighted avg": {"precision": 0.9181327267749206, "recall": 0.9047619047619048, "f1-score": 0.9044230571016286, "support": 105}, "classificador": "KNeighborsClassifier"}