{"casual": {"precision": 0.4, "recall": 0.6206896551724138, "f1-score": 0.4864864864864865, "support": 29}, "explosion": {"precision": 0.6521739130434783, "recall": 0.7692307692307693, "f1-score": 0.7058823529411764, "support": 39}, "gunshot": {"precision": 0.0, "recall": 0.0, "f1-score": 0.0, "support": 21}, "siren": {"precision": 0.7857142857142857, "recall": 0.6875, "f1-score": 0.7333333333333334, "support": 16}, "accuracy": 0.5619047619047619, "macro avg": {"precision": 0.459472049689441, "recall": 0.5193551061007957, "f1-score": 0.4814255431902491, "support": 105}, "weighted avg": {"precision": 0.4724401064773735, "recall": 0.5619047619047619, "f1-score": 0.5082938400585459, "support": 105}, "classificador": "SGDClassifier"}