{"casual": {"precision": 0.47368421052631576, "recall": 0.6206896551724138, "f1-score": 0.5373134328358208, "support": 29}, "explosion": {"precision": 0.7435897435897436, "recall": 0.7435897435897436, "f1-score": 0.7435897435897437, "support": 39}, "gunshot": {"precision": 0.75, "recall": 0.2857142857142857, "f1-score": 0.4137931034482759, "support": 21}, "siren": {"precision": 0.8, "recall": 1.0, "f1-score": 0.888888888888889, "support": 16}, "accuracy": 0.6571428571428571, "macro avg": {"precision": 0.6918184885290148, "recall": 0.6624984211191107, "f1-score": 0.6458962921906823, "support": 105}, "weighted avg": {"precision": 0.678922305764411, "recall": 0.6571428571428571, "f1-score": 0.6427996852083316, "support": 105}, "classificador": "LinearSVC"}