{"casual": {"precision": 0.7857142857142857, "recall": 0.7586206896551724, "f1-score": 0.7719298245614034, "support": 29}, "explosion": {"precision": 0.8888888888888888, "recall": 0.8205128205128205, "f1-score": 0.8533333333333333, "support": 39}, "gunshot": {"precision": 0.6956521739130435, "recall": 0.7619047619047619, "f1-score": 0.7272727272727272, "support": 21}, "siren": {"precision": 0.8333333333333334, "recall": 0.9375, "f1-score": 0.8823529411764706, "support": 16}, "accuracy": 0.8095238095238095, "macro avg": {"precision": 0.8008971704623878, "recall": 0.8196345680181887, "f1-score": 0.8087222065859836, "support": 105}, "weighted avg": {"precision": 0.8132800946465542, "recall": 0.8095238095238095, "f1-score": 0.8100603737507762, "support": 105}, "classificador": "SVC", "mediaTempoClassificacaoCadaAudio": 0.049628137406848724, "desvioTempoClassificacaoCadaAudio": 0.03672360338184025}