{"casual": {"precision": 0.75, "recall": 0.7241379310344828, "f1-score": 0.736842105263158, "support": 29}, "explosion": {"precision": 0.9393939393939394, "recall": 0.7948717948717948, "f1-score": 0.8611111111111112, "support": 39}, "gunshot": {"precision": 0.6666666666666666, "recall": 0.7619047619047619, "f1-score": 0.7111111111111111, "support": 21}, "siren": {"precision": 0.75, "recall": 0.9375, "f1-score": 0.8333333333333334, "support": 16}, "accuracy": 0.7904761904761904, "macro avg": {"precision": 0.7765151515151515, "recall": 0.8046036219527599, "f1-score": 0.7855994152046785, "support": 105}, "weighted avg": {"precision": 0.8036796536796538, "recall": 0.7904761904761904, "f1-score": 0.7925563909774437, "support": 105}, "classificador": "SVC", "mediaTempoClassificacaoCadaAudio": 0.05035046622866676, "desvioTempoClassificacaoCadaAudio": 0.03848320267770311}