{"casual": {"precision": 0.6764705882352942, "recall": 0.7931034482758621, "f1-score": 0.7301587301587301, "support": 29}, "explosion": {"precision": 0.8947368421052632, "recall": 0.8717948717948718, "f1-score": 0.8831168831168831, "support": 39}, "gunshot": {"precision": 0.7058823529411765, "recall": 0.5714285714285714, "f1-score": 0.6315789473684211, "support": 21}, "siren": {"precision": 0.875, "recall": 0.875, "f1-score": 0.875, "support": 16}, "accuracy": 0.7904761904761904, "macro avg": {"precision": 0.7880224458204335, "recall": 0.7778317228748264, "f1-score": 0.7799636401610086, "support": 105}, "weighted avg": {"precision": 0.7936753648827951, "recall": 0.7904761904761904, "f1-score": 0.7893268524847473, "support": 105}, "classificador": "SVC"}