{"casual": {"precision": 0.4864864864864865, "recall": 0.6206896551724138, "f1-score": 0.5454545454545455, "support": 29}, "explosion": {"precision": 0.5666666666666667, "recall": 0.4358974358974359, "f1-score": 0.4927536231884058, "support": 39}, "gunshot": {"precision": 0.5, "recall": 0.47619047619047616, "f1-score": 0.4878048780487805, "support": 21}, "siren": {"precision": 0.7222222222222222, "recall": 0.8125, "f1-score": 0.7647058823529411, "support": 16}, "accuracy": 0.5523809523809524, "macro avg": {"precision": 0.5688438438438439, "recall": 0.5863193918150815, "f1-score": 0.5726797322611683, "support": 105}, "weighted avg": {"precision": 0.5548920348920349, "recall": 0.5523809523809524, "f1-score": 0.5477597112304866, "support": 105}, "classificador": "Perceptron"}