{"casual": {"precision": 0.5128205128205128, "recall": 0.6896551724137931, "f1-score": 0.5882352941176471, "support": 29}, "explosion": {"precision": 0.7666666666666667, "recall": 0.5897435897435898, "f1-score": 0.6666666666666667, "support": 39}, "gunshot": {"precision": 0.6111111111111112, "recall": 0.5238095238095238, "f1-score": 0.5641025641025642, "support": 21}, "siren": {"precision": 0.7777777777777778, "recall": 0.875, "f1-score": 0.823529411764706, "support": 16}, "accuracy": 0.6476190476190476, "macro avg": {"precision": 0.667094017094017, "recall": 0.6695520714917267, "f1-score": 0.660633484162896, "support": 105}, "weighted avg": {"precision": 0.6671387871387872, "recall": 0.6476190476190476, "f1-score": 0.6483947425123896, "support": 105}, "classificador": "SGDClassifier"}