{"casual": {"precision": 0.6060606060606061, "recall": 0.6896551724137931, "f1-score": 0.6451612903225807, "support": 29}, "explosion": {"precision": 0.8275862068965517, "recall": 0.6153846153846154, "f1-score": 0.7058823529411765, "support": 39}, "gunshot": {"precision": 0.4642857142857143, "recall": 0.6190476190476191, "f1-score": 0.5306122448979592, "support": 21}, "siren": {"precision": 0.8666666666666667, "recall": 0.8125, "f1-score": 0.8387096774193549, "support": 16}, "accuracy": 0.6666666666666666, "macro avg": {"precision": 0.6911497984773847, "recall": 0.6841468517115069, "f1-score": 0.6800913913952679, "support": 105}, "weighted avg": {"precision": 0.6996979648703787, "recall": 0.6666666666666666, "f1-score": 0.67429810633931, "support": 105}, "classificador": "LinearDiscriminantAnalysis"}