{"casual": {"precision": 0.5555555555555556, "recall": 0.6896551724137931, "f1-score": 0.6153846153846154, "support": 29}, "explosion": {"precision": 0.8148148148148148, "recall": 0.5641025641025641, "f1-score": 0.6666666666666667, "support": 39}, "gunshot": {"precision": 0.4444444444444444, "recall": 0.5714285714285714, "f1-score": 0.5, "support": 21}, "siren": {"precision": 0.9333333333333333, "recall": 0.875, "f1-score": 0.9032258064516129, "support": 16}, "accuracy": 0.6476190476190476, "macro avg": {"precision": 0.687037037037037, "recall": 0.6750465769862322, "f1-score": 0.6713192721257237, "support": 105}, "weighted avg": {"precision": 0.6871957671957671, "recall": 0.6476190476190476, "f1-score": 0.6552168261845682, "support": 105}, "classificador": "LinearDiscriminantAnalysis"}