{"casual": {"precision": 0.6666666666666666, "recall": 0.6896551724137931, "f1-score": 0.6779661016949153, "support": 29}, "explosion": {"precision": 0.7647058823529411, "recall": 0.6666666666666666, "f1-score": 0.7123287671232877, "support": 39}, "gunshot": {"precision": 0.48148148148148145, "recall": 0.6190476190476191, "f1-score": 0.5416666666666666, "support": 21}, "siren": {"precision": 0.8571428571428571, "recall": 0.75, "f1-score": 0.7999999999999999, "support": 16}, "accuracy": 0.6761904761904762, "macro avg": {"precision": 0.6924992219109866, "recall": 0.6813423645320197, "f1-score": 0.6829903838712174, "support": 105}, "weighted avg": {"precision": 0.6950691387666177, "recall": 0.6761904761904762, "f1-score": 0.6820651320662929, "support": 105}, "classificador": "LinearDiscriminantAnalysis"}