{"casual": {"precision": 0.6, "recall": 0.8275862068965517, "f1-score": 0.6956521739130435, "support": 29}, "explosion": {"precision": 0.8214285714285714, "recall": 0.5897435897435898, "f1-score": 0.6865671641791046, "support": 39}, "gunshot": {"precision": 0.5789473684210527, "recall": 0.5238095238095238, "f1-score": 0.5500000000000002, "support": 21}, "siren": {"precision": 0.6666666666666666, "recall": 0.75, "f1-score": 0.7058823529411765, "support": 16}, "accuracy": 0.6666666666666666, "macro avg": {"precision": 0.6667606516290726, "recall": 0.6727848301124163, "f1-score": 0.6595254227583313, "support": 105}, "weighted avg": {"precision": 0.6881931018021245, "recall": 0.6666666666666666, "f1-score": 0.6647061913668777, "support": 105}, "classificador": "Perceptron"}