{"casual": {"precision": 0.6129032258064516, "recall": 0.6551724137931034, "f1-score": 0.6333333333333333, "support": 29}, "explosion": {"precision": 0.8235294117647058, "recall": 0.717948717948718, "f1-score": 0.767123287671233, "support": 39}, "gunshot": {"precision": 0.7619047619047619, "recall": 0.7619047619047619, "f1-score": 0.7619047619047619, "support": 21}, "siren": {"precision": 0.7894736842105263, "recall": 0.9375, "f1-score": 0.8571428571428572, "support": 16}, "accuracy": 0.7428571428571429, "macro avg": {"precision": 0.7469527709216115, "recall": 0.7681314734116458, "f1-score": 0.7548760600130463, "support": 105}, "weighted avg": {"precision": 0.747842090995991, "recall": 0.7428571428571429, "f1-score": 0.7428453390488617, "support": 105}, "classificador": "SGDClassifier"}