{"casual": {"precision": 0.6857142857142857, "recall": 0.8275862068965517, "f1-score": 0.75, "support": 29}, "explosion": {"precision": 0.9444444444444444, "recall": 0.8717948717948718, "f1-score": 0.9066666666666667, "support": 39}, "gunshot": {"precision": 0.6666666666666666, "recall": 0.5714285714285714, "f1-score": 0.6153846153846153, "support": 21}, "siren": {"precision": 0.875, "recall": 0.875, "f1-score": 0.875, "support": 16}, "accuracy": 0.8, "macro avg": {"precision": 0.7929563492063492, "recall": 0.7864524125299988, "f1-score": 0.7867628205128205, "support": 105}, "weighted avg": {"precision": 0.8068480725623582, "recall": 0.8, "f1-score": 0.8003150183150183, "support": 105}, "classificador": "KNeighborsClassifier"}