{"casual": {"precision": 0.6, "recall": 0.6206896551724138, "f1-score": 0.6101694915254238, "support": 29}, "explosion": {"precision": 0.8055555555555556, "recall": 0.7435897435897436, "f1-score": 0.7733333333333334, "support": 39}, "gunshot": {"precision": 0.7619047619047619, "recall": 0.7619047619047619, "f1-score": 0.7619047619047619, "support": 21}, "siren": {"precision": 0.8333333333333334, "recall": 0.9375, "f1-score": 0.8823529411764706, "support": 16}, "accuracy": 0.7428571428571429, "macro avg": {"precision": 0.7501984126984127, "recall": 0.7659210401667298, "f1-score": 0.7569401319849974, "support": 105}, "weighted avg": {"precision": 0.7442857142857142, "recall": 0.7428571428571429, "f1-score": 0.7425958315529602, "support": 105}, "classificador": "SGDClassifier"}