{"casual": {"precision": 0.7857142857142857, "recall": 0.7586206896551724, "f1-score": 0.7719298245614034, "support": 29}, "explosion": {"precision": 0.918918918918919, "recall": 0.8717948717948718, "f1-score": 0.8947368421052632, "support": 39}, "gunshot": {"precision": 0.7272727272727273, "recall": 0.7619047619047619, "f1-score": 0.7441860465116279, "support": 21}, "siren": {"precision": 0.8333333333333334, "recall": 0.9375, "f1-score": 0.8823529411764706, "support": 16}, "accuracy": 0.8285714285714286, "macro avg": {"precision": 0.8163098163098164, "recall": 0.8324550808387015, "f1-score": 0.8233014135886912, "support": 105}, "weighted avg": {"precision": 0.8307582164725021, "recall": 0.8285714285714286, "f1-score": 0.8288214837138445, "support": 105}, "classificador": "KNeighborsClassifier"}