{"casual": {"precision": 0.6842105263157895, "recall": 0.896551724137931, "f1-score": 0.7761194029850746, "support": 29}, "explosion": {"precision": 0.9696969696969697, "recall": 0.8205128205128205, "f1-score": 0.8888888888888888, "support": 39}, "gunshot": {"precision": 0.9375, "recall": 0.7142857142857143, "f1-score": 0.8108108108108109, "support": 21}, "siren": {"precision": 0.8888888888888888, "recall": 1.0, "f1-score": 0.9411764705882353, "support": 16}, "accuracy": 0.8476190476190476, "macro avg": {"precision": 0.870074096225412, "recall": 0.8578375647341164, "f1-score": 0.8542488933182524, "support": 105}, "weighted avg": {"precision": 0.8720953267005899, "recall": 0.8476190476190476, "f1-score": 0.8500950467587869, "support": 105}, "classificador": "KNeighborsClassifier"}