{"casual": {"precision": 0.6388888888888888, "recall": 0.7931034482758621, "f1-score": 0.7076923076923076, "support": 29}, "explosion": {"precision": 0.9310344827586207, "recall": 0.6923076923076923, "f1-score": 0.7941176470588235, "support": 39}, "gunshot": {"precision": 0.8421052631578947, "recall": 0.7619047619047619, "f1-score": 0.8, "support": 21}, "siren": {"precision": 0.7619047619047619, "recall": 1.0, "f1-score": 0.8648648648648648, "support": 16}, "accuracy": 0.780952380952381, "macro avg": {"precision": 0.7934833491775415, "recall": 0.8118289756220791, "f1-score": 0.791668704903999, "support": 105}, "weighted avg": {"precision": 0.8067886602110091, "recall": 0.780952380952381, "f1-score": 0.7822047904400846, "support": 105}, "classificador": "Perceptron"}