{"classificador": "SGDClassifier", "accuracy": 0.5619047619047619, "explosion": {"recall": 0.8717948717948718, "f1-score": 0.7157894736842105, "precision": 0.6071428571428571, "support": 39}, "siren": {"recall": 0.6875, "f1-score": 0.6875, "precision": 0.6875, "support": 16}, "weighted avg": {"recall": 0.5619047619047619, "f1-score": 0.49535774921173903, "precision": 0.44744382601525456, "support": 105}, "gunshot": {"recall": 0.0, "f1-score": 0.0, "precision": 0.0, "support": 21}, "macro avg": {"recall": 0.5105133731211318, "f1-score": 0.46372559422750426, "precision": 0.4297213203463203, "support": 105}, "casual": {"recall": 0.4827586206896552, "f1-score": 0.45161290322580644, "precision": 0.42424242424242425, "support": 29}}