{"classificador": "Perceptron", "accuracy": 0.7047619047619048, "explosion": {"recall": 0.7948717948717948, "f1-score": 0.8157894736842105, "precision": 0.8378378378378378, "support": 39}, "siren": {"recall": 0.875, "f1-score": 0.7777777777777777, "precision": 0.7, "support": 16}, "weighted avg": {"recall": 0.7047619047619048, "f1-score": 0.7034748116904728, "precision": 0.7058227615370473, "support": 105}, "gunshot": {"recall": 0.6666666666666666, "f1-score": 0.6829268292682926, "precision": 0.7, "support": 21}, "macro avg": {"recall": 0.7134449602122016, "f1-score": 0.7007024675509912, "precision": 0.6933880308880309, "support": 105}, "casual": {"recall": 0.5172413793103449, "f1-score": 0.5263157894736843, "precision": 0.5357142857142857, "support": 29}}