{"classificador": "BaggingClassifier", "accuracy": 0.580952380952381, "explosion": {"recall": 0.46153846153846156, "f1-score": 0.5901639344262295, "precision": 0.8181818181818182, "support": 39}, "siren": {"recall": 0.5, "f1-score": 0.5714285714285715, "precision": 0.6666666666666666, "support": 16}, "weighted avg": {"recall": 0.580952380952381, "f1-score": 0.5839157078062601, "precision": 0.6508167388167388, "support": 105}, "gunshot": {"recall": 0.6190476190476191, "f1-score": 0.6190476190476191, "precision": 0.6190476190476191, "support": 21}, "macro avg": {"recall": 0.5848016925603132, "f1-score": 0.584400537554719, "precision": 0.635974025974026, "support": 105}, "casual": {"recall": 0.7586206896551724, "f1-score": 0.5569620253164557, "precision": 0.44, "support": 29}}