{"classificador": "KNeighborsClassifier", "accuracy": 0.6285714285714286, "explosion": {"recall": 0.48717948717948717, "f1-score": 0.6440677966101694, "precision": 0.95, "support": 39}, "siren": {"recall": 0.5625, "f1-score": 0.72, "precision": 1.0, "support": 16}, "weighted avg": {"recall": 0.6285714285714286, "f1-score": 0.6375789230946616, "precision": 0.7458885017421603, "support": 105}, "gunshot": {"recall": 0.7142857142857143, "f1-score": 0.5357142857142858, "precision": 0.42857142857142855, "support": 21}, "macro avg": {"recall": 0.6392671624352659, "f1-score": 0.6392312348668281, "precision": 0.7348867595818815, "support": 105}, "casual": {"recall": 0.7931034482758621, "f1-score": 0.6571428571428573, "precision": 0.5609756097560976, "support": 29}}