{"classificador": "BaggingClassifier", "accuracy": 0.42857142857142855, "explosion": {"recall": 0.5384615384615384, "f1-score": 0.5753424657534247, "precision": 0.6176470588235294, "support": 39}, "siren": {"recall": 0.3125, "f1-score": 0.4166666666666667, "precision": 0.625, "support": 16}, "weighted avg": {"recall": 0.42857142857142855, "f1-score": 0.39126936857728994, "precision": 0.40794540038237515, "support": 105}, "gunshot": {"recall": 0.0, "f1-score": 0.0, "precision": 0.0, "support": 21}, "macro avg": {"recall": 0.3765334880636605, "f1-score": 0.3512631526702402, "precision": 0.38605859010270777, "support": 105}, "casual": {"recall": 0.6551724137931034, "f1-score": 0.4130434782608695, "precision": 0.30158730158730157, "support": 29}}