{"classificador": "Perceptron", "accuracy": 0.5714285714285714, "explosion": {"recall": 0.38461538461538464, "f1-score": 0.5084745762711865, "precision": 0.75, "support": 39}, "siren": {"recall": 0.8125, "f1-score": 0.8125, "precision": 0.8125, "support": 16}, "weighted avg": {"recall": 0.5714285714285714, "f1-score": 0.5689740302900821, "precision": 0.6236019536019537, "support": 105}, "gunshot": {"recall": 0.6190476190476191, "f1-score": 0.5098039215686274, "precision": 0.43333333333333335, "support": 21}, "macro avg": {"recall": 0.6178338543640267, "f1-score": 0.5974005068128947, "precision": 0.6207532051282052, "support": 105}, "casual": {"recall": 0.6551724137931034, "f1-score": 0.5588235294117647, "precision": 0.48717948717948717, "support": 29}}