{"classificador": "BaggingClassifier", "accuracy": 0.5619047619047619, "explosion": {"recall": 0.6153846153846154, "f1-score": 0.6956521739130435, "precision": 0.8, "support": 39}, "siren": {"recall": 0.6875, "f1-score": 0.7586206896551724, "precision": 0.8461538461538461, "support": 16}, "weighted avg": {"recall": 0.5619047619047619, "f1-score": 0.5553177696865853, "precision": 0.6760805860805861, "support": 105}, "gunshot": {"recall": 0.14285714285714285, "f1-score": 0.24, "precision": 0.75, "support": 21}, "macro avg": {"recall": 0.5424699223190602, "f1-score": 0.5442578710644678, "precision": 0.6895557029177719, "support": 105}, "casual": {"recall": 0.7241379310344828, "f1-score": 0.4827586206896552, "precision": 0.3620689655172414, "support": 29}}