{"classificador": "Perceptron", "accuracy": 0.638095238095238, "explosion": {"recall": 0.48717948717948717, "f1-score": 0.5846153846153846, "precision": 0.7307692307692307, "support": 39}, "siren": {"recall": 0.875, "f1-score": 0.7999999999999999, "precision": 0.7368421052631579, "support": 16}, "weighted avg": {"recall": 0.638095238095238, "f1-score": 0.6334704968944099, "precision": 0.653641245972073, "support": 105}, "gunshot": {"recall": 0.7142857142857143, "f1-score": 0.6521739130434783, "precision": 0.6, "support": 21}, "macro avg": {"recall": 0.6829094038145762, "f1-score": 0.6576348244147157, "precision": 0.6526171197223829, "support": 105}, "casual": {"recall": 0.6551724137931034, "f1-score": 0.5937499999999999, "precision": 0.5428571428571428, "support": 29}}