{"classificador": "SGDClassifier", "accuracy": 0.4857142857142857, "explosion": {"recall": 0.46153846153846156, "f1-score": 0.5806451612903226, "precision": 0.782608695652174, "support": 39}, "siren": {"recall": 0.625, "f1-score": 0.6451612903225806, "precision": 0.6666666666666666, "support": 16}, "weighted avg": {"recall": 0.4857142857142857, "f1-score": 0.46065044740106664, "precision": 0.5857503848808197, "support": 105}, "gunshot": {"recall": 0.047619047619047616, "f1-score": 0.08695652173913042, "precision": 0.5, "support": 21}, "macro avg": {"recall": 0.4731945497031704, "f1-score": 0.44521201993375303, "precision": 0.5719342251950947, "support": 105}, "casual": {"recall": 0.7586206896551724, "f1-score": 0.46808510638297873, "precision": 0.3384615384615385, "support": 29}}