{"classificador": "KNeighborsClassifier", "accuracy": 0.580952380952381, "explosion": {"recall": 0.3333333333333333, "f1-score": 0.48148148148148145, "precision": 0.8666666666666667, "support": 39}, "siren": {"recall": 0.5625, "f1-score": 0.72, "precision": 1.0, "support": 16}, "weighted avg": {"recall": 0.580952380952381, "f1-score": 0.5726772486772487, "precision": 0.7043892339544514, "support": 105}, "gunshot": {"recall": 0.6666666666666666, "f1-score": 0.5, "precision": 0.4, "support": 21}, "macro avg": {"recall": 0.6061422413793103, "f1-score": 0.592037037037037, "precision": 0.702536231884058, "support": 105}, "casual": {"recall": 0.8620689655172413, "f1-score": 0.6666666666666666, "precision": 0.5434782608695652, "support": 29}}