{"classificador": "KNeighborsClassifier", "accuracy": 0.49523809523809526, "explosion": {"recall": 0.358974358974359, "f1-score": 0.4827586206896552, "precision": 0.7368421052631579, "support": 39}, "siren": {"recall": 0.1875, "f1-score": 0.3, "precision": 0.75, "support": 16}, "weighted avg": {"recall": 0.49523809523809526, "f1-score": 0.47739321433902715, "precision": 0.5910278146346257, "support": 105}, "gunshot": {"recall": 0.6190476190476191, "f1-score": 0.4727272727272727, "precision": 0.38235294117647056, "support": 21}, "macro avg": {"recall": 0.4810356669192876, "f1-score": 0.45672861621137484, "precision": 0.5818820949432404, "support": 105}, "casual": {"recall": 0.7586206896551724, "f1-score": 0.5714285714285715, "precision": 0.4583333333333333, "support": 29}}