{"classificador": "LinearSVC", "accuracy": 0.6571428571428571, "explosion": {"recall": 0.8717948717948718, "f1-score": 0.7906976744186047, "precision": 0.723404255319149, "support": 39}, "siren": {"recall": 1.0, "f1-score": 0.8421052631578948, "precision": 0.7272727272727273, "support": 16}, "weighted avg": {"recall": 0.6571428571428571, "f1-score": 0.6145584328412931, "precision": 0.7134260538515858, "support": 105}, "gunshot": {"recall": 0.14285714285714285, "f1-score": 0.25, "precision": 1.0, "support": 21}, "macro avg": {"recall": 0.6415940381457623, "f1-score": 0.599732992458641, "precision": 0.7338813668600903, "support": 105}, "casual": {"recall": 0.5517241379310345, "f1-score": 0.5161290322580646, "precision": 0.48484848484848486, "support": 29}}