{"classificador": "KNeighborsClassifier", "accuracy": 0.638095238095238, "explosion": {"recall": 0.5897435897435898, "f1-score": 0.7301587301587301, "precision": 0.9583333333333334, "support": 39}, "siren": {"recall": 0.4375, "f1-score": 0.6086956521739131, "precision": 1.0, "support": 16}, "weighted avg": {"recall": 0.638095238095238, "f1-score": 0.6491678094162565, "precision": 0.7484733893557424, "support": 105}, "gunshot": {"recall": 0.7142857142857143, "f1-score": 0.5454545454545455, "precision": 0.4411764705882353, "support": 21}, "macro avg": {"recall": 0.6250374984211191, "f1-score": 0.6304975218018696, "precision": 0.7373774509803921, "support": 105}, "casual": {"recall": 0.7586206896551724, "f1-score": 0.6376811594202898, "precision": 0.55, "support": 29}}