{"classificador": "SGDClassifier", "accuracy": 0.5904761904761905, "explosion": {"recall": 0.7435897435897436, "f1-score": 0.7435897435897437, "precision": 0.7435897435897436, "support": 39}, "siren": {"recall": 0.875, "f1-score": 0.875, "precision": 0.875, "support": 16}, "weighted avg": {"recall": 0.5904761904761905, "f1-score": 0.5423749246534056, "precision": 0.5144761904761904, "support": 105}, "gunshot": {"recall": 0.0, "f1-score": 0.0, "precision": 0.0, "support": 21}, "macro avg": {"recall": 0.5684405393457117, "f1-score": 0.5249006004543979, "precision": 0.4996474358974359, "support": 105}, "casual": {"recall": 0.6551724137931034, "f1-score": 0.48101265822784806, "precision": 0.38, "support": 29}}