{"classificador": "SGDClassifier", "accuracy": 0.5523809523809524, "explosion": {"recall": 0.5384615384615384, "f1-score": 0.6176470588235294, "precision": 0.7241379310344828, "support": 39}, "siren": {"recall": 0.9375, "f1-score": 0.8571428571428572, "precision": 0.7894736842105263, "support": 16}, "weighted avg": {"recall": 0.5523809523809524, "f1-score": 0.5146764160209538, "precision": 0.6928376976925071, "support": 105}, "gunshot": {"recall": 0.047619047619047616, "f1-score": 0.0909090909090909, "precision": 1.0, "support": 21}, "macro avg": {"recall": 0.5619296292787672, "f1-score": 0.5149541634835753, "precision": 0.7221529038112522, "support": 105}, "casual": {"recall": 0.7241379310344828, "f1-score": 0.4941176470588236, "precision": 0.375, "support": 29}}