{"casual": {"precision": 0.4857142857142857, "recall": 0.5862068965517241, "f1-score": 0.53125, "support": 29}, "explosion": {"precision": 0.6363636363636364, "recall": 0.358974358974359, "f1-score": 0.459016393442623, "support": 39}, "gunshot": {"precision": 0.5517241379310345, "recall": 0.7619047619047619, "f1-score": 0.64, "support": 21}, "siren": {"precision": 0.6842105263157895, "recall": 0.8125, "f1-score": 0.742857142857143, "support": 16}, "accuracy": 0.5714285714285714, "macro avg": {"precision": 0.5895031465811865, "recall": 0.6298965043577112, "f1-score": 0.5932808840749415, "support": 105}, "weighted avg": {"precision": 0.5851187754428615, "recall": 0.5714285714285714, "f1-score": 0.5584152726664436, "support": 105}, "classificador": "Perceptron"}