{"casual": {"precision": 0.5555555555555556, "recall": 0.6896551724137931, "f1-score": 0.6153846153846154, "support": 29}, "explosion": {"precision": 0.9565217391304348, "recall": 0.5641025641025641, "f1-score": 0.7096774193548387, "support": 39}, "gunshot": {"precision": 0.358974358974359, "recall": 0.6666666666666666, "f1-score": 0.4666666666666667, "support": 21}, "siren": {"precision": 1.0, "recall": 0.4375, "f1-score": 0.6086956521739131, "support": 16}, "accuracy": 0.6, "macro avg": {"precision": 0.7177629134150874, "recall": 0.589481100795756, "f1-score": 0.6001060883950085, "support": 105}, "weighted avg": {"precision": 0.7328944807205676, "recall": 0.6, "f1-score": 0.6196447965311921, "support": 105}, "classificador": "KNeighborsClassifier"}