{"casual": {"precision": 0.6363636363636364, "recall": 0.7241379310344828, "f1-score": 0.6774193548387097, "support": 29}, "explosion": {"precision": 0.8787878787878788, "recall": 0.7435897435897436, "f1-score": 0.8055555555555556, "support": 39}, "gunshot": {"precision": 0.6521739130434783, "recall": 0.7142857142857143, "f1-score": 0.6818181818181819, "support": 21}, "siren": {"precision": 0.8125, "recall": 0.8125, "f1-score": 0.8125, "support": 16}, "accuracy": 0.7428571428571429, "macro avg": {"precision": 0.7449563570487483, "recall": 0.7486283472274852, "f1-score": 0.7443232730531117, "support": 105}, "weighted avg": {"precision": 0.7564088085827216, "recall": 0.7428571428571429, "f1-score": 0.7464762835730577, "support": 105}, "classificador": "KNeighborsClassifier"}