{"casual": {"precision": 0.6, "recall": 0.6206896551724138, "f1-score": 0.6101694915254238, "support": 29}, "explosion": {"precision": 0.8285714285714286, "recall": 0.7435897435897436, "f1-score": 0.7837837837837838, "support": 39}, "gunshot": {"precision": 0.8, "recall": 0.7619047619047619, "f1-score": 0.7804878048780488, "support": 21}, "siren": {"precision": 0.75, "recall": 0.9375, "f1-score": 0.8333333333333334, "support": 16}, "accuracy": 0.7428571428571429, "macro avg": {"precision": 0.7446428571428572, "recall": 0.7659210401667298, "f1-score": 0.7519436033801475, "support": 105}, "weighted avg": {"precision": 0.7477551020408164, "recall": 0.7428571428571429, "f1-score": 0.7427243815007353, "support": 105}, "classificador": "SGDClassifier"}