{"classificador": "KNeighborsClassifier", "accuracy": 0.8476190476190476, "explosion": {"recall": 0.8974358974358975, "f1-score": 0.9090909090909091, "precision": 0.9210526315789473, "support": 39}, "siren": {"recall": 0.8125, "f1-score": 0.8666666666666666, "precision": 0.9285714285714286, "support": 16}, "weighted avg": {"recall": 0.8476190476190476, "f1-score": 0.8496022033522033, "precision": 0.8586585511397542, "support": 105}, "gunshot": {"recall": 0.7619047619047619, "f1-score": 0.8205128205128205, "precision": 0.8888888888888888, "support": 21}, "macro avg": {"recall": 0.8334774062144752, "f1-score": 0.844380099067599, "precision": 0.8631996658312449, "support": 105}, "casual": {"recall": 0.8620689655172413, "f1-score": 0.7812500000000001, "precision": 0.7142857142857143, "support": 29}}