{"classificador": "SGDClassifier", "accuracy": 0.7428571428571429, "explosion": {"recall": 0.7948717948717948, "f1-score": 0.8266666666666667, "precision": 0.8611111111111112, "support": 39}, "siren": {"recall": 0.9375, "f1-score": 0.8823529411764706, "precision": 0.8333333333333334, "support": 16}, "weighted avg": {"recall": 0.7428571428571429, "f1-score": 0.7454229691876751, "precision": 0.7788766788766789, "support": 105}, "gunshot": {"recall": 0.5238095238095238, "f1-score": 0.6666666666666667, "precision": 0.9166666666666666, "support": 21}, "macro avg": {"recall": 0.7450798124289504, "f1-score": 0.7483333333333334, "precision": 0.7873931623931624, "support": 105}, "casual": {"recall": 0.7241379310344828, "f1-score": 0.6176470588235294, "precision": 0.5384615384615384, "support": 29}}