{"classificador": "KNeighborsClassifier", "accuracy": 0.8476190476190476, "explosion": {"recall": 0.9230769230769231, "f1-score": 0.9230769230769231, "precision": 0.9230769230769231, "support": 39}, "siren": {"recall": 0.8125, "f1-score": 0.8666666666666666, "precision": 0.9285714285714286, "support": 16}, "weighted avg": {"recall": 0.8476190476190476, "f1-score": 0.8495370095370095, "precision": 0.8636526832955405, "support": 105}, "gunshot": {"recall": 0.7142857142857143, "f1-score": 0.8108108108108109, "precision": 0.9375, "support": 21}, "macro avg": {"recall": 0.8279829007199697, "f1-score": 0.8424462924462924, "precision": 0.870898199023199, "support": 105}, "casual": {"recall": 0.8620689655172413, "f1-score": 0.7692307692307692, "precision": 0.6944444444444444, "support": 29}}