{"classificador": "KNeighborsClassifier", "accuracy": 0.8, "explosion": {"recall": 0.7692307692307693, "f1-score": 0.8333333333333333, "precision": 0.9090909090909091, "support": 39}, "siren": {"recall": 0.8125, "f1-score": 0.8666666666666666, "precision": 0.9285714285714286, "support": 16}, "weighted avg": {"recall": 0.8, "f1-score": 0.8060298125086857, "precision": 0.8376339929911358, "support": 105}, "gunshot": {"recall": 0.7142857142857143, "f1-score": 0.8108108108108109, "precision": 0.9375, "support": 21}, "macro avg": {"recall": 0.7981420519136037, "f1-score": 0.8108012942519984, "precision": 0.8485524891774892, "support": 105}, "casual": {"recall": 0.896551724137931, "f1-score": 0.732394366197183, "precision": 0.6190476190476191, "support": 29}}