{"classificador": "SGDClassifier", "accuracy": 0.7619047619047619, "explosion": {"recall": 0.7692307692307693, "f1-score": 0.7894736842105263, "precision": 0.8108108108108109, "support": 39}, "siren": {"recall": 0.8125, "f1-score": 0.787878787878788, "precision": 0.7647058823529411, "support": 16}, "weighted avg": {"recall": 0.7619047619047619, "f1-score": 0.7675137757374599, "precision": 0.7833991975168445, "support": 105}, "gunshot": {"recall": 0.7619047619047619, "f1-score": 0.8648648648648648, "precision": 1.0, "support": 21}, "macro avg": {"recall": 0.7669433655425035, "f1-score": 0.7746168342385448, "precision": 0.793879173290938, "support": 105}, "casual": {"recall": 0.7241379310344828, "f1-score": 0.65625, "precision": 0.6, "support": 29}}