{"classificador": "BaggingClassifier", "accuracy": 0.8095238095238095, "explosion": {"recall": 0.7948717948717948, "f1-score": 0.8611111111111112, "precision": 0.9393939393939394, "support": 39}, "siren": {"recall": 0.875, "f1-score": 0.875, "precision": 0.875, "support": 16}, "weighted avg": {"recall": 0.8095238095238095, "f1-score": 0.8154747915617481, "precision": 0.8423701298701299, "support": 105}, "gunshot": {"recall": 0.7142857142857143, "f1-score": 0.8108108108108109, "precision": 0.9375, "support": 21}, "macro avg": {"recall": 0.8115566186686877, "f1-score": 0.8178899007703356, "precision": 0.8442234848484849, "support": 105}, "casual": {"recall": 0.8620689655172413, "f1-score": 0.7246376811594203, "precision": 0.625, "support": 29}}