{"classificador": "LinearSVC", "accuracy": 0.6952380952380952, "explosion": {"recall": 0.7435897435897436, "f1-score": 0.7435897435897437, "precision": 0.7435897435897436, "support": 39}, "siren": {"recall": 0.875, "f1-score": 0.875, "precision": 0.875, "support": 16}, "weighted avg": {"recall": 0.6952380952380952, "f1-score": 0.6800173950858883, "precision": 0.7601731601731602, "support": 105}, "gunshot": {"recall": 0.2857142857142857, "f1-score": 0.4444444444444445, "precision": 1.0, "support": 21}, "macro avg": {"recall": 0.6829725590501452, "f1-score": 0.6801421086523827, "precision": 0.7910110722610723, "support": 105}, "casual": {"recall": 0.8275862068965517, "f1-score": 0.6575342465753425, "precision": 0.5454545454545454, "support": 29}}