{"classificador": "Perceptron", "accuracy": 0.7428571428571429, "explosion": {"recall": 0.6923076923076923, "f1-score": 0.7397260273972601, "precision": 0.7941176470588235, "support": 39}, "siren": {"recall": 1.0, "f1-score": 0.9142857142857143, "precision": 0.8421052631578947, "support": 16}, "weighted avg": {"recall": 0.7428571428571429, "f1-score": 0.7384448573950128, "precision": 0.762472924392429, "support": 105}, "gunshot": {"recall": 0.5238095238095238, "f1-score": 0.6470588235294118, "precision": 0.8461538461538461, "support": 21}, "macro avg": {"recall": 0.760925855753442, "f1-score": 0.7517382295383906, "precision": 0.7744403429387949, "support": 105}, "casual": {"recall": 0.8275862068965517, "f1-score": 0.7058823529411765, "precision": 0.6153846153846154, "support": 29}}