{"classificador": "SGDClassifier", "accuracy": 0.819047619047619, "explosion": {"recall": 0.8461538461538461, "f1-score": 0.8799999999999999, "precision": 0.9166666666666666, "support": 39}, "siren": {"recall": 0.875, "f1-score": 0.875, "precision": 0.875, "support": 16}, "weighted avg": {"recall": 0.819047619047619, "f1-score": 0.8247249466950959, "precision": 0.8482456140350877, "support": 105}, "gunshot": {"recall": 0.7142857142857143, "f1-score": 0.8333333333333333, "precision": 1.0, "support": 21}, "macro avg": {"recall": 0.8157564418340281, "f1-score": 0.8261878109452736, "precision": 0.8558114035087719, "support": 105}, "casual": {"recall": 0.8275862068965517, "f1-score": 0.716417910447761, "precision": 0.631578947368421, "support": 29}}