{"classificador": "Perceptron", "accuracy": 0.8380952380952381, "explosion": {"recall": 0.8717948717948718, "f1-score": 0.9066666666666667, "precision": 0.9444444444444444, "support": 39}, "siren": {"recall": 0.875, "f1-score": 0.8484848484848485, "precision": 0.8235294117647058, "support": 16}, "weighted avg": {"recall": 0.8380952380952381, "f1-score": 0.840970348647768, "precision": 0.8477276077895274, "support": 105}, "gunshot": {"recall": 0.8095238095238095, "f1-score": 0.8500000000000001, "precision": 0.8947368421052632, "support": 21}, "macro avg": {"recall": 0.8373555323986359, "f1-score": 0.8367717497556209, "precision": 0.8399200988210276, "support": 105}, "casual": {"recall": 0.7931034482758621, "f1-score": 0.7419354838709677, "precision": 0.696969696969697, "support": 29}}