{"classificador": "SGDClassifier", "accuracy": 0.6857142857142857, "explosion": {"recall": 0.7692307692307693, "f1-score": 0.7692307692307693, "precision": 0.7692307692307693, "support": 39}, "siren": {"recall": 0.875, "f1-score": 0.823529411764706, "precision": 0.7777777777777778, "support": 16}, "weighted avg": {"recall": 0.6857142857142857, "f1-score": 0.6769187675070029, "precision": 0.7456962188669505, "support": 105}, "gunshot": {"recall": 0.3333333333333333, "f1-score": 0.5, "precision": 1.0, "support": 21}, "macro avg": {"recall": 0.6754255083996463, "f1-score": 0.6731900452488688, "precision": 0.7648009172399416, "support": 105}, "casual": {"recall": 0.7241379310344828, "f1-score": 0.6000000000000001, "precision": 0.5121951219512195, "support": 29}}