{"classificador": "SGDClassifier", "accuracy": 0.7142857142857143, "explosion": {"recall": 0.717948717948718, "f1-score": 0.7567567567567569, "precision": 0.8, "support": 39}, "siren": {"recall": 0.875, "f1-score": 0.8484848484848485, "precision": 0.8235294117647058, "support": 16}, "weighted avg": {"recall": 0.7142857142857143, "f1-score": 0.7073340245754038, "precision": 0.776072206660442, "support": 105}, "gunshot": {"recall": 0.38095238095238093, "f1-score": 0.5517241379310345, "precision": 1.0, "support": 21}, "macro avg": {"recall": 0.708992516104585, "f1-score": 0.7081603547120788, "precision": 0.7947712418300654, "support": 105}, "casual": {"recall": 0.8620689655172413, "f1-score": 0.6756756756756757, "precision": 0.5555555555555556, "support": 29}}