{"classificador": "LinearSVC", "accuracy": 0.7333333333333333, "explosion": {"recall": 0.8717948717948718, "f1-score": 0.8192771084337349, "precision": 0.7727272727272727, "support": 39}, "siren": {"recall": 0.875, "f1-score": 0.8484848484848485, "precision": 0.8235294117647058, "support": 16}, "weighted avg": {"recall": 0.7333333333333333, "f1-score": 0.7177228394095865, "precision": 0.7767245473127826, "support": 105}, "gunshot": {"recall": 0.3333333333333333, "f1-score": 0.5, "precision": 1.0, "support": 21}, "macro avg": {"recall": 0.7096872236958444, "f1-score": 0.7086071558963125, "precision": 0.7977128197716432, "support": 105}, "casual": {"recall": 0.7586206896551724, "f1-score": 0.6666666666666667, "precision": 0.5945945945945946, "support": 29}}