{"classificador": "LinearSVC", "accuracy": 0.8285714285714286, "explosion": {"recall": 0.8205128205128205, "f1-score": 0.8767123287671232, "precision": 0.9411764705882353, "support": 39}, "siren": {"recall": 0.9375, "f1-score": 0.8823529411764706, "precision": 0.8333333333333334, "support": 16}, "weighted avg": {"recall": 0.8285714285714286, "f1-score": 0.8329606684612727, "precision": 0.8469494464452447, "support": 105}, "gunshot": {"recall": 0.8095238095238095, "f1-score": 0.8717948717948718, "precision": 0.9444444444444444, "support": 21}, "macro avg": {"recall": 0.840160019578123, "f1-score": 0.8374025354346164, "precision": 0.8440242763772176, "support": 105}, "casual": {"recall": 0.7931034482758621, "f1-score": 0.71875, "precision": 0.6571428571428571, "support": 29}}