{"classificador": "LinearSVC", "accuracy": 0.7047619047619048, "explosion": {"recall": 0.7435897435897436, "f1-score": 0.7435897435897437, "precision": 0.7435897435897436, "support": 39}, "siren": {"recall": 0.8125, "f1-score": 0.8387096774193549, "precision": 0.8666666666666667, "support": 16}, "weighted avg": {"recall": 0.7047619047619048, "f1-score": 0.7016194865042792, "precision": 0.7431900890437475, "support": 105}, "gunshot": {"recall": 0.42857142857142855, "f1-score": 0.5806451612903225, "precision": 0.9, "support": 21}, "macro avg": {"recall": 0.6944411551092586, "f1-score": 0.7050218598605696, "precision": 0.767808005003127, "support": 105}, "casual": {"recall": 0.7931034482758621, "f1-score": 0.6571428571428573, "precision": 0.5609756097560976, "support": 29}}