{"classificador": "SGDClassifier", "accuracy": 0.8, "explosion": {"recall": 0.7692307692307693, "f1-score": 0.8333333333333333, "precision": 0.9090909090909091, "support": 39}, "siren": {"recall": 0.9375, "f1-score": 0.9090909090909091, "precision": 0.8823529411764706, "support": 16}, "weighted avg": {"recall": 0.8, "f1-score": 0.8053308596165739, "precision": 0.840524946120355, "support": 105}, "gunshot": {"recall": 0.6666666666666666, "f1-score": 0.8, "precision": 1.0, "support": 21}, "macro avg": {"recall": 0.8088666003536693, "f1-score": 0.8141774891774892, "precision": 0.8502999869570887, "support": 105}, "casual": {"recall": 0.8620689655172413, "f1-score": 0.7142857142857144, "precision": 0.6097560975609756, "support": 29}}