{"classificador": "LinearSVC", "accuracy": 0.7333333333333333, "explosion": {"recall": 0.7435897435897436, "f1-score": 0.7532467532467534, "precision": 0.7631578947368421, "support": 39}, "siren": {"recall": 0.875, "f1-score": 0.875, "precision": 0.875, "support": 16}, "weighted avg": {"recall": 0.7333333333333333, "f1-score": 0.7302432040009681, "precision": 0.7643244474823422, "support": 105}, "gunshot": {"recall": 0.47619047619047616, "f1-score": 0.6249999999999999, "precision": 0.9090909090909091, "support": 21}, "macro avg": {"recall": 0.7305916066691929, "f1-score": 0.7372247317899492, "precision": 0.7868122009569378, "support": 105}, "casual": {"recall": 0.8275862068965517, "f1-score": 0.6956521739130435, "precision": 0.6, "support": 29}}