{"casual": {"precision": 0.35294117647058826, "recall": 0.6206896551724138, "f1-score": 0.45000000000000007, "support": 29}, "explosion": {"precision": 0.8055555555555556, "recall": 0.7435897435897436, "f1-score": 0.7733333333333334, "support": 39}, "gunshot": {"precision": 1.0, "recall": 0.09523809523809523, "f1-score": 0.17391304347826084, "support": 21}, "siren": {"precision": 0.75, "recall": 0.75, "f1-score": 0.75, "support": 16}, "accuracy": 0.580952380952381, "macro avg": {"precision": 0.727124183006536, "recall": 0.5523793735000632, "f1-score": 0.5368115942028986, "support": 105}, "weighted avg": {"precision": 0.7109710550887022, "recall": 0.580952380952381, "f1-score": 0.560592132505176, "support": 105}, "classificador": "LinearDiscriminantAnalysis"}