{"casual": {"precision": 0.44680851063829785, "recall": 0.7241379310344828, "f1-score": 0.5526315789473684, "support": 29}, "explosion": {"precision": 0.5777777777777777, "recall": 0.6666666666666666, "f1-score": 0.619047619047619, "support": 39}, "gunshot": {"precision": 1.0, "recall": 0.047619047619047616, "f1-score": 0.0909090909090909, "support": 21}, "siren": {"precision": 0.9166666666666666, "recall": 0.6875, "f1-score": 0.7857142857142857, "support": 16}, "accuracy": 0.5619047619047619, "macro avg": {"precision": 0.7353132387706856, "recall": 0.5314809113300493, "f1-score": 0.5120756436545909, "support": 105}, "weighted avg": {"precision": 0.6776899696048633, "recall": 0.5619047619047619, "f1-score": 0.5204732610747648, "support": 105}, "classificador": "SGDClassifier"}