{"casual": {"precision": 0.36065573770491804, "recall": 0.7586206896551724, "f1-score": 0.48888888888888893, "support": 29}, "explosion": {"precision": 0.6571428571428571, "recall": 0.5897435897435898, "f1-score": 0.6216216216216216, "support": 39}, "gunshot": {"precision": 0.0, "recall": 0.0, "f1-score": 0.0, "support": 21}, "siren": {"precision": 0.8888888888888888, "recall": 0.5, "f1-score": 0.64, "support": 16}, "accuracy": 0.5047619047619047, "macro avg": {"precision": 0.476671870934166, "recall": 0.4620910698496905, "f1-score": 0.43762762762762764, "support": 105}, "weighted avg": {"precision": 0.47914104804034546, "recall": 0.5047619047619047, "f1-score": 0.46343829543829546, "support": 105}, "classificador": "BaggingClassifier"}