{"casual": {"precision": 0.5945945945945946, "recall": 0.7586206896551724, "f1-score": 0.6666666666666667, "support": 29}, "explosion": {"precision": 0.9230769230769231, "recall": 0.6153846153846154, "f1-score": 0.7384615384615384, "support": 39}, "gunshot": {"precision": 0.5, "recall": 0.7142857142857143, "f1-score": 0.588235294117647, "support": 21}, "siren": {"precision": 0.9166666666666666, "recall": 0.6875, "f1-score": 0.7857142857142857, "support": 16}, "accuracy": 0.6857142857142857, "macro avg": {"precision": 0.733584546084546, "recall": 0.6939477548313755, "f1-score": 0.6947694462400344, "support": 105}, "weighted avg": {"precision": 0.7467610467610468, "recall": 0.6857142857142857, "f1-score": 0.6957876483926904, "support": 105}, "classificador": "KNeighborsClassifier"}