{"casual": {"precision": 0.4666666666666667, "recall": 0.7241379310344828, "f1-score": 0.5675675675675675, "support": 29}, "explosion": {"precision": 0.5625, "recall": 0.46153846153846156, "f1-score": 0.5070422535211268, "support": 39}, "gunshot": {"precision": 0.5, "recall": 0.3333333333333333, "f1-score": 0.4, "support": 21}, "siren": {"precision": 0.7857142857142857, "recall": 0.6875, "f1-score": 0.7333333333333334, "support": 16}, "accuracy": 0.5428571428571428, "macro avg": {"precision": 0.5787202380952381, "recall": 0.5516274314765695, "f1-score": 0.551985788605507, "support": 105}, "weighted avg": {"precision": 0.5575453514739228, "recall": 0.5428571428571428, "f1-score": 0.5368327683820642, "support": 105}, "classificador": "LinearDiscriminantAnalysis"}