{"casual": {"precision": 0.5116279069767442, "recall": 0.7586206896551724, "f1-score": 0.6111111111111112, "support": 29}, "explosion": {"precision": 0.7, "recall": 0.5384615384615384, "f1-score": 0.608695652173913, "support": 39}, "gunshot": {"precision": 0.45454545454545453, "recall": 0.23809523809523808, "f1-score": 0.31249999999999994, "support": 21}, "siren": {"precision": 0.7142857142857143, "recall": 0.9375, "f1-score": 0.8108108108108109, "support": 16}, "accuracy": 0.6, "macro avg": {"precision": 0.5951147689519782, "recall": 0.6181693665529873, "f1-score": 0.5857793935239588, "support": 105}, "weighted avg": {"precision": 0.6010593835843006, "recall": 0.6, "f1-score": 0.5809221488569315, "support": 105}, "classificador": "SVC"}