{"casual": {"precision": 0.5769230769230769, "recall": 0.5172413793103449, "f1-score": 0.5454545454545454, "support": 29}, "explosion": {"precision": 0.6176470588235294, "recall": 0.5384615384615384, "f1-score": 0.5753424657534247, "support": 39}, "gunshot": {"precision": 0.375, "recall": 0.42857142857142855, "f1-score": 0.39999999999999997, "support": 21}, "siren": {"precision": 0.7142857142857143, "recall": 0.9375, "f1-score": 0.8108108108108109, "support": 16}, "accuracy": 0.5714285714285714, "macro avg": {"precision": 0.5709639625080801, "recall": 0.605443586585828, "f1-score": 0.5829019555046953, "support": 105}, "weighted avg": {"precision": 0.5725959614615077, "recall": 0.5714285714285714, "f1-score": 0.5679001043384605, "support": 105}, "classificador": "Perceptron"}