{"casual": {"precision": 0.7428571428571429, "recall": 0.896551724137931, "f1-score": 0.8125, "support": 29}, "explosion": {"precision": 0.972972972972973, "recall": 0.9230769230769231, "f1-score": 0.9473684210526315, "support": 39}, "gunshot": {"precision": 0.8823529411764706, "recall": 0.7142857142857143, "f1-score": 0.7894736842105262, "support": 21}, "siren": {"precision": 0.9375, "recall": 0.9375, "f1-score": 0.9375, "support": 16}, "accuracy": 0.8761904761904762, "macro avg": {"precision": 0.8839207642516467, "recall": 0.8678535903751421, "f1-score": 0.8717105263157894, "support": 105}, "weighted avg": {"precision": 0.8858877605096094, "recall": 0.8761904761904762, "f1-score": 0.8770363408521303, "support": 105}, "classificador": "KNeighborsClassifier"}