{"casual": {"precision": 0.5806451612903226, "recall": 0.6206896551724138, "f1-score": 0.6000000000000001, "support": 29}, "explosion": {"precision": 0.7741935483870968, "recall": 0.6153846153846154, "f1-score": 0.6857142857142857, "support": 39}, "gunshot": {"precision": 0.6086956521739131, "recall": 0.6666666666666666, "f1-score": 0.6363636363636365, "support": 21}, "siren": {"precision": 0.8, "recall": 1.0, "f1-score": 0.888888888888889, "support": 16}, "accuracy": 0.6857142857142857, "macro avg": {"precision": 0.6908835904628332, "recall": 0.7256852343059239, "f1-score": 0.7027417027417028, "support": 105}, "weighted avg": {"precision": 0.6915701596206505, "recall": 0.6857142857142857, "f1-score": 0.683130625987769, "support": 105}, "classificador": "LinearDiscriminantAnalysis"}