{"casual": {"precision": 0.631578947368421, "recall": 0.8275862068965517, "f1-score": 0.716417910447761, "support": 29}, "explosion": {"precision": 0.918918918918919, "recall": 0.8717948717948718, "f1-score": 0.8947368421052632, "support": 39}, "gunshot": {"precision": 0.8333333333333334, "recall": 0.47619047619047616, "f1-score": 0.6060606060606061, "support": 21}, "siren": {"precision": 0.8333333333333334, "recall": 0.9375, "f1-score": 0.8823529411764706, "support": 16}, "accuracy": 0.7904761904761904, "macro avg": {"precision": 0.8042911332385018, "recall": 0.7782678887204749, "f1-score": 0.7748920749475252, "support": 105}, "weighted avg": {"precision": 0.8093996251890988, "recall": 0.7904761904761904, "f1-score": 0.7858645336303485, "support": 105}, "classificador": "SVC"}