{"casual": {"precision": 0.7575757575757576, "recall": 0.8620689655172413, "f1-score": 0.8064516129032258, "support": 29}, "explosion": {"precision": 0.9722222222222222, "recall": 0.8974358974358975, "f1-score": 0.9333333333333333, "support": 39}, "gunshot": {"precision": 0.8333333333333334, "recall": 0.7142857142857143, "f1-score": 0.7692307692307692, "support": 21}, "siren": {"precision": 0.8888888888888888, "recall": 1.0, "f1-score": 0.9411764705882353, "support": 16}, "accuracy": 0.8666666666666667, "macro avg": {"precision": 0.8630050505050505, "recall": 0.8684476443097133, "f1-score": 0.8625480465138908, "support": 105}, "weighted avg": {"precision": 0.8724627224627224, "recall": 0.8666666666666667, "f1-score": 0.8666644424519188, "support": 105}, "classificador": "KNeighborsClassifier"}