{"casual": {"precision": 0.5454545454545454, "recall": 0.8275862068965517, "f1-score": 0.6575342465753425, "support": 29}, "explosion": {"precision": 0.8636363636363636, "recall": 0.48717948717948717, "f1-score": 0.6229508196721312, "support": 39}, "gunshot": {"precision": 0.5789473684210527, "recall": 0.5238095238095238, "f1-score": 0.5500000000000002, "support": 21}, "siren": {"precision": 0.65, "recall": 0.8125, "f1-score": 0.7222222222222223, "support": 16}, "accuracy": 0.638095238095238, "macro avg": {"precision": 0.6595095693779904, "recall": 0.6627688044713906, "f1-score": 0.6381768221174241, "support": 105}, "weighted avg": {"precision": 0.6862656641604011, "recall": 0.638095238095238, "f1-score": 0.6330393397471772, "support": 105}, "classificador": "Perceptron"}