{"casual": {"precision": 0.5116279069767442, "recall": 0.7586206896551724, "f1-score": 0.6111111111111112, "support": 29}, "explosion": {"precision": 0.8709677419354839, "recall": 0.6923076923076923, "f1-score": 0.7714285714285716, "support": 39}, "gunshot": {"precision": 0.6153846153846154, "recall": 0.38095238095238093, "f1-score": 0.47058823529411764, "support": 21}, "siren": {"precision": 0.7777777777777778, "recall": 0.875, "f1-score": 0.823529411764706, "support": 16}, "accuracy": 0.6761904761904762, "macro avg": {"precision": 0.6939395105186553, "recall": 0.6767201907288114, "f1-score": 0.6691643323996266, "support": 105}, "weighted avg": {"precision": 0.7064045010031507, "recall": 0.6761904761904762, "f1-score": 0.6749215241652218, "support": 105}, "classificador": "Perceptron"}