{"casual": {"precision": 0.47368421052631576, "recall": 0.6206896551724138, "f1-score": 0.5373134328358208, "support": 29}, "explosion": {"precision": 0.7352941176470589, "recall": 0.6410256410256411, "f1-score": 0.6849315068493151, "support": 39}, "gunshot": {"precision": 0.6666666666666666, "recall": 0.38095238095238093, "f1-score": 0.4848484848484849, "support": 21}, "siren": {"precision": 0.6666666666666666, "recall": 0.875, "f1-score": 0.7567567567567567, "support": 16}, "accuracy": 0.6190476190476191, "macro avg": {"precision": 0.635577915376677, "recall": 0.6294169192876089, "f1-score": 0.6159625453225943, "support": 105}, "weighted avg": {"precision": 0.638856946287287, "recall": 0.6190476190476191, "f1-score": 0.6150889962789371, "support": 105}, "classificador": "Perceptron"}