{"casual": {"precision": 0.5862068965517241, "recall": 0.5862068965517241, "f1-score": 0.5862068965517241, "support": 29}, "explosion": {"precision": 0.78125, "recall": 0.6410256410256411, "f1-score": 0.7042253521126761, "support": 39}, "gunshot": {"precision": 0.5833333333333334, "recall": 0.6666666666666666, "f1-score": 0.6222222222222222, "support": 21}, "siren": {"precision": 0.8, "recall": 1.0, "f1-score": 0.888888888888889, "support": 16}, "accuracy": 0.6857142857142857, "macro avg": {"precision": 0.6876975574712645, "recall": 0.7234748010610079, "f1-score": 0.7003858399438778, "support": 105}, "weighted avg": {"precision": 0.6906547619047618, "recall": 0.6857142857142857, "f1-score": 0.6833683582979359, "support": 105}, "classificador": "LinearDiscriminantAnalysis"}