{"casual": {"precision": 0.6571428571428571, "recall": 0.7931034482758621, "f1-score": 0.71875, "support": 29}, "explosion": {"precision": 0.8888888888888888, "recall": 0.8205128205128205, "f1-score": 0.8533333333333333, "support": 39}, "gunshot": {"precision": 1.0, "recall": 0.7142857142857143, "f1-score": 0.8333333333333333, "support": 21}, "siren": {"precision": 0.8421052631578947, "recall": 1.0, "f1-score": 0.9142857142857143, "support": 16}, "accuracy": 0.819047619047619, "macro avg": {"precision": 0.8470342522974101, "recall": 0.8319754957685992, "f1-score": 0.8299255952380952, "support": 105}, "weighted avg": {"precision": 0.8399761308031984, "recall": 0.819047619047619, "f1-score": 0.8214506802721089, "support": 105}, "classificador": "SVC", "mediaTempoClassificacaoCadaAudio": 0.011466285160609654, "desvioTempoClassificacaoCadaAudio": 0.00537204935224632}