{"casual": {"precision": 0.6764705882352942, "recall": 0.7931034482758621, "f1-score": 0.7301587301587301, "support": 29}, "explosion": {"precision": 0.8918918918918919, "recall": 0.8461538461538461, "f1-score": 0.868421052631579, "support": 39}, "gunshot": {"precision": 0.9333333333333333, "recall": 0.6666666666666666, "f1-score": 0.7777777777777778, "support": 21}, "siren": {"precision": 0.8421052631578947, "recall": 1.0, "f1-score": 0.9142857142857143, "support": 16}, "accuracy": 0.819047619047619, "macro avg": {"precision": 0.8359502691546035, "recall": 0.8264809902740937, "f1-score": 0.8226608187134502, "support": 105}, "weighted avg": {"precision": 0.8330963338393678, "recall": 0.819047619047619, "f1-score": 0.8190945618013287, "support": 105}, "classificador": "SVC", "mediaTempoClassificacaoCadaAudio": 0.010735348292759487, "desvioTempoClassificacaoCadaAudio": 0.004805750625278022}