{"casual": {"precision": 0.71875, "recall": 0.7931034482758621, "f1-score": 0.7540983606557378, "support": 29}, "explosion": {"precision": 0.8974358974358975, "recall": 0.8974358974358975, "f1-score": 0.8974358974358975, "support": 39}, "gunshot": {"precision": 1.0, "recall": 0.7142857142857143, "f1-score": 0.8333333333333333, "support": 21}, "siren": {"precision": 0.8421052631578947, "recall": 1.0, "f1-score": 0.9142857142857143, "support": 16}, "accuracy": 0.8476190476190476, "macro avg": {"precision": 0.864572790148448, "recall": 0.8512062649993685, "f1-score": 0.8497883264276707, "support": 105}, "weighted avg": {"precision": 0.8601660401002507, "recall": 0.8476190476190476, "f1-score": 0.8475945132151221, "support": 105}, "classificador": "SVC", "mediaTempoClassificacaoCadaAudio": 0.01051501092456636, "desvioTempoClassificacaoCadaAudio": 0.0050276915032005185}