{"casual": {"precision": 0.5833333333333334, "recall": 0.7241379310344828, "f1-score": 0.6461538461538462, "support": 29}, "explosion": {"precision": 0.8529411764705882, "recall": 0.7435897435897436, "f1-score": 0.7945205479452054, "support": 39}, "gunshot": {"precision": 0.8823529411764706, "recall": 0.7142857142857143, "f1-score": 0.7894736842105262, "support": 21}, "siren": {"precision": 0.7777777777777778, "recall": 0.875, "f1-score": 0.823529411764706, "support": 16}, "accuracy": 0.7523809523809524, "macro avg": {"precision": 0.7741013071895424, "recall": 0.7642533472274852, "f1-score": 0.763419372518571, "support": 105}, "weighted avg": {"precision": 0.7729069405539994, "recall": 0.7523809523809524, "f1-score": 0.7569541034760086, "support": 105}, "classificador": "SGDClassifier"}