{"casual": {"precision": 0.5405405405405406, "recall": 0.6896551724137931, "f1-score": 0.6060606060606061, "support": 29}, "explosion": {"precision": 0.8235294117647058, "recall": 0.717948717948718, "f1-score": 0.767123287671233, "support": 39}, "gunshot": {"precision": 0.8235294117647058, "recall": 0.6666666666666666, "f1-score": 0.7368421052631577, "support": 21}, "siren": {"precision": 0.8823529411764706, "recall": 0.9375, "f1-score": 0.9090909090909091, "support": 16}, "accuracy": 0.7333333333333333, "macro avg": {"precision": 0.7674880763116058, "recall": 0.7529426392572944, "f1-score": 0.7547792270214765, "support": 105}, "weighted avg": {"precision": 0.754334166098872, "recall": 0.7333333333333333, "f1-score": 0.7382162338182526, "support": 105}, "classificador": "LinearDiscriminantAnalysis"}