{"casual": {"precision": 0.5306122448979592, "recall": 0.896551724137931, "f1-score": 0.6666666666666666, "support": 29}, "explosion": {"precision": 0.96, "recall": 0.6153846153846154, "f1-score": 0.7500000000000001, "support": 39}, "gunshot": {"precision": 1.0, "recall": 0.6666666666666666, "f1-score": 0.8, "support": 21}, "siren": {"precision": 0.8823529411764706, "recall": 0.9375, "f1-score": 0.9090909090909091, "support": 16}, "accuracy": 0.7523809523809524, "macro avg": {"precision": 0.8432412965186075, "recall": 0.7790257515473032, "f1-score": 0.781439393939394, "support": 105}, "weighted avg": {"precision": 0.8375752586748986, "recall": 0.7523809523809524, "f1-score": 0.7612265512265513, "support": 105}, "classificador": "Perceptron"}