{"casual": {"precision": 0.4897959183673469, "recall": 0.8275862068965517, "f1-score": 0.6153846153846154, "support": 29}, "explosion": {"precision": 0.92, "recall": 0.5897435897435898, "f1-score": 0.71875, "support": 39}, "gunshot": {"precision": 0.8181818181818182, "recall": 0.42857142857142855, "f1-score": 0.5625, "support": 21}, "siren": {"precision": 0.75, "recall": 0.9375, "f1-score": 0.8333333333333334, "support": 16}, "accuracy": 0.6761904761904762, "macro avg": {"precision": 0.7444944341372913, "recall": 0.6958503063028925, "f1-score": 0.6824919871794872, "support": 105}, "weighted avg": {"precision": 0.7549133315663928, "recall": 0.6761904761904762, "f1-score": 0.6764117826617827, "support": 105}, "classificador": "Perceptron"}