{"casual": {"precision": 0.35714285714285715, "recall": 0.6896551724137931, "f1-score": 0.47058823529411764, "support": 29}, "explosion": {"precision": 0.8333333333333334, "recall": 0.6410256410256411, "f1-score": 0.7246376811594204, "support": 39}, "gunshot": {"precision": 0.5, "recall": 0.047619047619047616, "f1-score": 0.08695652173913042, "support": 21}, "siren": {"precision": 0.7647058823529411, "recall": 0.8125, "f1-score": 0.787878787878788, "support": 16}, "accuracy": 0.5619047619047619, "macro avg": {"precision": 0.613795518207283, "recall": 0.5476999652646204, "f1-score": 0.5175153065178641, "support": 105}, "weighted avg": {"precision": 0.6246898759503802, "recall": 0.5619047619047619, "f1-score": 0.5365721519174205, "support": 105}, "classificador": "SVC"}