{"casual": {"precision": 0.5116279069767442, "recall": 0.7586206896551724, "f1-score": 0.6111111111111112, "support": 29}, "explosion": {"precision": 0.8095238095238095, "recall": 0.4358974358974359, "f1-score": 0.5666666666666667, "support": 39}, "gunshot": {"precision": 0.3783783783783784, "recall": 0.6666666666666666, "f1-score": 0.48275862068965514, "support": 21}, "siren": {"precision": 1.0, "recall": 0.25, "f1-score": 0.4, "support": 16}, "accuracy": 0.5428571428571428, "macro avg": {"precision": 0.674882523719733, "recall": 0.5277961980548187, "f1-score": 0.5151340996168582, "support": 105}, "weighted avg": {"precision": 0.6700436554257153, "recall": 0.5428571428571428, "f1-score": 0.5367633643495713, "support": 105}, "classificador": "KNeighborsClassifier"}