{"casual": {"precision": 0.40384615384615385, "recall": 0.7241379310344828, "f1-score": 0.5185185185185185, "support": 29}, "explosion": {"precision": 0.8387096774193549, "recall": 0.6666666666666666, "f1-score": 0.7428571428571428, "support": 39}, "gunshot": {"precision": 0.75, "recall": 0.14285714285714285, "f1-score": 0.24, "support": 21}, "siren": {"precision": 0.7777777777777778, "recall": 0.875, "f1-score": 0.823529411764706, "support": 16}, "accuracy": 0.6095238095238096, "macro avg": {"precision": 0.6925834022608216, "recall": 0.6021654351395731, "f1-score": 0.5812262682850918, "support": 105}, "weighted avg": {"precision": 0.691577717384169, "recall": 0.6095238095238096, "f1-score": 0.59261843996858, "support": 105}, "classificador": "SVC"}