{"casual": {"precision": 0.3333333333333333, "recall": 0.5517241379310345, "f1-score": 0.4155844155844156, "support": 29}, "explosion": {"precision": 0.7837837837837838, "recall": 0.7435897435897436, "f1-score": 0.7631578947368421, "support": 39}, "gunshot": {"precision": 0.0, "recall": 0.0, "f1-score": 0.0, "support": 21}, "siren": {"precision": 0.6842105263157895, "recall": 0.8125, "f1-score": 0.742857142857143, "support": 16}, "accuracy": 0.5523809523809524, "macro avg": {"precision": 0.45033191085822666, "recall": 0.5269534703801946, "f1-score": 0.48039986329460016, "support": 105}, "weighted avg": {"precision": 0.4874438348122559, "recall": 0.5523809523809524, "f1-score": 0.5114363831657065, "support": 105}, "classificador": "LinearDiscriminantAnalysis"}