{"casual": {"precision": 0.3728813559322034, "recall": 0.7586206896551724, "f1-score": 0.4999999999999999, "support": 29}, "explosion": {"precision": 0.7307692307692307, "recall": 0.48717948717948717, "f1-score": 0.5846153846153846, "support": 39}, "gunshot": {"precision": 0.7142857142857143, "recall": 0.23809523809523808, "f1-score": 0.35714285714285715, "support": 21}, "siren": {"precision": 0.6923076923076923, "recall": 0.5625, "f1-score": 0.6206896551724138, "support": 16}, "accuracy": 0.5238095238095238, "macro avg": {"precision": 0.6275609983237103, "recall": 0.5115988537324745, "f1-score": 0.5156119742326639, "support": 105}, "weighted avg": {"precision": 0.6227664990376854, "recall": 0.5238095238095238, "f1-score": 0.5212479474548439, "support": 105}, "classificador": "LinearDiscriminantAnalysis"}