{"casual": {"precision": 0.48484848484848486, "recall": 0.5517241379310345, "f1-score": 0.5161290322580646, "support": 29}, "explosion": {"precision": 0.6, "recall": 0.8461538461538461, "f1-score": 0.7021276595744681, "support": 39}, "gunshot": {"precision": 0.0, "recall": 0.0, "f1-score": 0.0, "support": 21}, "siren": {"precision": 0.8235294117647058, "recall": 0.875, "f1-score": 0.8484848484848485, "support": 16}, "accuracy": 0.6, "macro avg": {"precision": 0.4770944741532977, "recall": 0.5682194960212201, "f1-score": 0.5166853850793454, "support": 105}, "weighted avg": {"precision": 0.48225787284610816, "recall": 0.6, "f1-score": 0.5326331260442448, "support": 105}, "classificador": "SGDClassifier"}