{"casual": {"precision": 0.4772727272727273, "recall": 0.7241379310344828, "f1-score": 0.5753424657534246, "support": 29}, "explosion": {"precision": 0.6842105263157895, "recall": 0.3333333333333333, "f1-score": 0.44827586206896547, "support": 39}, "gunshot": {"precision": 0.3888888888888889, "recall": 0.6666666666666666, "f1-score": 0.49122807017543857, "support": 21}, "siren": {"precision": 0.8333333333333334, "recall": 0.3125, "f1-score": 0.45454545454545453, "support": 16}, "accuracy": 0.5047619047619047, "macro avg": {"precision": 0.5959263689526848, "recall": 0.5091594827586207, "f1-score": 0.4923479631358208, "support": 105}, "weighted avg": {"precision": 0.5907154249259512, "recall": 0.5047619047619047, "f1-score": 0.49291625594238525, "support": 105}, "classificador": "KNeighborsClassifier"}