{"casual": {"precision": 0.4166666666666667, "recall": 0.6896551724137931, "f1-score": 0.5194805194805195, "support": 29}, "explosion": {"precision": 0.7, "recall": 0.717948717948718, "f1-score": 0.708860759493671, "support": 39}, "gunshot": {"precision": 0.0, "recall": 0.0, "f1-score": 0.0, "support": 21}, "siren": {"precision": 0.8235294117647058, "recall": 0.875, "f1-score": 0.8484848484848485, "support": 16}, "accuracy": 0.5904761904761905, "macro avg": {"precision": 0.48504901960784313, "recall": 0.5706509725906278, "f1-score": 0.5192065318647597, "support": 105}, "weighted avg": {"precision": 0.5005695611577965, "recall": 0.5904761904761905, "f1-score": 0.5360596405804363, "support": 105}, "classificador": "SGDClassifier"}