{"casual": {"precision": 0.4864864864864865, "recall": 0.6206896551724138, "f1-score": 0.5454545454545455, "support": 29}, "explosion": {"precision": 0.7777777777777778, "recall": 0.5384615384615384, "f1-score": 0.6363636363636364, "support": 39}, "gunshot": {"precision": 1.0, "recall": 0.19047619047619047, "f1-score": 0.32, "support": 21}, "siren": {"precision": 0.43243243243243246, "recall": 1.0, "f1-score": 0.6037735849056604, "support": 16}, "accuracy": 0.5619047619047619, "macro avg": {"precision": 0.6741741741741742, "recall": 0.5874068460275357, "f1-score": 0.5263979416809605, "support": 105}, "weighted avg": {"precision": 0.6891462891462892, "recall": 0.5619047619047619, "f1-score": 0.5430165809033733, "support": 105}, "classificador": "Perceptron"}