{"casual": {"precision": 0.6764705882352942, "recall": 0.7931034482758621, "f1-score": 0.7301587301587301, "support": 29}, "explosion": {"precision": 0.9117647058823529, "recall": 0.7948717948717948, "f1-score": 0.8493150684931507, "support": 39}, "gunshot": {"precision": 0.64, "recall": 0.7619047619047619, "f1-score": 0.6956521739130435, "support": 21}, "siren": {"precision": 0.9166666666666666, "recall": 0.6875, "f1-score": 0.7857142857142857, "support": 16}, "accuracy": 0.7714285714285715, "macro avg": {"precision": 0.7862254901960785, "recall": 0.7593450012631047, "f1-score": 0.7652100645698025, "support": 105}, "weighted avg": {"precision": 0.793172735760971, "recall": 0.7714285714285715, "f1-score": 0.7759810958994146, "support": 105}, "classificador": "KNeighborsClassifier"}