{"casual": {"precision": 0.37037037037037035, "recall": 0.6896551724137931, "f1-score": 0.48192771084337355, "support": 29}, "explosion": {"precision": 0.8055555555555556, "recall": 0.7435897435897436, "f1-score": 0.7733333333333334, "support": 39}, "gunshot": {"precision": 0.0, "recall": 0.0, "f1-score": 0.0, "support": 21}, "siren": {"precision": 0.8666666666666667, "recall": 0.8125, "f1-score": 0.8387096774193549, "support": 16}, "accuracy": 0.5904761904761905, "macro avg": {"precision": 0.5106481481481482, "recall": 0.5614362290008842, "f1-score": 0.5234926803990154, "support": 105}, "weighted avg": {"precision": 0.5335626102292769, "recall": 0.5904761904761905, "f1-score": 0.5481453186015954, "support": 105}, "classificador": "LinearDiscriminantAnalysis", "mediaTempoClassificacaoCadaAudio": 0.003747581300281343, "desvioTempoClassificacaoCadaAudio": 0.0008123896916489023}