{"casual": {"precision": 0.4, "recall": 0.5517241379310345, "f1-score": 0.463768115942029, "support": 29}, "explosion": {"precision": 0.7777777777777778, "recall": 0.717948717948718, "f1-score": 0.7466666666666666, "support": 39}, "gunshot": {"precision": 0.5, "recall": 0.2857142857142857, "f1-score": 0.36363636363636365, "support": 21}, "siren": {"precision": 0.5294117647058824, "recall": 0.5625, "f1-score": 0.5454545454545455, "support": 16}, "accuracy": 0.5619047619047619, "macro avg": {"precision": 0.5517973856209151, "recall": 0.5294717853985095, "f1-score": 0.5298814229249011, "support": 105}, "weighted avg": {"precision": 0.5800373482726424, "recall": 0.5619047619047619, "f1-score": 0.5612658259614781, "support": 105}, "classificador": "DecisionTreeClassifier", "mediaTempoClassificacaoCadaAudio": 0.0040667057037353516, "desvioTempoClassificacaoCadaAudio": 0.0011673345910104057}