{"casual": {"precision": 0.4318181818181818, "recall": 0.6551724137931034, "f1-score": 0.5205479452054794, "support": 29}, "explosion": {"precision": 0.8285714285714286, "recall": 0.7435897435897436, "f1-score": 0.7837837837837838, "support": 39}, "gunshot": {"precision": 1.0, "recall": 0.23809523809523808, "f1-score": 0.3846153846153846, "support": 21}, "siren": {"precision": 0.7142857142857143, "recall": 0.9375, "f1-score": 0.8108108108108109, "support": 16}, "accuracy": 0.6476190476190476, "macro avg": {"precision": 0.7436688311688312, "recall": 0.6435893488695212, "f1-score": 0.6249394811038647, "support": 105}, "weighted avg": {"precision": 0.7358627087198517, "recall": 0.6476190476190476, "f1-score": 0.6353652764611668, "support": 105}, "classificador": "SVC", "mediaTempoClassificacaoCadaAudio": 0.013204002380371093, "desvioTempoClassificacaoCadaAudio": 0.009170829303489373}