{"casual": {"precision": 0.3953488372093023, "recall": 0.5862068965517241, "f1-score": 0.4722222222222222, "support": 29}, "explosion": {"precision": 0.8, "recall": 0.8205128205128205, "f1-score": 0.810126582278481, "support": 39}, "gunshot": {"precision": 0.75, "recall": 0.14285714285714285, "f1-score": 0.24, "support": 21}, "siren": {"precision": 0.7777777777777778, "recall": 0.875, "f1-score": 0.823529411764706, "support": 16}, "accuracy": 0.6285714285714286, "macro avg": {"precision": 0.68078165374677, "recall": 0.6061442149804218, "f1-score": 0.5864695540663523, "support": 105}, "weighted avg": {"precision": 0.674852959271564, "recall": 0.6285714285714286, "f1-score": 0.604817635633719, "support": 105}, "classificador": "LinearDiscriminantAnalysis", "mediaTempoClassificacaoCadaAudio": 0.003793416704450335, "desvioTempoClassificacaoCadaAudio": 0.0013353132453851543}