{"casual": {"precision": 0.5862068965517241, "recall": 0.5862068965517241, "f1-score": 0.5862068965517241, "support": 29}, "explosion": {"precision": 0.5666666666666667, "recall": 0.8717948717948718, "f1-score": 0.6868686868686869, "support": 39}, "gunshot": {"precision": 0.0, "recall": 0.0, "f1-score": 0.0, "support": 21}, "siren": {"precision": 0.8125, "recall": 0.8125, "f1-score": 0.8125, "support": 16}, "accuracy": 0.6095238095238096, "macro avg": {"precision": 0.49134339080459766, "recall": 0.567625442086649, "f1-score": 0.5213938958551028, "support": 105}, "weighted avg": {"precision": 0.4961904761904761, "recall": 0.6095238095238096, "f1-score": 0.5408369408369409, "support": 105}, "classificador": "SGDClassifier", "mediaTempoClassificacaoCadaAudio": 0.0050936199369884675, "desvioTempoClassificacaoCadaAudio": 0.004406888136808306}