{"casual": {"precision": 0.34615384615384615, "recall": 0.9310344827586207, "f1-score": 0.5046728971962617, "support": 29}, "explosion": {"precision": 0.9333333333333333, "recall": 0.358974358974359, "f1-score": 0.5185185185185185, "support": 39}, "gunshot": {"precision": 0.0, "recall": 0.0, "f1-score": 0.0, "support": 21}, "siren": {"precision": 0.8333333333333334, "recall": 0.625, "f1-score": 0.7142857142857143, "support": 16}, "accuracy": 0.4857142857142857, "macro avg": {"precision": 0.5282051282051282, "recall": 0.4787522104332449, "f1-score": 0.43436928250012363, "support": 105}, "weighted avg": {"precision": 0.5692551892551893, "recall": 0.4857142857142857, "f1-score": 0.44082197780462135, "support": 105}, "classificador": "QuadraticDiscriminantAnalysis", "mediaTempoClassificacaoCadaAudio": 0.006378954932803199, "desvioTempoClassificacaoCadaAudio": 0.0041237662513954705}