{"casual": {"precision": 0.6086956521739131, "recall": 0.4827586206896552, "f1-score": 0.5384615384615384, "support": 29}, "explosion": {"precision": 0.7727272727272727, "recall": 0.8717948717948718, "f1-score": 0.8192771084337349, "support": 39}, "gunshot": {"precision": 0.8, "recall": 0.7619047619047619, "f1-score": 0.7804878048780488, "support": 21}, "siren": {"precision": 0.8333333333333334, "recall": 0.9375, "f1-score": 0.8823529411764706, "support": 16}, "accuracy": 0.7523809523809524, "macro avg": {"precision": 0.7536890645586298, "recall": 0.7634895635973222, "f1-score": 0.7551448482374482, "support": 105}, "weighted avg": {"precision": 0.7421130560260996, "recall": 0.7523809523809524, "f1-score": 0.7435722171958364, "support": 105}, "classificador": "Perceptron", "mediaTempoClassificacaoCadaAudio": 0.006432020096551804, "desvioTempoClassificacaoCadaAudio": 0.004182868766393999}