{"casual": {"precision": 0.5483870967741935, "recall": 0.5862068965517241, "f1-score": 0.5666666666666665, "support": 29}, "explosion": {"precision": 0.696969696969697, "recall": 0.5897435897435898, "f1-score": 0.638888888888889, "support": 39}, "gunshot": {"precision": 0.5769230769230769, "recall": 0.7142857142857143, "f1-score": 0.6382978723404256, "support": 21}, "siren": {"precision": 0.7333333333333333, "recall": 0.6875, "f1-score": 0.7096774193548386, "support": 16}, "accuracy": 0.6285714285714286, "macro avg": {"precision": 0.6389033010000752, "recall": 0.644434050145257, "f1-score": 0.6383827118127049, "support": 105}, "weighted avg": {"precision": 0.6374643993998832, "recall": 0.6285714285714286, "f1-score": 0.6296104193221557, "support": 105}, "classificador": "DecisionTreeClassifier", "mediaTempoClassificacaoCadaAudio": 0.004078490393502372, "desvioTempoClassificacaoCadaAudio": 0.001982406215152439}