{"casual": {"precision": 0.42857142857142855, "recall": 0.5172413793103449, "f1-score": 0.46875000000000006, "support": 29}, "explosion": {"precision": 0.6153846153846154, "recall": 0.8205128205128205, "f1-score": 0.7032967032967034, "support": 39}, "gunshot": {"precision": 1.0, "recall": 0.047619047619047616, "f1-score": 0.0909090909090909, "support": 21}, "siren": {"precision": 0.8823529411764706, "recall": 0.9375, "f1-score": 0.9090909090909091, "support": 16}, "accuracy": 0.6, "macro avg": {"precision": 0.7315772462831286, "recall": 0.5807183118605532, "f1-score": 0.5430116758241759, "support": 105}, "weighted avg": {"precision": 0.6813925570228091, "recall": 0.6, "f1-score": 0.5473987322201608, "support": 105}, "classificador": "SGDClassifier", "mediaTempoClassificacaoCadaAudio": 0.006600761413574218, "desvioTempoClassificacaoCadaAudio": 0.003251718577578284}