{"casual": {"precision": 0.4166666666666667, "recall": 0.5172413793103449, "f1-score": 0.46153846153846156, "support": 29}, "explosion": {"precision": 0.6842105263157895, "recall": 0.6666666666666666, "f1-score": 0.6753246753246753, "support": 39}, "gunshot": {"precision": 0.7, "recall": 0.3333333333333333, "f1-score": 0.45161290322580644, "support": 21}, "siren": {"precision": 0.7142857142857143, "recall": 0.9375, "f1-score": 0.8108108108108109, "support": 16}, "accuracy": 0.6, "macro avg": {"precision": 0.6287907268170426, "recall": 0.6136853448275862, "f1-score": 0.5998217127249386, "support": 105}, "weighted avg": {"precision": 0.6180582408401958, "recall": 0.6, "f1-score": 0.5921821110761203, "support": 105}, "classificador": "Perceptron", "mediaTempoClassificacaoCadaAudio": 0.005313827877952939, "desvioTempoClassificacaoCadaAudio": 0.003164217504352538}