{"casual": {"precision": 0.5641025641025641, "recall": 0.7586206896551724, "f1-score": 0.6470588235294118, "support": 29}, "explosion": {"precision": 0.9523809523809523, "recall": 0.5128205128205128, "f1-score": 0.6666666666666666, "support": 39}, "gunshot": {"precision": 0.42424242424242425, "recall": 0.6666666666666666, "f1-score": 0.5185185185185185, "support": 21}, "siren": {"precision": 0.9166666666666666, "recall": 0.6875, "f1-score": 0.7857142857142857, "support": 16}, "accuracy": 0.638095238095238, "macro avg": {"precision": 0.7143481518481518, "recall": 0.656401967285588, "f1-score": 0.6544895736072206, "support": 105}, "weighted avg": {"precision": 0.7340722769294198, "recall": 0.638095238095238, "f1-score": 0.6497621270730514, "support": 105}, "classificador": "KNeighborsClassifier", "mediaTempoClassificacaoCadaAudio": 0.04295361836751302, "desvioTempoClassificacaoCadaAudio": 0.03122573695008417}