{"casual": {"precision": 0.5, "recall": 0.6551724137931034, "f1-score": 0.5671641791044776, "support": 29}, "explosion": {"precision": 0.8181818181818182, "recall": 0.6923076923076923, "f1-score": 0.7500000000000001, "support": 39}, "gunshot": {"precision": 0.8, "recall": 0.5714285714285714, "f1-score": 0.6666666666666666, "support": 21}, "siren": {"precision": 0.7894736842105263, "recall": 0.9375, "f1-score": 0.8571428571428572, "support": 16}, "accuracy": 0.6952380952380952, "macro avg": {"precision": 0.7269138755980862, "recall": 0.7141021693823417, "f1-score": 0.7102434257285004, "support": 105}, "weighted avg": {"precision": 0.7222920938710412, "recall": 0.6952380952380952, "f1-score": 0.6991623515077674, "support": 105}, "classificador": "SVC", "mediaTempoClassificacaoCadaAudio": 0.013362539382207961, "desvioTempoClassificacaoCadaAudio": 0.010222797348896022}