{"casual": {"precision": 0.39215686274509803, "recall": 0.6896551724137931, "f1-score": 0.5, "support": 29}, "explosion": {"precision": 0.8275862068965517, "recall": 0.6153846153846154, "f1-score": 0.7058823529411765, "support": 39}, "gunshot": {"precision": 0.6, "recall": 0.14285714285714285, "f1-score": 0.23076923076923073, "support": 21}, "siren": {"precision": 0.7, "recall": 0.875, "f1-score": 0.7777777777777777, "support": 16}, "accuracy": 0.580952380952381, "macro avg": {"precision": 0.6299357674104125, "recall": 0.5807242326638878, "f1-score": 0.5536073403720463, "support": 105}, "weighted avg": {"precision": 0.6423658198911749, "recall": 0.580952380952381, "f1-score": 0.5649524767171826, "support": 105}, "classificador": "SVC", "mediaTempoClassificacaoCadaAudio": 0.013272162846156529, "desvioTempoClassificacaoCadaAudio": 0.010202739214982564}