{"casual": {"precision": 0.4634146341463415, "recall": 0.6551724137931034, "f1-score": 0.5428571428571429, "support": 29}, "explosion": {"precision": 0.8108108108108109, "recall": 0.7692307692307693, "f1-score": 0.7894736842105263, "support": 39}, "gunshot": {"precision": 0.75, "recall": 0.42857142857142855, "f1-score": 0.5454545454545454, "support": 21}, "siren": {"precision": 0.7333333333333333, "recall": 0.6875, "f1-score": 0.7096774193548386, "support": 16}, "accuracy": 0.6571428571428571, "macro avg": {"precision": 0.6893896945726214, "recall": 0.6351186528988253, "f1-score": 0.6468656979692633, "support": 105}, "weighted avg": {"precision": 0.6908950413828463, "recall": 0.6571428571428571, "f1-score": 0.6603972856313385, "support": 105}, "classificador": "DecisionTreeClassifier", "mediaTempoClassificacaoCadaAudio": 0.004636694136120024, "desvioTempoClassificacaoCadaAudio": 0.0031109067777579207}