{"casual": {"precision": 0.5, "recall": 0.5517241379310345, "f1-score": 0.5245901639344263, "support": 29}, "explosion": {"precision": 0.5357142857142857, "recall": 0.7692307692307693, "f1-score": 0.6315789473684211, "support": 39}, "gunshot": {"precision": 0.0, "recall": 0.0, "f1-score": 0.0, "support": 21}, "siren": {"precision": 0.8125, "recall": 0.8125, "f1-score": 0.8125, "support": 16}, "accuracy": 0.5619047619047619, "macro avg": {"precision": 0.4620535714285714, "recall": 0.533363726790451, "f1-score": 0.49216727782571185, "support": 105}, "weighted avg": {"precision": 0.46088435374149656, "recall": 0.5619047619047619, "f1-score": 0.5032827971568266, "support": 105}, "classificador": "SGDClassifier", "mediaTempoClassificacaoCadaAudio": 0.005692550114222935, "desvioTempoClassificacaoCadaAudio": 0.0033790575502845614}