{"casual": {"precision": 0.59375, "recall": 0.6551724137931034, "f1-score": 0.6229508196721311, "support": 29}, "explosion": {"precision": 0.8947368421052632, "recall": 0.8717948717948718, "f1-score": 0.8831168831168831, "support": 39}, "gunshot": {"precision": 0.5, "recall": 0.6190476190476191, "f1-score": 0.5531914893617021, "support": 21}, "siren": {"precision": 0.7777777777777778, "recall": 0.4375, "f1-score": 0.56, "support": 16}, "accuracy": 0.6952380952380952, "macro avg": {"precision": 0.6915661549707602, "recall": 0.6458787261588985, "f1-score": 0.6548147980376791, "support": 105}, "weighted avg": {"precision": 0.7148374408242829, "recall": 0.6952380952380952, "f1-score": 0.6960395570347238, "support": 105}, "classificador": "KNeighborsClassifier"}