{"casual": {"precision": 0.5555555555555556, "recall": 0.5172413793103449, "f1-score": 0.5357142857142857, "support": 29}, "explosion": {"precision": 0.8125, "recall": 0.6666666666666666, "f1-score": 0.7323943661971831, "support": 39}, "gunshot": {"precision": 0.4, "recall": 0.6666666666666666, "f1-score": 0.5, "support": 21}, "siren": {"precision": 0.7272727272727273, "recall": 0.5, "f1-score": 0.5925925925925926, "support": 16}, "accuracy": 0.6, "macro avg": {"precision": 0.6238320707070708, "recall": 0.5876436781609196, "f1-score": 0.5901753111260153, "support": 105}, "weighted avg": {"precision": 0.6460473785473785, "recall": 0.6, "f1-score": 0.61029120046558, "support": 105}, "classificador": "LinearDiscriminantAnalysis"}