{"casual": {"precision": 0.5, "recall": 0.4482758620689655, "f1-score": 0.4727272727272727, "support": 29}, "explosion": {"precision": 0.7941176470588235, "recall": 0.6923076923076923, "f1-score": 0.7397260273972601, "support": 39}, "gunshot": {"precision": 0.42424242424242425, "recall": 0.6666666666666666, "f1-score": 0.5185185185185185, "support": 21}, "siren": {"precision": 0.5833333333333334, "recall": 0.4375, "f1-score": 0.5, "support": 16}, "accuracy": 0.580952380952381, "macro avg": {"precision": 0.5754233511586453, "recall": 0.5611875552608311, "f1-score": 0.5577429546607628, "support": 105}, "weighted avg": {"precision": 0.6067905950258892, "recall": 0.580952380952381, "f1-score": 0.585212332061647, "support": 105}, "classificador": "LinearDiscriminantAnalysis"}