{"casual": {"precision": 0.525, "recall": 0.7241379310344828, "f1-score": 0.6086956521739131, "support": 29}, "explosion": {"precision": 0.9285714285714286, "recall": 0.6666666666666666, "f1-score": 0.7761194029850746, "support": 39}, "gunshot": {"precision": 0.3333333333333333, "recall": 0.047619047619047616, "f1-score": 0.08333333333333333, "support": 21}, "siren": {"precision": 0.47058823529411764, "recall": 1.0, "f1-score": 0.6399999999999999, "support": 16}, "accuracy": 0.6095238095238096, "macro avg": {"precision": 0.5643732492997199, "recall": 0.6096059113300493, "f1-score": 0.5270370971230802, "support": 105}, "weighted avg": {"precision": 0.6282733093237295, "recall": 0.6095238095238096, "f1-score": 0.5705793393282037, "support": 105}, "classificador": "SVC"}