{"casual": {"precision": 0.5555555555555556, "recall": 0.5172413793103449, "f1-score": 0.5357142857142857, "support": 29}, "explosion": {"precision": 0.8484848484848485, "recall": 0.717948717948718, "f1-score": 0.7777777777777778, "support": 39}, "gunshot": {"precision": 0.38461538461538464, "recall": 0.23809523809523808, "f1-score": 0.2941176470588235, "support": 21}, "siren": {"precision": 0.46875, "recall": 0.9375, "f1-score": 0.625, "support": 16}, "accuracy": 0.6, "macro avg": {"precision": 0.5643514471639471, "recall": 0.6026963338385752, "f1-score": 0.5581524276377218, "support": 105}, "weighted avg": {"precision": 0.616942316942317, "recall": 0.6, "f1-score": 0.5909096972122182, "support": 105}, "classificador": "SGDClassifier"}