{"casual": {"precision": 0.5925925925925926, "recall": 0.5517241379310345, "f1-score": 0.5714285714285714, "support": 29}, "explosion": {"precision": 0.8285714285714286, "recall": 0.7435897435897436, "f1-score": 0.7837837837837838, "support": 39}, "gunshot": {"precision": 0.6666666666666666, "recall": 0.7619047619047619, "f1-score": 0.7111111111111111, "support": 21}, "siren": {"precision": 0.7894736842105263, "recall": 0.9375, "f1-score": 0.8571428571428572, "support": 16}, "accuracy": 0.7238095238095238, "macro avg": {"precision": 0.7193260930103036, "recall": 0.748679660856385, "f1-score": 0.7308665808665809, "support": 105}, "weighted avg": {"precision": 0.7250576175889459, "recall": 0.7238095238095238, "f1-score": 0.7217772874915733, "support": 105}, "classificador": "SGDClassifier"}