{"casual": {"precision": 0.575, "recall": 0.7931034482758621, "f1-score": 0.6666666666666666, "support": 29}, "explosion": {"precision": 0.8387096774193549, "recall": 0.6666666666666666, "f1-score": 0.7428571428571428, "support": 39}, "gunshot": {"precision": 0.875, "recall": 0.6666666666666666, "f1-score": 0.7567567567567567, "support": 21}, "siren": {"precision": 0.8888888888888888, "recall": 1.0, "f1-score": 0.9411764705882353, "support": 16}, "accuracy": 0.7523809523809524, "macro avg": {"precision": 0.7943996415770609, "recall": 0.7816091954022988, "f1-score": 0.7768642592172004, "support": 105}, "weighted avg": {"precision": 0.7807799965864481, "recall": 0.7523809523809524, "f1-score": 0.7548140697720529, "support": 105}, "classificador": "SGDClassifier"}