{"casual": {"precision": 0.5306122448979592, "recall": 0.896551724137931, "f1-score": 0.6666666666666666, "support": 29}, "explosion": {"precision": 0.92, "recall": 0.5897435897435898, "f1-score": 0.71875, "support": 39}, "gunshot": {"precision": 0.8571428571428571, "recall": 0.5714285714285714, "f1-score": 0.6857142857142857, "support": 21}, "siren": {"precision": 0.8823529411764706, "recall": 0.9375, "f1-score": 0.9090909090909091, "support": 16}, "accuracy": 0.7238095238095238, "macro avg": {"precision": 0.7975270108043218, "recall": 0.748805971327523, "f1-score": 0.7450554653679653, "support": 105}, "weighted avg": {"precision": 0.7941466872463271, "recall": 0.7238095238095238, "f1-score": 0.7267622655122654, "support": 105}, "classificador": "Perceptron"}