{"casual": {"precision": 0.6842105263157895, "recall": 0.896551724137931, "f1-score": 0.7761194029850746, "support": 29}, "explosion": {"precision": 0.9714285714285714, "recall": 0.8717948717948718, "f1-score": 0.9189189189189189, "support": 39}, "gunshot": {"precision": 0.9333333333333333, "recall": 0.6666666666666666, "f1-score": 0.7777777777777778, "support": 21}, "siren": {"precision": 0.8823529411764706, "recall": 0.9375, "f1-score": 0.9090909090909091, "support": 16}, "accuracy": 0.8476190476190476, "macro avg": {"precision": 0.8678313430635413, "recall": 0.8431283156498673, "f1-score": 0.8454767521931701, "support": 105}, "weighted avg": {"precision": 0.8709092057875782, "recall": 0.8476190476190476, "f1-score": 0.8497532228875513, "support": 105}, "classificador": "SVC"}