{"classificador": "BaggingClassifier", "accuracy": 0.780952380952381, "explosion": {"recall": 0.8461538461538461, "f1-score": 0.8918918918918919, "precision": 0.9428571428571428, "support": 39}, "siren": {"recall": 0.875, "f1-score": 0.823529411764706, "precision": 0.7777777777777778, "support": 16}, "weighted avg": {"recall": 0.780952380952381, "f1-score": 0.7847755318343553, "precision": 0.8162195476481191, "support": 105}, "gunshot": {"recall": 0.5714285714285714, "f1-score": 0.7058823529411765, "precision": 0.9230769230769231, "support": 21}, "macro avg": {"recall": 0.77142146646457, "f1-score": 0.7744435612082672, "precision": 0.8083638583638584, "support": 105}, "casual": {"recall": 0.7931034482758621, "f1-score": 0.676470588235294, "precision": 0.5897435897435898, "support": 29}}