{"classificador": "LinearSVC", "accuracy": 0.6666666666666666, "explosion": {"recall": 0.7692307692307693, "f1-score": 0.7792207792207793, "precision": 0.7894736842105263, "support": 39}, "siren": {"recall": 0.9375, "f1-score": 0.8571428571428572, "precision": 0.7894736842105263, "support": 16}, "weighted avg": {"recall": 0.6666666666666666, "f1-score": 0.6595889264796827, "precision": 0.6965619176145493, "support": 105}, "gunshot": {"recall": 0.3333333333333333, "f1-score": 0.4666666666666666, "precision": 0.7777777777777778, "support": 21}, "macro avg": {"recall": 0.6651884394341291, "f1-score": 0.6581105169340464, "precision": 0.7045659019343229, "support": 105}, "casual": {"recall": 0.6206896551724138, "f1-score": 0.5294117647058824, "precision": 0.46153846153846156, "support": 29}}