{"classificador": "LinearSVC", "accuracy": 0.819047619047619, "explosion": {"recall": 0.9230769230769231, "f1-score": 0.9230769230769231, "precision": 0.9230769230769231, "support": 39}, "siren": {"recall": 0.8125, "f1-score": 0.787878787878788, "precision": 0.7647058823529411, "support": 16}, "weighted avg": {"recall": 0.819047619047619, "f1-score": 0.8210831694702663, "precision": 0.8310107376283846, "support": 105}, "gunshot": {"recall": 0.7142857142857143, "f1-score": 0.8108108108108109, "precision": 0.9375, "support": 21}, "macro avg": {"recall": 0.8021208317544525, "f1-score": 0.8078609852803402, "precision": 0.8229873680241327, "support": 105}, "casual": {"recall": 0.7586206896551724, "f1-score": 0.7096774193548386, "precision": 0.6666666666666666, "support": 29}}