{"classificador": "KNeighborsClassifier", "accuracy": 0.8095238095238095, "explosion": {"recall": 0.8205128205128205, "f1-score": 0.8767123287671232, "precision": 0.9411764705882353, "support": 39}, "siren": {"recall": 0.8125, "f1-score": 0.8666666666666666, "precision": 0.9285714285714286, "support": 16}, "weighted avg": {"recall": 0.8095238095238095, "f1-score": 0.8157322629583686, "precision": 0.8401660664265707, "support": 105}, "gunshot": {"recall": 0.7142857142857143, "f1-score": 0.7894736842105262, "precision": 0.8823529411764706, "support": 21}, "macro avg": {"recall": 0.8023418750789441, "f1-score": 0.8143725902009341, "precision": 0.8442752100840336, "support": 105}, "casual": {"recall": 0.8620689655172413, "f1-score": 0.7246376811594203, "precision": 0.625, "support": 29}}