{"classificador": "LinearSVC", "accuracy": 0.8571428571428571, "explosion": {"recall": 0.8717948717948718, "f1-score": 0.9066666666666667, "precision": 0.9444444444444444, "support": 39}, "siren": {"recall": 0.9375, "f1-score": 0.8571428571428572, "precision": 0.7894736842105263, "support": 16}, "weighted avg": {"recall": 0.8571428571428571, "f1-score": 0.8602643195992143, "precision": 0.8696063074352549, "support": 105}, "gunshot": {"recall": 0.8571428571428571, "f1-score": 0.923076923076923, "precision": 1.0, "support": 21}, "macro avg": {"recall": 0.8648852943033978, "f1-score": 0.8602462018855461, "precision": 0.8631670321637428, "support": 105}, "casual": {"recall": 0.7931034482758621, "f1-score": 0.7540983606557378, "precision": 0.71875, "support": 29}}