{"classificador": "Perceptron", "accuracy": 0.7142857142857143, "explosion": {"recall": 0.7692307692307693, "f1-score": 0.7894736842105263, "precision": 0.8108108108108109, "support": 39}, "siren": {"recall": 0.875, "f1-score": 0.7999999999999999, "precision": 0.7368421052631579, "support": 16}, "weighted avg": {"recall": 0.7142857142857143, "f1-score": 0.7162687969924811, "precision": 0.7347995471303742, "support": 105}, "gunshot": {"recall": 0.5714285714285714, "f1-score": 0.6857142857142857, "precision": 0.8571428571428571, "support": 21}, "macro avg": {"recall": 0.7177079386131111, "f1-score": 0.7172344924812029, "precision": 0.7369132290184922, "support": 105}, "casual": {"recall": 0.6551724137931034, "f1-score": 0.5937499999999999, "precision": 0.5428571428571428, "support": 29}}