{"classificador": "Perceptron", "accuracy": 0.7428571428571429, "explosion": {"recall": 0.7435897435897436, "f1-score": 0.8055555555555556, "precision": 0.8787878787878788, "support": 39}, "siren": {"recall": 0.9375, "f1-score": 0.8333333333333334, "precision": 0.75, "support": 16}, "weighted avg": {"recall": 0.7428571428571429, "f1-score": 0.746078431372549, "precision": 0.7811077811077811, "support": 105}, "gunshot": {"recall": 0.5714285714285714, "f1-score": 0.7058823529411765, "precision": 0.9230769230769231, "support": 21}, "macro avg": {"recall": 0.7527847511683718, "f1-score": 0.7479575163398694, "precision": 0.7789918414918415, "support": 105}, "casual": {"recall": 0.7586206896551724, "f1-score": 0.6470588235294118, "precision": 0.5641025641025641, "support": 29}}