{"classificador": "Perceptron", "accuracy": 0.7238095238095238, "explosion": {"recall": 0.7948717948717948, "f1-score": 0.7749999999999999, "precision": 0.7560975609756098, "support": 39}, "siren": {"recall": 0.8125, "f1-score": 0.8125, "precision": 0.8125, "support": 16}, "weighted avg": {"recall": 0.7238095238095238, "f1-score": 0.7198384948384947, "precision": 0.7400954961930571, "support": 105}, "gunshot": {"recall": 0.47619047619047616, "f1-score": 0.6060606060606061, "precision": 0.8333333333333334, "support": 21}, "macro avg": {"recall": 0.7105457401793609, "f1-score": 0.7176209207459208, "precision": 0.7532605013550135, "support": 105}, "casual": {"recall": 0.7586206896551724, "f1-score": 0.676923076923077, "precision": 0.6111111111111112, "support": 29}}