{"classificador": "LinearSVC", "accuracy": 0.8095238095238095, "explosion": {"recall": 0.8205128205128205, "f1-score": 0.8767123287671232, "precision": 0.9411764705882353, "support": 39}, "siren": {"recall": 0.9375, "f1-score": 0.8571428571428572, "precision": 0.7894736842105263, "support": 16}, "weighted avg": {"recall": 0.8095238095238095, "f1-score": 0.814550257738279, "precision": 0.8317213201069902, "support": 105}, "gunshot": {"recall": 0.7619047619047619, "f1-score": 0.8421052631578947, "precision": 0.9411764705882353, "support": 21}, "macro avg": {"recall": 0.8196345680181887, "f1-score": 0.8158651122669688, "precision": 0.8250995134896064, "support": 105}, "casual": {"recall": 0.7586206896551724, "f1-score": 0.6875, "precision": 0.6285714285714286, "support": 29}}