{"classificador": "LinearSVC", "accuracy": 0.819047619047619, "explosion": {"recall": 0.8717948717948718, "f1-score": 0.8831168831168831, "precision": 0.8947368421052632, "support": 39}, "siren": {"recall": 0.9375, "f1-score": 0.9090909090909091, "precision": 0.8823529411764706, "support": 16}, "weighted avg": {"recall": 0.819047619047619, "f1-score": 0.821600078742936, "precision": 0.8329960931741116, "support": 105}, "gunshot": {"recall": 0.7142857142857143, "f1-score": 0.8108108108108109, "precision": 0.9375, "support": 21}, "macro avg": {"recall": 0.8205503189339396, "f1-score": 0.8253578253578254, "precision": 0.8404121517027864, "support": 105}, "casual": {"recall": 0.7586206896551724, "f1-score": 0.6984126984126984, "precision": 0.6470588235294118, "support": 29}}