{"classificador": "SGDClassifier", "accuracy": 0.8, "explosion": {"recall": 0.8717948717948718, "f1-score": 0.8831168831168831, "precision": 0.8947368421052632, "support": 39}, "siren": {"recall": 0.9375, "f1-score": 0.8571428571428572, "precision": 0.7894736842105263, "support": 16}, "weighted avg": {"recall": 0.8, "f1-score": 0.8027540713254999, "precision": 0.823219814241486, "support": 105}, "gunshot": {"recall": 0.6666666666666666, "f1-score": 0.8, "precision": 1.0, "support": 21}, "macro avg": {"recall": 0.8000248673740052, "f1-score": 0.8017316017316017, "precision": 0.8254643962848298, "support": 105}, "casual": {"recall": 0.7241379310344828, "f1-score": 0.6666666666666667, "precision": 0.6176470588235294, "support": 29}}