{"classificador": "LinearSVC", "accuracy": 0.8476190476190476, "explosion": {"recall": 0.8461538461538461, "f1-score": 0.8918918918918919, "precision": 0.9428571428571428, "support": 39}, "siren": {"recall": 0.9375, "f1-score": 0.8823529411764706, "precision": 0.8333333333333334, "support": 16}, "weighted avg": {"recall": 0.8476190476190476, "f1-score": 0.8505177261479782, "precision": 0.8610350806989462, "support": 105}, "gunshot": {"recall": 0.8095238095238095, "f1-score": 0.8717948717948718, "precision": 0.9444444444444444, "support": 21}, "macro avg": {"recall": 0.8551909656435519, "f1-score": 0.851986116691999, "precision": 0.8566293183940242, "support": 105}, "casual": {"recall": 0.8275862068965517, "f1-score": 0.7619047619047619, "precision": 0.7058823529411765, "support": 29}}