{"classificador": "Perceptron", "accuracy": 0.6666666666666666, "explosion": {"recall": 0.7435897435897436, "f1-score": 0.7160493827160495, "precision": 0.6904761904761905, "support": 39}, "siren": {"recall": 0.9375, "f1-score": 0.8333333333333334, "precision": 0.75, "support": 16}, "weighted avg": {"recall": 0.6666666666666666, "f1-score": 0.6534851456546859, "precision": 0.6956802721088436, "support": 105}, "gunshot": {"recall": 0.3333333333333333, "f1-score": 0.48275862068965514, "precision": 0.875, "support": 21}, "macro avg": {"recall": 0.6673988726790451, "f1-score": 0.6564728341847595, "precision": 0.7145833333333333, "support": 105}, "casual": {"recall": 0.6551724137931034, "f1-score": 0.5937499999999999, "precision": 0.5428571428571428, "support": 29}}