{"classificador": "LinearSVC", "accuracy": 0.8571428571428571, "explosion": {"recall": 0.8205128205128205, "f1-score": 0.8767123287671232, "precision": 0.9411764705882353, "support": 39}, "siren": {"recall": 1.0, "f1-score": 0.9411764705882353, "precision": 0.8888888888888888, "support": 16}, "weighted avg": {"recall": 0.8571428571428571, "f1-score": 0.8591861586573513, "precision": 0.8711973678360234, "support": 105}, "gunshot": {"recall": 0.8095238095238095, "f1-score": 0.8717948717948718, "precision": 0.9444444444444444, "support": 21}, "macro avg": {"recall": 0.8730263988884679, "f1-score": 0.8677334177875575, "precision": 0.8721988795518206, "support": 105}, "casual": {"recall": 0.8620689655172413, "f1-score": 0.7812500000000001, "precision": 0.7142857142857143, "support": 29}}