{"casual": {"precision": 0.8064516129032258, "recall": 0.8620689655172413, "f1-score": 0.8333333333333334, "support": 29}, "explosion": {"precision": 0.9230769230769231, "recall": 0.9230769230769231, "f1-score": 0.9230769230769231, "support": 39}, "gunshot": {"precision": 0.8888888888888888, "recall": 0.7619047619047619, "f1-score": 0.8205128205128205, "support": 21}, "siren": {"precision": 0.8823529411764706, "recall": 0.9375, "f1-score": 0.9090909090909091, "support": 16}, "accuracy": 0.8761904761904762, "macro avg": {"precision": 0.8751925915113771, "recall": 0.8711376626247316, "f1-score": 0.8715034965034965, "support": 105}, "weighted avg": {"precision": 0.8778229571398454, "recall": 0.8761904761904762, "f1-score": 0.8756465756465757, "support": 105}, "classificador": "KNeighborsClassifier"}