{"casual": {"precision": 0.6, "recall": 0.7241379310344828, "f1-score": 0.65625, "support": 29}, "explosion": {"precision": 0.8571428571428571, "recall": 0.7692307692307693, "f1-score": 0.8108108108108107, "support": 39}, "gunshot": {"precision": 0.8888888888888888, "recall": 0.7619047619047619, "f1-score": 0.8205128205128205, "support": 21}, "siren": {"precision": 0.8235294117647058, "recall": 0.875, "f1-score": 0.8484848484848485, "support": 16}, "accuracy": 0.7714285714285715, "macro avg": {"precision": 0.7923902894491128, "recall": 0.7825683655425035, "f1-score": 0.78401461995212, "support": 105}, "weighted avg": {"precision": 0.7873496065092702, "recall": 0.7714285714285715, "f1-score": 0.7758037945537944, "support": 105}, "classificador": "LinearDiscriminantAnalysis"}