{"casual": {"precision": 0.6176470588235294, "recall": 0.7241379310344828, "f1-score": 0.6666666666666667, "support": 29}, "explosion": {"precision": 0.8648648648648649, "recall": 0.8205128205128205, "f1-score": 0.8421052631578947, "support": 39}, "gunshot": {"precision": 0.9411764705882353, "recall": 0.7619047619047619, "f1-score": 0.8421052631578947, "support": 21}, "siren": {"precision": 0.8235294117647058, "recall": 0.875, "f1-score": 0.8484848484848485, "support": 16}, "accuracy": 0.7904761904761904, "macro avg": {"precision": 0.8118044515103338, "recall": 0.7953888783630163, "f1-score": 0.7998405103668262, "support": 105}, "weighted avg": {"precision": 0.8055492467257174, "recall": 0.7904761904761904, "f1-score": 0.7946229209387103, "support": 105}, "classificador": "LinearDiscriminantAnalysis"}