{"casual": {"precision": 0.6470588235294118, "recall": 0.7586206896551724, "f1-score": 0.6984126984126984, "support": 29}, "explosion": {"precision": 0.9117647058823529, "recall": 0.7948717948717948, "f1-score": 0.8493150684931507, "support": 39}, "gunshot": {"precision": 0.8888888888888888, "recall": 0.7619047619047619, "f1-score": 0.8205128205128205, "support": 21}, "siren": {"precision": 0.7894736842105263, "recall": 0.9375, "f1-score": 0.8571428571428572, "support": 16}, "accuracy": 0.8, "macro avg": {"precision": 0.8092965256277951, "recall": 0.8132243116079323, "f1-score": 0.8063458611403816, "support": 105}, "weighted avg": {"precision": 0.8154454764361885, "recall": 0.8, "f1-score": 0.8030696273357721, "support": 105}, "classificador": "SGDClassifier"}