{"casual": {"precision": 0.6470588235294118, "recall": 0.7586206896551724, "f1-score": 0.6984126984126984, "support": 29}, "explosion": {"precision": 0.8648648648648649, "recall": 0.8205128205128205, "f1-score": 0.8421052631578947, "support": 39}, "gunshot": {"precision": 0.9411764705882353, "recall": 0.7619047619047619, "f1-score": 0.8421052631578947, "support": 21}, "siren": {"precision": 0.8823529411764706, "recall": 0.9375, "f1-score": 0.9090909090909091, "support": 16}, "accuracy": 0.8095238095238095, "macro avg": {"precision": 0.8338632750397456, "recall": 0.8196345680181887, "f1-score": 0.8229285334548493, "support": 105}, "weighted avg": {"precision": 0.8226360814596111, "recall": 0.8095238095238095, "f1-score": 0.812626081799014, "support": 105}, "classificador": "LinearDiscriminantAnalysis"}