{"casual": {"precision": 0.6842105263157895, "recall": 0.896551724137931, "f1-score": 0.7761194029850746, "support": 29}, "explosion": {"precision": 0.9705882352941176, "recall": 0.8461538461538461, "f1-score": 0.9041095890410958, "support": 39}, "gunshot": {"precision": 0.9375, "recall": 0.7142857142857143, "f1-score": 0.8108108108108109, "support": 21}, "siren": {"precision": 0.8823529411764706, "recall": 0.9375, "f1-score": 0.9090909090909091, "support": 16}, "accuracy": 0.8476190476190476, "macro avg": {"precision": 0.8686629256965944, "recall": 0.8486228211443729, "f1-score": 0.8500326779819727, "support": 105}, "weighted avg": {"precision": 0.8714304142709715, "recall": 0.8476190476190476, "f1-score": 0.8508592212538236, "support": 105}, "classificador": "KNeighborsClassifier", "mediaTempoClassificacaoCadaAudio": 0.2647016139257522, "desvioTempoClassificacaoCadaAudio": 0.21490352055828527}