{"casual": {"precision": 0.7272727272727273, "recall": 0.8275862068965517, "f1-score": 0.7741935483870968, "support": 29}, "explosion": {"precision": 0.9428571428571428, "recall": 0.8461538461538461, "f1-score": 0.8918918918918919, "support": 39}, "gunshot": {"precision": 0.9444444444444444, "recall": 0.8095238095238095, "f1-score": 0.8717948717948718, "support": 21}, "siren": {"precision": 0.8421052631578947, "recall": 1.0, "f1-score": 0.9142857142857143, "support": 16}, "accuracy": 0.8571428571428571, "macro avg": {"precision": 0.8641698944330523, "recall": 0.8708159656435519, "f1-score": 0.8630415065898936, "support": 105}, "weighted avg": {"precision": 0.8682795733923553, "recall": 0.8571428571428571, "f1-score": 0.8587777183168888, "support": 105}, "classificador": "SVC", "mediaTempoClassificacaoCadaAudio": 0.05482425689697266, "desvioTempoClassificacaoCadaAudio": 0.039843312637654164}