{"casual": {"precision": 0.6666666666666666, "recall": 0.8275862068965517, "f1-score": 0.7384615384615385, "support": 29}, "explosion": {"precision": 0.9696969696969697, "recall": 0.8205128205128205, "f1-score": 0.8888888888888888, "support": 39}, "gunshot": {"precision": 0.9411764705882353, "recall": 0.7619047619047619, "f1-score": 0.8421052631578947, "support": 21}, "siren": {"precision": 0.7894736842105263, "recall": 0.9375, "f1-score": 0.8571428571428572, "support": 16}, "accuracy": 0.8285714285714286, "macro avg": {"precision": 0.8417534477905995, "recall": 0.8368759473285335, "f1-score": 0.8316496369127948, "support": 105}, "weighted avg": {"precision": 0.8528361902974907, "recall": 0.8285714285714286, "f1-score": 0.8331480716443123, "support": 105}, "classificador": "KNeighborsClassifier", "mediaTempoClassificacaoCadaAudio": 0.2928147270565941, "desvioTempoClassificacaoCadaAudio": 0.240406598270906}