{"casual": {"precision": 0.5945945945945946, "recall": 0.7586206896551724, "f1-score": 0.6666666666666667, "support": 29}, "explosion": {"precision": 0.8709677419354839, "recall": 0.6923076923076923, "f1-score": 0.7714285714285716, "support": 39}, "gunshot": {"precision": 0.9375, "recall": 0.7142857142857143, "f1-score": 0.8108108108108109, "support": 21}, "siren": {"precision": 0.7619047619047619, "recall": 1.0, "f1-score": 0.8648648648648648, "support": 16}, "accuracy": 0.7619047619047619, "macro avg": {"precision": 0.7912417746087101, "recall": 0.7913035240621448, "f1-score": 0.7784427284427285, "support": 105}, "weighted avg": {"precision": 0.7913234416114601, "recall": 0.7619047619047619, "f1-score": 0.7646086903229762, "support": 105}, "classificador": "Perceptron", "mediaTempoClassificacaoCadaAudio": 0.0023849282945905413, "desvioTempoClassificacaoCadaAudio": 0.0006428352778843141}