{"casual": {"precision": 0.5128205128205128, "recall": 0.6896551724137931, "f1-score": 0.5882352941176471, "support": 29}, "explosion": {"precision": 0.8125, "recall": 0.6666666666666666, "f1-score": 0.7323943661971831, "support": 39}, "gunshot": {"precision": 0.8823529411764706, "recall": 0.7142857142857143, "f1-score": 0.7894736842105262, "support": 21}, "siren": {"precision": 0.8235294117647058, "recall": 0.875, "f1-score": 0.8484848484848485, "support": 16}, "accuracy": 0.7142857142857143, "macro avg": {"precision": 0.7578007164404224, "recall": 0.7364018883415435, "f1-score": 0.7396470482525512, "support": 105}, "weighted avg": {"precision": 0.7453826402355813, "recall": 0.7142857142857143, "f1-score": 0.7216848452883861, "support": 105}, "classificador": "LinearDiscriminantAnalysis", "mediaTempoClassificacaoCadaAudio": 0.002806604476202102, "desvioTempoClassificacaoCadaAudio": 0.0009529713320476033}