{"casual": {"precision": 0.5277777777777778, "recall": 0.6551724137931034, "f1-score": 0.5846153846153845, "support": 29}, "explosion": {"precision": 0.8181818181818182, "recall": 0.6923076923076923, "f1-score": 0.7500000000000001, "support": 39}, "gunshot": {"precision": 0.9375, "recall": 0.7142857142857143, "f1-score": 0.8108108108108109, "support": 21}, "siren": {"precision": 0.8, "recall": 1.0, "f1-score": 0.888888888888889, "support": 16}, "accuracy": 0.7333333333333333, "macro avg": {"precision": 0.770864898989899, "recall": 0.7654414550966275, "f1-score": 0.7585787710787711, "support": 105}, "weighted avg": {"precision": 0.7590680615680615, "recall": 0.7333333333333333, "f1-score": 0.7376485276485278, "support": 105}, "classificador": "LinearDiscriminantAnalysis"}