{"casual": {"precision": 0.5813953488372093, "recall": 0.8620689655172413, "f1-score": 0.6944444444444445, "support": 29}, "explosion": {"precision": 0.9259259259259259, "recall": 0.6410256410256411, "f1-score": 0.7575757575757577, "support": 39}, "gunshot": {"precision": 0.9411764705882353, "recall": 0.7619047619047619, "f1-score": 0.8421052631578947, "support": 21}, "siren": {"precision": 0.8333333333333334, "recall": 0.9375, "f1-score": 0.8823529411764706, "support": 16}, "accuracy": 0.7714285714285715, "macro avg": {"precision": 0.820457769671176, "recall": 0.8006248421119111, "f1-score": 0.7941196015886419, "support": 105}, "weighted avg": {"precision": 0.8197106232673949, "recall": 0.7714285714285715, "f1-score": 0.7760590573284073, "support": 105}, "classificador": "Perceptron"}