{"casual": {"precision": 0.5588235294117647, "recall": 0.6551724137931034, "f1-score": 0.6031746031746031, "support": 29}, "explosion": {"precision": 0.8235294117647058, "recall": 0.717948717948718, "f1-score": 0.767123287671233, "support": 39}, "gunshot": {"precision": 0.8333333333333334, "recall": 0.7142857142857143, "f1-score": 0.7692307692307692, "support": 21}, "siren": {"precision": 0.7894736842105263, "recall": 0.9375, "f1-score": 0.8571428571428572, "support": 16}, "accuracy": 0.7333333333333333, "macro avg": {"precision": 0.7512899896800826, "recall": 0.7562267115068839, "f1-score": 0.7491678793048656, "support": 105}, "weighted avg": {"precision": 0.7471915081822204, "recall": 0.7333333333333333, "f1-score": 0.7359809864702233, "support": 105}, "classificador": "LinearDiscriminantAnalysis"}