{"casual": {"precision": 0.7307692307692307, "recall": 0.6551724137931034, "f1-score": 0.6909090909090909, "support": 29}, "explosion": {"precision": 0.9375, "recall": 0.7692307692307693, "f1-score": 0.8450704225352113, "support": 39}, "gunshot": {"precision": 0.6153846153846154, "recall": 0.7619047619047619, "f1-score": 0.6808510638297872, "support": 21}, "siren": {"precision": 0.7142857142857143, "recall": 0.9375, "f1-score": 0.8108108108108109, "support": 16}, "accuracy": 0.7619047619047619, "macro avg": {"precision": 0.7494848901098902, "recall": 0.7809519862321587, "f1-score": 0.7569103470212251, "support": 105}, "weighted avg": {"precision": 0.7819662480376766, "recall": 0.7619047619047619, "f1-score": 0.7644281469393845, "support": 105}, "classificador": "SVC"}