{"casual": {"precision": 0.6896551724137931, "recall": 0.6896551724137931, "f1-score": 0.6896551724137931, "support": 29}, "explosion": {"precision": 0.8717948717948718, "recall": 0.8717948717948718, "f1-score": 0.8717948717948718, "support": 39}, "gunshot": {"precision": 0.75, "recall": 0.7142857142857143, "f1-score": 0.7317073170731706, "support": 21}, "siren": {"precision": 0.8823529411764706, "recall": 0.9375, "f1-score": 0.9090909090909091, "support": 16}, "accuracy": 0.8, "macro avg": {"precision": 0.7984507463462839, "recall": 0.8033089396235948, "f1-score": 0.8005620675931862, "support": 105}, "weighted avg": {"precision": 0.7987394957983194, "recall": 0.8, "f1-score": 0.7991553162284869, "support": 105}, "classificador": "KNeighborsClassifier"}