{"casual": {"precision": 0.5882352941176471, "recall": 0.6896551724137931, "f1-score": 0.6349206349206349, "support": 29}, "explosion": {"precision": 0.875, "recall": 0.717948717948718, "f1-score": 0.7887323943661971, "support": 39}, "gunshot": {"precision": 0.8333333333333334, "recall": 0.7142857142857143, "f1-score": 0.7692307692307692, "support": 21}, "siren": {"precision": 0.7142857142857143, "recall": 0.9375, "f1-score": 0.8108108108108109, "support": 16}, "accuracy": 0.7428571428571429, "macro avg": {"precision": 0.7527135854341738, "recall": 0.7648474011620564, "f1-score": 0.750923652332103, "support": 105}, "weighted avg": {"precision": 0.7629751900760304, "recall": 0.7428571428571429, "f1-score": 0.7457150563790402, "support": 105}, "classificador": "SGDClassifier"}