{"casual": {"precision": 0.6666666666666666, "recall": 0.7586206896551724, "f1-score": 0.7096774193548386, "support": 29}, "explosion": {"precision": 0.9069767441860465, "recall": 1.0, "f1-score": 0.951219512195122, "support": 39}, "gunshot": {"precision": 0.9090909090909091, "recall": 0.47619047619047616, "f1-score": 0.6249999999999999, "support": 21}, "siren": {"precision": 0.8333333333333334, "recall": 0.9375, "f1-score": 0.8823529411764706, "support": 16}, "accuracy": 0.819047619047619, "macro avg": {"precision": 0.8290169133192389, "recall": 0.7930777914614121, "f1-score": 0.7920624681816077, "support": 105}, "weighted avg": {"precision": 0.829806369341253, "recall": 0.819047619047619, "f1-score": 0.8087700304354628, "support": 105}, "classificador": "BaggingClassifier"}