{"casual": {"precision": 0.6944444444444444, "recall": 0.8620689655172413, "f1-score": 0.7692307692307692, "support": 29}, "explosion": {"precision": 0.9142857142857143, "recall": 0.8205128205128205, "f1-score": 0.8648648648648648, "support": 39}, "gunshot": {"precision": 0.9444444444444444, "recall": 0.8095238095238095, "f1-score": 0.8717948717948718, "support": 21}, "siren": {"precision": 0.9375, "recall": 0.9375, "f1-score": 0.9375, "support": 16}, "accuracy": 0.8476190476190476, "macro avg": {"precision": 0.8726686507936507, "recall": 0.8574013988884679, "f1-score": 0.8608476264726265, "support": 105}, "weighted avg": {"precision": 0.8631368102796674, "recall": 0.8476190476190476, "f1-score": 0.8509058509058508, "support": 105}, "classificador": "KNeighborsClassifier"}