{"casual": {"precision": 0.6756756756756757, "recall": 0.8620689655172413, "f1-score": 0.7575757575757576, "support": 29}, "explosion": {"precision": 0.972972972972973, "recall": 0.9230769230769231, "f1-score": 0.9473684210526315, "support": 39}, "gunshot": {"precision": 0.875, "recall": 0.6666666666666666, "f1-score": 0.7567567567567567, "support": 21}, "siren": {"precision": 0.8666666666666667, "recall": 0.8125, "f1-score": 0.8387096774193549, "support": 16}, "accuracy": 0.8380952380952381, "macro avg": {"precision": 0.8475788288288288, "recall": 0.8160781388152077, "f1-score": 0.8251026532011252, "support": 105}, "weighted avg": {"precision": 0.8550686400686403, "recall": 0.8380952380952381, "f1-score": 0.8402696392509635, "support": 105}, "classificador": "KNeighborsClassifier"}