{"casual": {"precision": 0.5116279069767442, "recall": 0.7586206896551724, "f1-score": 0.6111111111111112, "support": 29}, "explosion": {"precision": 0.75, "recall": 0.46153846153846156, "f1-score": 0.5714285714285714, "support": 39}, "gunshot": {"precision": 0.5263157894736842, "recall": 0.47619047619047616, "f1-score": 0.5, "support": 21}, "siren": {"precision": 0.7368421052631579, "recall": 0.875, "f1-score": 0.7999999999999999, "support": 16}, "accuracy": 0.6095238095238096, "macro avg": {"precision": 0.6311964504283966, "recall": 0.6428374068460275, "f1-score": 0.6206349206349207, "support": 105}, "weighted avg": {"precision": 0.637422043480795, "recall": 0.6095238095238096, "f1-score": 0.6029327286470143, "support": 105}, "classificador": "SGDClassifier"}