{"casual": {"precision": 0.6428571428571429, "recall": 0.6206896551724138, "f1-score": 0.6315789473684211, "support": 29}, "explosion": {"precision": 0.7674418604651163, "recall": 0.8461538461538461, "f1-score": 0.8048780487804877, "support": 39}, "gunshot": {"precision": 0.875, "recall": 0.6666666666666666, "f1-score": 0.7567567567567567, "support": 21}, "siren": {"precision": 0.8333333333333334, "recall": 0.9375, "f1-score": 0.8823529411764706, "support": 16}, "accuracy": 0.7619047619047619, "macro avg": {"precision": 0.7796580841638981, "recall": 0.7677525419982316, "f1-score": 0.768891673520534, "support": 105}, "weighted avg": {"precision": 0.7645849812793335, "recall": 0.7619047619047619, "f1-score": 0.7591959269222728, "support": 105}, "classificador": "Perceptron"}