{"casual": {"precision": 0.5428571428571428, "recall": 0.6551724137931034, "f1-score": 0.5937499999999999, "support": 29}, "explosion": {"precision": 0.7272727272727273, "recall": 0.6153846153846154, "f1-score": 0.6666666666666667, "support": 39}, "gunshot": {"precision": 0.8888888888888888, "recall": 0.7619047619047619, "f1-score": 0.8205128205128205, "support": 21}, "siren": {"precision": 0.7894736842105263, "recall": 0.9375, "f1-score": 0.8571428571428572, "support": 16}, "accuracy": 0.7047619047619048, "macro avg": {"precision": 0.7371231108073213, "recall": 0.7424904477706202, "f1-score": 0.7345180860805861, "support": 105}, "weighted avg": {"precision": 0.7181403725764628, "recall": 0.7047619047619048, "f1-score": 0.7063219518576662, "support": 105}, "classificador": "Perceptron"}