{"casual": {"precision": 0.8, "recall": 0.8275862068965517, "f1-score": 0.8135593220338982, "support": 29}, "explosion": {"precision": 0.9473684210526315, "recall": 0.9230769230769231, "f1-score": 0.935064935064935, "support": 39}, "gunshot": {"precision": 1.0, "recall": 0.8571428571428571, "f1-score": 0.923076923076923, "support": 21}, "siren": {"precision": 0.8421052631578947, "recall": 1.0, "f1-score": 0.9142857142857143, "support": 16}, "accuracy": 0.8952380952380953, "macro avg": {"precision": 0.8973684210526316, "recall": 0.901951496779083, "f1-score": 0.8964967236153676, "support": 105}, "weighted avg": {"precision": 0.9011528822055138, "recall": 0.8952380952380953, "f1-score": 0.8959422820924031, "support": 105}, "classificador": "KNeighborsClassifier"}