{"casual": {"precision": 0.6857142857142857, "recall": 0.8275862068965517, "f1-score": 0.75, "support": 29}, "explosion": {"precision": 0.9230769230769231, "recall": 0.9230769230769231, "f1-score": 0.9230769230769231, "support": 39}, "gunshot": {"precision": 0.9285714285714286, "recall": 0.6190476190476191, "f1-score": 0.742857142857143, "support": 21}, "siren": {"precision": 0.8823529411764706, "recall": 0.9375, "f1-score": 0.9090909090909091, "support": 16}, "accuracy": 0.8380952380952381, "macro avg": {"precision": 0.854928894634777, "recall": 0.8268026872552735, "f1-score": 0.8312562437562439, "support": 105}, "weighted avg": {"precision": 0.8524129651860743, "recall": 0.8380952380952381, "f1-score": 0.8370995670995672, "support": 105}, "classificador": "BaggingClassifier"}