{"casual": {"precision": 0.6666666666666666, "recall": 0.8275862068965517, "f1-score": 0.7384615384615385, "support": 29}, "explosion": {"precision": 0.9230769230769231, "recall": 0.9230769230769231, "f1-score": 0.9230769230769231, "support": 39}, "gunshot": {"precision": 1.0, "recall": 0.6190476190476191, "f1-score": 0.7647058823529412, "support": 21}, "siren": {"precision": 0.8823529411764706, "recall": 0.9375, "f1-score": 0.9090909090909091, "support": 16}, "accuracy": 0.8380952380952381, "macro avg": {"precision": 0.8680241327300151, "recall": 0.8268026872552735, "f1-score": 0.833833813245578, "support": 105}, "weighted avg": {"precision": 0.861437908496732, "recall": 0.8380952380952381, "f1-score": 0.8382825018119135, "support": 105}, "classificador": "SVC"}