{"casual": {"precision": 0.6578947368421053, "recall": 0.8620689655172413, "f1-score": 0.746268656716418, "support": 29}, "explosion": {"precision": 0.9459459459459459, "recall": 0.8974358974358975, "f1-score": 0.9210526315789475, "support": 39}, "gunshot": {"precision": 0.9411764705882353, "recall": 0.7619047619047619, "f1-score": 0.8421052631578947, "support": 21}, "siren": {"precision": 0.9230769230769231, "recall": 0.75, "f1-score": 0.8275862068965517, "support": 16}, "accuracy": 0.8380952380952381, "macro avg": {"precision": 0.8670235191133024, "recall": 0.8178524062144752, "f1-score": 0.834253189587453, "support": 105}, "weighted avg": {"precision": 0.8619502467799683, "recall": 0.8380952380952381, "f1-score": 0.8427469858382446, "support": 105}, "classificador": "KNeighborsClassifier"}