{"casual": {"precision": 0.5609756097560976, "recall": 0.7931034482758621, "f1-score": 0.6571428571428573, "support": 29}, "explosion": {"precision": 0.96, "recall": 0.6153846153846154, "f1-score": 0.7500000000000001, "support": 39}, "gunshot": {"precision": 0.8095238095238095, "recall": 0.8095238095238095, "f1-score": 0.8095238095238095, "support": 21}, "siren": {"precision": 0.8333333333333334, "recall": 0.9375, "f1-score": 0.8823529411764706, "support": 16}, "accuracy": 0.7523809523809524, "macro avg": {"precision": 0.7909581881533102, "recall": 0.7888779682960718, "f1-score": 0.7747549019607843, "support": 105}, "weighted avg": {"precision": 0.8003964382500967, "recall": 0.7523809523809524, "f1-score": 0.7564265706282512, "support": 105}, "classificador": "Perceptron"}