{"casual": {"precision": 0.6470588235294118, "recall": 0.7586206896551724, "f1-score": 0.6984126984126984, "support": 29}, "explosion": {"precision": 0.8571428571428571, "recall": 0.7692307692307693, "f1-score": 0.8108108108108107, "support": 39}, "gunshot": {"precision": 0.8421052631578947, "recall": 0.7619047619047619, "f1-score": 0.8, "support": 21}, "siren": {"precision": 0.8823529411764706, "recall": 0.9375, "f1-score": 0.9090909090909091, "support": 16}, "accuracy": 0.7904761904761904, "macro avg": {"precision": 0.8071649712516585, "recall": 0.8068140551976759, "f1-score": 0.8045786045786045, "support": 105}, "weighted avg": {"precision": 0.799953665676797, "recall": 0.7904761904761904, "f1-score": 0.7925813754385183, "support": 105}, "classificador": "LinearDiscriminantAnalysis"}