{"casual": {"precision": 0.59375, "recall": 0.6551724137931034, "f1-score": 0.6229508196721311, "support": 29}, "explosion": {"precision": 0.967741935483871, "recall": 0.7692307692307693, "f1-score": 0.8571428571428572, "support": 39}, "gunshot": {"precision": 0.6666666666666666, "recall": 0.19047619047619047, "f1-score": 0.2962962962962963, "support": 21}, "siren": {"precision": 0.4444444444444444, "recall": 1.0, "f1-score": 0.6153846153846153, "support": 16}, "accuracy": 0.6571428571428571, "macro avg": {"precision": 0.6681507616487454, "recall": 0.6537198433750158, "f1-score": 0.597943647123975, "support": 105}, "weighted avg": {"precision": 0.7244933009045913, "recall": 0.6571428571428571, "f1-score": 0.6434525834994218, "support": 105}, "classificador": "SVC"}