{"casual": {"precision": 0.5151515151515151, "recall": 0.5862068965517241, "f1-score": 0.5483870967741935, "support": 29}, "explosion": {"precision": 0.8333333333333334, "recall": 0.6410256410256411, "f1-score": 0.7246376811594204, "support": 39}, "gunshot": {"precision": 0.875, "recall": 0.3333333333333333, "f1-score": 0.48275862068965514, "support": 21}, "siren": {"precision": 0.47058823529411764, "recall": 1.0, "f1-score": 0.6399999999999999, "support": 16}, "accuracy": 0.6190476190476191, "macro avg": {"precision": 0.6735182709447416, "recall": 0.6401414677276747, "f1-score": 0.5989458496558173, "support": 105}, "weighted avg": {"precision": 0.6985124352771411, "recall": 0.6190476190476191, "f1-score": 0.6146859657728739, "support": 105}, "classificador": "SGDClassifier"}