{"casual": {"precision": 0.6451612903225806, "recall": 0.6896551724137931, "f1-score": 0.6666666666666667, "support": 29}, "explosion": {"precision": 0.85, "recall": 0.8717948717948718, "f1-score": 0.8607594936708861, "support": 39}, "gunshot": {"precision": 0.9333333333333333, "recall": 0.6666666666666666, "f1-score": 0.7777777777777778, "support": 21}, "siren": {"precision": 0.7894736842105263, "recall": 0.9375, "f1-score": 0.8571428571428572, "support": 16}, "accuracy": 0.7904761904761904, "macro avg": {"precision": 0.8044920769666102, "recall": 0.7914041777188329, "f1-score": 0.7905866988145469, "support": 105}, "weighted avg": {"precision": 0.8008691082545073, "recall": 0.7904761904761904, "f1-score": 0.7900054536582567, "support": 105}, "classificador": "SVC"}