{"casual": {"precision": 0.5135135135135135, "recall": 0.6551724137931034, "f1-score": 0.5757575757575758, "support": 29}, "explosion": {"precision": 0.7894736842105263, "recall": 0.7692307692307693, "f1-score": 0.7792207792207793, "support": 39}, "gunshot": {"precision": 1.0, "recall": 0.47619047619047616, "f1-score": 0.6451612903225806, "support": 21}, "siren": {"precision": 0.75, "recall": 0.9375, "f1-score": 0.8333333333333334, "support": 16}, "accuracy": 0.7047619047619048, "macro avg": {"precision": 0.7632467994310099, "recall": 0.7095234148035873, "f1-score": 0.7083682446585673, "support": 105}, "weighted avg": {"precision": 0.7493463388200231, "recall": 0.7047619047619048, "f1-score": 0.7044600049208344, "support": 105}, "classificador": "SGDClassifier"}