{"casual": {"precision": 0.525, "recall": 0.7241379310344828, "f1-score": 0.6086956521739131, "support": 29}, "explosion": {"precision": 0.9333333333333333, "recall": 0.717948717948718, "f1-score": 0.8115942028985509, "support": 39}, "gunshot": {"precision": 0.8125, "recall": 0.6190476190476191, "f1-score": 0.7027027027027026, "support": 21}, "siren": {"precision": 0.7894736842105263, "recall": 0.9375, "f1-score": 0.8571428571428572, "support": 16}, "accuracy": 0.7333333333333333, "macro avg": {"precision": 0.7650767543859649, "recall": 0.749658567007705, "f1-score": 0.7450338537295059, "support": 105}, "weighted avg": {"precision": 0.7744674185463659, "recall": 0.7333333333333333, "f1-score": 0.7407180028298042, "support": 105}, "classificador": "Perceptron"}