{"casual": {"precision": 0.6111111111111112, "recall": 0.7586206896551724, "f1-score": 0.676923076923077, "support": 29}, "explosion": {"precision": 0.9666666666666667, "recall": 0.7435897435897436, "f1-score": 0.8405797101449275, "support": 39}, "gunshot": {"precision": 0.6818181818181818, "recall": 0.7142857142857143, "f1-score": 0.6976744186046512, "support": 21}, "siren": {"precision": 0.8823529411764706, "recall": 0.9375, "f1-score": 0.9090909090909091, "support": 16}, "accuracy": 0.7714285714285715, "macro avg": {"precision": 0.7854872251931075, "recall": 0.7884990368826575, "f1-score": 0.7810670286908912, "support": 105}, "weighted avg": {"precision": 0.7986481057069292, "recall": 0.7714285714285715, "f1-score": 0.7772380501197489, "support": 105}, "classificador": "KNeighborsClassifier"}