{"casual": {"precision": 0.475, "recall": 0.6551724137931034, "f1-score": 0.5507246376811594, "support": 29}, "explosion": {"precision": 0.8055555555555556, "recall": 0.7435897435897436, "f1-score": 0.7733333333333334, "support": 39}, "gunshot": {"precision": 1.0, "recall": 0.5714285714285714, "f1-score": 0.7272727272727273, "support": 21}, "siren": {"precision": 0.7647058823529411, "recall": 0.8125, "f1-score": 0.787878787878788, "support": 16}, "accuracy": 0.6952380952380952, "macro avg": {"precision": 0.7613153594771241, "recall": 0.6956726822028546, "f1-score": 0.709802371541502, "support": 105}, "weighted avg": {"precision": 0.746923436041083, "recall": 0.6952380952380952, "f1-score": 0.7048552606813477, "support": 105}, "classificador": "SGDClassifier"}