{"casual": {"precision": 0.625, "recall": 0.8620689655172413, "f1-score": 0.7246376811594203, "support": 29}, "explosion": {"precision": 0.875, "recall": 0.717948717948718, "f1-score": 0.7887323943661971, "support": 39}, "gunshot": {"precision": 0.7894736842105263, "recall": 0.7142857142857143, "f1-score": 0.7500000000000001, "support": 21}, "siren": {"precision": 0.9285714285714286, "recall": 0.8125, "f1-score": 0.8666666666666666, "support": 16}, "accuracy": 0.7714285714285715, "macro avg": {"precision": 0.8045112781954888, "recall": 0.7767008494379184, "f1-score": 0.782509185548071, "support": 105}, "weighted avg": {"precision": 0.7970103831006087, "recall": 0.7714285714285715, "f1-score": 0.775159264767348, "support": 105}, "classificador": "KNeighborsClassifier"}