{"casual": {"precision": 0.625, "recall": 0.6896551724137931, "f1-score": 0.6557377049180328, "support": 29}, "explosion": {"precision": 0.7380952380952381, "recall": 0.7948717948717948, "f1-score": 0.7654320987654322, "support": 39}, "gunshot": {"precision": 0.9090909090909091, "recall": 0.47619047619047616, "f1-score": 0.6249999999999999, "support": 21}, "siren": {"precision": 0.8, "recall": 1.0, "f1-score": 0.888888888888889, "support": 16}, "accuracy": 0.7333333333333333, "macro avg": {"precision": 0.7680465367965368, "recall": 0.740179360869016, "f1-score": 0.7337646731430885, "support": 105}, "weighted avg": {"precision": 0.750491651205937, "recall": 0.7333333333333333, "f1-score": 0.7258615953971146, "support": 105}, "classificador": "Perceptron"}