{"casual": {"precision": 0.696969696969697, "recall": 0.7931034482758621, "f1-score": 0.7419354838709677, "support": 29}, "explosion": {"precision": 0.8974358974358975, "recall": 0.8974358974358975, "f1-score": 0.8974358974358975, "support": 39}, "gunshot": {"precision": 1.0, "recall": 0.7619047619047619, "f1-score": 0.8648648648648648, "support": 21}, "siren": {"precision": 0.8235294117647058, "recall": 0.875, "f1-score": 0.8484848484848485, "support": 16}, "accuracy": 0.8380952380952381, "macro avg": {"precision": 0.8544837515425752, "recall": 0.8318610269041303, "f1-score": 0.8381802736641447, "support": 105}, "weighted avg": {"precision": 0.8513199219081572, "recall": 0.8380952380952381, "f1-score": 0.8405147501921696, "support": 105}, "classificador": "BaggingClassifier"}