{"casual": {"precision": 0.5897435897435898, "recall": 0.7931034482758621, "f1-score": 0.676470588235294, "support": 29}, "explosion": {"precision": 0.8571428571428571, "recall": 0.6153846153846154, "f1-score": 0.7164179104477612, "support": 39}, "gunshot": {"precision": 0.85, "recall": 0.8095238095238095, "f1-score": 0.8292682926829269, "support": 21}, "siren": {"precision": 0.8888888888888888, "recall": 1.0, "f1-score": 0.9411764705882353, "support": 16}, "accuracy": 0.7619047619047619, "macro avg": {"precision": 0.7964438339438339, "recall": 0.8045029682960718, "f1-score": 0.7908333154885543, "support": 105}, "weighted avg": {"precision": 0.7866986452700738, "recall": 0.7619047619047619, "f1-score": 0.7622038404003757, "support": 105}, "classificador": "Perceptron"}