{"casual": {"precision": 0.5476190476190477, "recall": 0.7931034482758621, "f1-score": 0.647887323943662, "support": 29}, "explosion": {"precision": 0.8620689655172413, "recall": 0.6410256410256411, "f1-score": 0.7352941176470588, "support": 39}, "gunshot": {"precision": 0.8823529411764706, "recall": 0.7142857142857143, "f1-score": 0.7894736842105262, "support": 21}, "siren": {"precision": 0.8235294117647058, "recall": 0.875, "f1-score": 0.8484848484848485, "support": 16}, "accuracy": 0.7333333333333333, "macro avg": {"precision": 0.7788925915193663, "recall": 0.7558537008968044, "f1-score": 0.7552849935715239, "support": 105}, "weighted avg": {"precision": 0.7734049941815806, "recall": 0.7333333333333333, "f1-score": 0.739237218350287, "support": 105}, "classificador": "Perceptron"}