{"casual": {"precision": 0.75, "recall": 0.8275862068965517, "f1-score": 0.7868852459016394, "support": 29}, "explosion": {"precision": 0.875, "recall": 0.8974358974358975, "f1-score": 0.8860759493670887, "support": 39}, "gunshot": {"precision": 0.9411764705882353, "recall": 0.7619047619047619, "f1-score": 0.8421052631578947, "support": 21}, "siren": {"precision": 0.9375, "recall": 0.9375, "f1-score": 0.9375, "support": 16}, "accuracy": 0.8571428571428571, "macro avg": {"precision": 0.8759191176470589, "recall": 0.8561067165593028, "f1-score": 0.8631416146066557, "support": 105}, "weighted avg": {"precision": 0.8632352941176471, "recall": 0.8571428571428571, "f1-score": 0.8577223303121885, "support": 105}, "classificador": "KNeighborsClassifier"}