{"casual": {"precision": 0.36065573770491804, "recall": 0.7586206896551724, "f1-score": 0.48888888888888893, "support": 29}, "explosion": {"precision": 0.8235294117647058, "recall": 0.717948717948718, "f1-score": 0.767123287671233, "support": 39}, "gunshot": {"precision": 1.0, "recall": 0.047619047619047616, "f1-score": 0.0909090909090909, "support": 21}, "siren": {"precision": 0.8888888888888888, "recall": 0.5, "f1-score": 0.64, "support": 16}, "accuracy": 0.5619047619047619, "macro avg": {"precision": 0.7682685095896281, "recall": 0.5060471138057345, "f1-score": 0.4967303168673032, "support": 105}, "weighted avg": {"precision": 0.7409417683284607, "recall": 0.5619047619047619, "f1-score": 0.5356635895813978, "support": 105}, "classificador": "BaggingClassifier"}