{"casual": {"precision": 0.46875, "recall": 0.5172413793103449, "f1-score": 0.4918032786885246, "support": 29}, "explosion": {"precision": 0.7567567567567568, "recall": 0.717948717948718, "f1-score": 0.736842105263158, "support": 39}, "gunshot": {"precision": 0.8125, "recall": 0.6190476190476191, "f1-score": 0.7027027027027026, "support": 21}, "siren": {"precision": 0.75, "recall": 0.9375, "f1-score": 0.8333333333333334, "support": 16}, "accuracy": 0.6761904761904762, "macro avg": {"precision": 0.6970016891891893, "recall": 0.6979344290766705, "f1-score": 0.6911703549969297, "support": 105}, "weighted avg": {"precision": 0.6873310810810811, "recall": 0.6761904761904762, "f1-score": 0.6770402597840044, "support": 105}, "classificador": "LinearSVC"}