{"casual": {"precision": 0.5142857142857142, "recall": 0.6206896551724138, "f1-score": 0.5625, "support": 29}, "explosion": {"precision": 0.5636363636363636, "recall": 0.7948717948717948, "f1-score": 0.6595744680851063, "support": 39}, "gunshot": {"precision": 0.0, "recall": 0.0, "f1-score": 0.0, "support": 21}, "siren": {"precision": 0.8, "recall": 0.75, "f1-score": 0.7741935483870969, "support": 16}, "accuracy": 0.580952380952381, "macro avg": {"precision": 0.46948051948051944, "recall": 0.5413903625110521, "f1-score": 0.4990670041180508, "support": 105}, "weighted avg": {"precision": 0.47329622758194184, "recall": 0.580952380952381, "f1-score": 0.5183142955191685, "support": 105}, "classificador": "SGDClassifier"}