{"casual": {"precision": 0.5121951219512195, "recall": 0.7241379310344828, "f1-score": 0.6000000000000001, "support": 29}, "explosion": {"precision": 0.8571428571428571, "recall": 0.6153846153846154, "f1-score": 0.7164179104477612, "support": 39}, "gunshot": {"precision": 0.7333333333333333, "recall": 0.5238095238095238, "f1-score": 0.611111111111111, "support": 21}, "siren": {"precision": 0.7142857142857143, "recall": 0.9375, "f1-score": 0.8108108108108109, "support": 16}, "accuracy": 0.6761904761904762, "macro avg": {"precision": 0.7042392566782811, "recall": 0.7002080175571554, "f1-score": 0.6845849580924208, "support": 105}, "weighted avg": {"precision": 0.7153409656545544, "recall": 0.6761904761904762, "f1-score": 0.6775867125120856, "support": 105}, "classificador": "SVC"}