{"casual": {"precision": 0.3559322033898305, "recall": 0.7241379310344828, "f1-score": 0.47727272727272724, "support": 29}, "explosion": {"precision": 0.7586206896551724, "recall": 0.5641025641025641, "f1-score": 0.6470588235294118, "support": 39}, "gunshot": {"precision": 0.5, "recall": 0.047619047619047616, "f1-score": 0.08695652173913042, "support": 21}, "siren": {"precision": 0.7333333333333333, "recall": 0.6875, "f1-score": 0.7096774193548386, "support": 16}, "accuracy": 0.5238095238095238, "macro avg": {"precision": 0.586971556594584, "recall": 0.5058398856890236, "f1-score": 0.480241372974027, "support": 105}, "weighted avg": {"precision": 0.5918245155065728, "recall": 0.5238095238095238, "f1-score": 0.4976869416643363, "support": 105}, "classificador": "LinearDiscriminantAnalysis"}