{"casual": {"precision": 0.4722222222222222, "recall": 0.5862068965517241, "f1-score": 0.523076923076923, "support": 29}, "explosion": {"precision": 0.8, "recall": 0.717948717948718, "f1-score": 0.7567567567567569, "support": 39}, "gunshot": {"precision": 0.8571428571428571, "recall": 0.5714285714285714, "f1-score": 0.6857142857142857, "support": 21}, "siren": {"precision": 0.7, "recall": 0.875, "f1-score": 0.7777777777777777, "support": 16}, "accuracy": 0.6761904761904762, "macro avg": {"precision": 0.7073412698412698, "recall": 0.6876460464822534, "f1-score": 0.6858314358314359, "support": 105}, "weighted avg": {"precision": 0.7056613756613757, "recall": 0.6761904761904762, "f1-score": 0.6812113212113212, "support": 105}, "classificador": "SVC"}