{"casual": {"precision": 0.55, "recall": 0.7586206896551724, "f1-score": 0.6376811594202898, "support": 29}, "explosion": {"precision": 0.8947368421052632, "recall": 0.4358974358974359, "f1-score": 0.5862068965517242, "support": 39}, "gunshot": {"precision": 0.4, "recall": 0.6666666666666666, "f1-score": 0.5, "support": 21}, "siren": {"precision": 0.8181818181818182, "recall": 0.5625, "f1-score": 0.6666666666666666, "support": 16}, "accuracy": 0.5904761904761905, "macro avg": {"precision": 0.6657296650717703, "recall": 0.6059211980548187, "f1-score": 0.5976386806596702, "support": 105}, "weighted avg": {"precision": 0.6889109136477557, "recall": 0.5904761904761905, "f1-score": 0.5954427548130696, "support": 105}, "classificador": "KNeighborsClassifier"}