{"casual": {"precision": 0.5, "recall": 0.5862068965517241, "f1-score": 0.5396825396825397, "support": 29}, "explosion": {"precision": 0.7142857142857143, "recall": 0.6410256410256411, "f1-score": 0.6756756756756757, "support": 39}, "gunshot": {"precision": 0.7142857142857143, "recall": 0.7142857142857143, "f1-score": 0.7142857142857143, "support": 21}, "siren": {"precision": 0.8, "recall": 0.75, "f1-score": 0.7741935483870969, "support": 16}, "accuracy": 0.6571428571428571, "macro avg": {"precision": 0.6821428571428572, "recall": 0.6728795629657699, "f1-score": 0.6759593695077567, "support": 105}, "weighted avg": {"precision": 0.6681632653061225, "recall": 0.6571428571428571, "f1-score": 0.6608499216794148, "support": 105}, "classificador": "LinearSVC"}