{"casual": {"precision": 0.41304347826086957, "recall": 0.6551724137931034, "f1-score": 0.5066666666666666, "support": 29}, "explosion": {"precision": 0.8214285714285714, "recall": 0.5897435897435898, "f1-score": 0.6865671641791046, "support": 39}, "gunshot": {"precision": 0.9090909090909091, "recall": 0.47619047619047616, "f1-score": 0.6249999999999999, "support": 21}, "siren": {"precision": 0.65, "recall": 0.8125, "f1-score": 0.7222222222222223, "support": 16}, "accuracy": 0.6190476190476191, "macro avg": {"precision": 0.6983907396950875, "recall": 0.6334016199317923, "f1-score": 0.6351140132669983, "support": 105}, "weighted avg": {"precision": 0.7000465166303675, "recall": 0.6190476190476191, "f1-score": 0.6300000789702284, "support": 105}, "classificador": "SVC"}