{"casual": {"precision": 0.3448275862068966, "recall": 0.6896551724137931, "f1-score": 0.4597701149425288, "support": 29}, "explosion": {"precision": 0.7878787878787878, "recall": 0.6666666666666666, "f1-score": 0.7222222222222221, "support": 39}, "gunshot": {"precision": 0.0, "recall": 0.0, "f1-score": 0.0, "support": 21}, "siren": {"precision": 0.7857142857142857, "recall": 0.6875, "f1-score": 0.7333333333333334, "support": 16}, "accuracy": 0.5428571428571428, "macro avg": {"precision": 0.4796051649499925, "recall": 0.5109554597701149, "f1-score": 0.4788314176245211, "support": 105}, "weighted avg": {"precision": 0.5076066790352505, "recall": 0.5428571428571428, "f1-score": 0.5069841269841269, "support": 105}, "classificador": "BaggingClassifier"}