{"casual": {"precision": 0.391304347826087, "recall": 0.6206896551724138, "f1-score": 0.48, "support": 29}, "explosion": {"precision": 0.6086956521739131, "recall": 0.717948717948718, "f1-score": 0.6588235294117647, "support": 39}, "gunshot": {"precision": 0.0, "recall": 0.0, "f1-score": 0.0, "support": 21}, "siren": {"precision": 0.9230769230769231, "recall": 0.75, "f1-score": 0.8275862068965517, "support": 16}, "accuracy": 0.5523809523809524, "macro avg": {"precision": 0.4807692307692308, "recall": 0.5221595932802829, "f1-score": 0.49160243407707904, "support": 105}, "weighted avg": {"precision": 0.47482083134257047, "recall": 0.5523809523809524, "f1-score": 0.5033856853086062, "support": 105}, "classificador": "SGDClassifier"}