{"casual": {"precision": 0.3508771929824561, "recall": 0.6896551724137931, "f1-score": 0.46511627906976744, "support": 29}, "explosion": {"precision": 0.7666666666666667, "recall": 0.5897435897435898, "f1-score": 0.6666666666666667, "support": 39}, "gunshot": {"precision": 0.5, "recall": 0.047619047619047616, "f1-score": 0.08695652173913042, "support": 21}, "siren": {"precision": 0.8125, "recall": 0.8125, "f1-score": 0.8125, "support": 16}, "accuracy": 0.5428571428571428, "macro avg": {"precision": 0.6075109649122807, "recall": 0.5348794524441076, "f1-score": 0.5078098668688911, "support": 105}, "weighted avg": {"precision": 0.6054803675856307, "recall": 0.5428571428571428, "f1-score": 0.517280562376619, "support": 105}, "classificador": "LinearDiscriminantAnalysis"}