{"casual": {"precision": 0.4186046511627907, "recall": 0.6206896551724138, "f1-score": 0.5, "support": 29}, "explosion": {"precision": 0.8064516129032258, "recall": 0.6410256410256411, "f1-score": 0.7142857142857142, "support": 39}, "gunshot": {"precision": 0.8181818181818182, "recall": 0.42857142857142855, "f1-score": 0.5625, "support": 21}, "siren": {"precision": 0.65, "recall": 0.8125, "f1-score": 0.7222222222222223, "support": 16}, "accuracy": 0.6190476190476191, "macro avg": {"precision": 0.6733095205619587, "recall": 0.6256966811923709, "f1-score": 0.6247519841269842, "support": 105}, "weighted avg": {"precision": 0.6778377711310946, "recall": 0.6190476190476191, "f1-score": 0.6259542705971276, "support": 105}, "classificador": "SVC"}