{"casual": {"precision": 0.3114754098360656, "recall": 0.6551724137931034, "f1-score": 0.4222222222222222, "support": 29}, "explosion": {"precision": 0.78125, "recall": 0.6410256410256411, "f1-score": 0.7042253521126761, "support": 39}, "gunshot": {"precision": 0.0, "recall": 0.0, "f1-score": 0.0, "support": 21}, "siren": {"precision": 0.6666666666666666, "recall": 0.5, "f1-score": 0.5714285714285715, "support": 16}, "accuracy": 0.49523809523809526, "macro avg": {"precision": 0.43984801912568305, "recall": 0.44904951370468615, "f1-score": 0.4244690364408674, "support": 105}, "weighted avg": {"precision": 0.47779241478011963, "recall": 0.49523809523809526, "f1-score": 0.46525800304472337, "support": 105}, "classificador": "BaggingClassifier"}