{"casual": {"precision": 0.5526315789473685, "recall": 0.7241379310344828, "f1-score": 0.6268656716417911, "support": 29}, "explosion": {"precision": 0.775, "recall": 0.7948717948717948, "f1-score": 0.7848101265822786, "support": 39}, "gunshot": {"precision": 1.0, "recall": 0.5714285714285714, "f1-score": 0.7272727272727273, "support": 21}, "siren": {"precision": 0.9333333333333333, "recall": 0.875, "f1-score": 0.9032258064516129, "support": 16}, "accuracy": 0.7428571428571429, "macro avg": {"precision": 0.8152412280701755, "recall": 0.7413595743337122, "f1-score": 0.7605435829871026, "support": 105}, "weighted avg": {"precision": 0.7827109440267336, "recall": 0.7428571428571429, "f1-score": 0.7477241865740369, "support": 105}, "classificador": "SGDClassifier"}