{"casual": {"precision": 0.6153846153846154, "recall": 0.8275862068965517, "f1-score": 0.7058823529411765, "support": 29}, "explosion": {"precision": 0.8857142857142857, "recall": 0.7948717948717948, "f1-score": 0.8378378378378378, "support": 39}, "gunshot": {"precision": 0.9285714285714286, "recall": 0.6190476190476191, "f1-score": 0.742857142857143, "support": 21}, "siren": {"precision": 0.8823529411764706, "recall": 0.9375, "f1-score": 0.9090909090909091, "support": 16}, "accuracy": 0.7904761904761904, "macro avg": {"precision": 0.8280058177117001, "recall": 0.7947514052039915, "f1-score": 0.7989170606817666, "support": 105}, "weighted avg": {"precision": 0.8191110290269954, "recall": 0.7904761904761904, "f1-score": 0.7932544614897556, "support": 105}, "classificador": "SGDClassifier"}