{"casual": {"precision": 0.59375, "recall": 0.6551724137931034, "f1-score": 0.6229508196721311, "support": 29}, "explosion": {"precision": 0.9166666666666666, "recall": 0.8461538461538461, "f1-score": 0.8799999999999999, "support": 39}, "gunshot": {"precision": 0.9375, "recall": 0.7142857142857143, "f1-score": 0.8108108108108109, "support": 21}, "siren": {"precision": 0.7142857142857143, "recall": 0.9375, "f1-score": 0.8108108108108109, "support": 16}, "accuracy": 0.780952380952381, "macro avg": {"precision": 0.7905505952380952, "recall": 0.788277993558166, "f1-score": 0.7811431103234382, "support": 105}, "weighted avg": {"precision": 0.8008078231292517, "recall": 0.780952380952381, "f1-score": 0.7846245120999218, "support": 105}, "classificador": "LinearDiscriminantAnalysis"}