{"casual": {"precision": 0.5384615384615384, "recall": 0.7241379310344828, "f1-score": 0.6176470588235294, "support": 29}, "explosion": {"precision": 1.0, "recall": 0.6153846153846154, "f1-score": 0.761904761904762, "support": 39}, "gunshot": {"precision": 0.8, "recall": 0.7619047619047619, "f1-score": 0.7804878048780488, "support": 21}, "siren": {"precision": 0.7272727272727273, "recall": 1.0, "f1-score": 0.8421052631578948, "support": 16}, "accuracy": 0.7333333333333333, "macro avg": {"precision": 0.7664335664335664, "recall": 0.775356827080965, "f1-score": 0.7505362221910588, "support": 105}, "weighted avg": {"precision": 0.7909690309690309, "recall": 0.7333333333333333, "f1-score": 0.7379997955536515, "support": 105}, "classificador": "Perceptron"}