{"casual": {"precision": 0.631578947368421, "recall": 0.8275862068965517, "f1-score": 0.716417910447761, "support": 29}, "explosion": {"precision": 0.96875, "recall": 0.7948717948717948, "f1-score": 0.8732394366197183, "support": 39}, "gunshot": {"precision": 0.9375, "recall": 0.7142857142857143, "f1-score": 0.8108108108108109, "support": 21}, "siren": {"precision": 0.8421052631578947, "recall": 1.0, "f1-score": 0.9142857142857143, "support": 16}, "accuracy": 0.819047619047619, "macro avg": {"precision": 0.844983552631579, "recall": 0.8341859290135152, "f1-score": 0.828688468041001, "support": 105}, "weighted avg": {"precision": 0.850078320802005, "recall": 0.819047619047619, "f1-score": 0.8236957703500243, "support": 105}, "classificador": "LinearSVC"}