{"casual": {"precision": 0.525, "recall": 0.7241379310344828, "f1-score": 0.6086956521739131, "support": 29}, "explosion": {"precision": 0.725, "recall": 0.7435897435897436, "f1-score": 0.7341772151898733, "support": 39}, "gunshot": {"precision": 0.8, "recall": 0.38095238095238093, "f1-score": 0.5161290322580645, "support": 21}, "siren": {"precision": 0.9333333333333333, "recall": 0.875, "f1-score": 0.9032258064516129, "support": 16}, "accuracy": 0.6857142857142857, "macro avg": {"precision": 0.7458333333333333, "recall": 0.6809200138941518, "f1-score": 0.690556926518366, "support": 105}, "weighted avg": {"precision": 0.7165079365079365, "recall": 0.6857142857142857, "f1-score": 0.6816705512961305, "support": 105}, "classificador": "LinearSVC"}