{"casual": {"precision": 0.7352941176470589, "recall": 0.8620689655172413, "f1-score": 0.7936507936507937, "support": 29}, "explosion": {"precision": 0.9444444444444444, "recall": 0.8717948717948718, "f1-score": 0.9066666666666667, "support": 39}, "gunshot": {"precision": 0.8888888888888888, "recall": 0.7619047619047619, "f1-score": 0.8205128205128205, "support": 21}, "siren": {"precision": 0.8823529411764706, "recall": 0.9375, "f1-score": 0.9090909090909091, "support": 16}, "accuracy": 0.8571428571428571, "macro avg": {"precision": 0.8627450980392156, "recall": 0.8583171498042188, "f1-score": 0.8574802974802975, "support": 105}, "weighted avg": {"precision": 0.8661064425770307, "recall": 0.8571428571428571, "f1-score": 0.8585913980199695, "support": 105}, "classificador": "SVC"}