{"casual": {"precision": 0.5882352941176471, "recall": 0.6896551724137931, "f1-score": 0.6349206349206349, "support": 29}, "explosion": {"precision": 0.8, "recall": 0.717948717948718, "f1-score": 0.7567567567567569, "support": 39}, "gunshot": {"precision": 0.8421052631578947, "recall": 0.7619047619047619, "f1-score": 0.8, "support": 21}, "siren": {"precision": 0.8823529411764706, "recall": 0.9375, "f1-score": 0.9090909090909091, "support": 16}, "accuracy": 0.7523809523809524, "macro avg": {"precision": 0.7781733746130031, "recall": 0.7767521630668183, "f1-score": 0.7751920751920753, "support": 105}, "weighted avg": {"precision": 0.762482677281439, "recall": 0.7523809523809524, "f1-score": 0.7549682521111093, "support": 105}, "classificador": "SGDClassifier"}