{"casual": {"precision": 0.39285714285714285, "recall": 0.7586206896551724, "f1-score": 0.5176470588235293, "support": 29}, "explosion": {"precision": 0.8275862068965517, "recall": 0.6153846153846154, "f1-score": 0.7058823529411765, "support": 39}, "gunshot": {"precision": 1.0, "recall": 0.23809523809523808, "f1-score": 0.3846153846153846, "support": 21}, "siren": {"precision": 0.8666666666666667, "recall": 0.8125, "f1-score": 0.8387096774193549, "support": 16}, "accuracy": 0.6095238095238096, "macro avg": {"precision": 0.7717775041050904, "recall": 0.6061501357837564, "f1-score": 0.6117136184498614, "support": 105}, "weighted avg": {"precision": 0.7479560559856128, "recall": 0.6095238095238096, "f1-score": 0.6098805179640094, "support": 105}, "classificador": "BaggingClassifier"}