{"casual": {"precision": 0.40350877192982454, "recall": 0.7931034482758621, "f1-score": 0.5348837209302325, "support": 29}, "explosion": {"precision": 0.4827586206896552, "recall": 0.358974358974359, "f1-score": 0.4117647058823529, "support": 39}, "gunshot": {"precision": 1.0, "recall": 0.14285714285714285, "f1-score": 0.25, "support": 21}, "siren": {"precision": 0.875, "recall": 0.875, "f1-score": 0.875, "support": 16}, "accuracy": 0.5142857142857142, "macro avg": {"precision": 0.6903168481548699, "recall": 0.542483737526841, "f1-score": 0.5179121067031464, "support": 105}, "weighted avg": {"precision": 0.624088958027252, "recall": 0.5142857142857142, "f1-score": 0.4840042993941763, "support": 105}, "classificador": "SGDClassifier"}