{"casual": {"precision": 0.43333333333333335, "recall": 0.896551724137931, "f1-score": 0.5842696629213484, "support": 29}, "explosion": {"precision": 0.9523809523809523, "recall": 0.5128205128205128, "f1-score": 0.6666666666666666, "support": 39}, "gunshot": {"precision": 1.0, "recall": 0.38095238095238093, "f1-score": 0.5517241379310345, "support": 21}, "siren": {"precision": 0.875, "recall": 0.875, "f1-score": 0.875, "support": 16}, "accuracy": 0.6476190476190476, "macro avg": {"precision": 0.8151785714285714, "recall": 0.6663311544777062, "f1-score": 0.6694151168797624, "support": 105}, "weighted avg": {"precision": 0.8067573696145124, "recall": 0.6476190476190476, "f1-score": 0.652666924964484, "support": 105}, "classificador": "BaggingClassifier"}