{"casual": {"precision": 0.5952380952380952, "recall": 0.8620689655172413, "f1-score": 0.7042253521126761, "support": 29}, "explosion": {"precision": 0.8571428571428571, "recall": 0.46153846153846156, "f1-score": 0.6, "support": 39}, "gunshot": {"precision": 0.4444444444444444, "recall": 0.5714285714285714, "f1-score": 0.5, "support": 21}, "siren": {"precision": 0.9333333333333333, "recall": 0.875, "f1-score": 0.9032258064516129, "support": 16}, "accuracy": 0.6571428571428571, "macro avg": {"precision": 0.7075396825396825, "recall": 0.6925089996210685, "f1-score": 0.6768627896410723, "support": 105}, "weighted avg": {"precision": 0.7138775510204082, "recall": 0.6571428571428571, "f1-score": 0.6549918868046992, "support": 105}, "classificador": "KNeighborsClassifier"}