{"casual": {"precision": 0.5111111111111111, "recall": 0.7931034482758621, "f1-score": 0.6216216216216216, "support": 29}, "explosion": {"precision": 0.8695652173913043, "recall": 0.5128205128205128, "f1-score": 0.6451612903225806, "support": 39}, "gunshot": {"precision": 0.5555555555555556, "recall": 0.47619047619047616, "f1-score": 0.5128205128205129, "support": 21}, "siren": {"precision": 0.8421052631578947, "recall": 1.0, "f1-score": 0.9142857142857143, "support": 16}, "accuracy": 0.6571428571428571, "macro avg": {"precision": 0.6945842868039664, "recall": 0.6955286093217128, "f1-score": 0.6734722847626073, "support": 105}, "weighted avg": {"precision": 0.7035773007397721, "recall": 0.6571428571428571, "f1-score": 0.6532011385467608, "support": 105}, "classificador": "SVC"}