{"casual": {"precision": 0.4523809523809524, "recall": 0.6551724137931034, "f1-score": 0.5352112676056338, "support": 29}, "explosion": {"precision": 0.7948717948717948, "recall": 0.7948717948717948, "f1-score": 0.7948717948717948, "support": 39}, "gunshot": {"precision": 0.8888888888888888, "recall": 0.38095238095238093, "f1-score": 0.5333333333333333, "support": 21}, "siren": {"precision": 0.8666666666666667, "recall": 0.8125, "f1-score": 0.8387096774193549, "support": 16}, "accuracy": 0.6761904761904762, "macro avg": {"precision": 0.7507020757020757, "recall": 0.6608741474043198, "f1-score": 0.6755315183075292, "support": 105}, "weighted avg": {"precision": 0.7300226757369614, "recall": 0.6761904761904762, "f1-score": 0.677528396183553, "support": 105}, "classificador": "LinearDiscriminantAnalysis"}