{"casual": {"precision": 0.5897435897435898, "recall": 0.7931034482758621, "f1-score": 0.676470588235294, "support": 29}, "explosion": {"precision": 0.9166666666666666, "recall": 0.8461538461538461, "f1-score": 0.8799999999999999, "support": 39}, "gunshot": {"precision": 0.9166666666666666, "recall": 0.5238095238095238, "f1-score": 0.6666666666666667, "support": 21}, "siren": {"precision": 0.7777777777777778, "recall": 0.875, "f1-score": 0.823529411764706, "support": 16}, "accuracy": 0.7714285714285715, "macro avg": {"precision": 0.8002136752136751, "recall": 0.759516704559808, "f1-score": 0.7616666666666666, "support": 105}, "weighted avg": {"precision": 0.8052096052096052, "recall": 0.7714285714285715, "f1-score": 0.772515406162465, "support": 105}, "classificador": "BaggingClassifier"}