{"casual": {"precision": 0.625, "recall": 0.6896551724137931, "f1-score": 0.6557377049180328, "support": 29}, "explosion": {"precision": 0.8461538461538461, "recall": 0.5641025641025641, "f1-score": 0.676923076923077, "support": 39}, "gunshot": {"precision": 0.45454545454545453, "recall": 0.7142857142857143, "f1-score": 0.5555555555555556, "support": 21}, "siren": {"precision": 0.9285714285714286, "recall": 0.8125, "f1-score": 0.8666666666666666, "support": 16}, "accuracy": 0.6666666666666666, "macro avg": {"precision": 0.7135676823176824, "recall": 0.6951358627005179, "f1-score": 0.688720751015833, "support": 105}, "weighted avg": {"precision": 0.7193104514533086, "recall": 0.6666666666666666, "f1-score": 0.675711683580536, "support": 105}, "classificador": "KNeighborsClassifier"}