{"casual": {"precision": 0.5238095238095238, "recall": 0.7586206896551724, "f1-score": 0.6197183098591549, "support": 29}, "explosion": {"precision": 0.84, "recall": 0.5384615384615384, "f1-score": 0.6562499999999999, "support": 39}, "gunshot": {"precision": 0.5555555555555556, "recall": 0.47619047619047616, "f1-score": 0.5128205128205129, "support": 21}, "siren": {"precision": 0.8, "recall": 1.0, "f1-score": 0.888888888888889, "support": 16}, "accuracy": 0.6571428571428571, "macro avg": {"precision": 0.6798412698412699, "recall": 0.6933181760767968, "f1-score": 0.6694194278921392, "support": 105}, "weighted avg": {"precision": 0.6896870748299319, "recall": 0.6571428571428571, "f1-score": 0.6529241331177952, "support": 105}, "classificador": "SVC"}