{"casual": {"precision": 0.5, "recall": 0.7241379310344828, "f1-score": 0.591549295774648, "support": 29}, "explosion": {"precision": 0.6585365853658537, "recall": 0.6923076923076923, "f1-score": 0.675, "support": 39}, "gunshot": {"precision": 1.0, "recall": 0.3333333333333333, "f1-score": 0.5, "support": 21}, "siren": {"precision": 0.9333333333333333, "recall": 0.875, "f1-score": 0.9032258064516129, "support": 16}, "accuracy": 0.6571428571428571, "macro avg": {"precision": 0.7729674796747967, "recall": 0.6561947391688772, "f1-score": 0.6674437755565652, "support": 105}, "weighted avg": {"precision": 0.7249167634533489, "recall": 0.6571428571428571, "f1-score": 0.6517289760065771, "support": 105}, "classificador": "SGDClassifier"}