{"casual": {"precision": 0.48717948717948717, "recall": 0.6551724137931034, "f1-score": 0.5588235294117647, "support": 29}, "explosion": {"precision": 0.6041666666666666, "recall": 0.7435897435897436, "f1-score": 0.6666666666666667, "support": 39}, "gunshot": {"precision": 1.0, "recall": 0.047619047619047616, "f1-score": 0.0909090909090909, "support": 21}, "siren": {"precision": 0.8235294117647058, "recall": 0.875, "f1-score": 0.8484848484848485, "support": 16}, "accuracy": 0.6, "macro avg": {"precision": 0.728718891402715, "recall": 0.5803453012504737, "f1-score": 0.5412210338680927, "support": 105}, "weighted avg": {"precision": 0.6844492925375277, "recall": 0.6, "f1-score": 0.549435531788473, "support": 105}, "classificador": "SGDClassifier"}