{"casual": {"precision": 0.4666666666666667, "recall": 0.7241379310344828, "f1-score": 0.5675675675675675, "support": 29}, "explosion": {"precision": 0.6097560975609756, "recall": 0.6410256410256411, "f1-score": 0.625, "support": 39}, "gunshot": {"precision": 1.0, "recall": 0.19047619047619047, "f1-score": 0.32, "support": 21}, "siren": {"precision": 0.9333333333333333, "recall": 0.875, "f1-score": 0.9032258064516129, "support": 16}, "accuracy": 0.6095238095238096, "macro avg": {"precision": 0.7524390243902439, "recall": 0.6076599406340786, "f1-score": 0.6039483435047951, "support": 105}, "weighted avg": {"precision": 0.697591947348045, "recall": 0.6095238095238096, "f1-score": 0.5905340225017645, "support": 105}, "classificador": "SGDClassifier"}