{"casual": {"precision": 0.5348837209302325, "recall": 0.7931034482758621, "f1-score": 0.6388888888888888, "support": 29}, "explosion": {"precision": 0.84, "recall": 0.5384615384615384, "f1-score": 0.6562499999999999, "support": 39}, "gunshot": {"precision": 0.5555555555555556, "recall": 0.47619047619047616, "f1-score": 0.5128205128205129, "support": 21}, "siren": {"precision": 0.8421052631578947, "recall": 1.0, "f1-score": 0.9142857142857143, "support": 16}, "accuracy": 0.6666666666666666, "macro avg": {"precision": 0.6931361349109206, "recall": 0.7019388657319692, "f1-score": 0.6805612789987789, "support": 105}, "weighted avg": {"precision": 0.6991617027063782, "recall": 0.6666666666666666, "f1-score": 0.6620888569102855, "support": 105}, "classificador": "SVC"}