{"casual": {"precision": 0.5833333333333334, "recall": 0.7241379310344828, "f1-score": 0.6461538461538462, "support": 29}, "explosion": {"precision": 0.8571428571428571, "recall": 0.9230769230769231, "f1-score": 0.888888888888889, "support": 39}, "gunshot": {"precision": 0.9166666666666666, "recall": 0.5238095238095238, "f1-score": 0.6666666666666667, "support": 21}, "siren": {"precision": 0.9333333333333333, "recall": 0.875, "f1-score": 0.9032258064516129, "support": 16}, "accuracy": 0.780952380952381, "macro avg": {"precision": 0.8226190476190476, "recall": 0.7615060944802324, "f1-score": 0.7762338020402537, "support": 105}, "weighted avg": {"precision": 0.8050340136054421, "recall": 0.780952380952381, "f1-score": 0.7795880105557526, "support": 105}, "classificador": "BaggingClassifier"}