{"casual": {"precision": 0.53125, "recall": 0.5862068965517241, "f1-score": 0.5573770491803278, "support": 29}, "explosion": {"precision": 0.6530612244897959, "recall": 0.8205128205128205, "f1-score": 0.7272727272727272, "support": 39}, "gunshot": {"precision": 1.0, "recall": 0.2857142857142857, "f1-score": 0.4444444444444445, "support": 21}, "siren": {"precision": 0.7777777777777778, "recall": 0.875, "f1-score": 0.823529411764706, "support": 16}, "accuracy": 0.6571428571428571, "macro avg": {"precision": 0.7405222505668934, "recall": 0.6418585006947075, "f1-score": 0.6381559081655513, "support": 105}, "weighted avg": {"precision": 0.7078103066623473, "recall": 0.6571428571428571, "f1-score": 0.6384511877279476, "support": 105}, "classificador": "LinearSVC"}