{"casual": {"precision": 0.6, "recall": 0.8275862068965517, "f1-score": 0.6956521739130435, "support": 29}, "explosion": {"precision": 0.8695652173913043, "recall": 0.5128205128205128, "f1-score": 0.6451612903225806, "support": 39}, "gunshot": {"precision": 0.42857142857142855, "recall": 0.5714285714285714, "f1-score": 0.48979591836734687, "support": 21}, "siren": {"precision": 0.9285714285714286, "recall": 0.8125, "f1-score": 0.8666666666666666, "support": 16}, "accuracy": 0.6571428571428571, "macro avg": {"precision": 0.7066770186335404, "recall": 0.6810838227864089, "f1-score": 0.6743190123174093, "support": 105}, "weighted avg": {"precision": 0.7159065365276546, "recall": 0.6571428571428571, "f1-score": 0.6617865173184748, "support": 105}, "classificador": "KNeighborsClassifier"}