{"casual": {"precision": 0.8064516129032258, "recall": 0.8620689655172413, "f1-score": 0.8333333333333334, "support": 29}, "explosion": {"precision": 0.9210526315789473, "recall": 0.8974358974358975, "f1-score": 0.9090909090909091, "support": 39}, "gunshot": {"precision": 0.8888888888888888, "recall": 0.7619047619047619, "f1-score": 0.8205128205128205, "support": 21}, "siren": {"precision": 0.8888888888888888, "recall": 1.0, "f1-score": 0.9411764705882353, "support": 16}, "accuracy": 0.8761904761904762, "macro avg": {"precision": 0.8763205055649878, "recall": 0.8803524062144752, "f1-score": 0.8760283833813245, "support": 105}, "weighted avg": {"precision": 0.8780670313777275, "recall": 0.8761904761904762, "f1-score": 0.8753409988704106, "support": 105}, "classificador": "KNeighborsClassifier"}