{"casual": {"precision": 0.5862068965517241, "recall": 0.5862068965517241, "f1-score": 0.5862068965517241, "support": 29}, "explosion": {"precision": 0.7941176470588235, "recall": 0.6923076923076923, "f1-score": 0.7397260273972601, "support": 39}, "gunshot": {"precision": 0.6, "recall": 0.7142857142857143, "f1-score": 0.6521739130434783, "support": 21}, "siren": {"precision": 0.8823529411764706, "recall": 0.9375, "f1-score": 0.9090909090909091, "support": 16}, "accuracy": 0.7047619047619048, "macro avg": {"precision": 0.7156693711967546, "recall": 0.7325750757862827, "f1-score": 0.7217994365208429, "support": 105}, "weighted avg": {"precision": 0.7113165266106443, "recall": 0.7047619047619048, "f1-score": 0.7056230646462927, "support": 105}, "classificador": "LinearDiscriminantAnalysis"}