{"casual": {"precision": 0.7931034482758621, "recall": 0.7931034482758621, "f1-score": 0.7931034482758621, "support": 29}, "explosion": {"precision": 0.925, "recall": 0.9487179487179487, "f1-score": 0.9367088607594937, "support": 39}, "gunshot": {"precision": 0.9444444444444444, "recall": 0.8095238095238095, "f1-score": 0.8717948717948718, "support": 21}, "siren": {"precision": 0.8888888888888888, "recall": 1.0, "f1-score": 0.9411764705882353, "support": 16}, "accuracy": 0.8857142857142857, "macro avg": {"precision": 0.8878591954022989, "recall": 0.8878363016294051, "f1-score": 0.8856959128546158, "support": 105}, "weighted avg": {"precision": 0.886957671957672, "recall": 0.8857142857142857, "f1-score": 0.8847443943497555, "support": 105}, "classificador": "KNeighborsClassifier"}