{"casual": {"precision": 0.5384615384615384, "recall": 0.7241379310344828, "f1-score": 0.6176470588235294, "support": 29}, "explosion": {"precision": 0.8387096774193549, "recall": 0.6666666666666666, "f1-score": 0.7428571428571428, "support": 39}, "gunshot": {"precision": 0.875, "recall": 0.6666666666666666, "f1-score": 0.7567567567567567, "support": 21}, "siren": {"precision": 0.7894736842105263, "recall": 0.9375, "f1-score": 0.8571428571428572, "support": 16}, "accuracy": 0.7238095238095238, "macro avg": {"precision": 0.760411225022855, "recall": 0.748742816091954, "f1-score": 0.7436009538950715, "support": 105}, "weighted avg": {"precision": 0.755539437924837, "recall": 0.7238095238095238, "f1-score": 0.728470198890367, "support": 105}, "classificador": "SGDClassifier"}