{"casual": {"precision": 0.6666666666666666, "recall": 0.7586206896551724, "f1-score": 0.7096774193548386, "support": 29}, "explosion": {"precision": 0.868421052631579, "recall": 0.8461538461538461, "f1-score": 0.8571428571428572, "support": 39}, "gunshot": {"precision": 0.8125, "recall": 0.6190476190476191, "f1-score": 0.7027027027027026, "support": 21}, "siren": {"precision": 0.8333333333333334, "recall": 0.9375, "f1-score": 0.8823529411764706, "support": 16}, "accuracy": 0.7904761904761904, "macro avg": {"precision": 0.7952302631578948, "recall": 0.7903305387141594, "f1-score": 0.7879689800942172, "support": 105}, "weighted avg": {"precision": 0.7961675020885547, "recall": 0.7904761904761904, "f1-score": 0.7893678133851622, "support": 105}, "classificador": "SVC", "mediaTempoClassificacaoCadaAudio": 0.014208734603155228, "desvioTempoClassificacaoCadaAudio": 0.007099940185876097}