{"casual": {"precision": 0.59375, "recall": 0.6551724137931034, "f1-score": 0.6229508196721311, "support": 29}, "explosion": {"precision": 0.8461538461538461, "recall": 0.8461538461538461, "f1-score": 0.8461538461538461, "support": 39}, "gunshot": {"precision": 0.9285714285714286, "recall": 0.6190476190476191, "f1-score": 0.742857142857143, "support": 21}, "siren": {"precision": 0.75, "recall": 0.9375, "f1-score": 0.8333333333333334, "support": 16}, "accuracy": 0.7619047619047619, "macro avg": {"precision": 0.7796188186813187, "recall": 0.7644684697486421, "f1-score": 0.7613237855041134, "support": 105}, "weighted avg": {"precision": 0.7782738095238095, "recall": 0.7619047619047619, "f1-score": 0.7618943533697632, "support": 105}, "classificador": "SVC", "mediaTempoClassificacaoCadaAudio": 0.015300914219447544, "desvioTempoClassificacaoCadaAudio": 0.008409903168620367}