{"casual": {"precision": 0.6, "recall": 0.7241379310344828, "f1-score": 0.65625, "support": 29}, "explosion": {"precision": 0.8709677419354839, "recall": 0.6923076923076923, "f1-score": 0.7714285714285716, "support": 39}, "gunshot": {"precision": 0.8421052631578947, "recall": 0.7619047619047619, "f1-score": 0.8, "support": 21}, "siren": {"precision": 0.8, "recall": 1.0, "f1-score": 0.888888888888889, "support": 16}, "accuracy": 0.7619047619047619, "macro avg": {"precision": 0.7782682512733445, "recall": 0.7945875963117343, "f1-score": 0.7791418650793651, "support": 105}, "weighted avg": {"precision": 0.779542404398092, "recall": 0.7619047619047619, "f1-score": 0.7632303476946335, "support": 105}, "classificador": "Perceptron"}