{"casual": {"precision": 0.6388888888888888, "recall": 0.7931034482758621, "f1-score": 0.7076923076923076, "support": 29}, "explosion": {"precision": 0.918918918918919, "recall": 0.8717948717948718, "f1-score": 0.8947368421052632, "support": 39}, "gunshot": {"precision": 0.8, "recall": 0.5714285714285714, "f1-score": 0.6666666666666666, "support": 21}, "siren": {"precision": 0.8823529411764706, "recall": 0.9375, "f1-score": 0.9090909090909091, "support": 16}, "accuracy": 0.8, "macro avg": {"precision": 0.8100401872460695, "recall": 0.7934567228748264, "f1-score": 0.7945466813887866, "support": 105}, "weighted avg": {"precision": 0.8122215492803727, "recall": 0.8, "f1-score": 0.7996501743870166, "support": 105}, "classificador": "SVC"}