{"casual": {"precision": 0.6333333333333333, "recall": 0.6551724137931034, "f1-score": 0.6440677966101694, "support": 29}, "explosion": {"precision": 0.8529411764705882, "recall": 0.7435897435897436, "f1-score": 0.7945205479452054, "support": 39}, "gunshot": {"precision": 0.6521739130434783, "recall": 0.7142857142857143, "f1-score": 0.6818181818181819, "support": 21}, "siren": {"precision": 0.8333333333333334, "recall": 0.9375, "f1-score": 0.8823529411764706, "support": 16}, "accuracy": 0.7428571428571429, "macro avg": {"precision": 0.7429454390451834, "recall": 0.7626369679171403, "f1-score": 0.7506898668875068, "support": 105}, "weighted avg": {"precision": 0.7491462672025331, "recall": 0.7428571428571429, "f1-score": 0.7438104414148883, "support": 105}, "classificador": "LinearDiscriminantAnalysis"}