{"casual": {"precision": 0.5428571428571428, "recall": 0.6551724137931034, "f1-score": 0.5937499999999999, "support": 29}, "explosion": {"precision": 0.7419354838709677, "recall": 0.5897435897435898, "f1-score": 0.6571428571428573, "support": 39}, "gunshot": {"precision": 0.8888888888888888, "recall": 0.7619047619047619, "f1-score": 0.8205128205128205, "support": 21}, "siren": {"precision": 0.6666666666666666, "recall": 0.875, "f1-score": 0.7567567567567567, "support": 16}, "accuracy": 0.6857142857142857, "macro avg": {"precision": 0.7100870455709165, "recall": 0.7204551913603637, "f1-score": 0.7070406086031086, "support": 105}, "weighted avg": {"precision": 0.7048730890205545, "recall": 0.6857142857142857, "f1-score": 0.6874876073090359, "support": 105}, "classificador": "Perceptron"}