{"casual": {"precision": 0.5945945945945946, "recall": 0.7586206896551724, "f1-score": 0.6666666666666667, "support": 29}, "explosion": {"precision": 0.8181818181818182, "recall": 0.6923076923076923, "f1-score": 0.7500000000000001, "support": 39}, "gunshot": {"precision": 0.8421052631578947, "recall": 0.7619047619047619, "f1-score": 0.8, "support": 21}, "siren": {"precision": 0.8125, "recall": 0.8125, "f1-score": 0.8125, "support": 16}, "accuracy": 0.7428571428571429, "macro avg": {"precision": 0.7668454189835769, "recall": 0.7563332859669066, "f1-score": 0.7572916666666667, "support": 105}, "weighted avg": {"precision": 0.7603480445585709, "recall": 0.7428571428571429, "f1-score": 0.7465079365079366, "support": 105}, "classificador": "SGDClassifier"}