{"casual": {"precision": 0.5625, "recall": 0.6206896551724138, "f1-score": 0.5901639344262296, "support": 29}, "explosion": {"precision": 0.7096774193548387, "recall": 0.5641025641025641, "f1-score": 0.6285714285714286, "support": 39}, "gunshot": {"precision": 0.85, "recall": 0.8095238095238095, "f1-score": 0.8292682926829269, "support": 21}, "siren": {"precision": 0.6363636363636364, "recall": 0.875, "f1-score": 0.7368421052631579, "support": 16}, "accuracy": 0.6761904761904762, "macro avg": {"precision": 0.6896352639296187, "recall": 0.7173290071996969, "f1-score": 0.6962114402359357, "support": 105}, "weighted avg": {"precision": 0.6859213098729229, "recall": 0.6761904761904762, "f1-score": 0.6746014061256986, "support": 105}, "classificador": "Perceptron"}