{"casual": {"precision": 0.6428571428571429, "recall": 0.6206896551724138, "f1-score": 0.6315789473684211, "support": 29}, "explosion": {"precision": 0.8648648648648649, "recall": 0.8205128205128205, "f1-score": 0.8421052631578947, "support": 39}, "gunshot": {"precision": 0.9375, "recall": 0.7142857142857143, "f1-score": 0.8108108108108109, "support": 21}, "siren": {"precision": 0.6666666666666666, "recall": 1.0, "f1-score": 0.8, "support": 16}, "accuracy": 0.7714285714285715, "macro avg": {"precision": 0.7779721685971686, "recall": 0.7888720474927372, "f1-score": 0.7711237553342818, "support": 105}, "weighted avg": {"precision": 0.7878738432309862, "recall": 0.7714285714285715, "f1-score": 0.7712849691797059, "support": 105}, "classificador": "Perceptron"}