{"casual": {"precision": 0.5882352941176471, "recall": 0.6896551724137931, "f1-score": 0.6349206349206349, "support": 29}, "explosion": {"precision": 0.7857142857142857, "recall": 0.8461538461538461, "f1-score": 0.8148148148148148, "support": 39}, "gunshot": {"precision": 0.9230769230769231, "recall": 0.5714285714285714, "f1-score": 0.7058823529411765, "support": 21}, "siren": {"precision": 0.875, "recall": 0.875, "f1-score": 0.875, "support": 16}, "accuracy": 0.7523809523809524, "macro avg": {"precision": 0.7930066257272139, "recall": 0.7455593974990526, "f1-score": 0.7576544506691566, "support": 105}, "weighted avg": {"precision": 0.7722504386369933, "recall": 0.7523809523809524, "f1-score": 0.7525143390689609, "support": 105}, "classificador": "SGDClassifier"}