{"casual": {"precision": 0.6285714285714286, "recall": 0.7586206896551724, "f1-score": 0.6875, "support": 29}, "explosion": {"precision": 0.825, "recall": 0.8461538461538461, "f1-score": 0.8354430379746836, "support": 39}, "gunshot": {"precision": 0.9333333333333333, "recall": 0.6666666666666666, "f1-score": 0.7777777777777778, "support": 21}, "siren": {"precision": 0.9333333333333333, "recall": 0.875, "f1-score": 0.9032258064516129, "support": 16}, "accuracy": 0.7904761904761904, "macro avg": {"precision": 0.8300595238095239, "recall": 0.7866103006189212, "f1-score": 0.8009866555510186, "support": 105}, "weighted avg": {"precision": 0.8089229024943312, "recall": 0.7904761904761904, "f1-score": 0.793378330643541, "support": 105}, "classificador": "Perceptron"}