{"casual": {"precision": 0.6571428571428571, "recall": 0.7931034482758621, "f1-score": 0.71875, "support": 29}, "explosion": {"precision": 0.8421052631578947, "recall": 0.8205128205128205, "f1-score": 0.8311688311688312, "support": 39}, "gunshot": {"precision": 1.0, "recall": 0.6190476190476191, "f1-score": 0.7647058823529412, "support": 21}, "siren": {"precision": 0.7894736842105263, "recall": 0.9375, "f1-score": 0.8571428571428572, "support": 16}, "accuracy": 0.7904761904761904, "macro avg": {"precision": 0.8221804511278195, "recall": 0.7925409719590755, "f1-score": 0.7929418926661574, "support": 105}, "weighted avg": {"precision": 0.814579305406373, "recall": 0.7904761904761904, "f1-score": 0.7907851777074467, "support": 105}, "classificador": "Perceptron"}