{"casual": {"precision": 0.6764705882352942, "recall": 0.7931034482758621, "f1-score": 0.7301587301587301, "support": 29}, "explosion": {"precision": 0.8809523809523809, "recall": 0.9487179487179487, "f1-score": 0.9135802469135802, "support": 39}, "gunshot": {"precision": 0.8666666666666667, "recall": 0.6190476190476191, "f1-score": 0.7222222222222222, "support": 21}, "siren": {"precision": 0.9285714285714286, "recall": 0.8125, "f1-score": 0.8666666666666666, "support": 16}, "accuracy": 0.819047619047619, "macro avg": {"precision": 0.8381652661064427, "recall": 0.7933422540103574, "f1-score": 0.8081569664902998, "support": 105}, "weighted avg": {"precision": 0.8288755502200881, "recall": 0.819047619047619, "f1-score": 0.8175006298815821, "support": 105}, "classificador": "BaggingClassifier"}