{"casual": {"precision": 0.5945945945945946, "recall": 0.7586206896551724, "f1-score": 0.6666666666666667, "support": 29}, "explosion": {"precision": 0.868421052631579, "recall": 0.8461538461538461, "f1-score": 0.8571428571428572, "support": 39}, "gunshot": {"precision": 0.5, "recall": 0.5714285714285714, "f1-score": 0.5333333333333333, "support": 21}, "siren": {"precision": 0.8333333333333334, "recall": 0.3125, "f1-score": 0.45454545454545453, "support": 16}, "accuracy": 0.6857142857142857, "macro avg": {"precision": 0.6990872451398767, "recall": 0.6221757768093974, "f1-score": 0.627922077922078, "support": 105}, "weighted avg": {"precision": 0.7137618821829349, "recall": 0.6857142857142857, "f1-score": 0.6784250669964955, "support": 105}, "classificador": "KNeighborsClassifier"}