{"casual": {"precision": 0.5142857142857142, "recall": 0.6206896551724138, "f1-score": 0.5625, "support": 29}, "explosion": {"precision": 0.8620689655172413, "recall": 0.6410256410256411, "f1-score": 0.7352941176470588, "support": 39}, "gunshot": {"precision": 0.4, "recall": 0.09523809523809523, "f1-score": 0.15384615384615385, "support": 21}, "siren": {"precision": 0.4166666666666667, "recall": 0.9375, "f1-score": 0.5769230769230769, "support": 16}, "accuracy": 0.5714285714285714, "macro avg": {"precision": 0.5482553366174056, "recall": 0.5736133478590375, "f1-score": 0.5071408371040724, "support": 105}, "weighted avg": {"precision": 0.6057299241535694, "recall": 0.5714285714285714, "f1-score": 0.5471477052359406, "support": 105}, "classificador": "SGDClassifier"}