{"casual": {"precision": 0.5185185185185185, "recall": 0.4827586206896552, "f1-score": 0.5, "support": 29}, "explosion": {"precision": 0.7941176470588235, "recall": 0.6923076923076923, "f1-score": 0.7397260273972601, "support": 39}, "gunshot": {"precision": 0.37142857142857144, "recall": 0.6190476190476191, "f1-score": 0.4642857142857143, "support": 21}, "siren": {"precision": 0.6666666666666666, "recall": 0.375, "f1-score": 0.4800000000000001, "support": 16}, "accuracy": 0.5714285714285714, "macro avg": {"precision": 0.587682850918145, "recall": 0.5422784830112417, "f1-score": 0.5460029354207436, "support": 105}, "weighted avg": {"precision": 0.614040875609503, "recall": 0.5714285714285714, "f1-score": 0.5788506196999347, "support": 105}, "classificador": "LinearDiscriminantAnalysis"}