{"casual": {"precision": 0.5517241379310345, "recall": 0.5517241379310345, "f1-score": 0.5517241379310345, "support": 29}, "explosion": {"precision": 0.8181818181818182, "recall": 0.6923076923076923, "f1-score": 0.7500000000000001, "support": 39}, "gunshot": {"precision": 0.40625, "recall": 0.6190476190476191, "f1-score": 0.49056603773584906, "support": 21}, "siren": {"precision": 0.6363636363636364, "recall": 0.4375, "f1-score": 0.5185185185185185, "support": 16}, "accuracy": 0.6, "macro avg": {"precision": 0.6031298981191222, "recall": 0.5751448623215865, "f1-score": 0.5777021735463506, "support": 105}, "weighted avg": {"precision": 0.6344967532467533, "recall": 0.6, "f1-score": 0.6080779341785632, "support": 105}, "classificador": "LinearDiscriminantAnalysis"}