{"casual": {"precision": 0.5945945945945946, "recall": 0.7586206896551724, "f1-score": 0.6666666666666667, "support": 29}, "explosion": {"precision": 0.9032258064516129, "recall": 0.717948717948718, "f1-score": 0.8, "support": 39}, "gunshot": {"precision": 0.8421052631578947, "recall": 0.7619047619047619, "f1-score": 0.8, "support": 21}, "siren": {"precision": 0.8333333333333334, "recall": 0.9375, "f1-score": 0.8823529411764706, "support": 16}, "accuracy": 0.7714285714285715, "macro avg": {"precision": 0.793314749384359, "recall": 0.793993542377163, "f1-score": 0.7872549019607843, "support": 105}, "weighted avg": {"precision": 0.795110414804812, "recall": 0.7714285714285715, "f1-score": 0.7757236227824464, "support": 105}, "classificador": "SGDClassifier"}