{"casual": {"precision": 0.7419354838709677, "recall": 0.7931034482758621, "f1-score": 0.7666666666666667, "support": 29}, "explosion": {"precision": 0.9722222222222222, "recall": 0.8974358974358975, "f1-score": 0.9333333333333333, "support": 39}, "gunshot": {"precision": 0.8421052631578947, "recall": 0.7619047619047619, "f1-score": 0.8, "support": 21}, "siren": {"precision": 0.8421052631578947, "recall": 1.0, "f1-score": 0.9142857142857143, "support": 16}, "accuracy": 0.8571428571428571, "macro avg": {"precision": 0.8495920581022448, "recall": 0.8631110269041303, "f1-score": 0.8535714285714285, "support": 105}, "weighted avg": {"precision": 0.8627684803406365, "recall": 0.8571428571428571, "f1-score": 0.8577324263038549, "support": 105}, "classificador": "KNeighborsClassifier"}