{"casual": {"precision": 0.6486486486486487, "recall": 0.8275862068965517, "f1-score": 0.7272727272727273, "support": 29}, "explosion": {"precision": 0.8823529411764706, "recall": 0.7692307692307693, "f1-score": 0.8219178082191781, "support": 39}, "gunshot": {"precision": 0.9444444444444444, "recall": 0.8095238095238095, "f1-score": 0.8717948717948718, "support": 21}, "siren": {"precision": 0.9375, "recall": 0.9375, "f1-score": 0.9375, "support": 16}, "accuracy": 0.819047619047619, "macro avg": {"precision": 0.853236508567391, "recall": 0.8359601964127826, "f1-score": 0.8396213518216943, "support": 105}, "weighted avg": {"precision": 0.8386277033335857, "recall": 0.819047619047619, "f1-score": 0.8233656754204699, "support": 105}, "classificador": "SGDClassifier"}