{"casual": {"precision": 0.4888888888888889, "recall": 0.7586206896551724, "f1-score": 0.5945945945945945, "support": 29}, "explosion": {"precision": 0.7777777777777778, "recall": 0.5384615384615384, "f1-score": 0.6363636363636364, "support": 39}, "gunshot": {"precision": 0.8, "recall": 0.38095238095238093, "f1-score": 0.5161290322580645, "support": 21}, "siren": {"precision": 0.6956521739130435, "recall": 1.0, "f1-score": 0.8205128205128205, "support": 16}, "accuracy": 0.638095238095238, "macro avg": {"precision": 0.6905797101449275, "recall": 0.669508652267273, "f1-score": 0.6419000209322789, "support": 105}, "weighted avg": {"precision": 0.6899194847020933, "recall": 0.638095238095238, "f1-score": 0.6288413320671384, "support": 105}, "classificador": "Perceptron"}