{"casual": {"precision": 0.6052631578947368, "recall": 0.7931034482758621, "f1-score": 0.6865671641791046, "support": 29}, "explosion": {"precision": 0.75, "recall": 0.6153846153846154, "f1-score": 0.676056338028169, "support": 39}, "gunshot": {"precision": 0.7222222222222222, "recall": 0.6190476190476191, "f1-score": 0.6666666666666666, "support": 21}, "siren": {"precision": 0.7058823529411765, "recall": 0.75, "f1-score": 0.7272727272727272, "support": 16}, "accuracy": 0.6857142857142857, "macro avg": {"precision": 0.6958419332645339, "recall": 0.6943839206770241, "f1-score": 0.6891407240366668, "support": 105}, "weighted avg": {"precision": 0.6977468180254558, "recall": 0.6857142857142857, "f1-score": 0.6848857960062502, "support": 105}, "classificador": "SGDClassifier"}