{"casual": {"precision": 0.6785714285714286, "recall": 0.6551724137931034, "f1-score": 0.6666666666666666, "support": 29}, "explosion": {"precision": 0.7878787878787878, "recall": 0.6666666666666666, "f1-score": 0.7222222222222221, "support": 39}, "gunshot": {"precision": 0.4642857142857143, "recall": 0.6190476190476191, "f1-score": 0.5306122448979592, "support": 21}, "siren": {"precision": 0.75, "recall": 0.75, "f1-score": 0.75, "support": 16}, "accuracy": 0.6666666666666666, "macro avg": {"precision": 0.6701839826839827, "recall": 0.6727216748768473, "f1-score": 0.667375283446712, "support": 105}, "weighted avg": {"precision": 0.6871985157699444, "recall": 0.6666666666666666, "f1-score": 0.6727891156462584, "support": 105}, "classificador": "LinearDiscriminantAnalysis"}