{"casual": {"precision": 0.7037037037037037, "recall": 0.6551724137931034, "f1-score": 0.6785714285714286, "support": 29}, "explosion": {"precision": 0.9210526315789473, "recall": 0.8974358974358975, "f1-score": 0.9090909090909091, "support": 39}, "gunshot": {"precision": 0.6956521739130435, "recall": 0.7619047619047619, "f1-score": 0.7272727272727272, "support": 21}, "siren": {"precision": 0.8823529411764706, "recall": 0.9375, "f1-score": 0.9090909090909091, "support": 16}, "accuracy": 0.8095238095238095, "macro avg": {"precision": 0.8006903625930413, "recall": 0.8130032682834407, "f1-score": 0.8060064935064934, "support": 105}, "weighted avg": {"precision": 0.8100457404760362, "recall": 0.8095238095238095, "f1-score": 0.8090599876314162, "support": 105}, "classificador": "KNeighborsClassifier"}