{"casual": {"precision": 0.625, "recall": 0.8620689655172413, "f1-score": 0.7246376811594203, "support": 29}, "explosion": {"precision": 0.9310344827586207, "recall": 0.6923076923076923, "f1-score": 0.7941176470588235, "support": 39}, "gunshot": {"precision": 0.9411764705882353, "recall": 0.7619047619047619, "f1-score": 0.8421052631578947, "support": 21}, "siren": {"precision": 0.8421052631578947, "recall": 1.0, "f1-score": 0.9142857142857143, "support": 16}, "accuracy": 0.8, "macro avg": {"precision": 0.8348290541261876, "recall": 0.8290703549324239, "f1-score": 0.8187865764154632, "support": 105}, "weighted avg": {"precision": 0.8349879516234806, "recall": 0.8, "f1-score": 0.8028367899409954, "support": 105}, "classificador": "SGDClassifier"}