{"casual": {"precision": 0.6896551724137931, "recall": 0.6896551724137931, "f1-score": 0.6896551724137931, "support": 29}, "explosion": {"precision": 0.9166666666666666, "recall": 0.8461538461538461, "f1-score": 0.8799999999999999, "support": 39}, "gunshot": {"precision": 0.6956521739130435, "recall": 0.7619047619047619, "f1-score": 0.7272727272727272, "support": 21}, "siren": {"precision": 0.8235294117647058, "recall": 0.875, "f1-score": 0.8484848484848485, "support": 16}, "accuracy": 0.7904761904761904, "macro avg": {"precision": 0.7813758561895523, "recall": 0.7931784451181003, "f1-score": 0.7863531870428422, "support": 105}, "weighted avg": {"precision": 0.7955730118134209, "recall": 0.7904761904761904, "f1-score": 0.7920808080808079, "support": 105}, "classificador": "KNeighborsClassifier"}