{"casual": {"precision": 0.6486486486486487, "recall": 0.8275862068965517, "f1-score": 0.7272727272727273, "support": 29}, "explosion": {"precision": 0.9166666666666666, "recall": 0.8461538461538461, "f1-score": 0.8799999999999999, "support": 39}, "gunshot": {"precision": 0.7058823529411765, "recall": 0.5714285714285714, "f1-score": 0.6315789473684211, "support": 21}, "siren": {"precision": 0.9333333333333333, "recall": 0.875, "f1-score": 0.9032258064516129, "support": 16}, "accuracy": 0.7904761904761904, "macro avg": {"precision": 0.8011327503974564, "recall": 0.7800421561197424, "f1-score": 0.7855193702731903, "support": 105}, "weighted avg": {"precision": 0.8030254624372272, "recall": 0.7904761904761904, "f1-score": 0.7916731417987786, "support": 105}, "classificador": "KNeighborsClassifier"}