{"casual": {"precision": 0.7272727272727273, "recall": 0.8275862068965517, "f1-score": 0.7741935483870968, "support": 29}, "explosion": {"precision": 0.8918918918918919, "recall": 0.8461538461538461, "f1-score": 0.868421052631579, "support": 39}, "gunshot": {"precision": 0.7058823529411765, "recall": 0.5714285714285714, "f1-score": 0.6315789473684211, "support": 21}, "siren": {"precision": 0.8333333333333334, "recall": 0.9375, "f1-score": 0.8823529411764706, "support": 16}, "accuracy": 0.8, "macro avg": {"precision": 0.7895950763597823, "recall": 0.7956671561197424, "f1-score": 0.7891366223908919, "support": 105}, "weighted avg": {"precision": 0.8003005297122944, "recall": 0.8, "f1-score": 0.7971508467563597, "support": 105}, "classificador": "SVC"}