{"casual": {"precision": 0.6666666666666666, "recall": 0.7586206896551724, "f1-score": 0.7096774193548386, "support": 29}, "explosion": {"precision": 0.8918918918918919, "recall": 0.8461538461538461, "f1-score": 0.868421052631579, "support": 39}, "gunshot": {"precision": 0.6666666666666666, "recall": 0.5714285714285714, "f1-score": 0.6153846153846153, "support": 21}, "siren": {"precision": 0.8235294117647058, "recall": 0.875, "f1-score": 0.8484848484848485, "support": 16}, "accuracy": 0.7714285714285715, "macro avg": {"precision": 0.7621886592474827, "recall": 0.7628007768093974, "f1-score": 0.7604919839639704, "support": 105}, "weighted avg": {"precision": 0.7742246448128801, "recall": 0.7714285714285715, "f1-score": 0.7709323877405372, "support": 105}, "classificador": "KNeighborsClassifier"}