{"casual": {"precision": 0.696969696969697, "recall": 0.7931034482758621, "f1-score": 0.7419354838709677, "support": 29}, "explosion": {"precision": 0.8918918918918919, "recall": 0.8461538461538461, "f1-score": 0.868421052631579, "support": 39}, "gunshot": {"precision": 0.6666666666666666, "recall": 0.5714285714285714, "f1-score": 0.6153846153846153, "support": 21}, "siren": {"precision": 0.8823529411764706, "recall": 0.9375, "f1-score": 0.9090909090909091, "support": 16}, "accuracy": 0.7904761904761904, "macro avg": {"precision": 0.7844702991761815, "recall": 0.78704646646457, "f1-score": 0.7837080152445178, "support": 105}, "weighted avg": {"precision": 0.7915576386164622, "recall": 0.7904761904761904, "f1-score": 0.7890769671754393, "support": 105}, "classificador": "SVC"}