{"casual": {"precision": 0.6666666666666666, "recall": 0.9655172413793104, "f1-score": 0.7887323943661971, "support": 29}, "explosion": {"precision": 1.0, "recall": 0.6923076923076923, "f1-score": 0.8181818181818181, "support": 39}, "gunshot": {"precision": 0.9444444444444444, "recall": 0.8095238095238095, "f1-score": 0.8717948717948718, "support": 21}, "siren": {"precision": 0.8888888888888888, "recall": 1.0, "f1-score": 0.9411764705882353, "support": 16}, "accuracy": 0.8380952380952381, "macro avg": {"precision": 0.8749999999999999, "recall": 0.8668371858027031, "f1-score": 0.8549713887327806, "support": 105}, "weighted avg": {"precision": 0.8798941798941798, "recall": 0.8380952380952381, "f1-score": 0.8395128207887114, "support": 105}, "classificador": "SGDClassifier"}