{"casual": {"precision": 0.7575757575757576, "recall": 0.8620689655172413, "f1-score": 0.8064516129032258, "support": 29}, "explosion": {"precision": 0.9714285714285714, "recall": 0.8717948717948718, "f1-score": 0.9189189189189189, "support": 39}, "gunshot": {"precision": 0.9444444444444444, "recall": 0.8095238095238095, "f1-score": 0.8717948717948718, "support": 21}, "siren": {"precision": 0.8421052631578947, "recall": 1.0, "f1-score": 0.9142857142857143, "support": 16}, "accuracy": 0.8761904761904762, "macro avg": {"precision": 0.8788885091516669, "recall": 0.8858469117089807, "f1-score": 0.8778627794756827, "support": 105}, "weighted avg": {"precision": 0.8872612266597228, "recall": 0.8761904761904762, "f1-score": 0.8777256985551917, "support": 105}, "classificador": "KNeighborsClassifier"}