{"casual": {"precision": 0.6388888888888888, "recall": 0.7931034482758621, "f1-score": 0.7076923076923076, "support": 29}, "explosion": {"precision": 0.9375, "recall": 0.7692307692307693, "f1-score": 0.8450704225352113, "support": 39}, "gunshot": {"precision": 0.7894736842105263, "recall": 0.7142857142857143, "f1-score": 0.7500000000000001, "support": 21}, "siren": {"precision": 0.8333333333333334, "recall": 0.9375, "f1-score": 0.8823529411764706, "support": 16}, "accuracy": 0.7904761904761904, "macro avg": {"precision": 0.7997989766081871, "recall": 0.8035299829480864, "f1-score": 0.7962789178509974, "support": 105}, "weighted avg": {"precision": 0.8095481759955443, "recall": 0.7904761904761904, "f1-score": 0.7937949567692731, "support": 105}, "classificador": "Perceptron"}