{"casual": {"precision": 0.625, "recall": 0.6896551724137931, "f1-score": 0.6557377049180328, "support": 29}, "explosion": {"precision": 0.8378378378378378, "recall": 0.7948717948717948, "f1-score": 0.8157894736842105, "support": 39}, "gunshot": {"precision": 0.7894736842105263, "recall": 0.7142857142857143, "f1-score": 0.7500000000000001, "support": 21}, "siren": {"precision": 0.8823529411764706, "recall": 0.9375, "f1-score": 0.9090909090909091, "support": 16}, "accuracy": 0.7714285714285715, "macro avg": {"precision": 0.7836661158062087, "recall": 0.7840781703928256, "f1-score": 0.7826545219232881, "support": 105}, "weighted avg": {"precision": 0.776164477170669, "recall": 0.7714285714285715, "f1-score": 0.7726441663024924, "support": 105}, "classificador": "LinearDiscriminantAnalysis"}