{"casual": {"precision": 0.6111111111111112, "recall": 0.7586206896551724, "f1-score": 0.676923076923077, "support": 29}, "explosion": {"precision": 0.9032258064516129, "recall": 0.717948717948718, "f1-score": 0.8, "support": 39}, "gunshot": {"precision": 0.8333333333333334, "recall": 0.7142857142857143, "f1-score": 0.7692307692307692, "support": 21}, "siren": {"precision": 0.8, "recall": 1.0, "f1-score": 0.888888888888889, "support": 16}, "accuracy": 0.7714285714285715, "macro avg": {"precision": 0.7869175627240144, "recall": 0.7977137804724012, "f1-score": 0.7837606837606838, "support": 105}, "weighted avg": {"precision": 0.7928383683222393, "recall": 0.7714285714285715, "f1-score": 0.7733984533984535, "support": 105}, "classificador": "LinearDiscriminantAnalysis"}