{"gunshot": {"support": 21, "precision": 0.6521739130434783, "f1-score": 0.6818181818181819, "recall": 0.7142857142857143}, "accuracy": 0.7047619047619048, "casual": {"support": 29, "precision": 0.5333333333333333, "f1-score": 0.6486486486486487, "recall": 0.8275862068965517}, "classificador": "KNeighborsClassifier", "weighted avg": {"support": 105, "precision": 0.7739903381642512, "f1-score": 0.7138135352421067, "recall": 0.7047619047619048}, "explosion": {"support": 39, "precision": 0.96, "f1-score": 0.7500000000000001, "recall": 0.6153846153846154}, "siren": {"support": 16, "precision": 0.9166666666666666, "f1-score": 0.7857142857142857, "recall": 0.6875}, "macro avg": {"support": 105, "precision": 0.7655434782608695, "f1-score": 0.7165452790452791, "recall": 0.7111891341417204}}