{"casual": {"precision": 0.6052631578947368, "recall": 0.7931034482758621, "f1-score": 0.6865671641791046, "support": 29}, "explosion": {"precision": 0.8378378378378378, "recall": 0.7948717948717948, "f1-score": 0.8157894736842105, "support": 39}, "gunshot": {"precision": 1.0, "recall": 0.6666666666666666, "f1-score": 0.8, "support": 21}, "siren": {"precision": 0.875, "recall": 0.875, "f1-score": 0.875, "support": 16}, "accuracy": 0.780952380952381, "macro avg": {"precision": 0.8295252489331437, "recall": 0.7824104774535808, "f1-score": 0.7943391594658288, "support": 105}, "weighted avg": {"precision": 0.8116981643297433, "recall": 0.780952380952381, "f1-score": 0.7859641641416975, "support": 105}, "classificador": "SGDClassifier"}