{"casual": {"precision": 0.6470588235294118, "recall": 0.7586206896551724, "f1-score": 0.6984126984126984, "support": 29}, "explosion": {"precision": 0.9166666666666666, "recall": 0.8461538461538461, "f1-score": 0.8799999999999999, "support": 39}, "gunshot": {"precision": 1.0, "recall": 0.7142857142857143, "f1-score": 0.8333333333333333, "support": 21}, "siren": {"precision": 0.75, "recall": 0.9375, "f1-score": 0.8333333333333334, "support": 16}, "accuracy": 0.8095238095238095, "macro avg": {"precision": 0.8284313725490196, "recall": 0.8141400625236832, "f1-score": 0.8112698412698413, "support": 105}, "weighted avg": {"precision": 0.8334733893557423, "recall": 0.8095238095238095, "f1-score": 0.813402872260015, "support": 105}, "classificador": "SVC"}