{"casual": {"precision": 0.7272727272727273, "recall": 0.8275862068965517, "f1-score": 0.7741935483870968, "support": 29}, "explosion": {"precision": 0.9210526315789473, "recall": 0.8974358974358975, "f1-score": 0.9090909090909091, "support": 39}, "gunshot": {"precision": 0.8888888888888888, "recall": 0.7619047619047619, "f1-score": 0.8205128205128205, "support": 21}, "siren": {"precision": 0.9375, "recall": 0.9375, "f1-score": 0.9375, "support": 16}, "accuracy": 0.8571428571428571, "macro avg": {"precision": 0.8686785619351409, "recall": 0.8561067165593028, "f1-score": 0.8603243194977066, "support": 105}, "weighted avg": {"precision": 0.8636059846586163, "recall": 0.8571428571428571, "f1-score": 0.8584469294146713, "support": 105}, "classificador": "KNeighborsClassifier"}