{"casual": {"precision": 0.6, "recall": 0.8275862068965517, "f1-score": 0.6956521739130435, "support": 29}, "explosion": {"precision": 0.9285714285714286, "recall": 0.6666666666666666, "f1-score": 0.7761194029850746, "support": 39}, "gunshot": {"precision": 0.8421052631578947, "recall": 0.7619047619047619, "f1-score": 0.8, "support": 21}, "siren": {"precision": 0.8333333333333334, "recall": 0.9375, "f1-score": 0.8823529411764706, "support": 16}, "accuracy": 0.7714285714285715, "macro avg": {"precision": 0.8010025062656642, "recall": 0.7984144088669951, "f1-score": 0.7885311295186471, "support": 105}, "weighted avg": {"precision": 0.8060174245136651, "recall": 0.7714285714285715, "f1-score": 0.7748592077973304, "support": 105}, "classificador": "LinearSVC"}