{"casual": {"precision": 0.6341463414634146, "recall": 0.896551724137931, "f1-score": 0.7428571428571429, "support": 29}, "explosion": {"precision": 0.9032258064516129, "recall": 0.717948717948718, "f1-score": 0.8, "support": 39}, "gunshot": {"precision": 0.8823529411764706, "recall": 0.7142857142857143, "f1-score": 0.7894736842105262, "support": 21}, "siren": {"precision": 0.875, "recall": 0.875, "f1-score": 0.875, "support": 16}, "accuracy": 0.7904761904761904, "macro avg": {"precision": 0.8236812722728746, "recall": 0.8009465390930909, "f1-score": 0.8018327067669173, "support": 105}, "weighted avg": {"precision": 0.8204329725595981, "recall": 0.7904761904761904, "f1-score": 0.7935409953455067, "support": 105}, "classificador": "LinearSVC"}