{"casual": {"precision": 0.6363636363636364, "recall": 0.7241379310344828, "f1-score": 0.6774193548387097, "support": 29}, "explosion": {"precision": 0.9, "recall": 0.9230769230769231, "f1-score": 0.9113924050632911, "support": 39}, "gunshot": {"precision": 1.0, "recall": 0.6190476190476191, "f1-score": 0.7647058823529412, "support": 21}, "siren": {"precision": 0.7894736842105263, "recall": 0.9375, "f1-score": 0.8571428571428572, "support": 16}, "accuracy": 0.8095238095238095, "macro avg": {"precision": 0.8314593301435407, "recall": 0.8009406182897563, "f1-score": 0.8026651248494499, "support": 105}, "weighted avg": {"precision": 0.8303440419229894, "recall": 0.8095238095238095, "f1-score": 0.809167374585604, "support": 105}, "classificador": "BaggingClassifier"}