{"casual": {"precision": 0.5263157894736842, "recall": 0.6896551724137931, "f1-score": 0.5970149253731344, "support": 29}, "explosion": {"precision": 0.7948717948717948, "recall": 0.7948717948717948, "f1-score": 0.7948717948717948, "support": 39}, "gunshot": {"precision": 1.0, "recall": 0.5238095238095238, "f1-score": 0.6875000000000001, "support": 21}, "siren": {"precision": 0.8235294117647058, "recall": 0.875, "f1-score": 0.8484848484848485, "support": 16}, "accuracy": 0.7238095238095238, "macro avg": {"precision": 0.7861792490275461, "recall": 0.7208341227737779, "f1-score": 0.7319678921824445, "support": 105}, "weighted avg": {"precision": 0.7660916998378298, "recall": 0.7238095238095238, "f1-score": 0.7269208610626521, "support": 105}, "classificador": "SGDClassifier"}