{"casual": {"precision": 0.6388888888888888, "recall": 0.7931034482758621, "f1-score": 0.7076923076923076, "support": 29}, "explosion": {"precision": 1.0, "recall": 0.7435897435897436, "f1-score": 0.8529411764705882, "support": 39}, "gunshot": {"precision": 0.8888888888888888, "recall": 0.7619047619047619, "f1-score": 0.8205128205128205, "support": 21}, "siren": {"precision": 0.6818181818181818, "recall": 0.9375, "f1-score": 0.7894736842105263, "support": 16}, "accuracy": 0.7904761904761904, "macro avg": {"precision": 0.8023989898989898, "recall": 0.8090244884425919, "f1-score": 0.7926549972215606, "support": 105}, "weighted avg": {"precision": 0.8295574795574794, "recall": 0.7904761904761904, "f1-score": 0.7966679141292144, "support": 105}, "classificador": "Perceptron"}