{"casual": {"precision": 0.5641025641025641, "recall": 0.7586206896551724, "f1-score": 0.6470588235294118, "support": 29}, "explosion": {"precision": 0.967741935483871, "recall": 0.7692307692307693, "f1-score": 0.8571428571428572, "support": 39}, "gunshot": {"precision": 0.875, "recall": 0.6666666666666666, "f1-score": 0.7567567567567567, "support": 21}, "siren": {"precision": 0.7894736842105263, "recall": 0.9375, "f1-score": 0.8571428571428572, "support": 16}, "accuracy": 0.7714285714285715, "macro avg": {"precision": 0.7990795459492404, "recall": 0.7830045313881521, "f1-score": 0.7795253236429707, "support": 105}, "weighted avg": {"precision": 0.81054751228775, "recall": 0.7714285714285715, "f1-score": 0.7790424277819236, "support": 105}, "classificador": "LinearDiscriminantAnalysis"}