{"casual": {"precision": 0.5227272727272727, "recall": 0.7931034482758621, "f1-score": 0.6301369863013699, "support": 29}, "explosion": {"precision": 0.9, "recall": 0.6923076923076923, "f1-score": 0.7826086956521738, "support": 39}, "gunshot": {"precision": 1.0, "recall": 0.6190476190476191, "f1-score": 0.7647058823529412, "support": 21}, "siren": {"precision": 0.8333333333333334, "recall": 0.9375, "f1-score": 0.8823529411764706, "support": 16}, "accuracy": 0.7428571428571429, "macro avg": {"precision": 0.8140151515151516, "recall": 0.7604896899077933, "f1-score": 0.7649511263707389, "support": 105}, "weighted avg": {"precision": 0.8056421356421355, "recall": 0.7428571428571429, "f1-score": 0.7521160221086648, "support": 105}, "classificador": "LinearDiscriminantAnalysis"}