{"casual": {"precision": 0.5476190476190477, "recall": 0.7931034482758621, "f1-score": 0.647887323943662, "support": 29}, "explosion": {"precision": 0.9375, "recall": 0.7692307692307693, "f1-score": 0.8450704225352113, "support": 39}, "gunshot": {"precision": 1.0, "recall": 0.6190476190476191, "f1-score": 0.7647058823529412, "support": 21}, "siren": {"precision": 0.7777777777777778, "recall": 0.875, "f1-score": 0.823529411764706, "support": 16}, "accuracy": 0.7619047619047619, "macro avg": {"precision": 0.8157242063492063, "recall": 0.7640954591385626, "f1-score": 0.7702982601491302, "support": 105}, "weighted avg": {"precision": 0.817979969765684, "recall": 0.7619047619047619, "f1-score": 0.7712549808655856, "support": 105}, "classificador": "SGDClassifier"}