{"casual": {"precision": 0.5909090909090909, "recall": 0.896551724137931, "f1-score": 0.7123287671232877, "support": 29}, "explosion": {"precision": 0.9615384615384616, "recall": 0.6410256410256411, "f1-score": 0.7692307692307693, "support": 39}, "gunshot": {"precision": 0.8235294117647058, "recall": 0.6666666666666666, "f1-score": 0.7368421052631577, "support": 21}, "siren": {"precision": 0.8333333333333334, "recall": 0.9375, "f1-score": 0.8823529411764706, "support": 16}, "accuracy": 0.7619047619047619, "macro avg": {"precision": 0.8023275743863979, "recall": 0.7854360079575596, "f1-score": 0.7751886456984213, "support": 105}, "weighted avg": {"precision": 0.8120363296833886, "recall": 0.7619047619047619, "f1-score": 0.764274909675478, "support": 105}, "classificador": "Perceptron"}