{"casual": {"precision": 0.6666666666666666, "recall": 0.896551724137931, "f1-score": 0.7647058823529411, "support": 29}, "explosion": {"precision": 0.9375, "recall": 0.7692307692307693, "f1-score": 0.8450704225352113, "support": 39}, "gunshot": {"precision": 0.8888888888888888, "recall": 0.7619047619047619, "f1-score": 0.8205128205128205, "support": 21}, "siren": {"precision": 0.9375, "recall": 0.9375, "f1-score": 0.9375, "support": 16}, "accuracy": 0.8285714285714286, "macro avg": {"precision": 0.8576388888888888, "recall": 0.8412968138183655, "f1-score": 0.8419472813502432, "support": 105}, "weighted avg": {"precision": 0.8529761904761904, "recall": 0.8285714285714286, "f1-score": 0.8320474885512168, "support": 105}, "classificador": "KNeighborsClassifier"}