{"casual": {"precision": 0.6060606060606061, "recall": 0.6896551724137931, "f1-score": 0.6451612903225807, "support": 29}, "explosion": {"precision": 0.8648648648648649, "recall": 0.8205128205128205, "f1-score": 0.8421052631578947, "support": 39}, "gunshot": {"precision": 0.8235294117647058, "recall": 0.6666666666666666, "f1-score": 0.7368421052631577, "support": 21}, "siren": {"precision": 0.7777777777777778, "recall": 0.875, "f1-score": 0.823529411764706, "support": 16}, "accuracy": 0.7619047619047619, "macro avg": {"precision": 0.7680581651169887, "recall": 0.7629586648983201, "f1-score": 0.7619095176270848, "support": 105}, "weighted avg": {"precision": 0.7718480894951483, "recall": 0.7619047619047619, "f1-score": 0.7638279760121365, "support": 105}, "classificador": "SVC"}