{"casual": {"precision": 0.65, "recall": 0.896551724137931, "f1-score": 0.7536231884057972, "support": 29}, "explosion": {"precision": 0.9393939393939394, "recall": 0.7948717948717948, "f1-score": 0.8611111111111112, "support": 39}, "gunshot": {"precision": 1.0, "recall": 0.7619047619047619, "f1-score": 0.8648648648648648, "support": 21}, "siren": {"precision": 0.9375, "recall": 0.9375, "f1-score": 0.9375, "support": 16}, "accuracy": 0.8380952380952381, "macro avg": {"precision": 0.8817234848484848, "recall": 0.8477070702286219, "f1-score": 0.8542747910954434, "support": 105}, "weighted avg": {"precision": 0.8712987012987015, "recall": 0.8380952380952381, "f1-score": 0.8438149329453678, "support": 105}, "classificador": "LinearSVC"}