{"casual": {"precision": 0.625, "recall": 0.8620689655172413, "f1-score": 0.7246376811594203, "support": 29}, "explosion": {"precision": 0.90625, "recall": 0.7435897435897436, "f1-score": 0.8169014084507042, "support": 39}, "gunshot": {"precision": 1.0, "recall": 0.6666666666666666, "f1-score": 0.8, "support": 21}, "siren": {"precision": 0.8421052631578947, "recall": 1.0, "f1-score": 0.9142857142857143, "support": 16}, "accuracy": 0.8, "macro avg": {"precision": 0.8433388157894737, "recall": 0.8180813439434129, "f1-score": 0.8139562009739597, "support": 105}, "weighted avg": {"precision": 0.837546992481203, "recall": 0.8, "f1-score": 0.8028782772549723, "support": 105}, "classificador": "SGDClassifier"}