{"casual": {"precision": 0.78125, "recall": 0.8620689655172413, "f1-score": 0.8196721311475409, "support": 29}, "explosion": {"precision": 0.9024390243902439, "recall": 0.9487179487179487, "f1-score": 0.9249999999999999, "support": 39}, "gunshot": {"precision": 0.9411764705882353, "recall": 0.7619047619047619, "f1-score": 0.8421052631578947, "support": 21}, "siren": {"precision": 0.9333333333333333, "recall": 0.875, "f1-score": 0.9032258064516129, "support": 16}, "accuracy": 0.8761904761904762, "macro avg": {"precision": 0.8895497070779532, "recall": 0.861922919034988, "f1-score": 0.8725008001892621, "support": 105}, "weighted avg": {"precision": 0.8814229634943409, "recall": 0.8761904761904762, "f1-score": 0.8760125260268598, "support": 105}, "classificador": "KNeighborsClassifier"}