{"casual": {"precision": 0.7297297297297297, "recall": 0.9310344827586207, "f1-score": 0.8181818181818181, "support": 29}, "explosion": {"precision": 1.0, "recall": 0.8717948717948718, "f1-score": 0.9315068493150686, "support": 39}, "gunshot": {"precision": 0.9411764705882353, "recall": 0.7619047619047619, "f1-score": 0.8421052631578947, "support": 21}, "siren": {"precision": 0.8823529411764706, "recall": 0.9375, "f1-score": 0.9090909090909091, "support": 16}, "accuracy": 0.8761904761904762, "macro avg": {"precision": 0.888314785373609, "recall": 0.8755585291145636, "f1-score": 0.8752212099364226, "support": 105}, "weighted avg": {"precision": 0.895662048603225, "recall": 0.8761904761904762, "f1-score": 0.878911475450769, "support": 105}, "classificador": "KNeighborsClassifier"}