{"casual": {"precision": 0.5405405405405406, "recall": 0.6896551724137931, "f1-score": 0.6060606060606061, "support": 29}, "explosion": {"precision": 0.8125, "recall": 0.6666666666666666, "f1-score": 0.7323943661971831, "support": 39}, "gunshot": {"precision": 0.8823529411764706, "recall": 0.7142857142857143, "f1-score": 0.7894736842105262, "support": 21}, "siren": {"precision": 0.8421052631578947, "recall": 1.0, "f1-score": 0.9142857142857143, "support": 16}, "accuracy": 0.7333333333333333, "macro avg": {"precision": 0.7693746862187265, "recall": 0.7676518883415435, "f1-score": 0.7605535926885074, "support": 105}, "weighted avg": {"precision": 0.7558692538181703, "recall": 0.7333333333333333, "f1-score": 0.7366348252803829, "support": 105}, "classificador": "LinearDiscriminantAnalysis"}