{"casual": {"precision": 0.59375, "recall": 0.6551724137931034, "f1-score": 0.6229508196721311, "support": 29}, "explosion": {"precision": 0.7777777777777778, "recall": 0.717948717948718, "f1-score": 0.7466666666666666, "support": 39}, "gunshot": {"precision": 0.7777777777777778, "recall": 0.6666666666666666, "f1-score": 0.717948717948718, "support": 21}, "siren": {"precision": 0.7368421052631579, "recall": 0.875, "f1-score": 0.7999999999999999, "support": 16}, "accuracy": 0.7142857142857143, "macro avg": {"precision": 0.7215369152046783, "recall": 0.728696949602122, "f1-score": 0.7218915510718789, "support": 105}, "weighted avg": {"precision": 0.7207132414369255, "recall": 0.7142857142857143, "f1-score": 0.7148809223563322, "support": 105}, "classificador": "Perceptron"}