{"casual": {"precision": 0.5853658536585366, "recall": 0.8275862068965517, "f1-score": 0.6857142857142856, "support": 29}, "explosion": {"precision": 0.84, "recall": 0.5384615384615384, "f1-score": 0.6562499999999999, "support": 39}, "gunshot": {"precision": 0.7222222222222222, "recall": 0.6190476190476191, "f1-score": 0.6666666666666666, "support": 21}, "siren": {"precision": 0.6666666666666666, "recall": 0.875, "f1-score": 0.7567567567567567, "support": 16}, "accuracy": 0.6857142857142857, "macro avg": {"precision": 0.7035636856368563, "recall": 0.7150238411014274, "f1-score": 0.6913469272844271, "support": 105}, "weighted avg": {"precision": 0.719704219899342, "recall": 0.6857142857142857, "f1-score": 0.6817864037506893, "support": 105}, "classificador": "Perceptron"}