{"casual": {"precision": 0.7096774193548387, "recall": 0.7586206896551724, "f1-score": 0.7333333333333333, "support": 29}, "explosion": {"precision": 0.9230769230769231, "recall": 0.9230769230769231, "f1-score": 0.9230769230769231, "support": 39}, "gunshot": {"precision": 0.7, "recall": 0.6666666666666666, "f1-score": 0.6829268292682926, "support": 21}, "siren": {"precision": 0.8, "recall": 0.75, "f1-score": 0.7741935483870969, "support": 16}, "accuracy": 0.8, "macro avg": {"precision": 0.7831885856079404, "recall": 0.7745910698496905, "f1-score": 0.7783826585164115, "support": 105}, "weighted avg": {"precision": 0.8007680491551459, "recall": 0.8, "f1-score": 0.7999545414808987, "support": 105}, "classificador": "KNeighborsClassifier"}