{"casual": {"precision": 0.6551724137931034, "recall": 0.6551724137931034, "f1-score": 0.6551724137931034, "support": 29}, "explosion": {"precision": 0.7837837837837838, "recall": 0.7435897435897436, "f1-score": 0.7631578947368421, "support": 39}, "gunshot": {"precision": 0.7894736842105263, "recall": 0.7142857142857143, "f1-score": 0.7500000000000001, "support": 21}, "siren": {"precision": 0.75, "recall": 0.9375, "f1-score": 0.8333333333333334, "support": 16}, "accuracy": 0.7428571428571429, "macro avg": {"precision": 0.7446074704468534, "recall": 0.7626369679171403, "f1-score": 0.7504159104658198, "support": 105}, "weighted avg": {"precision": 0.7442525231998917, "recall": 0.7428571428571429, "f1-score": 0.7413951545530493, "support": 105}, "classificador": "Perceptron"}