{"casual": {"precision": 0.5454545454545454, "recall": 0.6206896551724138, "f1-score": 0.5806451612903226, "support": 29}, "explosion": {"precision": 0.7714285714285715, "recall": 0.6923076923076923, "f1-score": 0.7297297297297296, "support": 39}, "gunshot": {"precision": 0.7692307692307693, "recall": 0.47619047619047616, "f1-score": 0.588235294117647, "support": 21}, "siren": {"precision": 0.5833333333333334, "recall": 0.875, "f1-score": 0.7000000000000001, "support": 16}, "accuracy": 0.6571428571428571, "macro avg": {"precision": 0.6673618048618049, "recall": 0.6660469559176456, "f1-score": 0.6496525462844248, "support": 105}, "weighted avg": {"precision": 0.6799150056292913, "recall": 0.6571428571428571, "f1-score": 0.655724860127137, "support": 105}, "classificador": "SGDClassifier"}