{"casual": {"precision": 0.7241379310344828, "recall": 0.7241379310344828, "f1-score": 0.7241379310344829, "support": 29}, "explosion": {"precision": 0.9444444444444444, "recall": 0.8717948717948718, "f1-score": 0.9066666666666667, "support": 39}, "gunshot": {"precision": 0.8888888888888888, "recall": 0.7619047619047619, "f1-score": 0.8205128205128205, "support": 21}, "siren": {"precision": 0.7272727272727273, "recall": 1.0, "f1-score": 0.8421052631578948, "support": 16}, "accuracy": 0.8285714285714286, "macro avg": {"precision": 0.8211859979101359, "recall": 0.8394593911835291, "f1-score": 0.8233556703429662, "support": 105}, "weighted avg": {"precision": 0.8393939393939395, "recall": 0.8285714285714286, "f1-score": 0.8291852708694814, "support": 105}, "classificador": "SVC", "mediaTempoClassificacaoCadaAudio": 0.05247001875014532, "desvioTempoClassificacaoCadaAudio": 0.040091208061070444}