{"casual": {"precision": 0.5625, "recall": 0.6206896551724138, "f1-score": 0.5901639344262296, "support": 29}, "explosion": {"precision": 0.8620689655172413, "recall": 0.6410256410256411, "f1-score": 0.7352941176470588, "support": 39}, "gunshot": {"precision": 0.8, "recall": 0.19047619047619047, "f1-score": 0.3076923076923077, "support": 21}, "siren": {"precision": 0.41025641025641024, "recall": 1.0, "f1-score": 0.5818181818181819, "support": 16}, "accuracy": 0.6, "macro avg": {"precision": 0.6587063439434129, "recall": 0.6130478716685613, "f1-score": 0.5537421353959445, "support": 105}, "weighted avg": {"precision": 0.6980694497073807, "recall": 0.6, "f1-score": 0.5863033719735745, "support": 105}, "classificador": "SVC"}