{"classificador": "BaggingClassifier", "accuracy": 0.5238095238095238, "explosion": {"recall": 0.48717948717948717, "f1-score": 0.5352112676056338, "precision": 0.59375, "support": 39}, "siren": {"recall": 0.8125, "f1-score": 0.742857142857143, "precision": 0.6842105263157895, "support": 16}, "weighted avg": {"recall": 0.5238095238095238, "f1-score": 0.5080828315435961, "precision": 0.5918906321927266, "support": 105}, "gunshot": {"recall": 0.19047619047619047, "f1-score": 0.3076923076923077, "precision": 0.8, "support": 21}, "macro avg": {"recall": 0.5363320228621953, "f1-score": 0.5182350513336429, "precision": 0.6164289070891514, "support": 105}, "casual": {"recall": 0.6551724137931034, "f1-score": 0.48717948717948717, "precision": 0.3877551020408163, "support": 29}}