{"classificador": "BaggingClassifier", "accuracy": 0.5142857142857142, "explosion": {"recall": 0.41025641025641024, "f1-score": 0.4848484848484849, "precision": 0.5925925925925926, "support": 39}, "siren": {"recall": 0.5625, "f1-score": 0.6206896551724138, "precision": 0.6923076923076923, "support": 16}, "weighted avg": {"recall": 0.5142857142857142, "f1-score": 0.5079290441359408, "precision": 0.6332677993694944, "support": 105}, "gunshot": {"recall": 0.2857142857142857, "f1-score": 0.4444444444444445, "precision": 1.0, "support": 21}, "macro avg": {"recall": 0.5128935360616395, "f1-score": 0.5181774642981539, "precision": 0.6686826983437153, "support": 105}, "casual": {"recall": 0.7931034482758621, "f1-score": 0.5227272727272727, "precision": 0.3898305084745763, "support": 29}}