{"classificador": "KNeighborsClassifier", "accuracy": 0.6476190476190476, "explosion": {"recall": 0.5641025641025641, "f1-score": 0.6875, "precision": 0.88, "support": 39}, "siren": {"recall": 0.625, "f1-score": 0.7407407407407406, "precision": 0.9090909090909091, "support": 16}, "weighted avg": {"recall": 0.6476190476190476, "f1-score": 0.6553252467259559, "precision": 0.7131150709755361, "support": 105}, "gunshot": {"recall": 0.6190476190476191, "f1-score": 0.5531914893617021, "precision": 0.5, "support": 21}, "macro avg": {"recall": 0.6503134078565114, "f1-score": 0.6550802797478329, "precision": 0.7059936575052854, "support": 105}, "casual": {"recall": 0.7931034482758621, "f1-score": 0.6388888888888888, "precision": 0.5348837209302325, "support": 29}}