{"classificador": "KNeighborsClassifier", "accuracy": 0.6190476190476191, "explosion": {"recall": 0.4358974358974359, "f1-score": 0.5483870967741935, "precision": 0.7391304347826086, "support": 39}, "siren": {"recall": 0.8125, "f1-score": 0.8666666666666666, "precision": 0.9285714285714286, "support": 16}, "weighted avg": {"recall": 0.6190476190476191, "f1-score": 0.61513260245916, "precision": 0.6583467774461563, "support": 105}, "gunshot": {"recall": 0.5238095238095238, "f1-score": 0.4888888888888889, "precision": 0.4583333333333333, "support": 21}, "macro avg": {"recall": 0.6499482916508779, "f1-score": 0.6403692247262729, "precision": 0.667872435535479, "support": 105}, "casual": {"recall": 0.8275862068965517, "f1-score": 0.6575342465753425, "precision": 0.5454545454545454, "support": 29}}