{"classificador": "SGDClassifier", "accuracy": 0.6, "explosion": {"recall": 0.7692307692307693, "f1-score": 0.6741573033707865, "precision": 0.6, "support": 39}, "siren": {"recall": 0.875, "f1-score": 0.823529411764706, "precision": 0.7777777777777778, "support": 16}, "weighted avg": {"recall": 0.6, "f1-score": 0.5349102392063397, "precision": 0.4832032032032032, "support": 105}, "gunshot": {"recall": 0.0, "f1-score": 0.0, "precision": 0.0, "support": 21}, "macro avg": {"recall": 0.5748507957559682, "f1-score": 0.518361072723267, "precision": 0.47282282282282284, "support": 105}, "casual": {"recall": 0.6551724137931034, "f1-score": 0.5757575757575758, "precision": 0.5135135135135135, "support": 29}}