{"classificador": "BaggingClassifier", "accuracy": 0.5714285714285714, "explosion": {"recall": 0.5128205128205128, "f1-score": 0.6060606060606061, "precision": 0.7407407407407407, "support": 39}, "siren": {"recall": 0.6875, "f1-score": 0.6470588235294118, "precision": 0.6111111111111112, "support": 16}, "weighted avg": {"recall": 0.5714285714285714, "f1-score": 0.5643580713882005, "precision": 0.6595387840670859, "support": 105}, "gunshot": {"recall": 0.2857142857142857, "f1-score": 0.42857142857142855, "precision": 0.8571428571428571, "support": 21}, "macro avg": {"recall": 0.5697845617026651, "f1-score": 0.560666616979386, "precision": 0.6607392432864131, "support": 105}, "casual": {"recall": 0.7931034482758621, "f1-score": 0.5609756097560975, "precision": 0.4339622641509434, "support": 29}}