{"classificador": "SGDClassifier", "accuracy": 0.5333333333333333, "explosion": {"recall": 0.358974358974359, "f1-score": 0.417910447761194, "precision": 0.5, "support": 39}, "siren": {"recall": 0.9375, "f1-score": 0.8108108108108109, "precision": 0.7142857142857143, "support": 16}, "weighted avg": {"recall": 0.5333333333333333, "f1-score": 0.5114075830965068, "precision": 0.551295411781734, "support": 105}, "gunshot": {"recall": 0.2857142857142857, "f1-score": 0.4, "precision": 0.6666666666666666, "support": 21}, "macro avg": {"recall": 0.5765816439307818, "f1-score": 0.5453382093798433, "precision": 0.5819402228976697, "support": 105}, "casual": {"recall": 0.7241379310344828, "f1-score": 0.5526315789473684, "precision": 0.44680851063829785, "support": 29}}