{"classificador": "Perceptron", "accuracy": 0.5619047619047619, "explosion": {"recall": 0.6410256410256411, "f1-score": 0.5952380952380952, "precision": 0.5555555555555556, "support": 39}, "siren": {"recall": 0.8125, "f1-score": 0.7647058823529411, "precision": 0.7222222222222222, "support": 16}, "weighted avg": {"recall": 0.5619047619047619, "f1-score": 0.5274030358063971, "precision": 0.5382296582296582, "support": 105}, "gunshot": {"recall": 0.09523809523809523, "f1-score": 0.15384615384615385, "precision": 0.4, "support": 21}, "macro avg": {"recall": 0.55098403751421, "f1-score": 0.5223869267986915, "precision": 0.5478228228228228, "support": 105}, "casual": {"recall": 0.6551724137931034, "f1-score": 0.5757575757575758, "precision": 0.5135135135135135, "support": 29}}