{"classificador": "BaggingClassifier", "accuracy": 0.5333333333333333, "explosion": {"recall": 0.5384615384615384, "f1-score": 0.6666666666666667, "precision": 0.875, "support": 39}, "siren": {"recall": 0.5625, "f1-score": 0.6666666666666666, "precision": 0.8181818181818182, "support": 16}, "weighted avg": {"recall": 0.5333333333333333, "f1-score": 0.5083016756486144, "precision": 0.749744337787816, "support": 105}, "gunshot": {"recall": 0.047619047619047616, "f1-score": 0.0909090909090909, "precision": 1.0, "support": 21}, "macro avg": {"recall": 0.5026623878994569, "f1-score": 0.4836116264687693, "precision": 0.7638751646903821, "support": 105}, "casual": {"recall": 0.8620689655172413, "f1-score": 0.5102040816326531, "precision": 0.36231884057971014, "support": 29}}