{"classificador": "KNeighborsClassifier", "accuracy": 0.638095238095238, "explosion": {"recall": 0.4358974358974359, "f1-score": 0.6071428571428571, "precision": 1.0, "support": 39}, "siren": {"recall": 0.6875, "f1-score": 0.8148148148148148, "precision": 1.0, "support": 16}, "weighted avg": {"recall": 0.638095238095238, "f1-score": 0.6425477243155, "precision": 0.7655844155844156, "support": 105}, "gunshot": {"recall": 0.6666666666666666, "f1-score": 0.5185185185185185, "precision": 0.42424242424242425, "support": 21}, "macro avg": {"recall": 0.6630332670203359, "f1-score": 0.6563519243313765, "precision": 0.7481060606060607, "support": 105}, "casual": {"recall": 0.8620689655172413, "f1-score": 0.6849315068493151, "precision": 0.5681818181818182, "support": 29}}