{"classificador": "Perceptron", "accuracy": 0.4857142857142857, "explosion": {"recall": 0.358974358974359, "f1-score": 0.42424242424242425, "precision": 0.5185185185185185, "support": 39}, "siren": {"recall": 0.875, "f1-score": 0.7567567567567567, "precision": 0.6666666666666666, "support": 16}, "weighted avg": {"recall": 0.4857142857142857, "f1-score": 0.4777041809299874, "precision": 0.4864959114959115, "support": 105}, "gunshot": {"recall": 0.23809523809523808, "f1-score": 0.22222222222222224, "precision": 0.20833333333333334, "support": 21}, "macro avg": {"recall": 0.5231898130605027, "f1-score": 0.49596664112793143, "precision": 0.484743265993266, "support": 105}, "casual": {"recall": 0.6206896551724138, "f1-score": 0.5806451612903226, "precision": 0.5454545454545454, "support": 29}}