{"classificador": "KNeighborsClassifier", "accuracy": 0.6666666666666666, "explosion": {"recall": 0.5128205128205128, "f1-score": 0.6666666666666666, "precision": 0.9523809523809523, "support": 39}, "siren": {"recall": 0.6875, "f1-score": 0.8148148148148148, "precision": 1.0, "support": 16}, "weighted avg": {"recall": 0.6666666666666666, "f1-score": 0.6726822060155394, "precision": 0.7595616024187453, "support": 105}, "gunshot": {"recall": 0.6666666666666666, "f1-score": 0.5714285714285715, "precision": 0.5, "support": 21}, "macro avg": {"recall": 0.6822640362511052, "f1-score": 0.6821464321464322, "precision": 0.751984126984127, "support": 105}, "casual": {"recall": 0.8620689655172413, "f1-score": 0.6756756756756757, "precision": 0.5555555555555556, "support": 29}}