{"classificador": "BaggingClassifier", "accuracy": 0.6476190476190476, "explosion": {"recall": 0.6923076923076923, "f1-score": 0.7297297297297296, "precision": 0.7714285714285715, "support": 39}, "siren": {"recall": 0.5, "f1-score": 0.5925925925925926, "precision": 0.7272727272727273, "support": 16}, "weighted avg": {"recall": 0.6476190476190476, "f1-score": 0.6512276861203415, "precision": 0.6688254821259748, "support": 105}, "gunshot": {"recall": 0.6666666666666666, "f1-score": 0.56, "precision": 0.4827586206896552, "support": 21}, "macro avg": {"recall": 0.6285366931918656, "f1-score": 0.6315975297331229, "precision": 0.6536983131810719, "support": 105}, "casual": {"recall": 0.6551724137931034, "f1-score": 0.6440677966101694, "precision": 0.6333333333333333, "support": 29}}