{"classificador": "LinearSVC", "accuracy": 0.6285714285714286, "explosion": {"recall": 0.7948717948717948, "f1-score": 0.6966292134831461, "precision": 0.62, "support": 39}, "siren": {"recall": 0.9375, "f1-score": 0.8333333333333334, "precision": 0.75, "support": 16}, "weighted avg": {"recall": 0.6285714285714286, "f1-score": 0.5705050196221946, "precision": 0.6989131652661065, "support": 105}, "gunshot": {"recall": 0.047619047619047616, "f1-score": 0.0909090909090909, "precision": 1.0, "support": 21}, "macro avg": {"recall": 0.6087908140709866, "f1-score": 0.5560115602250434, "precision": 0.7322058823529412, "support": 105}, "casual": {"recall": 0.6551724137931034, "f1-score": 0.6031746031746031, "precision": 0.5588235294117647, "support": 29}}