{"classificador": "KNeighborsClassifier", "accuracy": 0.638095238095238, "explosion": {"recall": 0.48717948717948717, "f1-score": 0.6440677966101694, "precision": 0.95, "support": 39}, "siren": {"recall": 0.6875, "f1-score": 0.7586206896551724, "precision": 0.8461538461538461, "support": 16}, "weighted avg": {"recall": 0.638095238095238, "f1-score": 0.6440134311153766, "precision": 0.7270535732298123, "support": 105}, "gunshot": {"recall": 0.6666666666666666, "f1-score": 0.5384615384615384, "precision": 0.45161290322580644, "support": 21}, "macro avg": {"recall": 0.658612400530504, "f1-score": 0.6495732204674343, "precision": 0.7021855897839375, "support": 105}, "casual": {"recall": 0.7931034482758621, "f1-score": 0.6571428571428573, "precision": 0.5609756097560976, "support": 29}}