{"classificador": "Perceptron", "accuracy": 0.5142857142857142, "explosion": {"recall": 0.46153846153846156, "f1-score": 0.48000000000000004, "precision": 0.5, "support": 39}, "siren": {"recall": 0.8125, "f1-score": 0.787878787878788, "precision": 0.7647058823529411, "support": 16}, "weighted avg": {"recall": 0.5142857142857142, "f1-score": 0.49744396344396347, "precision": 0.5131674375176427, "support": 105}, "gunshot": {"recall": 0.19047619047619047, "f1-score": 0.26666666666666666, "precision": 0.4444444444444444, "support": 21}, "macro avg": {"recall": 0.5299217664519389, "f1-score": 0.5155808080808081, "precision": 0.5377526979784162, "support": 105}, "casual": {"recall": 0.6551724137931034, "f1-score": 0.5277777777777777, "precision": 0.4418604651162791, "support": 29}}