{"classificador": "LinearSVC", "accuracy": 0.49523809523809526, "explosion": {"recall": 0.3076923076923077, "f1-score": 0.3636363636363637, "precision": 0.4444444444444444, "support": 39}, "siren": {"recall": 0.875, "f1-score": 0.823529411764706, "precision": 0.7777777777777778, "support": 16}, "weighted avg": {"recall": 0.49523809523809526, "f1-score": 0.47715217931936205, "precision": 0.4826468054922227, "support": 105}, "gunshot": {"recall": 0.2857142857142857, "f1-score": 0.31578947368421056, "precision": 0.35294117647058826, "support": 21}, "macro avg": {"recall": 0.5395154414550967, "f1-score": 0.514627701160209, "precision": 0.5100699194406445, "support": 105}, "casual": {"recall": 0.6896551724137931, "f1-score": 0.5555555555555556, "precision": 0.46511627906976744, "support": 29}}