{"casual": {"precision": 0.5806451612903226, "recall": 0.6206896551724138, "f1-score": 0.6000000000000001, "support": 29}, "explosion": {"precision": 0.7380952380952381, "recall": 0.7948717948717948, "f1-score": 0.7654320987654322, "support": 39}, "gunshot": {"precision": 0.9090909090909091, "recall": 0.47619047619047616, "f1-score": 0.6249999999999999, "support": 21}, "siren": {"precision": 0.7619047619047619, "recall": 1.0, "f1-score": 0.8648648648648648, "support": 16}, "accuracy": 0.7142857142857143, "macro avg": {"precision": 0.7474340175953079, "recall": 0.7229379815586712, "f1-score": 0.7138242409075742, "support": 105}, "weighted avg": {"precision": 0.7324362785192278, "recall": 0.7142857142857143, "f1-score": 0.7068065684732352, "support": 105}, "classificador": "Perceptron"}