{"casual": {"precision": 0.47368421052631576, "recall": 0.6206896551724138, "f1-score": 0.5373134328358208, "support": 29}, "explosion": {"precision": 0.5833333333333334, "recall": 0.717948717948718, "f1-score": 0.6436781609195402, "support": 39}, "gunshot": {"precision": 1.0, "recall": 0.047619047619047616, "f1-score": 0.0909090909090909, "support": 21}, "siren": {"precision": 0.8333333333333334, "recall": 0.9375, "f1-score": 0.8823529411764706, "support": 16}, "accuracy": 0.5904761904761905, "macro avg": {"precision": 0.7225877192982456, "recall": 0.5809393551850448, "f1-score": 0.5385634064602306, "support": 105}, "weighted avg": {"precision": 0.6744778613199666, "recall": 0.5904761904761905, "f1-score": 0.5401169123430029, "support": 105}, "classificador": "SGDClassifier"}