{"casual": {"precision": 0.47058823529411764, "recall": 0.8275862068965517, "f1-score": 0.6, "support": 29}, "explosion": {"precision": 0.84375, "recall": 0.6923076923076923, "f1-score": 0.7605633802816902, "support": 39}, "gunshot": {"precision": 1.0, "recall": 0.47619047619047616, "f1-score": 0.6451612903225806, "support": 21}, "siren": {"precision": 0.75, "recall": 0.5625, "f1-score": 0.6428571428571429, "support": 16}, "accuracy": 0.6666666666666666, "macro avg": {"precision": 0.7660845588235294, "recall": 0.6396460938486801, "f1-score": 0.6621454533653534, "support": 105}, "weighted avg": {"precision": 0.7576505602240897, "recall": 0.6666666666666666, "f1-score": 0.6752006972711847, "support": 105}, "classificador": "BaggingClassifier"}