{"casual": {"precision": 0.6578947368421053, "recall": 0.8620689655172413, "f1-score": 0.746268656716418, "support": 29}, "explosion": {"precision": 0.9259259259259259, "recall": 0.6410256410256411, "f1-score": 0.7575757575757577, "support": 39}, "gunshot": {"precision": 0.56, "recall": 0.6666666666666666, "f1-score": 0.6086956521739131, "support": 21}, "siren": {"precision": 0.9333333333333333, "recall": 0.875, "f1-score": 0.9032258064516129, "support": 16}, "accuracy": 0.7428571428571429, "macro avg": {"precision": 0.7692884990253412, "recall": 0.7611903183023873, "f1-score": 0.7539414682294254, "support": 105}, "weighted avg": {"precision": 0.7798418267891953, "recall": 0.7428571428571429, "f1-score": 0.746871116086749, "support": 105}, "classificador": "KNeighborsClassifier"}