{"casual": {"precision": 0.5434782608695652, "recall": 0.8620689655172413, "f1-score": 0.6666666666666666, "support": 29}, "explosion": {"precision": 0.9230769230769231, "recall": 0.6153846153846154, "f1-score": 0.7384615384615384, "support": 39}, "gunshot": {"precision": 0.9333333333333333, "recall": 0.6666666666666666, "f1-score": 0.7777777777777778, "support": 21}, "siren": {"precision": 0.8888888888888888, "recall": 1.0, "f1-score": 0.9411764705882353, "support": 16}, "accuracy": 0.7523809523809524, "macro avg": {"precision": 0.8221943515421776, "recall": 0.7860300618921309, "f1-score": 0.7810206133735544, "support": 105}, "weighted avg": {"precision": 0.8150770646422821, "recall": 0.7523809523809524, "f1-score": 0.7573856209150326, "support": 105}, "classificador": "Perceptron"}