{"casual": {"precision": 0.631578947368421, "recall": 0.8275862068965517, "f1-score": 0.716417910447761, "support": 29}, "explosion": {"precision": 0.9032258064516129, "recall": 0.717948717948718, "f1-score": 0.8, "support": 39}, "gunshot": {"precision": 0.9444444444444444, "recall": 0.8095238095238095, "f1-score": 0.8717948717948718, "support": 21}, "siren": {"precision": 0.8888888888888888, "recall": 1.0, "f1-score": 0.9411764705882353, "support": 16}, "accuracy": 0.8095238095238095, "macro avg": {"precision": 0.8420345217883417, "recall": 0.8387646835922697, "f1-score": 0.832347313207717, "support": 105}, "weighted avg": {"precision": 0.8342585855319301, "recall": 0.8095238095238095, "f1-score": 0.8127870022865633, "support": 105}, "classificador": "SGDClassifier"}