{"casual": {"precision": 0.696969696969697, "recall": 0.7931034482758621, "f1-score": 0.7419354838709677, "support": 29}, "explosion": {"precision": 0.9459459459459459, "recall": 0.8974358974358975, "f1-score": 0.9210526315789475, "support": 39}, "gunshot": {"precision": 0.875, "recall": 0.6666666666666666, "f1-score": 0.7567567567567567, "support": 21}, "siren": {"precision": 0.7894736842105263, "recall": 0.9375, "f1-score": 0.8571428571428572, "support": 16}, "accuracy": 0.8285714285714286, "macro avg": {"precision": 0.8268473317815423, "recall": 0.8236765030946065, "f1-score": 0.8192219323373823, "support": 105}, "weighted avg": {"precision": 0.8391484957274431, "recall": 0.8285714285714286, "f1-score": 0.8289843740001394, "support": 105}, "classificador": "SVC"}