{"casual": {"precision": 0.7096774193548387, "recall": 0.7586206896551724, "f1-score": 0.7333333333333333, "support": 29}, "explosion": {"precision": 0.9024390243902439, "recall": 0.9487179487179487, "f1-score": 0.9249999999999999, "support": 39}, "gunshot": {"precision": 1.0, "recall": 0.7142857142857143, "f1-score": 0.8333333333333333, "support": 21}, "siren": {"precision": 0.7777777777777778, "recall": 0.875, "f1-score": 0.823529411764706, "support": 16}, "accuracy": 0.8380952380952381, "macro avg": {"precision": 0.8474735553807151, "recall": 0.8241560881647089, "f1-score": 0.8287990196078431, "support": 105}, "weighted avg": {"precision": 0.8497163005424218, "recall": 0.8380952380952381, "f1-score": 0.8382679738562091, "support": 105}, "classificador": "BaggingClassifier"}