{"casual": {"precision": 0.6666666666666666, "recall": 0.8275862068965517, "f1-score": 0.7384615384615385, "support": 29}, "explosion": {"precision": 0.9142857142857143, "recall": 0.8205128205128205, "f1-score": 0.8648648648648648, "support": 39}, "gunshot": {"precision": 0.8823529411764706, "recall": 0.7142857142857143, "f1-score": 0.7894736842105262, "support": 21}, "siren": {"precision": 0.8823529411764706, "recall": 0.9375, "f1-score": 0.9090909090909091, "support": 16}, "accuracy": 0.819047619047619, "macro avg": {"precision": 0.8364145658263306, "recall": 0.8249711854237717, "f1-score": 0.8254727491569597, "support": 105}, "weighted avg": {"precision": 0.8346431906095773, "recall": 0.819047619047619, "f1-score": 0.821614440561809, "support": 105}, "classificador": "LinearSVC"}