{"casual": {"precision": 0.5121951219512195, "recall": 0.7241379310344828, "f1-score": 0.6000000000000001, "support": 29}, "explosion": {"precision": 0.9629629629629629, "recall": 0.6666666666666666, "f1-score": 0.7878787878787878, "support": 39}, "gunshot": {"precision": 0.8, "recall": 0.5714285714285714, "f1-score": 0.6666666666666666, "support": 21}, "siren": {"precision": 0.7272727272727273, "recall": 1.0, "f1-score": 0.8421052631578948, "support": 16}, "accuracy": 0.7142857142857143, "macro avg": {"precision": 0.7506077030467275, "recall": 0.7405582922824302, "f1-score": 0.7241626794258373, "support": 105}, "weighted avg": {"precision": 0.7699578831286148, "recall": 0.7142857142857143, "f1-score": 0.7200091136933242, "support": 105}, "classificador": "Perceptron"}