{"casual": {"precision": 0.6666666666666666, "recall": 0.7586206896551724, "f1-score": 0.7096774193548386, "support": 29}, "explosion": {"precision": 0.918918918918919, "recall": 0.8717948717948718, "f1-score": 0.8947368421052632, "support": 39}, "gunshot": {"precision": 1.0, "recall": 0.7142857142857143, "f1-score": 0.8333333333333333, "support": 21}, "siren": {"precision": 0.75, "recall": 0.9375, "f1-score": 0.8333333333333334, "support": 16}, "accuracy": 0.819047619047619, "macro avg": {"precision": 0.8338963963963963, "recall": 0.8205503189339396, "f1-score": 0.8177702320316921, "support": 105}, "weighted avg": {"precision": 0.8397254397254397, "recall": 0.819047619047619, "f1-score": 0.8219877651117039, "support": 105}, "classificador": "SVC"}