{"casual": {"precision": 0.6060606060606061, "recall": 0.6896551724137931, "f1-score": 0.6451612903225807, "support": 29}, "explosion": {"precision": 0.8484848484848485, "recall": 0.717948717948718, "f1-score": 0.7777777777777778, "support": 39}, "gunshot": {"precision": 0.8, "recall": 0.7619047619047619, "f1-score": 0.7804878048780488, "support": 21}, "siren": {"precision": 0.8421052631578947, "recall": 1.0, "f1-score": 0.9142857142857143, "support": 16}, "accuracy": 0.7619047619047619, "macro avg": {"precision": 0.7741626794258374, "recall": 0.7923771630668183, "f1-score": 0.7794281468160303, "support": 105}, "weighted avg": {"precision": 0.7708604845446951, "recall": 0.7619047619047619, "f1-score": 0.7624935817495108, "support": 105}, "classificador": "SGDClassifier"}