{"casual": {"precision": 0.78125, "recall": 0.8620689655172413, "f1-score": 0.8196721311475409, "support": 29}, "explosion": {"precision": 0.9024390243902439, "recall": 0.9487179487179487, "f1-score": 0.9249999999999999, "support": 39}, "gunshot": {"precision": 1.0, "recall": 0.7619047619047619, "f1-score": 0.8648648648648648, "support": 21}, "siren": {"precision": 0.875, "recall": 0.875, "f1-score": 0.875, "support": 16}, "accuracy": 0.8761904761904762, "macro avg": {"precision": 0.889672256097561, "recall": 0.861922919034988, "f1-score": 0.8711342490031014, "support": 105}, "weighted avg": {"precision": 0.8842987804878049, "recall": 0.8761904761904762, "f1-score": 0.8762633710994365, "support": 105}, "classificador": "KNeighborsClassifier"}