{"casual": {"precision": 0.6363636363636364, "recall": 0.7241379310344828, "f1-score": 0.6774193548387097, "support": 29}, "explosion": {"precision": 0.8888888888888888, "recall": 0.6153846153846154, "f1-score": 0.7272727272727274, "support": 39}, "gunshot": {"precision": 0.6153846153846154, "recall": 0.7619047619047619, "f1-score": 0.6808510638297872, "support": 21}, "siren": {"precision": 0.8421052631578947, "recall": 1.0, "f1-score": 0.9142857142857143, "support": 16}, "accuracy": 0.7333333333333333, "macro avg": {"precision": 0.7456856009487588, "recall": 0.775356827080965, "f1-score": 0.7499572150567346, "support": 105}, "weighted avg": {"precision": 0.7573140309982416, "recall": 0.7333333333333333, "f1-score": 0.7327165849805325, "support": 105}, "classificador": "Perceptron"}