{"casual": {"precision": 0.43902439024390244, "recall": 0.6206896551724138, "f1-score": 0.5142857142857142, "support": 29}, "explosion": {"precision": 0.7352941176470589, "recall": 0.6410256410256411, "f1-score": 0.6849315068493151, "support": 39}, "gunshot": {"precision": 0.6153846153846154, "recall": 0.38095238095238093, "f1-score": 0.47058823529411764, "support": 21}, "siren": {"precision": 0.8235294117647058, "recall": 0.875, "f1-score": 0.8484848484848485, "support": 16}, "accuracy": 0.6190476190476191, "macro avg": {"precision": 0.6533081337600706, "recall": 0.6294169192876089, "f1-score": 0.6295725762284989, "support": 105}, "weighted avg": {"precision": 0.6429307182535303, "recall": 0.6190476190476191, "f1-score": 0.6198545237937433, "support": 105}, "classificador": "LinearSVC"}