{"casual": {"precision": 0.3116883116883117, "recall": 0.8275862068965517, "f1-score": 0.4528301886792453, "support": 29}, "explosion": {"precision": 0.8333333333333334, "recall": 0.5128205128205128, "f1-score": 0.6349206349206349, "support": 39}, "gunshot": {"precision": 0.0, "recall": 0.0, "f1-score": 0.0, "support": 21}, "siren": {"precision": 0.75, "recall": 0.1875, "f1-score": 0.3, "support": 16}, "accuracy": 0.44761904761904764, "macro avg": {"precision": 0.47375541125541126, "recall": 0.3819766799292661, "f1-score": 0.34693770589997003, "support": 105}, "weighted avg": {"precision": 0.5098948670377242, "recall": 0.44761904761904764, "f1-score": 0.40660933555812256, "support": 105}, "classificador": "BaggingClassifier"}