{"casual": {"precision": 0.375, "recall": 0.7241379310344828, "f1-score": 0.4941176470588236, "support": 29}, "explosion": {"precision": 0.75, "recall": 0.6153846153846154, "f1-score": 0.676056338028169, "support": 39}, "gunshot": {"precision": 0.0, "recall": 0.0, "f1-score": 0.0, "support": 21}, "siren": {"precision": 0.6470588235294118, "recall": 0.6875, "f1-score": 0.6666666666666667, "support": 16}, "accuracy": 0.5333333333333333, "macro avg": {"precision": 0.4430147058823529, "recall": 0.5067556366047745, "f1-score": 0.4592101629384148, "support": 105}, "weighted avg": {"precision": 0.4807422969187675, "recall": 0.5333333333333333, "f1-score": 0.48916452966162993, "support": 105}, "classificador": "SGDClassifier"}