{"casual": {"precision": 0.4146341463414634, "recall": 0.5862068965517241, "f1-score": 0.48571428571428565, "support": 29}, "explosion": {"precision": 0.7428571428571429, "recall": 0.6666666666666666, "f1-score": 0.7027027027027027, "support": 39}, "gunshot": {"precision": 0.0, "recall": 0.0, "f1-score": 0.0, "support": 21}, "siren": {"precision": 0.56, "recall": 0.875, "f1-score": 0.6829268292682927, "support": 16}, "accuracy": 0.5428571428571428, "macro avg": {"precision": 0.42937282229965157, "recall": 0.5319683908045977, "f1-score": 0.4678359544213203, "support": 105}, "weighted avg": {"precision": 0.47576970300315247, "recall": 0.5428571428571428, "f1-score": 0.49921856151821314, "support": 105}, "classificador": "Perceptron"}