{"casual": {"precision": 0.3620689655172414, "recall": 0.7241379310344828, "f1-score": 0.4827586206896552, "support": 29}, "explosion": {"precision": 0.8235294117647058, "recall": 0.717948717948718, "f1-score": 0.767123287671233, "support": 39}, "gunshot": {"precision": 1.0, "recall": 0.047619047619047616, "f1-score": 0.0909090909090909, "support": 21}, "siren": {"precision": 0.5833333333333334, "recall": 0.4375, "f1-score": 0.5, "support": 16}, "accuracy": 0.5428571428571428, "macro avg": {"precision": 0.6922329276538202, "recall": 0.4818014241505621, "f1-score": 0.46019774981749473, "support": 105}, "weighted avg": {"precision": 0.6947712418300653, "recall": 0.5428571428571428, "f1-score": 0.5126371345549428, "support": 105}, "classificador": "LinearDiscriminantAnalysis"}