{"casual": {"precision": 0.3548387096774194, "recall": 0.7586206896551724, "f1-score": 0.4835164835164835, "support": 29}, "explosion": {"precision": 0.8484848484848485, "recall": 0.717948717948718, "f1-score": 0.7777777777777778, "support": 39}, "gunshot": {"precision": 0.0, "recall": 0.0, "f1-score": 0.0, "support": 21}, "siren": {"precision": 0.6, "recall": 0.375, "f1-score": 0.4615384615384615, "support": 16}, "accuracy": 0.5333333333333333, "macro avg": {"precision": 0.45083088954056694, "recall": 0.46289235190097255, "f1-score": 0.4307081807081807, "support": 105}, "weighted avg": {"precision": 0.5045831587767072, "recall": 0.5333333333333333, "f1-score": 0.4927612070469214, "support": 105}, "classificador": "LinearDiscriminantAnalysis"}