{"casual": {"precision": 0.2911392405063291, "recall": 0.7931034482758621, "f1-score": 0.42592592592592593, "support": 29}, "explosion": {"precision": 0.8181818181818182, "recall": 0.46153846153846156, "f1-score": 0.5901639344262295, "support": 39}, "gunshot": {"precision": 0.0, "recall": 0.0, "f1-score": 0.0, "support": 21}, "siren": {"precision": 0.5, "recall": 0.125, "f1-score": 0.2, "support": 16}, "accuracy": 0.4095238095238095, "macro avg": {"precision": 0.4023302646720368, "recall": 0.34491047745358094, "f1-score": 0.3040224650880388, "support": 105}, "weighted avg": {"precision": 0.4604964655597567, "recall": 0.4095238095238095, "f1-score": 0.36731662185214103, "support": 105}, "classificador": "BaggingClassifier"}