{"casual": {"precision": 0.30666666666666664, "recall": 0.7931034482758621, "f1-score": 0.4423076923076923, "support": 29}, "explosion": {"precision": 0.84, "recall": 0.5384615384615384, "f1-score": 0.6562499999999999, "support": 39}, "gunshot": {"precision": 0.0, "recall": 0.0, "f1-score": 0.0, "support": 21}, "siren": {"precision": 0.6, "recall": 0.1875, "f1-score": 0.2857142857142857, "support": 16}, "accuracy": 0.44761904761904764, "macro avg": {"precision": 0.43666666666666665, "recall": 0.3797662466843501, "f1-score": 0.3460679945054944, "support": 105}, "weighted avg": {"precision": 0.4881269841269841, "recall": 0.44761904761904764, "f1-score": 0.4094485871271585, "support": 105}, "classificador": "BaggingClassifier"}