{"casual": {"precision": 0.4583333333333333, "recall": 0.7586206896551724, "f1-score": 0.5714285714285715, "support": 29}, "explosion": {"precision": 0.9629629629629629, "recall": 0.6666666666666666, "f1-score": 0.7878787878787878, "support": 39}, "gunshot": {"precision": 0.4074074074074074, "recall": 0.5238095238095238, "f1-score": 0.4583333333333333, "support": 21}, "siren": {"precision": 0.6666666666666666, "recall": 0.125, "f1-score": 0.21052631578947367, "support": 16}, "accuracy": 0.580952380952381, "macro avg": {"precision": 0.6238425925925926, "recall": 0.5185242200328407, "f1-score": 0.5070417521075415, "support": 105}, "weighted avg": {"precision": 0.6673280423280423, "recall": 0.580952380952381, "f1-score": 0.5742106890603131, "support": 105}, "classificador": "KNeighborsClassifier"}