{"casual": {"precision": 0.40298507462686567, "recall": 0.9310344827586207, "f1-score": 0.5625, "support": 29}, "explosion": {"precision": 0.9444444444444444, "recall": 0.4358974358974359, "f1-score": 0.5964912280701755, "support": 39}, "gunshot": {"precision": 0.631578947368421, "recall": 0.5714285714285714, "f1-score": 0.6, "support": 21}, "siren": {"precision": 1.0, "recall": 0.0625, "f1-score": 0.11764705882352941, "support": 16}, "accuracy": 0.5428571428571428, "macro avg": {"precision": 0.7447521166099328, "recall": 0.5002151225211571, "f1-score": 0.46915957172342626, "support": 105}, "weighted avg": {"precision": 0.7407910323071359, "recall": 0.5428571428571428, "f1-score": 0.5148381984372697, "support": 105}, "classificador": "KNeighborsClassifier"}