{"casual": {"precision": 0.3584905660377358, "recall": 0.6551724137931034, "f1-score": 0.46341463414634143, "support": 29}, "explosion": {"precision": 0.7741935483870968, "recall": 0.6153846153846154, "f1-score": 0.6857142857142857, "support": 39}, "gunshot": {"precision": 0.6666666666666666, "recall": 0.09523809523809523, "f1-score": 0.16666666666666666, "support": 21}, "siren": {"precision": 0.7222222222222222, "recall": 0.8125, "f1-score": 0.7647058823529411, "support": 16}, "accuracy": 0.5523809523809524, "macro avg": {"precision": 0.6303932508284303, "recall": 0.5445737811039535, "f1-score": 0.5201253672200588, "support": 105}, "weighted avg": {"precision": 0.629955527216635, "recall": 0.5523809523809524, "f1-score": 0.5325445300071249, "support": 105}, "classificador": "SVC", "mediaTempoClassificacaoCadaAudio": 0.014865891138712565, "desvioTempoClassificacaoCadaAudio": 0.008454769318397956}