{"casual": {"precision": 0.4838709677419355, "recall": 0.5172413793103449, "f1-score": 0.5000000000000001, "support": 29}, "explosion": {"precision": 0.7837837837837838, "recall": 0.7435897435897436, "f1-score": 0.7631578947368421, "support": 39}, "gunshot": {"precision": 0.631578947368421, "recall": 0.5714285714285714, "f1-score": 0.6, "support": 21}, "siren": {"precision": 0.7777777777777778, "recall": 0.875, "f1-score": 0.823529411764706, "support": 16}, "accuracy": 0.6666666666666666, "macro avg": {"precision": 0.6692528691679795, "recall": 0.676814923582165, "f1-score": 0.671671826625387, "support": 105}, "weighted avg": {"precision": 0.6695945521072856, "recall": 0.6666666666666666, "f1-score": 0.6670440807902109, "support": 105}, "classificador": "Perceptron", "mediaTempoClassificacaoCadaAudio": 0.006387090682983399, "desvioTempoClassificacaoCadaAudio": 0.004294378563406904}