{"casual": {"precision": 0.2978723404255319, "recall": 0.9655172413793104, "f1-score": 0.4552845528455285, "support": 29}, "explosion": {"precision": 1.0, "recall": 0.05128205128205128, "f1-score": 0.09756097560975609, "support": 39}, "gunshot": {"precision": 0.0, "recall": 0.0, "f1-score": 0.0, "support": 21}, "siren": {"precision": 0.8888888888888888, "recall": 0.5, "f1-score": 0.64, "support": 16}, "accuracy": 0.3619047619047619, "macro avg": {"precision": 0.5466903073286051, "recall": 0.3791998231653404, "f1-score": 0.29821138211382114, "support": 105}, "weighted avg": {"precision": 0.5891478104244061, "recall": 0.3619047619047619, "f1-score": 0.2595060007742935, "support": 105}, "classificador": "QuadraticDiscriminantAnalysis", "mediaTempoClassificacaoCadaAudio": 0.006965060461135137, "desvioTempoClassificacaoCadaAudio": 0.0035514370589130625}