{"casual": {"precision": 0.5294117647058824, "recall": 0.6206896551724138, "f1-score": 0.5714285714285715, "support": 29}, "explosion": {"precision": 0.7368421052631579, "recall": 0.717948717948718, "f1-score": 0.7272727272727273, "support": 39}, "gunshot": {"precision": 0.6521739130434783, "recall": 0.7142857142857143, "f1-score": 0.6818181818181819, "support": 21}, "siren": {"precision": 0.9, "recall": 0.5625, "f1-score": 0.6923076923076923, "support": 16}, "accuracy": 0.6666666666666666, "macro avg": {"precision": 0.7046069457531297, "recall": 0.6538560218517115, "f1-score": 0.6682067932067932, "support": 105}, "weighted avg": {"precision": 0.6874803376728267, "recall": 0.6666666666666666, "f1-score": 0.6698111412397127, "support": 105}, "classificador": "DecisionTreeClassifier", "mediaTempoClassificacaoCadaAudio": 0.005614644005185082, "desvioTempoClassificacaoCadaAudio": 0.004488433191658502}