{"casual": {"precision": 0.5151515151515151, "recall": 0.5862068965517241, "f1-score": 0.5483870967741935, "support": 29}, "explosion": {"precision": 0.725, "recall": 0.7435897435897436, "f1-score": 0.7341772151898733, "support": 39}, "gunshot": {"precision": 0.7692307692307693, "recall": 0.47619047619047616, "f1-score": 0.588235294117647, "support": 21}, "siren": {"precision": 0.7894736842105263, "recall": 0.9375, "f1-score": 0.8571428571428572, "support": 16}, "accuracy": 0.6761904761904762, "macro avg": {"precision": 0.6997139921482027, "recall": 0.685871779082986, "f1-score": 0.6819856158061428, "support": 105}, "weighted avg": {"precision": 0.6857125622915097, "recall": 0.6761904761904762, "f1-score": 0.6724129913296473, "support": 105}, "classificador": "Perceptron", "mediaTempoClassificacaoCadaAudio": 0.00518200056893485, "desvioTempoClassificacaoCadaAudio": 0.001976203023135045}