{"casual": {"precision": 0.3877551020408163, "recall": 0.6551724137931034, "f1-score": 0.48717948717948717, "support": 29}, "explosion": {"precision": 0.78125, "recall": 0.6410256410256411, "f1-score": 0.7042253521126761, "support": 39}, "gunshot": {"precision": 0.25, "recall": 0.047619047619047616, "f1-score": 0.08, "support": 21}, "siren": {"precision": 0.75, "recall": 0.9375, "f1-score": 0.8333333333333334, "support": 16}, "accuracy": 0.5714285714285714, "macro avg": {"precision": 0.542251275510204, "recall": 0.570329275609448, "f1-score": 0.5261845431563742, "support": 105}, "weighted avg": {"precision": 0.5615585519922255, "recall": 0.5714285714285714, "f1-score": 0.5391078780374555, "support": 105}, "classificador": "SVC", "mediaTempoClassificacaoCadaAudio": 0.012566037405104865, "desvioTempoClassificacaoCadaAudio": 0.007240231285154847}