{"casual": {"precision": 0.55, "recall": 0.7586206896551724, "f1-score": 0.6376811594202898, "support": 29}, "explosion": {"precision": 0.9565217391304348, "recall": 0.5641025641025641, "f1-score": 0.7096774193548387, "support": 39}, "gunshot": {"precision": 0.3783783783783784, "recall": 0.6666666666666666, "f1-score": 0.48275862068965514, "support": 21}, "siren": {"precision": 1.0, "recall": 0.3125, "f1-score": 0.47619047619047616, "support": 16}, "accuracy": 0.6, "macro avg": {"precision": 0.7212250293772033, "recall": 0.5754724801061007, "f1-score": 0.576576918913815, "support": 105}, "weighted avg": {"precision": 0.73524089306698, "recall": 0.6, "f1-score": 0.6088300155386428, "support": 105}, "classificador": "KNeighborsClassifier", "mediaTempoClassificacaoCadaAudio": 0.04151437169029599, "desvioTempoClassificacaoCadaAudio": 0.032165802806967285}