{"casual": {"precision": 0.37254901960784315, "recall": 0.6551724137931034, "f1-score": 0.47500000000000003, "support": 29}, "explosion": {"precision": 0.7941176470588235, "recall": 0.6923076923076923, "f1-score": 0.7397260273972601, "support": 39}, "gunshot": {"precision": 1.0, "recall": 0.14285714285714285, "f1-score": 0.25, "support": 21}, "siren": {"precision": 0.7647058823529411, "recall": 0.8125, "f1-score": 0.787878787878788, "support": 16}, "accuracy": 0.5904761904761905, "macro avg": {"precision": 0.7328431372549019, "recall": 0.5757093122394846, "f1-score": 0.5631512038190121, "support": 105}, "weighted avg": {"precision": 0.7143790849673202, "recall": 0.5904761904761905, "f1-score": 0.5760035778528929, "support": 105}, "classificador": "LinearDiscriminantAnalysis", "mediaTempoClassificacaoCadaAudio": 0.004502069382440476, "desvioTempoClassificacaoCadaAudio": 0.0022735118809487287}