{"casual": {"precision": 0.30158730158730157, "recall": 0.6551724137931034, "f1-score": 0.4130434782608695, "support": 29}, "explosion": {"precision": 0.7857142857142857, "recall": 0.5641025641025641, "f1-score": 0.6567164179104477, "support": 39}, "gunshot": {"precision": 0.0, "recall": 0.0, "f1-score": 0.0, "support": 21}, "siren": {"precision": 0.7142857142857143, "recall": 0.625, "f1-score": 0.6666666666666666, "support": 16}, "accuracy": 0.4857142857142857, "macro avg": {"precision": 0.45039682539682535, "recall": 0.4610687444739169, "f1-score": 0.4341066407094959, "support": 105}, "weighted avg": {"precision": 0.4839758125472411, "recall": 0.4857142857142857, "f1-score": 0.459589217473708, "support": 105}, "classificador": "LinearDiscriminantAnalysis", "mediaTempoClassificacaoCadaAudio": 0.0049028442019508, "desvioTempoClassificacaoCadaAudio": 0.002294911211374432}