{"casual": {"precision": 0.4318181818181818, "recall": 0.6551724137931034, "f1-score": 0.5205479452054794, "support": 29}, "explosion": {"precision": 0.7647058823529411, "recall": 0.6666666666666666, "f1-score": 0.7123287671232877, "support": 39}, "gunshot": {"precision": 0.3, "recall": 0.14285714285714285, "f1-score": 0.19354838709677416, "support": 21}, "siren": {"precision": 0.5882352941176471, "recall": 0.625, "f1-score": 0.6060606060606061, "support": 16}, "accuracy": 0.5523809523809524, "macro avg": {"precision": 0.5211898395721926, "recall": 0.5224240558292282, "f1-score": 0.5081214263715369, "support": 105}, "weighted avg": {"precision": 0.5529335370511841, "recall": 0.5523809523809524, "f1-score": 0.5394114109978008, "support": 105}, "classificador": "DecisionTreeClassifier", "mediaTempoClassificacaoCadaAudio": 0.005107389177594866, "desvioTempoClassificacaoCadaAudio": 0.0018897038906040774}