{"casual": {"precision": 0.36538461538461536, "recall": 0.6551724137931034, "f1-score": 0.4691358024691357, "support": 29}, "explosion": {"precision": 0.7666666666666667, "recall": 0.5897435897435898, "f1-score": 0.6666666666666667, "support": 39}, "gunshot": {"precision": 0.3333333333333333, "recall": 0.047619047619047616, "f1-score": 0.08333333333333333, "support": 21}, "siren": {"precision": 0.75, "recall": 0.9375, "f1-score": 0.8333333333333334, "support": 16}, "accuracy": 0.5523809523809524, "macro avg": {"precision": 0.5538461538461539, "recall": 0.5575087627889352, "f1-score": 0.5131172839506173, "support": 105}, "weighted avg": {"precision": 0.5666300366300366, "recall": 0.5523809523809524, "f1-score": 0.5208406819517931, "support": 105}, "classificador": "SVC", "mediaTempoClassificacaoCadaAudio": 0.01419393221537272, "desvioTempoClassificacaoCadaAudio": 0.01180483643721572}