{"casual": {"precision": 0.5, "recall": 0.7241379310344828, "f1-score": 0.591549295774648, "support": 29}, "explosion": {"precision": 0.8055555555555556, "recall": 0.7435897435897436, "f1-score": 0.7733333333333334, "support": 39}, "gunshot": {"precision": 0.6428571428571429, "recall": 0.42857142857142855, "f1-score": 0.5142857142857143, "support": 21}, "siren": {"precision": 0.7692307692307693, "recall": 0.625, "f1-score": 0.6896551724137931, "support": 16}, "accuracy": 0.6571428571428571, "macro avg": {"precision": 0.6794108669108669, "recall": 0.6303247757989137, "f1-score": 0.6422058789518722, "support": 105}, "weighted avg": {"precision": 0.6830891330891331, "recall": 0.6571428571428571, "f1-score": 0.6585658317722426, "support": 105}, "classificador": "DecisionTreeClassifier", "mediaTempoClassificacaoCadaAudio": 0.0050026984441848025, "desvioTempoClassificacaoCadaAudio": 0.0022914349830726946}