{"casual": {"precision": 0.3493975903614458, "recall": 1.0, "f1-score": 0.5178571428571429, "support": 29}, "explosion": {"precision": 1.0, "recall": 0.28205128205128205, "f1-score": 0.44000000000000006, "support": 39}, "gunshot": {"precision": 0.0, "recall": 0.0, "f1-score": 0.0, "support": 21}, "siren": {"precision": 0.9090909090909091, "recall": 0.625, "f1-score": 0.7407407407407406, "support": 16}, "accuracy": 0.47619047619047616, "macro avg": {"precision": 0.5646221248630887, "recall": 0.4767628205128205, "f1-score": 0.4246494708994709, "support": 105}, "weighted avg": {"precision": 0.6064569968184427, "recall": 0.47619047619047616, "f1-score": 0.4193305618543714, "support": 105}, "classificador": "QuadraticDiscriminantAnalysis", "mediaTempoClassificacaoCadaAudio": 0.007865599223545619, "desvioTempoClassificacaoCadaAudio": 0.0048502831036249345}