{"casual": {"precision": 0.5348837209302325, "recall": 0.7931034482758621, "f1-score": 0.6388888888888888, "support": 29}, "explosion": {"precision": 0.9166666666666666, "recall": 0.5641025641025641, "f1-score": 0.6984126984126983, "support": 39}, "gunshot": {"precision": 0.4375, "recall": 0.6666666666666666, "f1-score": 0.5283018867924528, "support": 21}, "siren": {"precision": 0.8333333333333334, "recall": 0.3125, "f1-score": 0.45454545454545453, "support": 16}, "accuracy": 0.6095238095238096, "macro avg": {"precision": 0.6805959302325582, "recall": 0.5840931697612732, "f1-score": 0.5800372321598736, "support": 105}, "weighted avg": {"precision": 0.7026901070505721, "recall": 0.6095238095238096, "f1-score": 0.6107899039165885, "support": 105}, "classificador": "KNeighborsClassifier", "mediaTempoClassificacaoCadaAudio": 0.03840611321585519, "desvioTempoClassificacaoCadaAudio": 0.03096423033072428}