{"casual": {"precision": 0.45454545454545453, "recall": 0.6896551724137931, "f1-score": 0.547945205479452, "support": 29}, "explosion": {"precision": 0.7777777777777778, "recall": 0.717948717948718, "f1-score": 0.7466666666666666, "support": 39}, "gunshot": {"precision": 0.6428571428571429, "recall": 0.42857142857142855, "f1-score": 0.5142857142857143, "support": 21}, "siren": {"precision": 0.8181818181818182, "recall": 0.5625, "f1-score": 0.6666666666666666, "support": 16}, "accuracy": 0.6285714285714286, "macro avg": {"precision": 0.6733405483405484, "recall": 0.5996688297334849, "f1-score": 0.6188910632746248, "support": 105}, "weighted avg": {"precision": 0.6676767676767678, "recall": 0.6285714285714286, "f1-score": 0.6331150250054359, "support": 105}, "classificador": "DecisionTreeClassifier", "mediaTempoClassificacaoCadaAudio": 0.003913202739897229, "desvioTempoClassificacaoCadaAudio": 0.001089328272114213}