{"casual": {"precision": 0.5116279069767442, "recall": 0.7586206896551724, "f1-score": 0.6111111111111112, "support": 29}, "explosion": {"precision": 0.9166666666666666, "recall": 0.5641025641025641, "f1-score": 0.6984126984126983, "support": 39}, "gunshot": {"precision": 0.42424242424242425, "recall": 0.6666666666666666, "f1-score": 0.5185185185185185, "support": 21}, "siren": {"precision": 1.0, "recall": 0.3125, "f1-score": 0.47619047619047616, "support": 16}, "accuracy": 0.6, "macro avg": {"precision": 0.7131342494714588, "recall": 0.5754724801061007, "f1-score": 0.576058201058201, "support": 105}, "weighted avg": {"precision": 0.7190123829658714, "recall": 0.6, "f1-score": 0.6044595616024186, "support": 105}, "classificador": "KNeighborsClassifier", "mediaTempoClassificacaoCadaAudio": 0.04204163324265253, "desvioTempoClassificacaoCadaAudio": 0.030922407398616143}