{"casual": {"precision": 0.4418604651162791, "recall": 0.6551724137931034, "f1-score": 0.5277777777777777, "support": 29}, "explosion": {"precision": 0.7631578947368421, "recall": 0.7435897435897436, "f1-score": 0.7532467532467534, "support": 39}, "gunshot": {"precision": 0.3333333333333333, "recall": 0.14285714285714285, "f1-score": 0.2, "support": 21}, "siren": {"precision": 0.6666666666666666, "recall": 0.625, "f1-score": 0.6451612903225806, "support": 16}, "accuracy": 0.580952380952381, "macro avg": {"precision": 0.5512545899632803, "recall": 0.5416548250599975, "f1-score": 0.5315464553367779, "support": 105}, "weighted avg": {"precision": 0.57375026714072, "recall": 0.580952380952381, "f1-score": 0.5638548531175259, "support": 105}, "classificador": "DecisionTreeClassifier", "mediaTempoClassificacaoCadaAudio": 0.005085309346516927, "desvioTempoClassificacaoCadaAudio": 0.0029807161324646816}