{"casual": {"precision": 0.7857142857142857, "recall": 0.7586206896551724, "f1-score": 0.7719298245614034, "support": 29}, "explosion": {"precision": 0.9210526315789473, "recall": 0.8974358974358975, "f1-score": 0.9090909090909091, "support": 39}, "gunshot": {"precision": 0.8, "recall": 0.7619047619047619, "f1-score": 0.7804878048780488, "support": 21}, "siren": {"precision": 0.7894736842105263, "recall": 0.9375, "f1-score": 0.8571428571428572, "support": 16}, "accuracy": 0.8380952380952381, "macro avg": {"precision": 0.8240601503759399, "recall": 0.838865337248958, "f1-score": 0.8296628489183046, "support": 105}, "weighted avg": {"precision": 0.8394128177586825, "recall": 0.8380952380952381, "f1-score": 0.8375718093671513, "support": 105}, "classificador": "SVC"}