{"casual": {"precision": 0.525, "recall": 0.7241379310344828, "f1-score": 0.6086956521739131, "support": 29}, "explosion": {"precision": 0.8076923076923077, "recall": 0.5384615384615384, "f1-score": 0.6461538461538461, "support": 39}, "gunshot": {"precision": 0.5555555555555556, "recall": 0.47619047619047616, "f1-score": 0.5128205128205129, "support": 21}, "siren": {"precision": 0.6666666666666666, "recall": 0.875, "f1-score": 0.7567567567567567, "support": 16}, "accuracy": 0.6285714285714286, "macro avg": {"precision": 0.6387286324786325, "recall": 0.6534474864216243, "f1-score": 0.6311066919762571, "support": 105}, "weighted avg": {"precision": 0.6576984126984128, "recall": 0.6285714285714286, "f1-score": 0.6259953599084034, "support": 105}, "classificador": "SGDClassifier"}