{"casual": {"precision": 0.5757575757575758, "recall": 0.6551724137931034, "f1-score": 0.6129032258064515, "support": 29}, "explosion": {"precision": 0.875, "recall": 0.5384615384615384, "f1-score": 0.6666666666666667, "support": 39}, "gunshot": {"precision": 0.5357142857142857, "recall": 0.7142857142857143, "f1-score": 0.6122448979591837, "support": 21}, "siren": {"precision": 0.8, "recall": 1.0, "f1-score": 0.888888888888889, "support": 16}, "accuracy": 0.6761904761904762, "macro avg": {"precision": 0.6966179653679654, "recall": 0.7269799166350891, "f1-score": 0.6951759198302977, "support": 105}, "weighted avg": {"precision": 0.7130663780663781, "recall": 0.6761904761904762, "f1-score": 0.6747957964547826, "support": 105}, "classificador": "Perceptron"}