{"casual": {"precision": 0.7027027027027027, "recall": 0.896551724137931, "f1-score": 0.787878787878788, "support": 29}, "explosion": {"precision": 0.9705882352941176, "recall": 0.8461538461538461, "f1-score": 0.9041095890410958, "support": 39}, "gunshot": {"precision": 0.7777777777777778, "recall": 0.6666666666666666, "f1-score": 0.717948717948718, "support": 21}, "siren": {"precision": 0.875, "recall": 0.875, "f1-score": 0.875, "support": 16}, "accuracy": 0.8285714285714286, "macro avg": {"precision": 0.8315171789436495, "recall": 0.821093059239611, "f1-score": 0.8212342737171504, "support": 105}, "weighted avg": {"precision": 0.8434728846493552, "recall": 0.8285714285714286, "f1-score": 0.8303398276001016, "support": 105}, "classificador": "KNeighborsClassifier"}