{"casual": {"precision": 0.5882352941176471, "recall": 0.6896551724137931, "f1-score": 0.6349206349206349, "support": 29}, "explosion": {"precision": 0.7931034482758621, "recall": 0.5897435897435898, "f1-score": 0.676470588235294, "support": 39}, "gunshot": {"precision": 0.4444444444444444, "recall": 0.5714285714285714, "f1-score": 0.5, "support": 21}, "siren": {"precision": 0.9333333333333333, "recall": 0.875, "f1-score": 0.9032258064516129, "support": 16}, "accuracy": 0.6571428571428571, "macro avg": {"precision": 0.6897791300428218, "recall": 0.6814568333964885, "f1-score": 0.6786542574018855, "support": 105}, "weighted avg": {"precision": 0.6881573778936863, "recall": 0.6571428571428571, "f1-score": 0.6642539453057209, "support": 105}, "classificador": "LinearDiscriminantAnalysis"}