{"casual": {"precision": 0.59375, "recall": 0.6551724137931034, "f1-score": 0.6229508196721311, "support": 29}, "explosion": {"precision": 0.8064516129032258, "recall": 0.6410256410256411, "f1-score": 0.7142857142857142, "support": 39}, "gunshot": {"precision": 0.46153846153846156, "recall": 0.5714285714285714, "f1-score": 0.5106382978723405, "support": 21}, "siren": {"precision": 0.875, "recall": 0.875, "f1-score": 0.875, "support": 16}, "accuracy": 0.6666666666666666, "macro avg": {"precision": 0.6841850186104218, "recall": 0.685656656561829, "f1-score": 0.6807187079575465, "support": 105}, "weighted avg": {"precision": 0.6891682913860333, "recall": 0.6666666666666666, "f1-score": 0.6728201988852743, "support": 105}, "classificador": "LinearDiscriminantAnalysis"}