{"casual": {"precision": 0.5757575757575758, "recall": 0.6551724137931034, "f1-score": 0.6129032258064515, "support": 29}, "explosion": {"precision": 0.7741935483870968, "recall": 0.6153846153846154, "f1-score": 0.6857142857142857, "support": 39}, "gunshot": {"precision": 0.4444444444444444, "recall": 0.5714285714285714, "f1-score": 0.5, "support": 21}, "siren": {"precision": 0.9285714285714286, "recall": 0.8125, "f1-score": 0.8666666666666666, "support": 16}, "accuracy": 0.6476190476190476, "macro avg": {"precision": 0.6807417492901364, "recall": 0.6636214001515726, "f1-score": 0.6663210445468509, "support": 105}, "weighted avg": {"precision": 0.6769618502337397, "recall": 0.6476190476190476, "f1-score": 0.6560354034086752, "support": 105}, "classificador": "LinearDiscriminantAnalysis"}