{"casual": {"precision": 0.5675675675675675, "recall": 0.7241379310344828, "f1-score": 0.6363636363636365, "support": 29}, "explosion": {"precision": 0.8484848484848485, "recall": 0.717948717948718, "f1-score": 0.7777777777777778, "support": 39}, "gunshot": {"precision": 0.8823529411764706, "recall": 0.7142857142857143, "f1-score": 0.7894736842105262, "support": 21}, "siren": {"precision": 0.7777777777777778, "recall": 0.875, "f1-score": 0.823529411764706, "support": 16}, "accuracy": 0.7428571428571429, "macro avg": {"precision": 0.7690457837516661, "recall": 0.7578430908172288, "f1-score": 0.7567861275291616, "support": 105}, "weighted avg": {"precision": 0.7668973786620845, "recall": 0.7428571428571429, "f1-score": 0.7480313975670012, "support": 105}, "classificador": "SGDClassifier"}