{"casual": {"precision": 0.5405405405405406, "recall": 0.6896551724137931, "f1-score": 0.6060606060606061, "support": 29}, "explosion": {"precision": 0.8235294117647058, "recall": 0.717948717948718, "f1-score": 0.767123287671233, "support": 39}, "gunshot": {"precision": 0.9375, "recall": 0.7142857142857143, "f1-score": 0.8108108108108109, "support": 21}, "siren": {"precision": 0.7777777777777778, "recall": 0.875, "f1-score": 0.823529411764706, "support": 16}, "accuracy": 0.7333333333333333, "macro avg": {"precision": 0.769836932520756, "recall": 0.7492224011620564, "f1-score": 0.751881029076839, "support": 105}, "weighted avg": {"precision": 0.7611930207518444, "recall": 0.7333333333333333, "f1-score": 0.7399720324780761, "support": 105}, "classificador": "SGDClassifier"}