{"casual": {"precision": 0.4857142857142857, "recall": 0.5862068965517241, "f1-score": 0.53125, "support": 29}, "explosion": {"precision": 0.7941176470588235, "recall": 0.6923076923076923, "f1-score": 0.7397260273972601, "support": 39}, "gunshot": {"precision": 0.9285714285714286, "recall": 0.6190476190476191, "f1-score": 0.742857142857143, "support": 21}, "siren": {"precision": 0.6363636363636364, "recall": 0.875, "f1-score": 0.7368421052631579, "support": 16}, "accuracy": 0.6761904761904762, "macro avg": {"precision": 0.7111917494270436, "recall": 0.6931405519767588, "f1-score": 0.6876688188793902, "support": 105}, "weighted avg": {"precision": 0.7117916257412057, "recall": 0.6761904761904762, "f1-score": 0.6823337024067017, "support": 105}, "classificador": "Perceptron"}