{"casual": {"precision": 0.6153846153846154, "recall": 0.5517241379310345, "f1-score": 0.5818181818181819, "support": 29}, "explosion": {"precision": 0.7560975609756098, "recall": 0.7948717948717948, "f1-score": 0.7749999999999999, "support": 39}, "gunshot": {"precision": 0.8421052631578947, "recall": 0.7619047619047619, "f1-score": 0.8, "support": 21}, "siren": {"precision": 0.8421052631578947, "recall": 1.0, "f1-score": 0.9142857142857143, "support": 16}, "accuracy": 0.7523809523809524, "macro avg": {"precision": 0.7639231756690037, "recall": 0.7771251736768978, "f1-score": 0.7677759740259741, "support": 105}, "weighted avg": {"precision": 0.7475414615337593, "recall": 0.7523809523809524, "f1-score": 0.74786951144094, "support": 105}, "classificador": "Perceptron"}