{"casual": {"precision": 0.5625, "recall": 0.6206896551724138, "f1-score": 0.5901639344262296, "support": 29}, "explosion": {"precision": 0.8285714285714286, "recall": 0.7435897435897436, "f1-score": 0.7837837837837838, "support": 39}, "gunshot": {"precision": 0.7777777777777778, "recall": 0.6666666666666666, "f1-score": 0.717948717948718, "support": 21}, "siren": {"precision": 0.75, "recall": 0.9375, "f1-score": 0.8333333333333334, "support": 16}, "accuracy": 0.7238095238095238, "macro avg": {"precision": 0.7297123015873016, "recall": 0.742111516357206, "f1-score": 0.7313074423730163, "support": 105}, "weighted avg": {"precision": 0.732953514739229, "recall": 0.7238095238095238, "f1-score": 0.7246912197731871, "support": 105}, "classificador": "LinearDiscriminantAnalysis"}