{"casual": {"precision": 0.5121951219512195, "recall": 0.7241379310344828, "f1-score": 0.6000000000000001, "support": 29}, "explosion": {"precision": 0.9166666666666666, "recall": 0.5641025641025641, "f1-score": 0.6984126984126983, "support": 39}, "gunshot": {"precision": 0.7777777777777778, "recall": 0.6666666666666666, "f1-score": 0.717948717948718, "support": 21}, "siren": {"precision": 0.6363636363636364, "recall": 0.875, "f1-score": 0.7368421052631579, "support": 16}, "accuracy": 0.6761904761904762, "macro avg": {"precision": 0.710750800689825, "recall": 0.7074767904509284, "f1-score": 0.6883008804061436, "support": 105}, "weighted avg": {"precision": 0.7344648576355894, "recall": 0.6761904761904762, "f1-score": 0.6809951618974175, "support": 105}, "classificador": "Perceptron"}