{"casual": {"precision": 0.45714285714285713, "recall": 0.5517241379310345, "f1-score": 0.5, "support": 29}, "explosion": {"precision": 0.8055555555555556, "recall": 0.7435897435897436, "f1-score": 0.7733333333333334, "support": 39}, "gunshot": {"precision": 1.0, "recall": 0.6666666666666666, "f1-score": 0.8, "support": 21}, "siren": {"precision": 0.6, "recall": 0.75, "f1-score": 0.6666666666666665, "support": 16}, "accuracy": 0.6761904761904762, "macro avg": {"precision": 0.7156746031746032, "recall": 0.6779951370468612, "f1-score": 0.6849999999999999, "support": 105}, "weighted avg": {"precision": 0.7168934240362811, "recall": 0.6761904761904762, "f1-score": 0.6869206349206349, "support": 105}, "classificador": "Perceptron"}