{"casual": {"precision": 0.4864864864864865, "recall": 0.6206896551724138, "f1-score": 0.5454545454545455, "support": 29}, "explosion": {"precision": 0.8461538461538461, "recall": 0.5641025641025641, "f1-score": 0.676923076923077, "support": 39}, "gunshot": {"precision": 0.8823529411764706, "recall": 0.7142857142857143, "f1-score": 0.7894736842105262, "support": 21}, "siren": {"precision": 0.52, "recall": 0.8125, "f1-score": 0.6341463414634146, "support": 16}, "accuracy": 0.6476190476190476, "macro avg": {"precision": 0.6837483184542008, "recall": 0.6778944833901731, "f1-score": 0.6614994120128909, "support": 105}, "weighted avg": {"precision": 0.7043573321220381, "recall": 0.6476190476190476, "f1-score": 0.6566044823811191, "support": 105}, "classificador": "Perceptron"}