{"casual": {"precision": 0.6153846153846154, "recall": 0.8275862068965517, "f1-score": 0.7058823529411765, "support": 29}, "explosion": {"precision": 0.8857142857142857, "recall": 0.7948717948717948, "f1-score": 0.8378378378378378, "support": 39}, "gunshot": {"precision": 0.9333333333333333, "recall": 0.6666666666666666, "f1-score": 0.7777777777777778, "support": 21}, "siren": {"precision": 0.9375, "recall": 0.9375, "f1-score": 0.9375, "support": 16}, "accuracy": 0.8, "macro avg": {"precision": 0.8429830586080587, "recall": 0.8066561671087533, "f1-score": 0.814749492139198, "support": 105}, "weighted avg": {"precision": 0.8284667713239142, "recall": 0.8, "f1-score": 0.8045675928028869, "support": 105}, "classificador": "LinearDiscriminantAnalysis"}