{"casual": {"precision": 0.6111111111111112, "recall": 0.7586206896551724, "f1-score": 0.676923076923077, "support": 29}, "explosion": {"precision": 0.9090909090909091, "recall": 0.7692307692307693, "f1-score": 0.8333333333333333, "support": 39}, "gunshot": {"precision": 0.9411764705882353, "recall": 0.7619047619047619, "f1-score": 0.8421052631578947, "support": 21}, "siren": {"precision": 0.7894736842105263, "recall": 0.9375, "f1-score": 0.8571428571428572, "support": 16}, "accuracy": 0.7904761904761904, "macro avg": {"precision": 0.8127130437501955, "recall": 0.8068140551976759, "f1-score": 0.8023761326392905, "support": 105}, "weighted avg": {"precision": 0.8149814524427529, "recall": 0.7904761904761904, "f1-score": 0.7955168140130546, "support": 105}, "classificador": "LinearDiscriminantAnalysis"}