{"casual": {"precision": 0.7352941176470589, "recall": 0.8620689655172413, "f1-score": 0.7936507936507937, "support": 29}, "explosion": {"precision": 0.85, "recall": 0.8717948717948718, "f1-score": 0.8607594936708861, "support": 39}, "gunshot": {"precision": 0.9230769230769231, "recall": 0.5714285714285714, "f1-score": 0.7058823529411765, "support": 21}, "siren": {"precision": 0.8888888888888888, "recall": 1.0, "f1-score": 0.9411764705882353, "support": 16}, "accuracy": 0.8285714285714286, "macro avg": {"precision": 0.8493149824032177, "recall": 0.8263231021851711, "f1-score": 0.825367277712773, "support": 105}, "weighted avg": {"precision": 0.838860638272403, "recall": 0.8285714285714286, "f1-score": 0.8235032972401338, "support": 105}, "classificador": "SVC"}