{"casual": {"precision": 0.4807692307692308, "recall": 0.8620689655172413, "f1-score": 0.6172839506172839, "support": 29}, "explosion": {"precision": 0.95, "recall": 0.48717948717948717, "f1-score": 0.6440677966101694, "support": 39}, "gunshot": {"precision": 1.0, "recall": 0.6666666666666666, "f1-score": 0.8, "support": 21}, "siren": {"precision": 0.7894736842105263, "recall": 0.9375, "f1-score": 0.8571428571428572, "support": 16}, "accuracy": 0.6952380952380952, "macro avg": {"precision": 0.8050607287449394, "recall": 0.7383537798408488, "f1-score": 0.7296236510925777, "support": 105}, "weighted avg": {"precision": 0.8059417775207249, "recall": 0.6952380952380952, "f1-score": 0.7003253747617483, "support": 105}, "classificador": "Perceptron"}