{"casual": {"precision": 0.5121951219512195, "recall": 0.7241379310344828, "f1-score": 0.6000000000000001, "support": 29}, "explosion": {"precision": 0.8125, "recall": 0.6666666666666666, "f1-score": 0.7323943661971831, "support": 39}, "gunshot": {"precision": 0.7142857142857143, "recall": 0.47619047619047616, "f1-score": 0.5714285714285714, "support": 21}, "siren": {"precision": 0.8333333333333334, "recall": 0.9375, "f1-score": 0.8823529411764706, "support": 16}, "accuracy": 0.6857142857142857, "macro avg": {"precision": 0.7180785423925669, "recall": 0.7011237684729064, "f1-score": 0.6965439697005562, "support": 105}, "weighted avg": {"precision": 0.7130903987611305, "recall": 0.6857142857142857, "f1-score": 0.6864859746715588, "support": 105}, "classificador": "SVC", "mediaTempoClassificacaoCadaAudio": 0.012661636443365189, "desvioTempoClassificacaoCadaAudio": 0.006575746331300552}