{"classificador": "Perceptron", "accuracy": 0.580952380952381, "explosion": {"recall": 0.3333333333333333, "f1-score": 0.4406779661016949, "precision": 0.65, "support": 39}, "siren": {"recall": 1.0, "f1-score": 0.8, "precision": 0.6666666666666666, "support": 16}, "weighted avg": {"recall": 0.580952380952381, "f1-score": 0.5612608249896385, "precision": 0.6094047619047619, "support": 105}, "gunshot": {"recall": 0.5238095238095238, "f1-score": 0.5945945945945946, "precision": 0.6875, "support": 21}, "macro avg": {"recall": 0.645320197044335, "f1-score": 0.6007100320659642, "precision": 0.6177083333333333, "support": 105}, "casual": {"recall": 0.7241379310344828, "f1-score": 0.5675675675675675, "precision": 0.4666666666666667, "support": 29}}