{"classificador": "Perceptron", "accuracy": 0.638095238095238, "explosion": {"recall": 0.41025641025641024, "f1-score": 0.5245901639344261, "precision": 0.7272727272727273, "support": 39}, "siren": {"recall": 1.0, "f1-score": 0.8421052631578948, "precision": 0.7272727272727273, "support": 16}, "weighted avg": {"recall": 0.638095238095238, "f1-score": 0.6265488588707974, "precision": 0.6664160401002506, "support": 105}, "gunshot": {"recall": 0.6666666666666666, "f1-score": 0.7, "precision": 0.7368421052631579, "support": 21}, "macro avg": {"recall": 0.7002652519893899, "f1-score": 0.6645611807167422, "precision": 0.6728468899521531, "support": 105}, "casual": {"recall": 0.7241379310344828, "f1-score": 0.591549295774648, "precision": 0.5, "support": 29}}