{"classificador": "KNeighborsClassifier", "accuracy": 0.7047619047619048, "explosion": {"recall": 0.5897435897435898, "f1-score": 0.6865671641791046, "precision": 0.8214285714285714, "support": 39}, "siren": {"recall": 0.875, "f1-score": 0.9032258064516129, "precision": 0.9333333333333333, "support": 16}, "weighted avg": {"recall": 0.7047619047619048, "f1-score": 0.7078236410115322, "precision": 0.7325245653817082, "support": 105}, "gunshot": {"recall": 0.6666666666666666, "f1-score": 0.5833333333333334, "precision": 0.5185185185185185, "support": 21}, "macro avg": {"recall": 0.7311284261715296, "f1-score": 0.7229690759910128, "precision": 0.7326058201058201, "support": 105}, "casual": {"recall": 0.7931034482758621, "f1-score": 0.71875, "precision": 0.6571428571428571, "support": 29}}