{"classificador": "SGDClassifier", "accuracy": 0.5904761904761905, "explosion": {"recall": 0.6410256410256411, "f1-score": 0.6097560975609757, "precision": 0.5813953488372093, "support": 39}, "siren": {"recall": 0.9375, "f1-score": 0.8333333333333334, "precision": 0.75, "support": 16}, "weighted avg": {"recall": 0.5904761904761905, "f1-score": 0.57266798242408, "precision": 0.6571308850378618, "support": 105}, "gunshot": {"recall": 0.23809523809523808, "f1-score": 0.3846153846153846, "precision": 1.0, "support": 21}, "macro avg": {"recall": 0.6007069439181508, "f1-score": 0.5857140826653022, "precision": 0.6977137020741673, "support": 105}, "casual": {"recall": 0.5862068965517241, "f1-score": 0.5151515151515151, "precision": 0.4594594594594595, "support": 29}}