{"classificador": "BaggingClassifier", "accuracy": 0.580952380952381, "explosion": {"recall": 0.4358974358974359, "f1-score": 0.5396825396825398, "precision": 0.7083333333333334, "support": 39}, "siren": {"recall": 0.9375, "f1-score": 0.9375, "precision": 0.9375, "support": 16}, "weighted avg": {"recall": 0.580952380952381, "f1-score": 0.5671201814058957, "precision": 0.6630952380952381, "support": 105}, "gunshot": {"recall": 0.23809523809523808, "f1-score": 0.35714285714285715, "precision": 0.7142857142857143, "support": 21}, "macro avg": {"recall": 0.6097697202223065, "f1-score": 0.5965123836891079, "precision": 0.6934780377668309, "support": 105}, "casual": {"recall": 0.8275862068965517, "f1-score": 0.5517241379310345, "precision": 0.41379310344827586, "support": 29}}