{"classificador": "SGDClassifier", "accuracy": 0.5619047619047619, "explosion": {"recall": 0.3333333333333333, "f1-score": 0.43333333333333335, "precision": 0.6190476190476191, "support": 39}, "siren": {"recall": 0.875, "f1-score": 0.7999999999999999, "precision": 0.7368421052631579, "support": 16}, "weighted avg": {"recall": 0.5619047619047619, "f1-score": 0.554271371199082, "precision": 0.6365529022170625, "support": 105}, "gunshot": {"recall": 0.47619047619047616, "f1-score": 0.6249999999999999, "precision": 0.9090909090909091, "support": 21}, "macro avg": {"recall": 0.6107861247947455, "f1-score": 0.5971134538152609, "precision": 0.6680970102022734, "support": 105}, "casual": {"recall": 0.7586206896551724, "f1-score": 0.5301204819277108, "precision": 0.4074074074074074, "support": 29}}