{"classificador": "KNeighborsClassifier", "accuracy": 0.7333333333333333, "explosion": {"recall": 0.6153846153846154, "f1-score": 0.7384615384615384, "precision": 0.9230769230769231, "support": 39}, "siren": {"recall": 0.8125, "f1-score": 0.8666666666666666, "precision": 0.9285714285714286, "support": 16}, "weighted avg": {"recall": 0.7333333333333333, "f1-score": 0.7367026243121362, "precision": 0.7761730333158905, "support": 105}, "gunshot": {"recall": 0.6666666666666666, "f1-score": 0.5957446808510638, "precision": 0.5384615384615384, "support": 21}, "macro avg": {"recall": 0.7477757515473032, "f1-score": 0.7413946920830525, "precision": 0.7641941391941391, "support": 105}, "casual": {"recall": 0.896551724137931, "f1-score": 0.7647058823529411, "precision": 0.6666666666666666, "support": 29}}