{"classificador": "SGDClassifier", "accuracy": 0.6285714285714286, "explosion": {"recall": 0.5128205128205128, "f1-score": 0.5970149253731343, "precision": 0.7142857142857143, "support": 39}, "siren": {"recall": 0.9375, "f1-score": 0.8823529411764706, "precision": 0.8333333333333334, "support": 16}, "weighted avg": {"recall": 0.6285714285714286, "f1-score": 0.6339523891479484, "precision": 0.7106575963718821, "support": 105}, "gunshot": {"recall": 0.47619047619047616, "f1-score": 0.6451612903225806, "precision": 1.0, "support": 21}, "macro avg": {"recall": 0.6626622300113679, "f1-score": 0.665747673833431, "precision": 0.7440476190476191, "support": 105}, "casual": {"recall": 0.7241379310344828, "f1-score": 0.5384615384615385, "precision": 0.42857142857142855, "support": 29}}