{"classificador": "LinearSVC", "accuracy": 0.6190476190476191, "explosion": {"recall": 0.41025641025641024, "f1-score": 0.5245901639344261, "precision": 0.7272727272727273, "support": 39}, "siren": {"recall": 1.0, "f1-score": 0.8205128205128205, "precision": 0.6956521739130435, "support": 16}, "weighted avg": {"recall": 0.6190476190476191, "f1-score": 0.6044508426734483, "precision": 0.6468525308827457, "support": 105}, "gunshot": {"recall": 0.5238095238095238, "f1-score": 0.5789473684210527, "precision": 0.6470588235294118, "support": 21}, "macro avg": {"recall": 0.6731716559302766, "f1-score": 0.6337903659948526, "precision": 0.6454029079229817, "support": 105}, "casual": {"recall": 0.7586206896551724, "f1-score": 0.6111111111111112, "precision": 0.5116279069767442, "support": 29}}