{"classificador": "BaggingClassifier", "accuracy": 0.7142857142857143, "explosion": {"recall": 0.7692307692307693, "f1-score": 0.7692307692307693, "precision": 0.7692307692307693, "support": 39}, "siren": {"recall": 0.5625, "f1-score": 0.6428571428571429, "precision": 0.75, "support": 16}, "weighted avg": {"recall": 0.7142857142857143, "f1-score": 0.7133704390847249, "precision": 0.717531556802244, "support": 105}, "gunshot": {"recall": 0.7142857142857143, "f1-score": 0.6818181818181819, "precision": 0.6521739130434783, "support": 21}, "macro avg": {"recall": 0.6925386036377416, "f1-score": 0.6984765234765234, "precision": 0.7122060092782393, "support": 105}, "casual": {"recall": 0.7241379310344828, "f1-score": 0.7, "precision": 0.6774193548387096, "support": 29}}