{"classificador": "Perceptron", "accuracy": 0.5523809523809524, "explosion": {"recall": 0.28205128205128205, "f1-score": 0.3928571428571429, "precision": 0.6470588235294118, "support": 39}, "siren": {"recall": 1.0, "f1-score": 0.761904761904762, "precision": 0.6153846153846154, "support": 16}, "weighted avg": {"recall": 0.5523809523809524, "f1-score": 0.5282386468100754, "precision": 0.591691843961665, "support": 105}, "gunshot": {"recall": 0.5238095238095238, "f1-score": 0.5945945945945946, "precision": 0.6875, "support": 21}, "macro avg": {"recall": 0.6238789945686498, "f1-score": 0.5706724581724582, "precision": 0.5961815119024199, "support": 105}, "casual": {"recall": 0.6896551724137931, "f1-score": 0.5333333333333333, "precision": 0.43478260869565216, "support": 29}}