{"classificador": "SGDClassifier", "accuracy": 0.6666666666666666, "explosion": {"recall": 0.8205128205128205, "f1-score": 0.810126582278481, "precision": 0.8, "support": 39}, "siren": {"recall": 0.875, "f1-score": 0.8484848484848485, "precision": 0.8235294117647058, "support": 16}, "weighted avg": {"recall": 0.6666666666666666, "f1-score": 0.6520914173615189, "precision": 0.7142430305455516, "support": 105}, "gunshot": {"recall": 0.23809523809523808, "f1-score": 0.37037037037037035, "precision": 0.8333333333333334, "support": 21}, "macro avg": {"recall": 0.6471951181002905, "f1-score": 0.6410482671848334, "precision": 0.727310924369748, "support": 105}, "casual": {"recall": 0.6551724137931034, "f1-score": 0.5352112676056338, "precision": 0.4523809523809524, "support": 29}}