{"classificador": "Perceptron", "accuracy": 0.580952380952381, "explosion": {"recall": 0.4358974358974359, "f1-score": 0.53125, "precision": 0.68, "support": 39}, "siren": {"recall": 0.9375, "f1-score": 0.7894736842105263, "precision": 0.6818181818181818, "support": 16}, "weighted avg": {"recall": 0.580952380952381, "f1-score": 0.5738406678460859, "precision": 0.5997295336242705, "support": 105}, "gunshot": {"recall": 0.5238095238095238, "f1-score": 0.5500000000000002, "precision": 0.5789473684210527, "support": 21}, "macro avg": {"recall": 0.6294741537198434, "f1-score": 0.6000338622291022, "precision": 0.600576002944424, "support": 105}, "casual": {"recall": 0.6206896551724138, "f1-score": 0.5294117647058824, "precision": 0.46153846153846156, "support": 29}}