{"classificador": "LinearSVC", "accuracy": 0.6666666666666666, "explosion": {"recall": 0.46153846153846156, "f1-score": 0.5806451612903226, "precision": 0.782608695652174, "support": 39}, "siren": {"recall": 1.0, "f1-score": 0.888888888888889, "precision": 0.8, "support": 16}, "weighted avg": {"recall": 0.6666666666666666, "f1-score": 0.6535225985141097, "precision": 0.6954389098634624, "support": 105}, "gunshot": {"recall": 0.5238095238095238, "f1-score": 0.5789473684210527, "precision": 0.6470588235294118, "support": 21}, "macro avg": {"recall": 0.7118542377163066, "f1-score": 0.681039273568985, "precision": 0.6963057686842853, "support": 105}, "casual": {"recall": 0.8620689655172413, "f1-score": 0.6756756756756757, "precision": 0.5555555555555556, "support": 29}}