{"classificador": "LinearSVC", "accuracy": 0.6285714285714286, "explosion": {"recall": 0.38461538461538464, "f1-score": 0.5084745762711865, "precision": 0.75, "support": 39}, "siren": {"recall": 0.9375, "f1-score": 0.8571428571428572, "precision": 0.7894736842105263, "support": 16}, "weighted avg": {"recall": 0.6285714285714286, "f1-score": 0.619197898514835, "precision": 0.6814537845213274, "support": 105}, "gunshot": {"recall": 0.6190476190476191, "f1-score": 0.6842105263157895, "precision": 0.7647058823529411, "support": 21}, "macro avg": {"recall": 0.6835666129847164, "f1-score": 0.6598928873683557, "precision": 0.6933918304163771, "support": 105}, "casual": {"recall": 0.7931034482758621, "f1-score": 0.5897435897435898, "precision": 0.46938775510204084, "support": 29}}