{"classificador": "LinearSVC", "accuracy": 0.7047619047619048, "explosion": {"recall": 0.7948717948717948, "f1-score": 0.7654320987654322, "precision": 0.7380952380952381, "support": 39}, "siren": {"recall": 0.9375, "f1-score": 0.8823529411764706, "precision": 0.8333333333333334, "support": 16}, "weighted avg": {"recall": 0.7047619047619048, "f1-score": 0.7002223339478242, "precision": 0.7469009826152684, "support": 105}, "gunshot": {"recall": 0.42857142857142855, "f1-score": 0.6, "precision": 1.0, "support": 21}, "macro avg": {"recall": 0.7040289093090817, "f1-score": 0.7081001061393218, "precision": 0.7748015873015873, "support": 105}, "casual": {"recall": 0.6551724137931034, "f1-score": 0.5846153846153845, "precision": 0.5277777777777778, "support": 29}}