{"classificador": "BaggingClassifier", "accuracy": 0.580952380952381, "explosion": {"recall": 0.6410256410256411, "f1-score": 0.6849315068493151, "precision": 0.7352941176470589, "support": 39}, "siren": {"recall": 0.9375, "f1-score": 0.8108108108108109, "precision": 0.7142857142857143, "support": 16}, "weighted avg": {"recall": 0.580952380952381, "f1-score": 0.5490396568078862, "precision": 0.6912781779378419, "support": 105}, "gunshot": {"recall": 0.09523809523809523, "f1-score": 0.17391304347826084, "precision": 1.0, "support": 21}, "macro avg": {"recall": 0.58223403751421, "f1-score": 0.5407904636612201, "precision": 0.7113532913165266, "support": 105}, "casual": {"recall": 0.6551724137931034, "f1-score": 0.49350649350649356, "precision": 0.3958333333333333, "support": 29}}