{"classificador": "Perceptron", "accuracy": 0.6285714285714286, "explosion": {"recall": 0.6410256410256411, "f1-score": 0.6578947368421052, "precision": 0.6756756756756757, "support": 39}, "siren": {"recall": 1.0, "f1-score": 0.8205128205128205, "precision": 0.6956521739130435, "support": 16}, "weighted avg": {"recall": 0.6285714285714286, "f1-score": 0.605930487354636, "precision": 0.6652722000548087, "support": 105}, "gunshot": {"recall": 0.23809523809523808, "f1-score": 0.37037037037037035, "precision": 0.8333333333333334, "support": 21}, "macro avg": {"recall": 0.6421940128836681, "f1-score": 0.6092533054607359, "precision": 0.6793704239356413, "support": 105}, "casual": {"recall": 0.6896551724137931, "f1-score": 0.5882352941176471, "precision": 0.5128205128205128, "support": 29}}