{"classificador": "Perceptron", "accuracy": 0.6190476190476191, "explosion": {"recall": 0.48717948717948717, "f1-score": 0.5671641791044776, "precision": 0.6785714285714286, "support": 39}, "siren": {"recall": 0.875, "f1-score": 0.823529411764706, "precision": 0.7777777777777778, "support": 16}, "weighted avg": {"recall": 0.6190476190476191, "f1-score": 0.6140564853535152, "precision": 0.6292772835629978, "support": 105}, "gunshot": {"recall": 0.5238095238095238, "f1-score": 0.5365853658536585, "precision": 0.55, "support": 21}, "macro avg": {"recall": 0.6525317355058734, "f1-score": 0.6362315038865929, "precision": 0.6362026862026863, "support": 105}, "casual": {"recall": 0.7241379310344828, "f1-score": 0.6176470588235294, "precision": 0.5384615384615384, "support": 29}}