{"casual": {"precision": 0.5, "recall": 0.7586206896551724, "f1-score": 0.6027397260273972, "support": 29}, "explosion": {"precision": 0.7894736842105263, "recall": 0.38461538461538464, "f1-score": 0.5172413793103449, "support": 39}, "gunshot": {"precision": 0.4, "recall": 0.6666666666666666, "f1-score": 0.5, "support": 21}, "siren": {"precision": 0.7142857142857143, "recall": 0.3125, "f1-score": 0.43478260869565216, "support": 16}, "accuracy": 0.5333333333333333, "macro avg": {"precision": 0.6009398496240602, "recall": 0.5306006852343059, "f1-score": 0.5136909285083486, "support": 105}, "weighted avg": {"precision": 0.620171858216971, "recall": 0.5333333333333333, "f1-score": 0.5248417865431276, "support": 105}, "classificador": "KNeighborsClassifier"}