{"casual": {"precision": 0.5483870967741935, "recall": 0.5862068965517241, "f1-score": 0.5666666666666665, "support": 29}, "explosion": {"precision": 0.6521739130434783, "recall": 0.7692307692307693, "f1-score": 0.7058823529411764, "support": 39}, "gunshot": {"precision": 0.875, "recall": 0.3333333333333333, "f1-score": 0.48275862068965514, "support": 21}, "siren": {"precision": 0.7, "recall": 0.875, "f1-score": 0.7777777777777777, "support": 16}, "accuracy": 0.6476190476190476, "macro avg": {"precision": 0.6938902524544179, "recall": 0.6409427497789566, "f1-score": 0.633271354518819, "support": 105}, "weighted avg": {"precision": 0.6753619849061644, "recall": 0.6476190476190476, "f1-score": 0.6337630531139659, "support": 105}, "classificador": "Perceptron"}