{"casual": {"precision": 0.3333333333333333, "recall": 0.7586206896551724, "f1-score": 0.4631578947368421, "support": 29}, "explosion": {"precision": 0.6875, "recall": 0.5641025641025641, "f1-score": 0.619718309859155, "support": 39}, "gunshot": {"precision": 0.0, "recall": 0.0, "f1-score": 0.0, "support": 21}, "siren": {"precision": 0.8571428571428571, "recall": 0.375, "f1-score": 0.5217391304347825, "support": 16}, "accuracy": 0.47619047619047616, "macro avg": {"precision": 0.46949404761904756, "recall": 0.4244308134394341, "f1-score": 0.4011538337576949, "support": 105}, "weighted avg": {"precision": 0.4780328798185941, "recall": 0.47619047619047616, "f1-score": 0.4376039916079236, "support": 105}, "classificador": "BaggingClassifier"}