{"casual": {"precision": 0.42857142857142855, "recall": 0.6206896551724138, "f1-score": 0.5070422535211268, "support": 29}, "explosion": {"precision": 0.8666666666666667, "recall": 0.6666666666666666, "f1-score": 0.7536231884057971, "support": 39}, "gunshot": {"precision": 0.6666666666666666, "recall": 0.47619047619047616, "f1-score": 0.5555555555555556, "support": 21}, "siren": {"precision": 0.6666666666666666, "recall": 0.75, "f1-score": 0.7058823529411765, "support": 16}, "accuracy": 0.6285714285714286, "macro avg": {"precision": 0.6571428571428571, "recall": 0.6283866995073891, "f1-score": 0.630525837605914, "support": 105}, "weighted avg": {"precision": 0.6751927437641724, "recall": 0.6285714285714286, "f1-score": 0.6386315620348978, "support": 105}, "classificador": "SVC"}