{"casual": {"precision": 0.5666666666666667, "recall": 0.5862068965517241, "f1-score": 0.576271186440678, "support": 29}, "explosion": {"precision": 0.7441860465116279, "recall": 0.8205128205128205, "f1-score": 0.7804878048780488, "support": 39}, "gunshot": {"precision": 0.9166666666666666, "recall": 0.5238095238095238, "f1-score": 0.6666666666666667, "support": 21}, "siren": {"precision": 0.8, "recall": 1.0, "f1-score": 0.888888888888889, "support": 16}, "accuracy": 0.7238095238095238, "macro avg": {"precision": 0.7568798449612404, "recall": 0.732632310218517, "f1-score": 0.7280786367185706, "support": 105}, "weighted avg": {"precision": 0.7381579918789221, "recall": 0.7238095238095238, "f1-score": 0.7178391525642457, "support": 105}, "classificador": "LinearSVC"}