{"casual": {"precision": 0.5769230769230769, "recall": 0.5172413793103449, "f1-score": 0.5454545454545454, "support": 29}, "explosion": {"precision": 0.84375, "recall": 0.6923076923076923, "f1-score": 0.7605633802816902, "support": 39}, "gunshot": {"precision": 0.6363636363636364, "recall": 0.6666666666666666, "f1-score": 0.6511627906976744, "support": 21}, "siren": {"precision": 0.64, "recall": 1.0, "f1-score": 0.7804878048780487, "support": 16}, "accuracy": 0.6857142857142857, "macro avg": {"precision": 0.6742591783216784, "recall": 0.719053934571176, "f1-score": 0.6844171303279897, "support": 105}, "weighted avg": {"precision": 0.6975300532800531, "recall": 0.6857142857142857, "f1-score": 0.682308353636835, "support": 105}, "classificador": "SGDClassifier"}