{"casual": {"precision": 0.6086956521739131, "recall": 0.4827586206896552, "f1-score": 0.5384615384615384, "support": 29}, "explosion": {"precision": 0.7575757575757576, "recall": 0.6410256410256411, "f1-score": 0.6944444444444444, "support": 39}, "gunshot": {"precision": 0.4411764705882353, "recall": 0.7142857142857143, "f1-score": 0.5454545454545455, "support": 21}, "siren": {"precision": 0.7333333333333333, "recall": 0.6875, "f1-score": 0.7096774193548386, "support": 16}, "accuracy": 0.6190476190476191, "macro avg": {"precision": 0.6351953034178098, "recall": 0.6313924940002527, "f1-score": 0.6220094869288417, "support": 105}, "weighted avg": {"precision": 0.6494825492779458, "recall": 0.6190476190476191, "f1-score": 0.6238866867899127, "support": 105}, "classificador": "LinearDiscriminantAnalysis"}