{"casual": {"precision": 0.6521739130434783, "recall": 0.5172413793103449, "f1-score": 0.576923076923077, "support": 29}, "explosion": {"precision": 0.78125, "recall": 0.6410256410256411, "f1-score": 0.7042253521126761, "support": 39}, "gunshot": {"precision": 0.42857142857142855, "recall": 0.7142857142857143, "f1-score": 0.5357142857142858, "support": 21}, "siren": {"precision": 0.7333333333333333, "recall": 0.6875, "f1-score": 0.7096774193548386, "support": 16}, "accuracy": 0.6285714285714286, "macro avg": {"precision": 0.6488321687370601, "recall": 0.640013183655425, "f1-score": 0.6316350335262194, "support": 105}, "weighted avg": {"precision": 0.6677631124913734, "recall": 0.6285714285714286, "f1-score": 0.6361942540270573, "support": 105}, "classificador": "LinearDiscriminantAnalysis"}