{"casual": {"precision": 0.6486486486486487, "recall": 0.8275862068965517, "f1-score": 0.7272727272727273, "support": 29}, "explosion": {"precision": 0.9459459459459459, "recall": 0.8974358974358975, "f1-score": 0.9210526315789475, "support": 39}, "gunshot": {"precision": 0.7857142857142857, "recall": 0.5238095238095238, "f1-score": 0.6285714285714286, "support": 21}, "siren": {"precision": 0.8235294117647058, "recall": 0.875, "f1-score": 0.8484848484848485, "support": 16}, "accuracy": 0.8, "macro avg": {"precision": 0.8009595730183965, "recall": 0.7809579070354933, "f1-score": 0.781345408976988, "support": 105}, "weighted avg": {"precision": 0.813134983723219, "recall": 0.8, "f1-score": 0.7979782790309107, "support": 105}, "classificador": "BaggingClassifier"}