{"casual": {"precision": 0.6176470588235294, "recall": 0.7241379310344828, "f1-score": 0.6666666666666667, "support": 29}, "explosion": {"precision": 0.8108108108108109, "recall": 0.7692307692307693, "f1-score": 0.7894736842105263, "support": 39}, "gunshot": {"precision": 0.9333333333333333, "recall": 0.6666666666666666, "f1-score": 0.7777777777777778, "support": 21}, "siren": {"precision": 0.7368421052631579, "recall": 0.875, "f1-score": 0.7999999999999999, "support": 16}, "accuracy": 0.7523809523809524, "macro avg": {"precision": 0.774658327057708, "recall": 0.7587588417329797, "f1-score": 0.7584795321637426, "support": 105}, "weighted avg": {"precision": 0.7706939048734714, "recall": 0.7523809523809524, "f1-score": 0.7548203842940685, "support": 105}, "classificador": "LinearSVC"}