{"casual": {"precision": 0.6666666666666666, "recall": 0.7586206896551724, "f1-score": 0.7096774193548386, "support": 29}, "explosion": {"precision": 0.9444444444444444, "recall": 0.8717948717948718, "f1-score": 0.9066666666666667, "support": 39}, "gunshot": {"precision": 0.9375, "recall": 0.7142857142857143, "f1-score": 0.8108108108108109, "support": 21}, "siren": {"precision": 0.75, "recall": 0.9375, "f1-score": 0.8333333333333334, "support": 16}, "accuracy": 0.819047619047619, "macro avg": {"precision": 0.8246527777777778, "recall": 0.8205503189339396, "f1-score": 0.8151220575414124, "support": 105}, "weighted avg": {"precision": 0.8367063492063492, "recall": 0.819047619047619, "f1-score": 0.821914338301435, "support": 105}, "classificador": "SVC"}