{"casual": {"precision": 0.6052631578947368, "recall": 0.7931034482758621, "f1-score": 0.6865671641791046, "support": 29}, "explosion": {"precision": 0.9705882352941176, "recall": 0.8461538461538461, "f1-score": 0.9041095890410958, "support": 39}, "gunshot": {"precision": 0.9333333333333333, "recall": 0.6666666666666666, "f1-score": 0.7777777777777778, "support": 21}, "siren": {"precision": 0.7777777777777778, "recall": 0.875, "f1-score": 0.823529411764706, "support": 16}, "accuracy": 0.8, "macro avg": {"precision": 0.8217406260749913, "recall": 0.7952309902740937, "f1-score": 0.7979959856906711, "support": 105}, "weighted avg": {"precision": 0.8328573066653562, "recall": 0.8, "f1-score": 0.8064811967177656, "support": 105}, "classificador": "LinearDiscriminantAnalysis"}