{"casual": {"precision": 0.5227272727272727, "recall": 0.7931034482758621, "f1-score": 0.6301369863013699, "support": 29}, "explosion": {"precision": 0.8333333333333334, "recall": 0.6410256410256411, "f1-score": 0.7246376811594204, "support": 39}, "gunshot": {"precision": 1.0, "recall": 0.6666666666666666, "f1-score": 0.8, "support": 21}, "siren": {"precision": 0.8235294117647058, "recall": 0.875, "f1-score": 0.8484848484848485, "support": 16}, "accuracy": 0.7238095238095238, "macro avg": {"precision": 0.794897504456328, "recall": 0.7439489389920424, "f1-score": 0.7508148789864098, "support": 105}, "weighted avg": {"precision": 0.7793862999745352, "recall": 0.7238095238095238, "f1-score": 0.7324819023210923, "support": 105}, "classificador": "LinearDiscriminantAnalysis"}