{"casual": {"precision": 0.7297297297297297, "recall": 0.9310344827586207, "f1-score": 0.8181818181818181, "support": 29}, "explosion": {"precision": 0.972972972972973, "recall": 0.9230769230769231, "f1-score": 0.9473684210526315, "support": 39}, "gunshot": {"precision": 1.0, "recall": 0.7142857142857143, "f1-score": 0.8333333333333333, "support": 21}, "siren": {"precision": 0.9375, "recall": 0.9375, "f1-score": 0.9375, "support": 16}, "accuracy": 0.8857142857142857, "macro avg": {"precision": 0.9100506756756757, "recall": 0.8764742800303146, "f1-score": 0.8840958931419458, "support": 105}, "weighted avg": {"precision": 0.9057915057915058, "recall": 0.8857142857142857, "f1-score": 0.8873775347459557, "support": 105}, "classificador": "BaggingClassifier"}