{"casual": {"precision": 0.75, "recall": 0.9310344827586207, "f1-score": 0.8307692307692308, "support": 29}, "explosion": {"precision": 0.972972972972973, "recall": 0.9230769230769231, "f1-score": 0.9473684210526315, "support": 39}, "gunshot": {"precision": 1.0, "recall": 0.7619047619047619, "f1-score": 0.8648648648648648, "support": 21}, "siren": {"precision": 0.9375, "recall": 0.9375, "f1-score": 0.9375, "support": 16}, "accuracy": 0.8952380952380953, "macro avg": {"precision": 0.9151182432432432, "recall": 0.8883790419350764, "f1-score": 0.8951256291716818, "support": 105}, "weighted avg": {"precision": 0.9113899613899614, "recall": 0.8952380952380953, "f1-score": 0.8971603645287854, "support": 105}, "classificador": "BaggingClassifier"}