{"casual": {"precision": 0.7222222222222222, "recall": 0.896551724137931, "f1-score": 0.7999999999999999, "support": 29}, "explosion": {"precision": 0.9722222222222222, "recall": 0.8974358974358975, "f1-score": 0.9333333333333333, "support": 39}, "gunshot": {"precision": 1.0, "recall": 0.7619047619047619, "f1-score": 0.8648648648648648, "support": 21}, "siren": {"precision": 0.8823529411764706, "recall": 0.9375, "f1-score": 0.9090909090909091, "support": 16}, "accuracy": 0.8761904761904762, "macro avg": {"precision": 0.8941993464052288, "recall": 0.8733480958696476, "f1-score": 0.8768222768222769, "support": 105}, "weighted avg": {"precision": 0.8950357920946157, "recall": 0.8761904761904762, "f1-score": 0.8791201591201591, "support": 105}, "classificador": "BaggingClassifier"}