{"casual": {"precision": 0.6571428571428571, "recall": 0.7931034482758621, "f1-score": 0.71875, "support": 29}, "explosion": {"precision": 0.9444444444444444, "recall": 0.8717948717948718, "f1-score": 0.9066666666666667, "support": 39}, "gunshot": {"precision": 0.9375, "recall": 0.7142857142857143, "f1-score": 0.8108108108108109, "support": 21}, "siren": {"precision": 0.8333333333333334, "recall": 0.9375, "f1-score": 0.8823529411764706, "support": 16}, "accuracy": 0.8285714285714286, "macro avg": {"precision": 0.8431051587301588, "recall": 0.8291710085891121, "f1-score": 0.8296451046634871, "support": 105}, "weighted avg": {"precision": 0.8467743764172335, "recall": 0.8285714285714286, "f1-score": 0.8318897531985767, "support": 105}, "classificador": "LinearDiscriminantAnalysis"}