{"casual": {"precision": 0.631578947368421, "recall": 0.8275862068965517, "f1-score": 0.716417910447761, "support": 29}, "explosion": {"precision": 0.9411764705882353, "recall": 0.8205128205128205, "f1-score": 0.8767123287671232, "support": 39}, "gunshot": {"precision": 0.9411764705882353, "recall": 0.7619047619047619, "f1-score": 0.8421052631578947, "support": 21}, "siren": {"precision": 0.875, "recall": 0.875, "f1-score": 0.875, "support": 16}, "accuracy": 0.819047619047619, "macro avg": {"precision": 0.8472329721362228, "recall": 0.8212509473285335, "f1-score": 0.8275588755931947, "support": 105}, "weighted avg": {"precision": 0.8455845496093174, "recall": 0.819047619047619, "f1-score": 0.8252581976306539, "support": 105}, "classificador": "LinearSVC"}