{"casual": {"precision": 0.6578947368421053, "recall": 0.8620689655172413, "f1-score": 0.746268656716418, "support": 29}, "explosion": {"precision": 0.9166666666666666, "recall": 0.8461538461538461, "f1-score": 0.8799999999999999, "support": 39}, "gunshot": {"precision": 0.9411764705882353, "recall": 0.7619047619047619, "f1-score": 0.8421052631578947, "support": 21}, "siren": {"precision": 1.0, "recall": 0.875, "f1-score": 0.9333333333333333, "support": 16}, "accuracy": 0.8380952380952381, "macro avg": {"precision": 0.8789344685242517, "recall": 0.8362818933939623, "f1-score": 0.8504268133019115, "support": 105}, "weighted avg": {"precision": 0.862796697626419, "recall": 0.8380952380952381, "f1-score": 0.8436127133754785, "support": 105}, "classificador": "KNeighborsClassifier"}