{"casual": {"precision": 0.5945945945945946, "recall": 0.7586206896551724, "f1-score": 0.6666666666666667, "support": 29}, "explosion": {"precision": 0.9166666666666666, "recall": 0.8461538461538461, "f1-score": 0.8799999999999999, "support": 39}, "gunshot": {"precision": 0.9285714285714286, "recall": 0.6190476190476191, "f1-score": 0.742857142857143, "support": 21}, "siren": {"precision": 0.8333333333333334, "recall": 0.9375, "f1-score": 0.8823529411764706, "support": 16}, "accuracy": 0.7904761904761904, "macro avg": {"precision": 0.8182915057915058, "recall": 0.7903305387141594, "f1-score": 0.7929691876750701, "support": 105}, "weighted avg": {"precision": 0.8173959673959673, "recall": 0.7904761904761904, "f1-score": 0.7940093370681607, "support": 105}, "classificador": "SVC"}