{"casual": {"precision": 0.6486486486486487, "recall": 0.8275862068965517, "f1-score": 0.7272727272727273, "support": 29}, "explosion": {"precision": 0.9428571428571428, "recall": 0.8461538461538461, "f1-score": 0.8918918918918919, "support": 39}, "gunshot": {"precision": 0.9375, "recall": 0.7142857142857143, "f1-score": 0.8108108108108109, "support": 21}, "siren": {"precision": 0.8823529411764706, "recall": 0.9375, "f1-score": 0.9090909090909091, "support": 16}, "accuracy": 0.8285714285714286, "macro avg": {"precision": 0.8528396831705655, "recall": 0.8313814418340281, "f1-score": 0.8347665847665848, "support": 105}, "weighted avg": {"precision": 0.8513084422958372, "recall": 0.8285714285714286, "f1-score": 0.8328302328302328, "support": 105}, "classificador": "LinearSVC"}