{"casual": {"precision": 0.75, "recall": 0.8275862068965517, "f1-score": 0.7868852459016394, "support": 29}, "explosion": {"precision": 0.875, "recall": 0.8974358974358975, "f1-score": 0.8860759493670887, "support": 39}, "gunshot": {"precision": 0.9444444444444444, "recall": 0.8095238095238095, "f1-score": 0.8717948717948718, "support": 21}, "siren": {"precision": 0.9333333333333333, "recall": 0.875, "f1-score": 0.9032258064516129, "support": 16}, "accuracy": 0.8571428571428571, "macro avg": {"precision": 0.8756944444444446, "recall": 0.8523864784640647, "f1-score": 0.8619954683788033, "support": 105}, "weighted avg": {"precision": 0.8632539682539683, "recall": 0.8571428571428571, "f1-score": 0.8584375177845917, "support": 105}, "classificador": "KNeighborsClassifier"}