{"casual": {"precision": 0.4883720930232558, "recall": 0.7241379310344828, "f1-score": 0.5833333333333334, "support": 29}, "explosion": {"precision": 0.7352941176470589, "recall": 0.6410256410256411, "f1-score": 0.6849315068493151, "support": 39}, "gunshot": {"precision": 1.0, "recall": 0.5238095238095238, "f1-score": 0.6875000000000001, "support": 21}, "siren": {"precision": 0.8235294117647058, "recall": 0.875, "f1-score": 0.8484848484848485, "support": 16}, "accuracy": 0.6761904761904762, "macro avg": {"precision": 0.7617989056087551, "recall": 0.690993273967412, "f1-score": 0.7010624221668743, "support": 105}, "weighted avg": {"precision": 0.733483160706143, "recall": 0.6761904761904762, "f1-score": 0.6823071715195003, "support": 105}, "classificador": "LinearDiscriminantAnalysis"}