{"casual": {"precision": 0.6, "recall": 0.8275862068965517, "f1-score": 0.6956521739130435, "support": 29}, "explosion": {"precision": 0.9117647058823529, "recall": 0.7948717948717948, "f1-score": 0.8493150684931507, "support": 39}, "gunshot": {"precision": 1.0, "recall": 0.6190476190476191, "f1-score": 0.7647058823529412, "support": 21}, "siren": {"precision": 0.8333333333333334, "recall": 0.9375, "f1-score": 0.8823529411764706, "support": 16}, "accuracy": 0.7904761904761904, "macro avg": {"precision": 0.8362745098039216, "recall": 0.7947514052039915, "f1-score": 0.7980065164839015, "support": 105}, "weighted avg": {"precision": 0.8313538748832866, "recall": 0.7904761904761904, "f1-score": 0.794987345742347, "support": 105}, "classificador": "SGDClassifier"}