{"casual": {"precision": 0.575, "recall": 0.7931034482758621, "f1-score": 0.6666666666666666, "support": 29}, "explosion": {"precision": 0.7073170731707317, "recall": 0.7435897435897436, "f1-score": 0.725, "support": 39}, "gunshot": {"precision": 0.8571428571428571, "recall": 0.2857142857142857, "f1-score": 0.42857142857142855, "support": 21}, "siren": {"precision": 0.8823529411764706, "recall": 0.9375, "f1-score": 0.9090909090909091, "support": 16}, "accuracy": 0.6952380952380952, "macro avg": {"precision": 0.7554532178725148, "recall": 0.6899768693949728, "f1-score": 0.682332251082251, "support": 105}, "weighted avg": {"precision": 0.7274096467855434, "recall": 0.6952380952380952, "f1-score": 0.6776551226551226, "support": 105}, "classificador": "LinearSVC"}