{"casual": {"precision": 0.6388888888888888, "recall": 0.7931034482758621, "f1-score": 0.7076923076923076, "support": 29}, "explosion": {"precision": 0.9210526315789473, "recall": 0.8974358974358975, "f1-score": 0.9090909090909091, "support": 39}, "gunshot": {"precision": 0.9230769230769231, "recall": 0.5714285714285714, "f1-score": 0.7058823529411765, "support": 21}, "siren": {"precision": 0.8333333333333334, "recall": 0.9375, "f1-score": 0.8823529411764706, "support": 16}, "accuracy": 0.8095238095238095, "macro avg": {"precision": 0.8290879442195233, "recall": 0.7998669792850828, "f1-score": 0.8012546277252159, "support": 105}, "weighted avg": {"precision": 0.8301598012124327, "recall": 0.8095238095238095, "f1-score": 0.8087504652210533, "support": 105}, "classificador": "BaggingClassifier"}