{"casual": {"precision": 0.6857142857142857, "recall": 0.8275862068965517, "f1-score": 0.75, "support": 29}, "explosion": {"precision": 0.918918918918919, "recall": 0.8717948717948718, "f1-score": 0.8947368421052632, "support": 39}, "gunshot": {"precision": 1.0, "recall": 0.7142857142857143, "f1-score": 0.8333333333333333, "support": 21}, "siren": {"precision": 0.8888888888888888, "recall": 1.0, "f1-score": 0.9411764705882353, "support": 16}, "accuracy": 0.8476190476190476, "macro avg": {"precision": 0.8733805233805234, "recall": 0.8534166982442845, "f1-score": 0.8548116615067081, "support": 105}, "weighted avg": {"precision": 0.8661502318645176, "recall": 0.8476190476190476, "f1-score": 0.8495577178239717, "support": 105}, "classificador": "SGDClassifier"}