{"casual": {"precision": 0.6285714285714286, "recall": 0.7586206896551724, "f1-score": 0.6875, "support": 29}, "explosion": {"precision": 0.9444444444444444, "recall": 0.8717948717948718, "f1-score": 0.9066666666666667, "support": 39}, "gunshot": {"precision": 0.9375, "recall": 0.7142857142857143, "f1-score": 0.8108108108108109, "support": 21}, "siren": {"precision": 0.7777777777777778, "recall": 0.875, "f1-score": 0.823529411764706, "support": 16}, "accuracy": 0.8095238095238095, "macro avg": {"precision": 0.8220734126984126, "recall": 0.8049253189339396, "f1-score": 0.8071267223105459, "support": 105}, "weighted avg": {"precision": 0.8304176114890401, "recall": 0.8095238095238095, "f1-score": 0.8142952153834506, "support": 105}, "classificador": "LinearDiscriminantAnalysis"}