{"casual": {"precision": 0.5, "recall": 0.7931034482758621, "f1-score": 0.6133333333333334, "support": 29}, "explosion": {"precision": 0.8285714285714286, "recall": 0.7435897435897436, "f1-score": 0.7837837837837838, "support": 39}, "gunshot": {"precision": 1.0, "recall": 0.38095238095238093, "f1-score": 0.5517241379310345, "support": 21}, "siren": {"precision": 0.8125, "recall": 0.8125, "f1-score": 0.8125, "support": 16}, "accuracy": 0.6952380952380952, "macro avg": {"precision": 0.7852678571428572, "recall": 0.6825363932044967, "f1-score": 0.6903353137620378, "support": 105}, "weighted avg": {"precision": 0.7696598639455783, "recall": 0.6952380952380952, "f1-score": 0.6946708679122472, "support": 105}, "classificador": "LinearDiscriminantAnalysis"}