{"casual": {"precision": 0.6666666666666666, "recall": 0.7586206896551724, "f1-score": 0.7096774193548386, "support": 29}, "explosion": {"precision": 0.8974358974358975, "recall": 0.8974358974358975, "f1-score": 0.8974358974358975, "support": 39}, "gunshot": {"precision": 1.0, "recall": 0.7142857142857143, "f1-score": 0.8333333333333333, "support": 21}, "siren": {"precision": 0.8333333333333334, "recall": 0.9375, "f1-score": 0.8823529411764706, "support": 16}, "accuracy": 0.8285714285714286, "macro avg": {"precision": 0.8493589743589743, "recall": 0.8269605753441961, "f1-score": 0.830699897825135, "support": 105}, "weighted avg": {"precision": 0.8444444444444443, "recall": 0.8285714285714286, "f1-score": 0.8304599259058462, "support": 105}, "classificador": "SVC"}