{"casual": {"precision": 0.6, "recall": 0.8275862068965517, "f1-score": 0.6956521739130435, "support": 29}, "explosion": {"precision": 0.8611111111111112, "recall": 0.7948717948717948, "f1-score": 0.8266666666666667, "support": 39}, "gunshot": {"precision": 0.9, "recall": 0.42857142857142855, "f1-score": 0.5806451612903225, "support": 21}, "siren": {"precision": 0.7368421052631579, "recall": 0.875, "f1-score": 0.7999999999999999, "support": 16}, "accuracy": 0.7428571428571429, "macro avg": {"precision": 0.7744883040935673, "recall": 0.7315073575849438, "f1-score": 0.7257410004675081, "support": 105}, "weighted avg": {"precision": 0.7778362573099415, "recall": 0.7428571428571429, "f1-score": 0.7372139183864288, "support": 105}, "classificador": "LinearSVC"}