{"casual": {"precision": 0.6666666666666666, "recall": 0.7586206896551724, "f1-score": 0.7096774193548386, "support": 29}, "explosion": {"precision": 0.8780487804878049, "recall": 0.9230769230769231, "f1-score": 0.9, "support": 39}, "gunshot": {"precision": 1.0, "recall": 0.6190476190476191, "f1-score": 0.7647058823529412, "support": 21}, "siren": {"precision": 0.8333333333333334, "recall": 0.9375, "f1-score": 0.8823529411764706, "support": 16}, "accuracy": 0.819047619047619, "macro avg": {"precision": 0.8445121951219513, "recall": 0.8095613079449286, "f1-score": 0.8141840607210626, "support": 105}, "weighted avg": {"precision": 0.8372435152922958, "recall": 0.819047619047619, "f1-score": 0.8176868166621486, "support": 105}, "classificador": "SVC"}