{"casual": {"precision": 0.5945945945945946, "recall": 0.7586206896551724, "f1-score": 0.6666666666666667, "support": 29}, "explosion": {"precision": 0.8484848484848485, "recall": 0.717948717948718, "f1-score": 0.7777777777777778, "support": 39}, "gunshot": {"precision": 0.875, "recall": 0.6666666666666666, "f1-score": 0.7567567567567567, "support": 21}, "siren": {"precision": 0.8421052631578947, "recall": 1.0, "f1-score": 0.9142857142857143, "support": 16}, "accuracy": 0.7619047619047619, "macro avg": {"precision": 0.7900461765593345, "recall": 0.7858090185676392, "f1-score": 0.7788717288717288, "support": 105}, "weighted avg": {"precision": 0.7826936813778919, "recall": 0.7619047619047619, "f1-score": 0.7636869522583809, "support": 105}, "classificador": "SGDClassifier"}