{"casual": {"precision": 0.5128205128205128, "recall": 0.6896551724137931, "f1-score": 0.5882352941176471, "support": 29}, "explosion": {"precision": 0.75, "recall": 0.5384615384615384, "f1-score": 0.6268656716417911, "support": 39}, "gunshot": {"precision": 0.7894736842105263, "recall": 0.7142857142857143, "f1-score": 0.7500000000000001, "support": 21}, "siren": {"precision": 0.8421052631578947, "recall": 1.0, "f1-score": 0.9142857142857143, "support": 16}, "accuracy": 0.6857142857142857, "macro avg": {"precision": 0.7235998650472335, "recall": 0.7356006062902615, "f1-score": 0.7198466700112881, "support": 105}, "weighted avg": {"precision": 0.706423109054688, "recall": 0.6857142857142857, "f1-score": 0.6846205347810767, "support": 105}, "classificador": "Perceptron"}