{"casual": {"precision": 0.5806451612903226, "recall": 0.6206896551724138, "f1-score": 0.6000000000000001, "support": 29}, "explosion": {"precision": 0.8181818181818182, "recall": 0.6923076923076923, "f1-score": 0.7500000000000001, "support": 39}, "gunshot": {"precision": 0.6086956521739131, "recall": 0.6666666666666666, "f1-score": 0.6363636363636365, "support": 21}, "siren": {"precision": 0.8333333333333334, "recall": 0.9375, "f1-score": 0.8823529411764706, "support": 16}, "accuracy": 0.7047619047619048, "macro avg": {"precision": 0.7102139912448469, "recall": 0.7292910035366932, "f1-score": 0.7171791443850268, "support": 105}, "weighted avg": {"precision": 0.7129880249094835, "recall": 0.7047619047619048, "f1-score": 0.7060122230710467, "support": 105}, "classificador": "LinearDiscriminantAnalysis"}