{"casual": {"precision": 0.5897435897435898, "recall": 0.7931034482758621, "f1-score": 0.676470588235294, "support": 29}, "explosion": {"precision": 0.8928571428571429, "recall": 0.6410256410256411, "f1-score": 0.746268656716418, "support": 39}, "gunshot": {"precision": 0.8235294117647058, "recall": 0.6666666666666666, "f1-score": 0.7368421052631577, "support": 21}, "siren": {"precision": 0.7619047619047619, "recall": 1.0, "f1-score": 0.8648648648648648, "support": 16}, "accuracy": 0.7428571428571429, "macro avg": {"precision": 0.76700872656755, "recall": 0.7751989389920424, "f1-score": 0.7561115537699337, "support": 105}, "weighted avg": {"precision": 0.7753198715383589, "recall": 0.7428571428571429, "f1-score": 0.7431775878012189, "support": 105}, "classificador": "SGDClassifier"}