{"casual": {"precision": 0.6097560975609756, "recall": 0.8620689655172413, "f1-score": 0.7142857142857144, "support": 29}, "explosion": {"precision": 0.9, "recall": 0.6923076923076923, "f1-score": 0.7826086956521738, "support": 39}, "gunshot": {"precision": 0.875, "recall": 0.6666666666666666, "f1-score": 0.7567567567567567, "support": 21}, "siren": {"precision": 0.8888888888888888, "recall": 1.0, "f1-score": 0.9411764705882353, "support": 16}, "accuracy": 0.780952380952381, "macro avg": {"precision": 0.8184112466124661, "recall": 0.8052608311229, "f1-score": 0.79870690932072, "support": 105}, "weighted avg": {"precision": 0.8131442766808621, "recall": 0.780952380952381, "f1-score": 0.7827308596764205, "support": 105}, "classificador": "SGDClassifier"}