{"casual": {"precision": 0.5652173913043478, "recall": 0.4482758620689655, "f1-score": 0.4999999999999999, "support": 29}, "explosion": {"precision": 0.78125, "recall": 0.6410256410256411, "f1-score": 0.7042253521126761, "support": 39}, "gunshot": {"precision": 0.42424242424242425, "recall": 0.6666666666666666, "f1-score": 0.5185185185185185, "support": 21}, "siren": {"precision": 0.7647058823529411, "recall": 0.8125, "f1-score": 0.787878787878788, "support": 16}, "accuracy": 0.6190476190476191, "macro avg": {"precision": 0.6338539244749283, "recall": 0.6421170424403183, "f1-score": 0.6276556646274957, "support": 105}, "weighted avg": {"precision": 0.6476613273768006, "recall": 0.6190476190476191, "f1-score": 0.6234260783556559, "support": 105}, "classificador": "LinearDiscriminantAnalysis"}