{"casual": {"precision": 0.7241379310344828, "recall": 0.7241379310344828, "f1-score": 0.7241379310344829, "support": 29}, "explosion": {"precision": 0.9393939393939394, "recall": 0.7948717948717948, "f1-score": 0.8611111111111112, "support": 39}, "gunshot": {"precision": 0.6956521739130435, "recall": 0.7619047619047619, "f1-score": 0.7272727272727272, "support": 21}, "siren": {"precision": 0.8, "recall": 1.0, "f1-score": 0.888888888888889, "support": 16}, "accuracy": 0.8, "macro avg": {"precision": 0.7897960110853663, "recall": 0.8202286219527599, "f1-score": 0.8003526645768025, "support": 105}, "weighted avg": {"precision": 0.8099529456051194, "recall": 0.8, "f1-score": 0.8007455507455509, "support": 105}, "classificador": "SVC"}