{"casual": {"precision": 0.6296296296296297, "recall": 0.5862068965517241, "f1-score": 0.6071428571428571, "support": 29}, "explosion": {"precision": 0.8333333333333334, "recall": 0.7692307692307693, "f1-score": 0.8, "support": 39}, "gunshot": {"precision": 0.6956521739130435, "recall": 0.7619047619047619, "f1-score": 0.7272727272727272, "support": 21}, "siren": {"precision": 0.8421052631578947, "recall": 1.0, "f1-score": 0.9142857142857143, "support": 16}, "accuracy": 0.7523809523809524, "macro avg": {"precision": 0.7501801000084753, "recall": 0.7793356069218138, "f1-score": 0.7621753246753246, "support": 105}, "weighted avg": {"precision": 0.7508727535424713, "recall": 0.7523809523809524, "f1-score": 0.749604205318491, "support": 105}, "classificador": "SGDClassifier"}