{"casual": {"precision": 0.6153846153846154, "recall": 0.5517241379310345, "f1-score": 0.5818181818181819, "support": 29}, "explosion": {"precision": 0.75, "recall": 0.6153846153846154, "f1-score": 0.676056338028169, "support": 39}, "gunshot": {"precision": 0.45161290322580644, "recall": 0.6666666666666666, "f1-score": 0.5384615384615384, "support": 21}, "siren": {"precision": 0.75, "recall": 0.75, "f1-score": 0.75, "support": 16}, "accuracy": 0.6285714285714286, "macro avg": {"precision": 0.6417493796526055, "recall": 0.6459438549955792, "f1-score": 0.6365840145769723, "support": 105}, "weighted avg": {"precision": 0.6531430934656742, "recall": 0.6285714285714286, "f1-score": 0.6337773025096969, "support": 105}, "classificador": "LinearDiscriminantAnalysis"}