{"casual": {"precision": 0.6875, "recall": 0.7586206896551724, "f1-score": 0.7213114754098361, "support": 29}, "explosion": {"precision": 0.918918918918919, "recall": 0.8717948717948718, "f1-score": 0.8947368421052632, "support": 39}, "gunshot": {"precision": 0.7272727272727273, "recall": 0.7619047619047619, "f1-score": 0.7441860465116279, "support": 21}, "siren": {"precision": 0.9285714285714286, "recall": 0.8125, "f1-score": 0.8666666666666666, "support": 16}, "accuracy": 0.8095238095238095, "macro avg": {"precision": 0.8155657686907687, "recall": 0.8012050808387015, "f1-score": 0.8067252576733485, "support": 105}, "weighted avg": {"precision": 0.8181448377876951, "recall": 0.8095238095238095, "f1-score": 0.8124508883085844, "support": 105}, "classificador": "KNeighborsClassifier"}