{"casual": {"precision": 0.5106382978723404, "recall": 0.8275862068965517, "f1-score": 0.631578947368421, "support": 29}, "explosion": {"precision": 0.8181818181818182, "recall": 0.46153846153846156, "f1-score": 0.5901639344262295, "support": 39}, "gunshot": {"precision": 0.7647058823529411, "recall": 0.6190476190476191, "f1-score": 0.6842105263157895, "support": 21}, "siren": {"precision": 0.7894736842105263, "recall": 0.9375, "f1-score": 0.8571428571428572, "support": 16}, "accuracy": 0.6666666666666666, "macro avg": {"precision": 0.7207499206544066, "recall": 0.7114180718706581, "f1-score": 0.6907740663133243, "support": 105}, "weighted avg": {"precision": 0.7181714668968474, "recall": 0.6666666666666666, "f1-score": 0.6610941874592806, "support": 105}, "classificador": "Perceptron"}