{"casual": {"precision": 0.5111111111111111, "recall": 0.7931034482758621, "f1-score": 0.6216216216216216, "support": 29}, "explosion": {"precision": 0.75, "recall": 0.38461538461538464, "f1-score": 0.5084745762711865, "support": 39}, "gunshot": {"precision": 0.625, "recall": 0.7142857142857143, "f1-score": 0.6666666666666666, "support": 21}, "siren": {"precision": 0.875, "recall": 0.875, "f1-score": 0.875, "support": 16}, "accuracy": 0.638095238095238, "macro avg": {"precision": 0.6902777777777778, "recall": 0.6917511367942403, "f1-score": 0.6679407161398687, "support": 105}, "weighted avg": {"precision": 0.678068783068783, "recall": 0.638095238095238, "f1-score": 0.6272146238247934, "support": 105}, "classificador": "Perceptron"}