{"casual": {"precision": 0.5757575757575758, "recall": 0.6551724137931034, "f1-score": 0.6129032258064515, "support": 29}, "explosion": {"precision": 0.7941176470588235, "recall": 0.6923076923076923, "f1-score": 0.7397260273972601, "support": 39}, "gunshot": {"precision": 0.7647058823529411, "recall": 0.6190476190476191, "f1-score": 0.6842105263157895, "support": 21}, "siren": {"precision": 0.7619047619047619, "recall": 1.0, "f1-score": 0.8648648648648648, "support": 16}, "accuracy": 0.7142857142857143, "macro avg": {"precision": 0.7241214667685256, "recall": 0.7416319312871037, "f1-score": 0.7254261610960915, "support": 105}, "weighted avg": {"precision": 0.723017691925255, "recall": 0.7142857142857143, "f1-score": 0.7126644524509491, "support": 105}, "classificador": "SVC"}