{"casual": {"precision": 0.5714285714285714, "recall": 0.6896551724137931, "f1-score": 0.625, "support": 29}, "explosion": {"precision": 0.7333333333333333, "recall": 0.5641025641025641, "f1-score": 0.6376811594202899, "support": 39}, "gunshot": {"precision": 0.6842105263157895, "recall": 0.6190476190476191, "f1-score": 0.6500000000000001, "support": 21}, "siren": {"precision": 0.7142857142857143, "recall": 0.9375, "f1-score": 0.8108108108108109, "support": 16}, "accuracy": 0.6666666666666666, "macro avg": {"precision": 0.6758145363408521, "recall": 0.702576338890994, "f1-score": 0.6808729925577752, "support": 105}, "weighted avg": {"precision": 0.6758897243107769, "recall": 0.6666666666666666, "f1-score": 0.6630241732415646, "support": 105}, "classificador": "LinearSVC"}