{"casual": {"precision": 0.5945945945945946, "recall": 0.7586206896551724, "f1-score": 0.6666666666666667, "support": 29}, "explosion": {"precision": 0.8709677419354839, "recall": 0.6923076923076923, "f1-score": 0.7714285714285716, "support": 39}, "gunshot": {"precision": 0.9411764705882353, "recall": 0.7619047619047619, "f1-score": 0.8421052631578947, "support": 21}, "siren": {"precision": 0.8, "recall": 1.0, "f1-score": 0.888888888888889, "support": 16}, "accuracy": 0.7714285714285715, "macro avg": {"precision": 0.8016847017795785, "recall": 0.8032082859669066, "f1-score": 0.7922723475355055, "support": 105}, "weighted avg": {"precision": 0.7978637243912386, "recall": 0.7714285714285715, "f1-score": 0.7745283844531966, "support": 105}, "classificador": "SGDClassifier"}