{"casual": {"precision": 0.6875, "recall": 0.7586206896551724, "f1-score": 0.7213114754098361, "support": 29}, "explosion": {"precision": 0.868421052631579, "recall": 0.8461538461538461, "f1-score": 0.8571428571428572, "support": 39}, "gunshot": {"precision": 0.9411764705882353, "recall": 0.7619047619047619, "f1-score": 0.8421052631578947, "support": 21}, "siren": {"precision": 0.8888888888888888, "recall": 1.0, "f1-score": 0.9411764705882353, "support": 16}, "accuracy": 0.8285714285714286, "macro avg": {"precision": 0.8464966030271758, "recall": 0.8416698244284451, "f1-score": 0.8404340165747057, "support": 105}, "weighted avg": {"precision": 0.8361223729257785, "recall": 0.8285714285714286, "f1-score": 0.8294251263922309, "support": 105}, "classificador": "SGDClassifier"}