{"casual": {"precision": 0.45714285714285713, "recall": 0.5517241379310345, "f1-score": 0.5, "support": 29}, "explosion": {"precision": 0.8181818181818182, "recall": 0.6923076923076923, "f1-score": 0.7500000000000001, "support": 39}, "gunshot": {"precision": 0.7142857142857143, "recall": 0.23809523809523808, "f1-score": 0.35714285714285715, "support": 21}, "siren": {"precision": 0.5, "recall": 0.9375, "f1-score": 0.6521739130434783, "support": 16}, "accuracy": 0.6, "macro avg": {"precision": 0.6224025974025974, "recall": 0.6049067670834912, "f1-score": 0.5648291925465838, "support": 105}, "weighted avg": {"precision": 0.6492022263450835, "recall": 0.6, "f1-score": 0.5874741200828157, "support": 105}, "classificador": "Perceptron"}