{"casual": {"precision": 0.3953488372093023, "recall": 0.5862068965517241, "f1-score": 0.4722222222222222, "support": 29}, "explosion": {"precision": 0.6956521739130435, "recall": 0.41025641025641024, "f1-score": 0.5161290322580646, "support": 39}, "gunshot": {"precision": 0.7777777777777778, "recall": 0.6666666666666666, "f1-score": 0.717948717948718, "support": 21}, "siren": {"precision": 0.6666666666666666, "recall": 0.875, "f1-score": 0.7567567567567567, "support": 16}, "accuracy": 0.580952380952381, "macro avg": {"precision": 0.6338613638916976, "recall": 0.6345324933687002, "f1-score": 0.6157641822964404, "support": 105}, "weighted avg": {"precision": 0.6247195339207473, "recall": 0.580952380952381, "f1-score": 0.5810334084527633, "support": 105}, "classificador": "Perceptron"}