{"casual": {"precision": 0.34615384615384615, "recall": 0.6206896551724138, "f1-score": 0.4444444444444444, "support": 29}, "explosion": {"precision": 0.8108108108108109, "recall": 0.7692307692307693, "f1-score": 0.7894736842105263, "support": 39}, "gunshot": {"precision": 0.0, "recall": 0.0, "f1-score": 0.0, "support": 21}, "siren": {"precision": 0.6875, "recall": 0.6875, "f1-score": 0.6875, "support": 16}, "accuracy": 0.5619047619047619, "macro avg": {"precision": 0.46111616424116425, "recall": 0.5193551061007957, "f1-score": 0.4803545321637427, "support": 105}, "weighted avg": {"precision": 0.5015246015246015, "recall": 0.5619047619047619, "f1-score": 0.5207463102199944, "support": 105}, "classificador": "LinearDiscriminantAnalysis"}