{"casual": {"precision": 0.4857142857142857, "recall": 0.5862068965517241, "f1-score": 0.53125, "support": 29}, "explosion": {"precision": 0.7777777777777778, "recall": 0.717948717948718, "f1-score": 0.7466666666666666, "support": 39}, "gunshot": {"precision": 0.75, "recall": 0.5714285714285714, "f1-score": 0.6486486486486486, "support": 21}, "siren": {"precision": 0.7777777777777778, "recall": 0.875, "f1-score": 0.823529411764706, "support": 16}, "accuracy": 0.6761904761904762, "macro avg": {"precision": 0.6978174603174603, "recall": 0.6876460464822534, "f1-score": 0.6875236817700053, "support": 105}, "weighted avg": {"precision": 0.6915570672713529, "recall": 0.6761904761904762, "f1-score": 0.6792794496176848, "support": 105}, "classificador": "LinearSVC"}