{"classificador": "BaggingClassifier", "accuracy": 0.5238095238095238, "explosion": {"recall": 0.6410256410256411, "f1-score": 0.6849315068493151, "precision": 0.7352941176470589, "support": 39}, "siren": {"recall": 0.3125, "f1-score": 0.3703703703703703, "precision": 0.45454545454545453, "support": 16}, "weighted avg": {"recall": 0.5238095238095238, "f1-score": 0.5245455150789821, "precision": 0.6128135645338753, "support": 105}, "gunshot": {"recall": 0.2857142857142857, "f1-score": 0.42857142857142855, "precision": 0.8571428571428571, "support": 21}, "macro avg": {"recall": 0.47360308513325755, "f1-score": 0.48682198498436385, "precision": 0.6013682488432766, "support": 105}, "casual": {"recall": 0.6551724137931034, "f1-score": 0.46341463414634143, "precision": 0.3584905660377358, "support": 29}}