{"classificador": "SGDClassifier", "accuracy": 0.44761904761904764, "explosion": {"recall": 0.3333333333333333, "f1-score": 0.43333333333333335, "precision": 0.6190476190476191, "support": 39}, "siren": {"recall": 0.75, "f1-score": 0.7272727272727272, "precision": 0.7058823529411765, "support": 16}, "weighted avg": {"recall": 0.44761904761904764, "f1-score": 0.39836219336219336, "precision": 0.42818440809159486, "support": 105}, "gunshot": {"recall": 0.0, "f1-score": 0.0, "precision": 0.0, "support": 21}, "macro avg": {"recall": 0.4604885057471264, "f1-score": 0.4047348484848484, "precision": 0.4133220452360049, "support": 105}, "casual": {"recall": 0.7586206896551724, "f1-score": 0.4583333333333333, "precision": 0.3283582089552239, "support": 29}}