{"classificador": "BaggingClassifier", "accuracy": 0.5714285714285714, "explosion": {"recall": 0.41025641025641024, "f1-score": 0.5517241379310346, "precision": 0.8421052631578947, "support": 39}, "siren": {"recall": 0.625, "f1-score": 0.6896551724137931, "precision": 0.7692307692307693, "support": 16}, "weighted avg": {"recall": 0.5714285714285714, "f1-score": 0.5711121704892562, "precision": 0.719978230833494, "support": 105}, "gunshot": {"recall": 0.38095238095238093, "f1-score": 0.5333333333333333, "precision": 0.8888888888888888, "support": 21}, "macro avg": {"recall": 0.5781901288366805, "f1-score": 0.5834631071560994, "precision": 0.7266187303193882, "support": 105}, "casual": {"recall": 0.896551724137931, "f1-score": 0.5591397849462365, "precision": 0.40625, "support": 29}}