{"classificador": "BaggingClassifier", "accuracy": 0.4095238095238095, "explosion": {"recall": 0.41025641025641024, "f1-score": 0.4848484848484849, "precision": 0.5925925925925926, "support": 39}, "siren": {"recall": 0.3125, "f1-score": 0.4166666666666667, "precision": 0.625, "support": 16}, "weighted avg": {"recall": 0.4095238095238095, "f1-score": 0.36632996632996634, "precision": 0.40214663643235077, "support": 105}, "gunshot": {"recall": 0.0, "f1-score": 0.0, "precision": 0.0, "support": 21}, "macro avg": {"recall": 0.3703442749778957, "f1-score": 0.336489898989899, "precision": 0.3829695767195767, "support": 105}, "casual": {"recall": 0.7586206896551724, "f1-score": 0.4444444444444444, "precision": 0.3142857142857143, "support": 29}}