{"classificador": "BaggingClassifier", "accuracy": 0.5047619047619047, "explosion": {"recall": 0.5897435897435898, "f1-score": 0.6216216216216216, "precision": 0.6571428571428571, "support": 39}, "siren": {"recall": 0.3125, "f1-score": 0.39999999999999997, "precision": 0.5555555555555556, "support": 16}, "weighted avg": {"recall": 0.5047619047619047, "f1-score": 0.5064487067712874, "precision": 0.5662167089057846, "support": 105}, "gunshot": {"recall": 0.3333333333333333, "f1-score": 0.45161290322580644, "precision": 0.7, "support": 21}, "macro avg": {"recall": 0.4640666445623342, "f1-score": 0.480808631211857, "precision": 0.5664098972922502, "support": 105}, "casual": {"recall": 0.6206896551724138, "f1-score": 0.45000000000000007, "precision": 0.35294117647058826, "support": 29}}