{"classificador": "LinearSVC", "accuracy": 0.6190476190476191, "explosion": {"recall": 0.5641025641025641, "f1-score": 0.611111111111111, "precision": 0.6666666666666666, "support": 39}, "siren": {"recall": 0.8125, "f1-score": 0.7647058823529411, "precision": 0.7222222222222222, "support": 16}, "weighted avg": {"recall": 0.6190476190476191, "f1-score": 0.6213299232736573, "precision": 0.6460052910052909, "support": 105}, "gunshot": {"recall": 0.5238095238095238, "f1-score": 0.6285714285714286, "precision": 0.7857142857142857, "support": 21}, "macro avg": {"recall": 0.6388961254262978, "f1-score": 0.63877826492916, "precision": 0.6624007936507936, "support": 105}, "casual": {"recall": 0.6551724137931034, "f1-score": 0.5507246376811594, "precision": 0.475, "support": 29}}