{"classificador": "LinearSVC", "accuracy": 0.6952380952380952, "explosion": {"recall": 0.8717948717948718, "f1-score": 0.7906976744186047, "precision": 0.723404255319149, "support": 39}, "siren": {"recall": 1.0, "f1-score": 0.8421052631578948, "precision": 0.7272727272727273, "support": 16}, "weighted avg": {"recall": 0.6952380952380952, "f1-score": 0.674389462027161, "precision": 0.7318964723220043, "support": 105}, "gunshot": {"recall": 0.3333333333333333, "f1-score": 0.5, "precision": 1.0, "support": 21}, "macro avg": {"recall": 0.6892130857648099, "f1-score": 0.6711317688768835, "precision": 0.7506002801307277, "support": 105}, "casual": {"recall": 0.5517241379310345, "f1-score": 0.5517241379310345, "precision": 0.5517241379310345, "support": 29}}