{"classificador": "LinearSVC", "accuracy": 0.6761904761904762, "explosion": {"recall": 0.6923076923076923, "f1-score": 0.7012987012987013, "precision": 0.7105263157894737, "support": 39}, "siren": {"recall": 0.875, "f1-score": 0.823529411764706, "precision": 0.7777777777777778, "support": 16}, "weighted avg": {"recall": 0.6761904761904762, "f1-score": 0.6784725708465205, "precision": 0.6958976807097108, "support": 105}, "gunshot": {"recall": 0.5714285714285714, "f1-score": 0.6857142857142857, "precision": 0.8571428571428571, "support": 21}, "macro avg": {"recall": 0.6898564797271693, "f1-score": 0.6932605996944232, "precision": 0.7149331662489556, "support": 105}, "casual": {"recall": 0.6206896551724138, "f1-score": 0.5625, "precision": 0.5142857142857142, "support": 29}}