{"classificador": "KNeighborsClassifier", "accuracy": 0.638095238095238, "explosion": {"recall": 0.5128205128205128, "f1-score": 0.6666666666666666, "precision": 0.9523809523809523, "support": 39}, "siren": {"recall": 0.5, "f1-score": 0.6666666666666666, "precision": 1.0, "support": 16}, "weighted avg": {"recall": 0.638095238095238, "f1-score": 0.6457369614512473, "precision": 0.7535092085614733, "support": 105}, "gunshot": {"recall": 0.7142857142857143, "f1-score": 0.5357142857142858, "precision": 0.42857142857142855, "support": 21}, "macro avg": {"recall": 0.6386731085006947, "f1-score": 0.6386904761904761, "precision": 0.7415795586527294, "support": 105}, "casual": {"recall": 0.8275862068965517, "f1-score": 0.6857142857142856, "precision": 0.5853658536585366, "support": 29}}