{"classificador": "Perceptron", "accuracy": 0.5714285714285714, "explosion": {"recall": 0.5384615384615384, "f1-score": 0.6176470588235294, "precision": 0.7241379310344828, "support": 39}, "siren": {"recall": 0.6875, "f1-score": 0.6285714285714286, "precision": 0.5789473684210527, "support": 16}, "weighted avg": {"recall": 0.5714285714285714, "f1-score": 0.5744287108998981, "precision": 0.5912813067150635, "support": 105}, "gunshot": {"recall": 0.5714285714285714, "f1-score": 0.5217391304347826, "precision": 0.48, "support": 21}, "macro avg": {"recall": 0.587278561955286, "f1-score": 0.5731369454410418, "precision": 0.5707713248638838, "support": 105}, "casual": {"recall": 0.5517241379310345, "f1-score": 0.5245901639344263, "precision": 0.5, "support": 29}}