{"classificador": "SGDClassifier", "accuracy": 0.4666666666666667, "explosion": {"recall": 0.41025641025641024, "f1-score": 0.5, "precision": 0.64, "support": 39}, "siren": {"recall": 0.75, "f1-score": 0.7272727272727272, "precision": 0.7058823529411765, "support": 16}, "weighted avg": {"recall": 0.4666666666666667, "f1-score": 0.42262375305853567, "precision": 0.4373408029878618, "support": 105}, "gunshot": {"recall": 0.0, "f1-score": 0.0, "precision": 0.0, "support": 21}, "macro avg": {"recall": 0.47109858532272325, "f1-score": 0.4209486166007905, "precision": 0.41980392156862745, "support": 105}, "casual": {"recall": 0.7241379310344828, "f1-score": 0.45652173913043476, "precision": 0.3333333333333333, "support": 29}}