{"classificador": "SGDClassifier", "accuracy": 0.580952380952381, "explosion": {"recall": 0.7948717948717948, "f1-score": 0.7848101265822786, "precision": 0.775, "support": 39}, "siren": {"recall": 0.75, "f1-score": 0.7741935483870969, "precision": 0.8, "support": 16}, "weighted avg": {"recall": 0.580952380952381, "f1-score": 0.5353322055649536, "precision": 0.5091904761904762, "support": 105}, "gunshot": {"recall": 0.0, "f1-score": 0.0, "precision": 0.0, "support": 21}, "macro avg": {"recall": 0.5413903625110521, "f1-score": 0.5036749693752552, "precision": 0.48375, "support": 105}, "casual": {"recall": 0.6206896551724138, "f1-score": 0.45569620253164556, "precision": 0.36, "support": 29}}