{"classificador": "KNeighborsClassifier", "accuracy": 0.5714285714285714, "explosion": {"recall": 0.38461538461538464, "f1-score": 0.5357142857142858, "precision": 0.8823529411764706, "support": 39}, "siren": {"recall": 0.625, "f1-score": 0.7407407407407406, "precision": 0.9090909090909091, "support": 16}, "weighted avg": {"recall": 0.5714285714285714, "f1-score": 0.5755821251059346, "precision": 0.6845772558494857, "support": 105}, "gunshot": {"recall": 0.5714285714285714, "f1-score": 0.43636363636363634, "precision": 0.35294117647058826, "support": 21}, "macro avg": {"recall": 0.5935368510799546, "f1-score": 0.5879268879268879, "precision": 0.6698171869170502, "support": 105}, "casual": {"recall": 0.7931034482758621, "f1-score": 0.6388888888888888, "precision": 0.5348837209302325, "support": 29}}