{"classificador": "SGDClassifier", "accuracy": 0.580952380952381, "explosion": {"recall": 0.8205128205128205, "f1-score": 0.6808510638297872, "precision": 0.5818181818181818, "support": 39}, "siren": {"recall": 0.75, "f1-score": 0.75, "precision": 0.75, "support": 16}, "weighted avg": {"recall": 0.580952380952381, "f1-score": 0.5162284299062415, "precision": 0.46848484848484845, "support": 105}, "gunshot": {"recall": 0.0, "f1-score": 0.0, "precision": 0.0, "support": 21}, "macro avg": {"recall": 0.5391799292661361, "f1-score": 0.4926334008780817, "precision": 0.45795454545454545, "support": 105}, "casual": {"recall": 0.5862068965517241, "f1-score": 0.5396825396825397, "precision": 0.5, "support": 29}}