{"classificador": "Perceptron", "accuracy": 0.638095238095238, "explosion": {"recall": 0.6923076923076923, "f1-score": 0.675, "precision": 0.6585365853658537, "support": 39}, "siren": {"recall": 0.75, "f1-score": 0.7741935483870969, "precision": 0.8, "support": 16}, "weighted avg": {"recall": 0.638095238095238, "f1-score": 0.6425672651194474, "precision": 0.6661581146947001, "support": 105}, "gunshot": {"recall": 0.5238095238095238, "f1-score": 0.6470588235294118, "precision": 0.8461538461538461, "support": 21}, "macro avg": {"recall": 0.638081028167235, "f1-score": 0.654832323748358, "precision": 0.6942281634354805, "support": 105}, "casual": {"recall": 0.5862068965517241, "f1-score": 0.523076923076923, "precision": 0.4722222222222222, "support": 29}}