{"casual": {"precision": 0.7777777777777778, "recall": 0.7241379310344828, "f1-score": 0.75, "support": 29}, "explosion": {"precision": 0.9142857142857143, "recall": 0.8205128205128205, "f1-score": 0.8648648648648648, "support": 39}, "gunshot": {"precision": 0.6956521739130435, "recall": 0.7619047619047619, "f1-score": 0.7272727272727272, "support": 21}, "siren": {"precision": 0.8, "recall": 1.0, "f1-score": 0.888888888888889, "support": 16}, "accuracy": 0.8095238095238095, "macro avg": {"precision": 0.7969289164941338, "recall": 0.8266388783630163, "f1-score": 0.8077566202566202, "support": 105}, "weighted avg": {"precision": 0.8154418482368793, "recall": 0.8095238095238095, "f1-score": 0.8092826592826593, "support": 105}, "classificador": "SVC", "mediaTempoClassificacaoCadaAudio": 0.05008663904099237, "desvioTempoClassificacaoCadaAudio": 0.037436196072648746}