{"casual": {"precision": 0.6052631578947368, "recall": 0.7931034482758621, "f1-score": 0.6865671641791046, "support": 29}, "explosion": {"precision": 0.9230769230769231, "recall": 0.6153846153846154, "f1-score": 0.7384615384615384, "support": 39}, "gunshot": {"precision": 0.5357142857142857, "recall": 0.7142857142857143, "f1-score": 0.6122448979591837, "support": 21}, "siren": {"precision": 1.0, "recall": 0.8125, "f1-score": 0.896551724137931, "support": 16}, "accuracy": 0.7142857142857143, "macro avg": {"precision": 0.7660135916714864, "recall": 0.733818444486548, "f1-score": 0.7334563311844394, "support": 105}, "weighted avg": {"precision": 0.7695488721804511, "recall": 0.7142857142857143, "f1-score": 0.7229754114718457, "support": 105}, "classificador": "KNeighborsClassifier"}