{"casual": {"precision": 0.5952380952380952, "recall": 0.8620689655172413, "f1-score": 0.7042253521126761, "support": 29}, "explosion": {"precision": 0.8421052631578947, "recall": 0.8205128205128205, "f1-score": 0.8311688311688312, "support": 39}, "gunshot": {"precision": 1.0, "recall": 0.5238095238095238, "f1-score": 0.6875000000000001, "support": 21}, "siren": {"precision": 0.9285714285714286, "recall": 0.8125, "f1-score": 0.8666666666666666, "support": 16}, "accuracy": 0.7714285714285715, "macro avg": {"precision": 0.8414786967418546, "recall": 0.7547228274598964, "f1-score": 0.7723902124870435, "support": 105}, "weighted avg": {"precision": 0.8186776464971953, "recall": 0.7714285714285715, "f1-score": 0.7727836789858923, "support": 105}, "classificador": "SGDClassifier"}