{"casual": {"precision": 0.6756756756756757, "recall": 0.8620689655172413, "f1-score": 0.7575757575757576, "support": 29}, "explosion": {"precision": 0.9393939393939394, "recall": 0.7948717948717948, "f1-score": 0.8611111111111112, "support": 39}, "gunshot": {"precision": 0.7142857142857143, "recall": 0.7142857142857143, "f1-score": 0.7142857142857143, "support": 21}, "siren": {"precision": 0.9285714285714286, "recall": 0.8125, "f1-score": 0.8666666666666666, "support": 16}, "accuracy": 0.8, "macro avg": {"precision": 0.8144816894816895, "recall": 0.7959316186686877, "f1-score": 0.7999098124098124, "support": 105}, "weighted avg": {"precision": 0.8198866770295342, "recall": 0.8, "f1-score": 0.803997113997114, "support": 105}, "classificador": "KNeighborsClassifier"}