{"casual": {"precision": 0.5405405405405406, "recall": 0.6896551724137931, "f1-score": 0.6060606060606061, "support": 29}, "explosion": {"precision": 0.8108108108108109, "recall": 0.7692307692307693, "f1-score": 0.7894736842105263, "support": 39}, "gunshot": {"precision": 1.0, "recall": 0.6666666666666666, "f1-score": 0.8, "support": 21}, "siren": {"precision": 0.8823529411764706, "recall": 0.9375, "f1-score": 0.9090909090909091, "support": 16}, "accuracy": 0.7523809523809524, "macro avg": {"precision": 0.8084260731319555, "recall": 0.7657631520778072, "f1-score": 0.7761562998405105, "support": 105}, "weighted avg": {"precision": 0.7849042319630555, "recall": 0.7523809523809524, "f1-score": 0.7591493886230729, "support": 105}, "classificador": "LinearDiscriminantAnalysis"}