{"casual": {"precision": 0.5, "recall": 0.6551724137931034, "f1-score": 0.5671641791044776, "support": 29}, "explosion": {"precision": 0.7894736842105263, "recall": 0.7692307692307693, "f1-score": 0.7792207792207793, "support": 39}, "gunshot": {"precision": 1.0, "recall": 0.5714285714285714, "f1-score": 0.7272727272727273, "support": 21}, "siren": {"precision": 0.8823529411764706, "recall": 0.9375, "f1-score": 0.9090909090909091, "support": 16}, "accuracy": 0.7238095238095238, "macro avg": {"precision": 0.7929566563467493, "recall": 0.7333329386131111, "f1-score": 0.7456871486722234, "support": 105}, "weighted avg": {"precision": 0.7657821023146101, "recall": 0.7238095238095238, "f1-score": 0.7300528895411625, "support": 105}, "classificador": "LinearDiscriminantAnalysis"}