{"casual": {"precision": 0.5945945945945946, "recall": 0.7586206896551724, "f1-score": 0.6666666666666667, "support": 29}, "explosion": {"precision": 0.7777777777777778, "recall": 0.717948717948718, "f1-score": 0.7466666666666666, "support": 39}, "gunshot": {"precision": 0.8571428571428571, "recall": 0.5714285714285714, "f1-score": 0.6857142857142857, "support": 21}, "siren": {"precision": 0.8333333333333334, "recall": 0.9375, "f1-score": 0.8823529411764706, "support": 16}, "accuracy": 0.7333333333333333, "macro avg": {"precision": 0.7657121407121408, "recall": 0.7463744947581155, "f1-score": 0.7453501400560224, "support": 105}, "weighted avg": {"precision": 0.7515229515229515, "recall": 0.7333333333333333, "f1-score": 0.7330569561157796, "support": 105}, "classificador": "Perceptron"}