{"casual": {"precision": 0.5555555555555556, "recall": 0.8620689655172413, "f1-score": 0.6756756756756757, "support": 29}, "explosion": {"precision": 0.875, "recall": 0.717948717948718, "f1-score": 0.7887323943661971, "support": 39}, "gunshot": {"precision": 0.9090909090909091, "recall": 0.47619047619047616, "f1-score": 0.6249999999999999, "support": 21}, "siren": {"precision": 0.8235294117647058, "recall": 0.875, "f1-score": 0.8484848484848485, "support": 16}, "accuracy": 0.7333333333333333, "macro avg": {"precision": 0.7907939691027925, "recall": 0.7328020399141089, "f1-score": 0.7344732296316804, "support": 105}, "weighted avg": {"precision": 0.7857475313357667, "recall": 0.7333333333333333, "f1-score": 0.7338658623869891, "support": 105}, "classificador": "SGDClassifier"}