{"casual": {"precision": 0.6666666666666666, "recall": 0.6896551724137931, "f1-score": 0.6779661016949153, "support": 29}, "explosion": {"precision": 0.8947368421052632, "recall": 0.8717948717948718, "f1-score": 0.8831168831168831, "support": 39}, "gunshot": {"precision": 0.8235294117647058, "recall": 0.6666666666666666, "f1-score": 0.7368421052631577, "support": 21}, "siren": {"precision": 0.8, "recall": 1.0, "f1-score": 0.888888888888889, "support": 16}, "accuracy": 0.8, "macro avg": {"precision": 0.7962332301341588, "recall": 0.8070291777188329, "f1-score": 0.7967034947409612, "support": 105}, "weighted avg": {"precision": 0.8030684554523563, "recall": 0.8, "f1-score": 0.7980807792710432, "support": 105}, "classificador": "SVC"}