{"casual": {"precision": 0.5555555555555556, "recall": 0.6896551724137931, "f1-score": 0.6153846153846154, "support": 29}, "explosion": {"precision": 0.8108108108108109, "recall": 0.7692307692307693, "f1-score": 0.7894736842105263, "support": 39}, "gunshot": {"precision": 1.0, "recall": 0.6190476190476191, "f1-score": 0.7647058823529412, "support": 21}, "siren": {"precision": 0.8421052631578947, "recall": 1.0, "f1-score": 0.9142857142857143, "support": 16}, "accuracy": 0.7523809523809524, "macro avg": {"precision": 0.8021179073810653, "recall": 0.7694833901730453, "f1-score": 0.7709624740584493, "support": 105}, "weighted avg": {"precision": 0.782918256602467, "recall": 0.7523809523809524, "f1-score": 0.7554573570318817, "support": 105}, "classificador": "LinearSVC"}