{"casual": {"precision": 0.6363636363636364, "recall": 0.7241379310344828, "f1-score": 0.6774193548387097, "support": 29}, "explosion": {"precision": 0.8, "recall": 0.717948717948718, "f1-score": 0.7567567567567569, "support": 39}, "gunshot": {"precision": 0.6666666666666666, "recall": 0.5714285714285714, "f1-score": 0.6153846153846153, "support": 21}, "siren": {"precision": 0.6842105263157895, "recall": 0.8125, "f1-score": 0.742857142857143, "support": 16}, "accuracy": 0.7047619047619048, "macro avg": {"precision": 0.6968102073365231, "recall": 0.7065038051029431, "f1-score": 0.6981044674593062, "support": 105}, "weighted avg": {"precision": 0.710494417862839, "recall": 0.7047619047619048, "f1-score": 0.7044520572631172, "support": 105}, "classificador": "Perceptron"}