{"casual": {"precision": 0.6666666666666666, "recall": 0.8275862068965517, "f1-score": 0.7384615384615385, "support": 29}, "explosion": {"precision": 0.9354838709677419, "recall": 0.7435897435897436, "f1-score": 0.8285714285714285, "support": 39}, "gunshot": {"precision": 0.6818181818181818, "recall": 0.7142857142857143, "f1-score": 0.6976744186046512, "support": 21}, "siren": {"precision": 0.9375, "recall": 0.9375, "f1-score": 0.9375, "support": 16}, "accuracy": 0.7904761904761904, "macro avg": {"precision": 0.8053671798631475, "recall": 0.8057404161930024, "f1-score": 0.8005518464094046, "support": 105}, "weighted avg": {"precision": 0.8108132011357817, "recall": 0.7904761904761904, "f1-score": 0.7941031725749335, "support": 105}, "classificador": "KNeighborsClassifier"}