{"casual": {"precision": 0.6388888888888888, "recall": 0.7931034482758621, "f1-score": 0.7076923076923076, "support": 29}, "explosion": {"precision": 1.0, "recall": 0.6153846153846154, "f1-score": 0.761904761904762, "support": 39}, "gunshot": {"precision": 0.5, "recall": 0.7142857142857143, "f1-score": 0.588235294117647, "support": 21}, "siren": {"precision": 0.9333333333333333, "recall": 0.875, "f1-score": 0.9032258064516129, "support": 16}, "accuracy": 0.7238095238095238, "macro avg": {"precision": 0.7680555555555555, "recall": 0.749443444486548, "f1-score": 0.7402645425415824, "support": 105}, "weighted avg": {"precision": 0.7901058201058201, "recall": 0.7238095238095238, "f1-score": 0.7337325401624669, "support": 105}, "classificador": "KNeighborsClassifier"}