{"casual": {"precision": 0.4523809523809524, "recall": 0.6551724137931034, "f1-score": 0.5352112676056338, "support": 29}, "explosion": {"precision": 0.875, "recall": 0.5384615384615384, "f1-score": 0.6666666666666667, "support": 39}, "gunshot": {"precision": 0.8666666666666667, "recall": 0.6190476190476191, "f1-score": 0.7222222222222222, "support": 21}, "siren": {"precision": 0.6666666666666666, "recall": 1.0, "f1-score": 0.8, "support": 16}, "accuracy": 0.6571428571428571, "macro avg": {"precision": 0.7151785714285713, "recall": 0.7031703928255653, "f1-score": 0.6810250391236308, "support": 105}, "weighted avg": {"precision": 0.7248639455782314, "recall": 0.6571428571428571, "f1-score": 0.6617885088307623, "support": 105}, "classificador": "Perceptron"}