{"casual": {"precision": 0.7272727272727273, "recall": 0.8275862068965517, "f1-score": 0.7741935483870968, "support": 29}, "explosion": {"precision": 0.8409090909090909, "recall": 0.9487179487179487, "f1-score": 0.891566265060241, "support": 39}, "gunshot": {"precision": 0.9230769230769231, "recall": 0.5714285714285714, "f1-score": 0.7058823529411765, "support": 21}, "siren": {"precision": 0.9333333333333333, "recall": 0.875, "f1-score": 0.9032258064516129, "support": 16}, "accuracy": 0.8285714285714286, "macro avg": {"precision": 0.8561480186480188, "recall": 0.8056831817607679, "f1-score": 0.8187169932100318, "support": 105}, "weighted avg": {"precision": 0.8400410700410701, "recall": 0.8285714285714286, "f1-score": 0.823788948148245, "support": 105}, "classificador": "BaggingClassifier"}