{"casual": {"precision": 0.6923076923076923, "recall": 0.6206896551724138, "f1-score": 0.6545454545454545, "support": 29}, "explosion": {"precision": 0.75, "recall": 0.8461538461538461, "f1-score": 0.7951807228915662, "support": 39}, "gunshot": {"precision": 0.64, "recall": 0.7619047619047619, "f1-score": 0.6956521739130435, "support": 21}, "siren": {"precision": 0.9, "recall": 0.5625, "f1-score": 0.6923076923076923, "support": 16}, "accuracy": 0.7238095238095238, "macro avg": {"precision": 0.745576923076923, "recall": 0.6978120658077555, "f1-score": 0.7094215109144391, "support": 105}, "weighted avg": {"precision": 0.734923076923077, "recall": 0.7238095238095238, "f1-score": 0.7207570009874881, "support": 105}, "classificador": "KNeighborsClassifier"}