{"casual": {"precision": 0.4411764705882353, "recall": 0.5172413793103449, "f1-score": 0.47619047619047616, "support": 29}, "explosion": {"precision": 0.8, "recall": 0.6153846153846154, "f1-score": 0.6956521739130435, "support": 39}, "gunshot": {"precision": 0.875, "recall": 0.3333333333333333, "f1-score": 0.48275862068965514, "support": 21}, "siren": {"precision": 0.48484848484848486, "recall": 1.0, "f1-score": 0.653061224489796, "support": 16}, "accuracy": 0.5904761904761905, "macro avg": {"precision": 0.65025623885918, "recall": 0.6164898320070733, "f1-score": 0.5769156238207427, "support": 105}, "weighted avg": {"precision": 0.6678732705203293, "recall": 0.5904761904761905, "f1-score": 0.5859701830328761, "support": 105}, "classificador": "Perceptron"}