{"casual": {"precision": 0.5588235294117647, "recall": 0.6551724137931034, "f1-score": 0.6031746031746031, "support": 29}, "explosion": {"precision": 0.8666666666666667, "recall": 0.6666666666666666, "f1-score": 0.7536231884057971, "support": 39}, "gunshot": {"precision": 0.7777777777777778, "recall": 0.6666666666666666, "f1-score": 0.717948717948718, "support": 21}, "siren": {"precision": 0.6956521739130435, "recall": 1.0, "f1-score": 0.8205128205128205, "support": 16}, "accuracy": 0.7142857142857143, "macro avg": {"precision": 0.7247300369423132, "recall": 0.7471264367816092, "f1-score": 0.7238148325104847, "support": 105}, "weighted avg": {"precision": 0.7378061949417448, "recall": 0.7142857142857143, "f1-score": 0.7151285337620741, "support": 105}, "classificador": "Perceptron"}