{"casual": {"precision": 0.4444444444444444, "recall": 0.5517241379310345, "f1-score": 0.4923076923076923, "support": 29}, "explosion": {"precision": 0.6842105263157895, "recall": 0.6666666666666666, "f1-score": 0.6753246753246753, "support": 39}, "gunshot": {"precision": 0.6666666666666666, "recall": 0.2857142857142857, "f1-score": 0.4, "support": 21}, "siren": {"precision": 0.7272727272727273, "recall": 1.0, "f1-score": 0.8421052631578948, "support": 16}, "accuracy": 0.6095238095238096, "macro avg": {"precision": 0.6306485911749069, "recall": 0.6260262725779967, "f1-score": 0.6024344076975656, "support": 105}, "weighted avg": {"precision": 0.6210425052530316, "recall": 0.6095238095238096, "f1-score": 0.5951263773820165, "support": 105}, "classificador": "Perceptron"}