{"casual": {"precision": 0.7037037037037037, "recall": 0.6551724137931034, "f1-score": 0.6785714285714286, "support": 29}, "explosion": {"precision": 0.875, "recall": 0.8974358974358975, "f1-score": 0.8860759493670887, "support": 39}, "gunshot": {"precision": 0.9375, "recall": 0.7142857142857143, "f1-score": 0.8108108108108109, "support": 21}, "siren": {"precision": 0.7272727272727273, "recall": 1.0, "f1-score": 0.8421052631578948, "support": 16}, "accuracy": 0.8095238095238095, "macro avg": {"precision": 0.8108691077441077, "recall": 0.8167235063786789, "f1-score": 0.8043908629768057, "support": 105}, "weighted avg": {"precision": 0.8176787718454386, "recall": 0.8095238095238095, "f1-score": 0.8070118542042022, "support": 105}, "classificador": "SVC", "mediaTempoClassificacaoCadaAudio": 0.012374074118477957, "desvioTempoClassificacaoCadaAudio": 0.006637924082367091}