{"casual": {"precision": 0.6060606060606061, "recall": 0.6896551724137931, "f1-score": 0.6451612903225807, "support": 29}, "explosion": {"precision": 0.8378378378378378, "recall": 0.7948717948717948, "f1-score": 0.8157894736842105, "support": 39}, "gunshot": {"precision": 0.7647058823529411, "recall": 0.6190476190476191, "f1-score": 0.6842105263157895, "support": 21}, "siren": {"precision": 0.8333333333333334, "recall": 0.9375, "f1-score": 0.8823529411764706, "support": 16}, "accuracy": 0.7523809523809524, "macro avg": {"precision": 0.7604844148961797, "recall": 0.7602686465833017, "f1-score": 0.7568785578747628, "support": 105}, "weighted avg": {"precision": 0.7585103820397938, "recall": 0.7523809523809524, "f1-score": 0.7524908095666111, "support": 105}, "classificador": "SVC", "mediaTempoClassificacaoCadaAudio": 0.015281734012422107, "desvioTempoClassificacaoCadaAudio": 0.00785996271624011}