{"casual": {"precision": 0.5625, "recall": 0.6206896551724138, "f1-score": 0.5901639344262296, "support": 29}, "explosion": {"precision": 0.8235294117647058, "recall": 0.717948717948718, "f1-score": 0.767123287671233, "support": 39}, "gunshot": {"precision": 0.8333333333333334, "recall": 0.7142857142857143, "f1-score": 0.7692307692307692, "support": 21}, "siren": {"precision": 0.7619047619047619, "recall": 1.0, "f1-score": 0.8648648648648648, "support": 16}, "accuracy": 0.7333333333333333, "macro avg": {"precision": 0.7453168767507002, "recall": 0.7632310218517115, "f1-score": 0.7478457140482742, "support": 105}, "weighted avg": {"precision": 0.7440059357076164, "recall": 0.7333333333333333, "f1-score": 0.7335642505640261, "support": 105}, "classificador": "SVC", "mediaTempoClassificacaoCadaAudio": 0.01418158667428153, "desvioTempoClassificacaoCadaAudio": 0.007478018127965404}