{"casual": {"precision": 0.71875, "recall": 0.7931034482758621, "f1-score": 0.7540983606557378, "support": 29}, "explosion": {"precision": 0.9444444444444444, "recall": 0.8717948717948718, "f1-score": 0.9066666666666667, "support": 39}, "gunshot": {"precision": 0.9375, "recall": 0.7142857142857143, "f1-score": 0.8108108108108109, "support": 21}, "siren": {"precision": 0.7619047619047619, "recall": 1.0, "f1-score": 0.8648648648648648, "support": 16}, "accuracy": 0.8380952380952381, "macro avg": {"precision": 0.8406498015873016, "recall": 0.8447960085891121, "f1-score": 0.8341101757495201, "support": 105}, "weighted avg": {"precision": 0.852905328798186, "recall": 0.8380952380952381, "f1-score": 0.8389877840369644, "support": 105}, "classificador": "SVC", "mediaTempoClassificacaoCadaAudio": 0.04935990742274693, "desvioTempoClassificacaoCadaAudio": 0.036543708172496865}