{"casual": {"precision": 0.7419354838709677, "recall": 0.7931034482758621, "f1-score": 0.7666666666666667, "support": 29}, "explosion": {"precision": 0.9473684210526315, "recall": 0.9230769230769231, "f1-score": 0.935064935064935, "support": 39}, "gunshot": {"precision": 0.9375, "recall": 0.7142857142857143, "f1-score": 0.8108108108108109, "support": 21}, "siren": {"precision": 0.8, "recall": 1.0, "f1-score": 0.888888888888889, "support": 16}, "accuracy": 0.8571428571428571, "macro avg": {"precision": 0.8567009762308999, "recall": 0.8576165214096249, "f1-score": 0.8503578253578253, "support": 105}, "weighted avg": {"precision": 0.8661999757458161, "recall": 0.8571428571428571, "f1-score": 0.8566677623820482, "support": 105}, "classificador": "SVC", "mediaTempoClassificacaoCadaAudio": 0.04508494649614606, "desvioTempoClassificacaoCadaAudio": 0.03375464003169781}