{"casual": {"precision": 0.6571428571428571, "recall": 0.7931034482758621, "f1-score": 0.71875, "support": 29}, "explosion": {"precision": 0.868421052631579, "recall": 0.8461538461538461, "f1-score": 0.8571428571428572, "support": 39}, "gunshot": {"precision": 0.9285714285714286, "recall": 0.6190476190476191, "f1-score": 0.742857142857143, "support": 21}, "siren": {"precision": 0.8333333333333334, "recall": 0.9375, "f1-score": 0.8823529411764706, "support": 16}, "accuracy": 0.8, "macro avg": {"precision": 0.8218671679197996, "recall": 0.7989512283693319, "f1-score": 0.8002757352941177, "support": 105}, "weighted avg": {"precision": 0.8167514023153121, "recall": 0.8, "f1-score": 0.7999044617847141, "support": 105}, "classificador": "SVC", "mediaTempoClassificacaoCadaAudio": 0.04561310722714379, "desvioTempoClassificacaoCadaAudio": 0.0347998160806406}