{"casual": {"precision": 0.5, "recall": 0.5862068965517241, "f1-score": 0.5396825396825397, "support": 29}, "explosion": {"precision": 0.8666666666666667, "recall": 0.6666666666666666, "f1-score": 0.7536231884057971, "support": 39}, "gunshot": {"precision": 1.0, "recall": 0.38095238095238093, "f1-score": 0.5517241379310345, "support": 21}, "siren": {"precision": 0.48484848484848486, "recall": 1.0, "f1-score": 0.653061224489796, "support": 16}, "accuracy": 0.638095238095238, "macro avg": {"precision": 0.7128787878787879, "recall": 0.6584564860426929, "f1-score": 0.6245227726272918, "support": 105}, "weighted avg": {"precision": 0.7338816738816739, "recall": 0.638095238095238, "f1-score": 0.6388312808286495, "support": 105}, "classificador": "SGDClassifier"}