{"casual": {"precision": 0.696969696969697, "recall": 0.7931034482758621, "f1-score": 0.7419354838709677, "support": 29}, "explosion": {"precision": 0.918918918918919, "recall": 0.8717948717948718, "f1-score": 0.8947368421052632, "support": 39}, "gunshot": {"precision": 1.0, "recall": 0.7142857142857143, "f1-score": 0.8333333333333333, "support": 21}, "siren": {"precision": 0.8, "recall": 1.0, "f1-score": 0.888888888888889, "support": 16}, "accuracy": 0.8380952380952381, "macro avg": {"precision": 0.8539721539721541, "recall": 0.8447960085891121, "f1-score": 0.8397236370496132, "support": 105}, "weighted avg": {"precision": 0.8557138957138958, "recall": 0.8380952380952381, "f1-score": 0.8393627437770053, "support": 105}, "classificador": "SVC", "mediaTempoClassificacaoCadaAudio": 0.015444485346476237, "desvioTempoClassificacaoCadaAudio": 0.009292978380953075}