{"casual": {"precision": 0.7333333333333333, "recall": 0.7586206896551724, "f1-score": 0.7457627118644068, "support": 29}, "explosion": {"precision": 0.8974358974358975, "recall": 0.8974358974358975, "f1-score": 0.8974358974358975, "support": 39}, "gunshot": {"precision": 0.9411764705882353, "recall": 0.7619047619047619, "f1-score": 0.8421052631578947, "support": 21}, "siren": {"precision": 0.7894736842105263, "recall": 0.9375, "f1-score": 0.8571428571428572, "support": 16}, "accuracy": 0.8380952380952381, "macro avg": {"precision": 0.8403548463919981, "recall": 0.838865337248958, "f1-score": 0.8356116824002641, "support": 105}, "weighted avg": {"precision": 0.8444090618703622, "recall": 0.8380952380952381, "f1-score": 0.8383391893778028, "support": 105}, "classificador": "SVC", "mediaTempoClassificacaoCadaAudio": 0.010656624748593285, "desvioTempoClassificacaoCadaAudio": 0.006326480809191164}