{"casual": {"precision": 0.5151515151515151, "recall": 0.5862068965517241, "f1-score": 0.5483870967741935, "support": 29}, "explosion": {"precision": 0.7297297297297297, "recall": 0.6923076923076923, "f1-score": 0.7105263157894737, "support": 39}, "gunshot": {"precision": 0.7333333333333333, "recall": 0.5238095238095238, "f1-score": 0.611111111111111, "support": 21}, "siren": {"precision": 0.8, "recall": 1.0, "f1-score": 0.888888888888889, "support": 16}, "accuracy": 0.6761904761904762, "macro avg": {"precision": 0.6945536445536447, "recall": 0.700581028167235, "f1-score": 0.6897283531409167, "support": 105}, "weighted avg": {"precision": 0.6818938418938418, "recall": 0.6761904761904762, "f1-score": 0.6730410255028251, "support": 105}, "classificador": "LinearSVC"}