{"casual": {"precision": 0.43859649122807015, "recall": 0.8620689655172413, "f1-score": 0.5813953488372092, "support": 29}, "explosion": {"precision": 0.9545454545454546, "recall": 0.5384615384615384, "f1-score": 0.6885245901639344, "support": 39}, "gunshot": {"precision": 0.4782608695652174, "recall": 0.5238095238095238, "f1-score": 0.5, "support": 21}, "siren": {"precision": 1.0, "recall": 0.1875, "f1-score": 0.3157894736842105, "support": 16}, "accuracy": 0.5714285714285714, "macro avg": {"precision": 0.7178507038346855, "recall": 0.5279600069470759, "f1-score": 0.5214273531713386, "support": 105}, "weighted avg": {"precision": 0.7237147546072031, "recall": 0.5714285714285714, "f1-score": 0.5644338639201893, "support": 105}, "classificador": "KNeighborsClassifier"}