{"casual": {"precision": 0.41304347826086957, "recall": 0.6551724137931034, "f1-score": 0.5066666666666666, "support": 29}, "explosion": {"precision": 0.627906976744186, "recall": 0.6923076923076923, "f1-score": 0.6585365853658537, "support": 39}, "gunshot": {"precision": 0.0, "recall": 0.0, "f1-score": 0.0, "support": 21}, "siren": {"precision": 0.75, "recall": 0.75, "f1-score": 0.75, "support": 16}, "accuracy": 0.5523809523809524, "macro avg": {"precision": 0.4477376137512639, "recall": 0.5243700265251989, "f1-score": 0.47880081300813004, "support": 105}, "weighted avg": {"precision": 0.46158698059608066, "recall": 0.5523809523809524, "f1-score": 0.4988215253581107, "support": 105}, "classificador": "SGDClassifier"}