{"casual": {"precision": 0.3902439024390244, "recall": 0.5517241379310345, "f1-score": 0.4571428571428572, "support": 29}, "explosion": {"precision": 0.6470588235294118, "recall": 0.8461538461538461, "f1-score": 0.7333333333333334, "support": 39}, "gunshot": {"precision": 0.0, "recall": 0.0, "f1-score": 0.0, "support": 21}, "siren": {"precision": 0.8461538461538461, "recall": 0.6875, "f1-score": 0.7586206896551724, "support": 16}, "accuracy": 0.5714285714285714, "macro avg": {"precision": 0.47086414303057056, "recall": 0.5213444960212201, "f1-score": 0.48727422003284077, "support": 105}, "weighted avg": {"precision": 0.47705551263657436, "recall": 0.5714285714285714, "f1-score": 0.5142387989678631, "support": 105}, "classificador": "SGDClassifier"}