{"casual": {"precision": 0.47619047619047616, "recall": 0.6896551724137931, "f1-score": 0.5633802816901408, "support": 29}, "explosion": {"precision": 0.8333333333333334, "recall": 0.6410256410256411, "f1-score": 0.7246376811594204, "support": 39}, "gunshot": {"precision": 0.5, "recall": 0.09523809523809523, "f1-score": 0.16, "support": 21}, "siren": {"precision": 0.5517241379310345, "recall": 1.0, "f1-score": 0.7111111111111111, "support": 16}, "accuracy": 0.6, "macro avg": {"precision": 0.590311986863711, "recall": 0.6064797271693824, "f1-score": 0.5397822684901681, "support": 105}, "weighted avg": {"precision": 0.6251153334897178, "recall": 0.6, "f1-score": 0.565111195352469, "support": 105}, "classificador": "Perceptron"}