{"casual": {"precision": 0.4418604651162791, "recall": 0.6551724137931034, "f1-score": 0.5277777777777777, "support": 29}, "explosion": {"precision": 0.6226415094339622, "recall": 0.8461538461538461, "f1-score": 0.7173913043478259, "support": 39}, "gunshot": {"precision": 0.0, "recall": 0.0, "f1-score": 0.0, "support": 21}, "siren": {"precision": 0.8888888888888888, "recall": 0.5, "f1-score": 0.64, "support": 16}, "accuracy": 0.5714285714285714, "macro avg": {"precision": 0.48834771585978254, "recall": 0.5003315649867374, "f1-score": 0.4712922705314009, "support": 105}, "weighted avg": {"precision": 0.4887542340811318, "recall": 0.5714285714285714, "f1-score": 0.5097506326201977, "support": 105}, "classificador": "SGDClassifier"}