{"casual": {"precision": 0.46808510638297873, "recall": 0.7586206896551724, "f1-score": 0.5789473684210527, "support": 29}, "explosion": {"precision": 0.6756756756756757, "recall": 0.6410256410256411, "f1-score": 0.6578947368421052, "support": 39}, "gunshot": {"precision": 1.0, "recall": 0.09523809523809523, "f1-score": 0.17391304347826084, "support": 21}, "siren": {"precision": 0.7368421052631579, "recall": 0.875, "f1-score": 0.7999999999999999, "support": 16}, "accuracy": 0.6, "macro avg": {"precision": 0.7201507218304531, "recall": 0.5924711064797272, "f1-score": 0.5526887871853546, "support": 105}, "weighted avg": {"precision": 0.6925266011492216, "recall": 0.6, "f1-score": 0.5609480222294867, "support": 105}, "classificador": "Perceptron"}