{"casual": {"precision": 0.5588235294117647, "recall": 0.6551724137931034, "f1-score": 0.6031746031746031, "support": 29}, "explosion": {"precision": 0.7941176470588235, "recall": 0.6923076923076923, "f1-score": 0.7397260273972601, "support": 39}, "gunshot": {"precision": 0.7692307692307693, "recall": 0.47619047619047616, "f1-score": 0.588235294117647, "support": 21}, "siren": {"precision": 0.6666666666666666, "recall": 1.0, "f1-score": 0.8, "support": 16}, "accuracy": 0.6857142857142857, "macro avg": {"precision": 0.697209653092006, "recall": 0.705917645572818, "f1-score": 0.6827839811723776, "support": 105}, "weighted avg": {"precision": 0.7047331753214106, "recall": 0.6857142857142857, "f1-score": 0.6808982832097831, "support": 105}, "classificador": "Perceptron"}