{"casual": {"precision": 0.42105263157894735, "recall": 0.8275862068965517, "f1-score": 0.5581395348837209, "support": 29}, "explosion": {"precision": 0.9047619047619048, "recall": 0.48717948717948717, "f1-score": 0.6333333333333333, "support": 39}, "gunshot": {"precision": 0.4782608695652174, "recall": 0.5238095238095238, "f1-score": 0.5, "support": 21}, "siren": {"precision": 1.0, "recall": 0.25, "f1-score": 0.4, "support": 16}, "accuracy": 0.5523809523809524, "macro avg": {"precision": 0.7010188514765173, "recall": 0.5221438044713906, "f1-score": 0.5228682170542636, "support": 105}, "weighted avg": {"precision": 0.7003782748797459, "recall": 0.5523809523809524, "f1-score": 0.550343300110742, "support": 105}, "classificador": "KNeighborsClassifier"}