{"casual": {"precision": 0.46153846153846156, "recall": 0.6206896551724138, "f1-score": 0.5294117647058824, "support": 29}, "explosion": {"precision": 0.7222222222222222, "recall": 0.6666666666666666, "f1-score": 0.6933333333333334, "support": 39}, "gunshot": {"precision": 0.5, "recall": 0.09523809523809523, "f1-score": 0.16, "support": 21}, "siren": {"precision": 0.5384615384615384, "recall": 0.875, "f1-score": 0.6666666666666667, "support": 16}, "accuracy": 0.5714285714285714, "macro avg": {"precision": 0.5555555555555556, "recall": 0.5643986042692939, "f1-score": 0.5123529411764706, "support": 105}, "weighted avg": {"precision": 0.5777777777777777, "recall": 0.5714285714285714, "f1-score": 0.5373295985060691, "support": 105}, "classificador": "LinearSVC"}