{"casual": {"precision": 0.36923076923076925, "recall": 0.8275862068965517, "f1-score": 0.5106382978723405, "support": 29}, "explosion": {"precision": 0.8387096774193549, "recall": 0.6666666666666666, "f1-score": 0.7428571428571428, "support": 39}, "gunshot": {"precision": 0.5, "recall": 0.047619047619047616, "f1-score": 0.08695652173913042, "support": 21}, "siren": {"precision": 0.8571428571428571, "recall": 0.375, "f1-score": 0.5217391304347825, "support": 16}, "accuracy": 0.5428571428571428, "macro avg": {"precision": 0.6412708259482454, "recall": 0.4792179802955665, "f1-score": 0.465547773225849, "support": 105}, "weighted avg": {"precision": 0.64411100420317, "recall": 0.5428571428571428, "f1-score": 0.5138462119352829, "support": 105}, "classificador": "BaggingClassifier"}