{"casual": {"precision": 0.42857142857142855, "recall": 0.6206896551724138, "f1-score": 0.5070422535211268, "support": 29}, "explosion": {"precision": 0.6585365853658537, "recall": 0.6923076923076923, "f1-score": 0.675, "support": 39}, "gunshot": {"precision": 1.0, "recall": 0.047619047619047616, "f1-score": 0.0909090909090909, "support": 21}, "siren": {"precision": 0.7142857142857143, "recall": 0.9375, "f1-score": 0.8108108108108109, "support": 16}, "accuracy": 0.580952380952381, "macro avg": {"precision": 0.7003484320557491, "recall": 0.5745290987747884, "f1-score": 0.5209405388102571, "support": 105}, "weighted avg": {"precision": 0.67181018748963, "recall": 0.580952380952381, "f1-score": 0.5324884688969196, "support": 105}, "classificador": "Perceptron"}