{"casual": {"precision": 0.47058823529411764, "recall": 0.5517241379310345, "f1-score": 0.507936507936508, "support": 29}, "explosion": {"precision": 0.5882352941176471, "recall": 0.7692307692307693, "f1-score": 0.6666666666666667, "support": 39}, "gunshot": {"precision": 0.0, "recall": 0.0, "f1-score": 0.0, "support": 21}, "siren": {"precision": 0.75, "recall": 0.9375, "f1-score": 0.8333333333333334, "support": 16}, "accuracy": 0.580952380952381, "macro avg": {"precision": 0.4522058823529412, "recall": 0.564613726790451, "f1-score": 0.5019841269841271, "support": 105}, "weighted avg": {"precision": 0.46274509803921565, "recall": 0.580952380952381, "f1-score": 0.5148904006046864, "support": 105}, "classificador": "SGDClassifier"}