{"casual": {"precision": 0.5, "recall": 0.6896551724137931, "f1-score": 0.5797101449275363, "support": 29}, "explosion": {"precision": 0.7878787878787878, "recall": 0.6666666666666666, "f1-score": 0.7222222222222221, "support": 39}, "gunshot": {"precision": 0.8571428571428571, "recall": 0.2857142857142857, "f1-score": 0.42857142857142855, "support": 21}, "siren": {"precision": 0.64, "recall": 1.0, "f1-score": 0.7804878048780487, "support": 16}, "accuracy": 0.6476190476190476, "macro avg": {"precision": 0.6962554112554112, "recall": 0.6605090311986863, "f1-score": 0.627747900149809, "support": 105}, "weighted avg": {"precision": 0.6996883116883117, "recall": 0.6476190476190476, "f1-score": 0.6330101499772761, "support": 105}, "classificador": "LinearSVC"}