{"casual": {"precision": 0.4, "recall": 0.8275862068965517, "f1-score": 0.5393258426966292, "support": 29}, "explosion": {"precision": 0.9545454545454546, "recall": 0.5384615384615384, "f1-score": 0.6885245901639344, "support": 39}, "gunshot": {"precision": 0.55, "recall": 0.5238095238095238, "f1-score": 0.5365853658536585, "support": 21}, "siren": {"precision": 0.6666666666666666, "recall": 0.125, "f1-score": 0.21052631578947367, "support": 16}, "accuracy": 0.5523809523809524, "macro avg": {"precision": 0.6428030303030303, "recall": 0.5037143172919035, "f1-score": 0.49374052862592394, "support": 105}, "weighted avg": {"precision": 0.6766089466089467, "recall": 0.5523809523809524, "f1-score": 0.5440916399062294, "support": 105}, "classificador": "KNeighborsClassifier"}