{"casual": {"precision": 0.5, "recall": 0.6206896551724138, "f1-score": 0.5538461538461539, "support": 29}, "explosion": {"precision": 0.75, "recall": 0.7692307692307693, "f1-score": 0.7594936708860761, "support": 39}, "gunshot": {"precision": 0.75, "recall": 0.14285714285714285, "f1-score": 0.24, "support": 21}, "siren": {"precision": 0.56, "recall": 0.875, "f1-score": 0.6829268292682927, "support": 16}, "accuracy": 0.6190476190476191, "macro avg": {"precision": 0.64, "recall": 0.6019443918150815, "f1-score": 0.5590666635001307, "support": 105}, "weighted avg": {"precision": 0.652, "recall": 0.6190476190476191, "f1-score": 0.5871297228036964, "support": 105}, "classificador": "LinearSVC"}