{"casual": {"precision": 0.5476190476190477, "recall": 0.7931034482758621, "f1-score": 0.647887323943662, "support": 29}, "explosion": {"precision": 0.9230769230769231, "recall": 0.6153846153846154, "f1-score": 0.7384615384615384, "support": 39}, "gunshot": {"precision": 0.6, "recall": 0.5714285714285714, "f1-score": 0.5853658536585366, "support": 21}, "siren": {"precision": 0.8235294117647058, "recall": 0.875, "f1-score": 0.8484848484848485, "support": 16}, "accuracy": 0.6952380952380952, "macro avg": {"precision": 0.7235563456151692, "recall": 0.7137291587722623, "f1-score": 0.7050498911371464, "support": 105}, "weighted avg": {"precision": 0.739594504468454, "recall": 0.6952380952380952, "f1-score": 0.6995921228281242, "support": 105}, "classificador": "SGDClassifier"}