{"casual": {"precision": 0.5555555555555556, "recall": 0.6896551724137931, "f1-score": 0.6153846153846154, "support": 29}, "explosion": {"precision": 0.8571428571428571, "recall": 0.6153846153846154, "f1-score": 0.7164179104477612, "support": 39}, "gunshot": {"precision": 0.5833333333333334, "recall": 0.6666666666666666, "f1-score": 0.6222222222222222, "support": 21}, "siren": {"precision": 0.8823529411764706, "recall": 0.9375, "f1-score": 0.9090909090909091, "support": 16}, "accuracy": 0.6952380952380952, "macro avg": {"precision": 0.7195961718020542, "recall": 0.7273016136162688, "f1-score": 0.715778914286377, "support": 105}, "weighted avg": {"precision": 0.7229269485572006, "recall": 0.6952380952380952, "f1-score": 0.6990340339594071, "support": 105}, "classificador": "LinearDiscriminantAnalysis"}