{"casual": {"precision": 0.5714285714285714, "recall": 0.6896551724137931, "f1-score": 0.625, "support": 29}, "explosion": {"precision": 0.9117647058823529, "recall": 0.7948717948717948, "f1-score": 0.8493150684931507, "support": 39}, "gunshot": {"precision": 0.9375, "recall": 0.7142857142857143, "f1-score": 0.8108108108108109, "support": 21}, "siren": {"precision": 0.75, "recall": 0.9375, "f1-score": 0.8333333333333334, "support": 16}, "accuracy": 0.7714285714285715, "macro avg": {"precision": 0.7926733193277311, "recall": 0.7840781703928256, "f1-score": 0.7796148031593237, "support": 105}, "weighted avg": {"precision": 0.7982643057222888, "recall": 0.7714285714285715, "f1-score": 0.777225219348507, "support": 105}, "classificador": "LinearDiscriminantAnalysis"}