{"casual": {"precision": 0.5333333333333333, "recall": 0.8275862068965517, "f1-score": 0.6486486486486487, "support": 29}, "explosion": {"precision": 0.9310344827586207, "recall": 0.6923076923076923, "f1-score": 0.7941176470588235, "support": 39}, "gunshot": {"precision": 0.9285714285714286, "recall": 0.6190476190476191, "f1-score": 0.742857142857143, "support": 21}, "siren": {"precision": 0.8823529411764706, "recall": 0.9375, "f1-score": 0.9090909090909091, "support": 16}, "accuracy": 0.7523809523809524, "macro avg": {"precision": 0.8188230464599633, "recall": 0.7691103795629658, "f1-score": 0.773678586913881, "support": 105}, "weighted avg": {"precision": 0.8132824624102514, "recall": 0.7523809523809524, "f1-score": 0.7612081294434236, "support": 105}, "classificador": "Perceptron"}