{"casual": {"precision": 0.625, "recall": 0.8620689655172413, "f1-score": 0.7246376811594203, "support": 29}, "explosion": {"precision": 0.9393939393939394, "recall": 0.7948717948717948, "f1-score": 0.8611111111111112, "support": 39}, "gunshot": {"precision": 0.9411764705882353, "recall": 0.7619047619047619, "f1-score": 0.8421052631578947, "support": 21}, "siren": {"precision": 0.9333333333333333, "recall": 0.875, "f1-score": 0.9032258064516129, "support": 16}, "accuracy": 0.819047619047619, "macro avg": {"precision": 0.8597259358288771, "recall": 0.8234613805734495, "f1-score": 0.8327699654700098, "support": 105}, "weighted avg": {"precision": 0.8519943128766659, "recall": 0.819047619047619, "f1-score": 0.8260347572999821, "support": 105}, "classificador": "Perceptron"}