{"casual": {"precision": 0.5405405405405406, "recall": 0.6896551724137931, "f1-score": 0.6060606060606061, "support": 29}, "explosion": {"precision": 0.725, "recall": 0.7435897435897436, "f1-score": 0.7341772151898733, "support": 39}, "gunshot": {"precision": 0.7777777777777778, "recall": 0.3333333333333333, "f1-score": 0.4666666666666666, "support": 21}, "siren": {"precision": 0.7368421052631579, "recall": 0.875, "f1-score": 0.7999999999999999, "support": 16}, "accuracy": 0.6666666666666666, "macro avg": {"precision": 0.695040105895369, "recall": 0.6603945623342176, "f1-score": 0.6517261219792865, "support": 105}, "weighted avg": {"precision": 0.6864141208878051, "recall": 0.6666666666666666, "f1-score": 0.6553206568396441, "support": 105}, "classificador": "Perceptron"}