{"casual": {"precision": 0.5476190476190477, "recall": 0.7931034482758621, "f1-score": 0.647887323943662, "support": 29}, "explosion": {"precision": 0.8787878787878788, "recall": 0.7435897435897436, "f1-score": 0.8055555555555556, "support": 39}, "gunshot": {"precision": 1.0, "recall": 0.5238095238095238, "f1-score": 0.6875000000000001, "support": 21}, "siren": {"precision": 0.7894736842105263, "recall": 0.9375, "f1-score": 0.8571428571428572, "support": 16}, "accuracy": 0.7428571428571429, "macro avg": {"precision": 0.8039701526543632, "recall": 0.7495006789187824, "f1-score": 0.7495214341605188, "support": 105}, "weighted avg": {"precision": 0.7979548438195055, "recall": 0.7428571428571429, "f1-score": 0.7462589026220817, "support": 105}, "classificador": "LinearDiscriminantAnalysis"}