{"casual": {"precision": 0.7272727272727273, "recall": 0.8275862068965517, "f1-score": 0.7741935483870968, "support": 29}, "explosion": {"precision": 0.9473684210526315, "recall": 0.9230769230769231, "f1-score": 0.935064935064935, "support": 39}, "gunshot": {"precision": 1.0, "recall": 0.7142857142857143, "f1-score": 0.8333333333333333, "support": 21}, "siren": {"precision": 0.7894736842105263, "recall": 0.9375, "f1-score": 0.8571428571428572, "support": 16}, "accuracy": 0.8571428571428571, "macro avg": {"precision": 0.8660287081339713, "recall": 0.8506122110647973, "f1-score": 0.8499336684820556, "support": 105}, "weighted avg": {"precision": 0.8730462519936205, "recall": 0.8571428571428571, "f1-score": 0.8584136293813712, "support": 105}, "classificador": "SVC"}