{"casual": {"precision": 0.525, "recall": 0.7241379310344828, "f1-score": 0.6086956521739131, "support": 29}, "explosion": {"precision": 0.8611111111111112, "recall": 0.7948717948717948, "f1-score": 0.8266666666666667, "support": 39}, "gunshot": {"precision": 1.0, "recall": 0.5714285714285714, "f1-score": 0.7272727272727273, "support": 21}, "siren": {"precision": 0.8235294117647058, "recall": 0.875, "f1-score": 0.8484848484848485, "support": 16}, "accuracy": 0.7428571428571429, "macro avg": {"precision": 0.8024101307189542, "recall": 0.7413595743337122, "f1-score": 0.7527799736495389, "support": 105}, "weighted avg": {"precision": 0.7903314659197012, "recall": 0.7428571428571429, "f1-score": 0.7499110358240794, "support": 105}, "classificador": "SGDClassifier"}