{"casual": {"precision": 0.6363636363636364, "recall": 0.7241379310344828, "f1-score": 0.6774193548387097, "support": 29}, "explosion": {"precision": 0.868421052631579, "recall": 0.8461538461538461, "f1-score": 0.8571428571428572, "support": 39}, "gunshot": {"precision": 0.9375, "recall": 0.7142857142857143, "f1-score": 0.8108108108108109, "support": 21}, "siren": {"precision": 0.7777777777777778, "recall": 0.875, "f1-score": 0.823529411764706, "support": 16}, "accuracy": 0.7904761904761904, "macro avg": {"precision": 0.8050156166932483, "recall": 0.7898943728685108, "f1-score": 0.7922256086392709, "support": 105}, "weighted avg": {"precision": 0.8043324852535378, "recall": 0.7904761904761904, "f1-score": 0.7931164793729174, "support": 105}, "classificador": "Perceptron"}