{"casual": {"precision": 0.5675675675675675, "recall": 0.7241379310344828, "f1-score": 0.6363636363636365, "support": 29}, "explosion": {"precision": 0.8888888888888888, "recall": 0.8205128205128205, "f1-score": 0.8533333333333333, "support": 39}, "gunshot": {"precision": 1.0, "recall": 0.5238095238095238, "f1-score": 0.6875000000000001, "support": 21}, "siren": {"precision": 0.7619047619047619, "recall": 1.0, "f1-score": 0.8648648648648648, "support": 16}, "accuracy": 0.7619047619047619, "macro avg": {"precision": 0.8045903045903046, "recall": 0.7671150688392068, "f1-score": 0.7605154586404587, "support": 105}, "weighted avg": {"precision": 0.8030152601581173, "recall": 0.7619047619047619, "f1-score": 0.7619988884988885, "support": 105}, "classificador": "SGDClassifier"}