{"classificador": "KNeighborsClassifier", "accuracy": 0.6190476190476191, "explosion": {"recall": 0.4358974358974359, "f1-score": 0.5666666666666667, "precision": 0.8095238095238095, "support": 39}, "siren": {"recall": 0.75, "f1-score": 0.8275862068965517, "precision": 0.9230769230769231, "support": 16}, "weighted avg": {"recall": 0.6190476190476191, "f1-score": 0.6193048867920165, "precision": 0.6819213627095401, "support": 105}, "gunshot": {"recall": 0.5714285714285714, "f1-score": 0.48000000000000004, "precision": 0.41379310344827586, "support": 21}, "macro avg": {"recall": 0.6462280535556397, "f1-score": 0.6375773028978469, "precision": 0.6794556018693949, "support": 105}, "casual": {"recall": 0.8275862068965517, "f1-score": 0.676056338028169, "precision": 0.5714285714285714, "support": 29}}