{"classificador": "BaggingClassifier", "accuracy": 0.4857142857142857, "explosion": {"recall": 0.41025641025641024, "f1-score": 0.4848484848484849, "precision": 0.5925925925925926, "support": 39}, "siren": {"recall": 0.375, "f1-score": 0.42857142857142855, "precision": 0.5, "support": 16}, "weighted avg": {"recall": 0.4857142857142857, "f1-score": 0.4696173667602239, "precision": 0.6049614016827132, "support": 105}, "gunshot": {"recall": 0.23809523809523808, "f1-score": 0.3846153846153846, "precision": 1.0, "support": 21}, "macro avg": {"recall": 0.46273446381205, "f1-score": 0.45784215784215787, "precision": 0.6215088038858531, "support": 105}, "casual": {"recall": 0.8275862068965517, "f1-score": 0.5333333333333333, "precision": 0.39344262295081966, "support": 29}}