{"classificador": "BaggingClassifier", "accuracy": 0.5142857142857142, "explosion": {"recall": 0.48717948717948717, "f1-score": 0.5205479452054794, "precision": 0.5588235294117647, "support": 39}, "siren": {"recall": 0.4375, "f1-score": 0.5384615384615384, "precision": 0.7, "support": 16}, "weighted avg": {"recall": 0.5142857142857142, "f1-score": 0.5130147709579318, "precision": 0.5291583177893583, "support": 105}, "gunshot": {"recall": 0.38095238095238093, "f1-score": 0.3636363636363636, "precision": 0.34782608695652173, "support": 21}, "macro avg": {"recall": 0.4988217601364153, "f1-score": 0.5049151931691289, "precision": 0.5332413514604927, "support": 105}, "casual": {"recall": 0.6896551724137931, "f1-score": 0.5970149253731344, "precision": 0.5263157894736842, "support": 29}}