{"classificador": "Perceptron", "accuracy": 0.44761904761904764, "explosion": {"recall": 0.23076923076923078, "f1-score": 0.28125, "precision": 0.36, "support": 39}, "siren": {"recall": 0.875, "f1-score": 0.823529411764706, "precision": 0.7777777777777778, "support": 16}, "weighted avg": {"recall": 0.44761904761904764, "f1-score": 0.4245791403129441, "precision": 0.4237520786092215, "support": 105}, "gunshot": {"recall": 0.19047619047619047, "f1-score": 0.1951219512195122, "precision": 0.2, "support": 21}, "macro avg": {"recall": 0.4964751484148036, "f1-score": 0.46582041116858974, "precision": 0.4534920634920635, "support": 105}, "casual": {"recall": 0.6896551724137931, "f1-score": 0.5633802816901408, "precision": 0.47619047619047616, "support": 29}}