{"classificador": "BaggingClassifier", "accuracy": 0.44761904761904764, "explosion": {"recall": 0.3333333333333333, "f1-score": 0.45614035087719296, "precision": 0.7222222222222222, "support": 39}, "siren": {"recall": 0.625, "f1-score": 0.5128205128205128, "precision": 0.43478260869565216, "support": 16}, "weighted avg": {"recall": 0.44761904761904764, "f1-score": 0.4264565259302101, "precision": 0.6295885234588015, "support": 105}, "gunshot": {"recall": 0.14285714285714285, "f1-score": 0.25, "precision": 1.0, "support": 21}, "macro avg": {"recall": 0.45633210180623973, "f1-score": 0.4214068825910931, "precision": 0.6253167814999605, "support": 105}, "casual": {"recall": 0.7241379310344828, "f1-score": 0.4666666666666667, "precision": 0.3442622950819672, "support": 29}}