{"classificador": "KNeighborsClassifier", "accuracy": 0.6, "explosion": {"recall": 0.46153846153846156, "f1-score": 0.5714285714285714, "precision": 0.75, "support": 39}, "siren": {"recall": 0.625, "f1-score": 0.7407407407407406, "precision": 0.9090909090909091, "support": 16}, "weighted avg": {"recall": 0.6, "f1-score": 0.6025074326026706, "precision": 0.65463410993268, "support": 105}, "gunshot": {"recall": 0.5238095238095238, "f1-score": 0.44, "precision": 0.3793103448275862, "support": 21}, "macro avg": {"recall": 0.6094835480611343, "f1-score": 0.6094708994708994, "precision": 0.655941776894258, "support": 105}, "casual": {"recall": 0.8275862068965517, "f1-score": 0.6857142857142856, "precision": 0.5853658536585366, "support": 29}}