{"classificador": "LinearSVC", "accuracy": 0.6857142857142857, "explosion": {"recall": 0.6923076923076923, "f1-score": 0.7105263157894737, "precision": 0.7297297297297297, "support": 39}, "siren": {"recall": 1.0, "f1-score": 0.9142857142857143, "precision": 0.8421052631578947, "support": 16}, "weighted avg": {"recall": 0.6857142857142857, "f1-score": 0.6848748470322928, "precision": 0.7192766929609035, "support": 105}, "gunshot": {"recall": 0.47619047619047616, "f1-score": 0.6249999999999999, "precision": 0.9090909090909091, "support": 21}, "macro avg": {"recall": 0.705917645572818, "f1-score": 0.7042440522949164, "precision": 0.7452314754946334, "support": 105}, "casual": {"recall": 0.6551724137931034, "f1-score": 0.5671641791044776, "precision": 0.5, "support": 29}}