{"classificador": "Perceptron", "accuracy": 0.4666666666666667, "explosion": {"recall": 0.2564102564102564, "f1-score": 0.3225806451612903, "precision": 0.43478260869565216, "support": 39}, "siren": {"recall": 1.0, "f1-score": 0.7804878048780487, "precision": 0.64, "support": 16}, "weighted avg": {"recall": 0.4666666666666667, "f1-score": 0.43192235926415984, "precision": 0.4370052012321366, "support": 105}, "gunshot": {"recall": 0.19047619047619047, "f1-score": 0.2162162162162162, "precision": 0.25, "support": 21}, "macro avg": {"recall": 0.5255147151698876, "f1-score": 0.4655354522781745, "precision": 0.44704931071049847, "support": 105}, "casual": {"recall": 0.6551724137931034, "f1-score": 0.5428571428571429, "precision": 0.4634146341463415, "support": 29}}