{"classificador": "SGDClassifier", "accuracy": 0.4857142857142857, "explosion": {"recall": 0.3076923076923077, "f1-score": 0.3582089552238806, "precision": 0.42857142857142855, "support": 39}, "siren": {"recall": 0.9375, "f1-score": 0.8571428571428572, "precision": 0.7894736842105263, "support": 16}, "weighted avg": {"recall": 0.4857142857142857, "f1-score": 0.4426302838908799, "precision": 0.4741295286734356, "support": 105}, "gunshot": {"recall": 0.09523809523809523, "f1-score": 0.15384615384615385, "precision": 0.4, "support": 21}, "macro avg": {"recall": 0.5247627731463939, "f1-score": 0.47644583301663757, "precision": 0.5082848631011492, "support": 105}, "casual": {"recall": 0.7586206896551724, "f1-score": 0.5365853658536586, "precision": 0.41509433962264153, "support": 29}}