{"classificador": "Perceptron", "accuracy": 0.4857142857142857, "explosion": {"recall": 0.28205128205128205, "f1-score": 0.34920634920634913, "precision": 0.4583333333333333, "support": 39}, "siren": {"recall": 1.0, "f1-score": 0.888888888888889, "precision": 0.8, "support": 16}, "weighted avg": {"recall": 0.4857142857142857, "f1-score": 0.4671873917525666, "precision": 0.47416083916083923, "support": 105}, "gunshot": {"recall": 0.2857142857142857, "f1-score": 0.2790697674418604, "precision": 0.2727272727272727, "support": 21}, "macro avg": {"recall": 0.5471138057344954, "f1-score": 0.5116441925607452, "precision": 0.4981497668997669, "support": 105}, "casual": {"recall": 0.6206896551724138, "f1-score": 0.5294117647058824, "precision": 0.46153846153846156, "support": 29}}