{"classificador": "SGDClassifier", "accuracy": 0.6285714285714286, "explosion": {"recall": 0.7692307692307693, "f1-score": 0.6976744186046512, "precision": 0.6382978723404256, "support": 39}, "siren": {"recall": 0.875, "f1-score": 0.8484848484848485, "precision": 0.8235294117647058, "support": 16}, "weighted avg": {"recall": 0.6285714285714286, "f1-score": 0.6092294064677786, "precision": 0.6633885894783446, "support": 105}, "gunshot": {"recall": 0.23809523809523808, "f1-score": 0.37037037037037035, "precision": 0.8333333333333334, "support": 21}, "macro avg": {"recall": 0.6171332259694329, "f1-score": 0.6119449093649675, "precision": 0.6952187257881877, "support": 105}, "casual": {"recall": 0.5862068965517241, "f1-score": 0.53125, "precision": 0.4857142857142857, "support": 29}}