{"casual": {"precision": 0.7419354838709677, "recall": 0.7931034482758621, "f1-score": 0.7666666666666667, "support": 29}, "explosion": {"precision": 0.918918918918919, "recall": 0.8717948717948718, "f1-score": 0.8947368421052632, "support": 39}, "gunshot": {"precision": 0.8888888888888888, "recall": 0.7619047619047619, "f1-score": 0.8205128205128205, "support": 21}, "siren": {"precision": 0.8421052631578947, "recall": 1.0, "f1-score": 0.9142857142857143, "support": 16}, "accuracy": 0.8476190476190476, "macro avg": {"precision": 0.8479621387091676, "recall": 0.8567007704938739, "f1-score": 0.8490505108926162, "support": 105}, "weighted avg": {"precision": 0.8523268356884656, "recall": 0.8476190476190476, "f1-score": 0.8474991508074214, "support": 105}, "classificador": "KNeighborsClassifier"}