{"casual": {"precision": 0.7096774193548387, "recall": 0.7586206896551724, "f1-score": 0.7333333333333333, "support": 29}, "explosion": {"precision": 0.8780487804878049, "recall": 0.9230769230769231, "f1-score": 0.9, "support": 39}, "gunshot": {"precision": 0.9375, "recall": 0.7142857142857143, "f1-score": 0.8108108108108109, "support": 21}, "siren": {"precision": 0.8823529411764706, "recall": 0.9375, "f1-score": 0.9090909090909091, "support": 16}, "accuracy": 0.8380952380952381, "macro avg": {"precision": 0.8518947852547786, "recall": 0.8333708317544525, "f1-score": 0.8383087633087634, "support": 105}, "weighted avg": {"precision": 0.8440923300870309, "recall": 0.8380952380952381, "f1-score": 0.8375156975156975, "support": 105}, "classificador": "SVC"}