{"casual": {"precision": 0.6129032258064516, "recall": 0.6551724137931034, "f1-score": 0.6333333333333333, "support": 29}, "explosion": {"precision": 0.8378378378378378, "recall": 0.7948717948717948, "f1-score": 0.8157894736842105, "support": 39}, "gunshot": {"precision": 0.8823529411764706, "recall": 0.7142857142857143, "f1-score": 0.7894736842105262, "support": 21}, "siren": {"precision": 0.8, "recall": 1.0, "f1-score": 0.888888888888889, "support": 16}, "accuracy": 0.7714285714285715, "macro avg": {"precision": 0.7832735012051899, "recall": 0.7910824807376532, "f1-score": 0.7818713450292397, "support": 105}, "weighted avg": {"precision": 0.77885029513113, "recall": 0.7714285714285715, "f1-score": 0.7712726260094682, "support": 105}, "classificador": "LinearDiscriminantAnalysis"}