{"casual": {"precision": 0.5714285714285714, "recall": 0.8275862068965517, "f1-score": 0.676056338028169, "support": 29}, "explosion": {"precision": 0.896551724137931, "recall": 0.6666666666666666, "f1-score": 0.7647058823529411, "support": 39}, "gunshot": {"precision": 0.9411764705882353, "recall": 0.7619047619047619, "f1-score": 0.8421052631578947, "support": 21}, "siren": {"precision": 0.8823529411764706, "recall": 0.9375, "f1-score": 0.9090909090909091, "support": 16}, "accuracy": 0.7714285714285715, "macro avg": {"precision": 0.8228774268328021, "recall": 0.7984144088669951, "f1-score": 0.7979895981574785, "support": 105}, "weighted avg": {"precision": 0.8135171309903272, "recall": 0.7714285714285715, "f1-score": 0.7777031265366853, "support": 105}, "classificador": "SGDClassifier"}