{"casual": {"precision": 0.625, "recall": 0.6896551724137931, "f1-score": 0.6557377049180328, "support": 29}, "explosion": {"precision": 0.8571428571428571, "recall": 0.7692307692307693, "f1-score": 0.8108108108108107, "support": 39}, "gunshot": {"precision": 0.8333333333333334, "recall": 0.7142857142857143, "f1-score": 0.7692307692307692, "support": 21}, "siren": {"precision": 0.8, "recall": 1.0, "f1-score": 0.888888888888889, "support": 16}, "accuracy": 0.7714285714285715, "macro avg": {"precision": 0.7788690476190476, "recall": 0.7932929139825692, "f1-score": 0.7811670434621254, "support": 105}, "weighted avg": {"precision": 0.7795578231292516, "recall": 0.7714285714285715, "f1-score": 0.771562699431552, "support": 105}, "classificador": "LinearDiscriminantAnalysis"}