{"casual": {"precision": 0.6486486486486487, "recall": 0.8275862068965517, "f1-score": 0.7272727272727273, "support": 29}, "explosion": {"precision": 0.9375, "recall": 0.7692307692307693, "f1-score": 0.8450704225352113, "support": 39}, "gunshot": {"precision": 0.9411764705882353, "recall": 0.7619047619047619, "f1-score": 0.8421052631578947, "support": 21}, "siren": {"precision": 0.8421052631578947, "recall": 1.0, "f1-score": 0.9142857142857143, "support": 16}, "accuracy": 0.819047619047619, "macro avg": {"precision": 0.8423575955986946, "recall": 0.8396804345080207, "f1-score": 0.8321835318128868, "support": 105}, "weighted avg": {"precision": 0.8439209609875244, "recall": 0.819047619047619, "f1-score": 0.8224898811873291, "support": 105}, "classificador": "SGDClassifier"}