{"casual": {"precision": 0.7878787878787878, "recall": 0.896551724137931, "f1-score": 0.8387096774193549, "support": 29}, "explosion": {"precision": 0.9459459459459459, "recall": 0.8974358974358975, "f1-score": 0.9210526315789475, "support": 39}, "gunshot": {"precision": 0.9411764705882353, "recall": 0.7619047619047619, "f1-score": 0.8421052631578947, "support": 21}, "siren": {"precision": 0.8888888888888888, "recall": 1.0, "f1-score": 0.9411764705882353, "support": 16}, "accuracy": 0.8857142857142857, "macro avg": {"precision": 0.8909725233254645, "recall": 0.8889730958696476, "f1-score": 0.885761010686108, "support": 105}, "weighted avg": {"precision": 0.8926409985233514, "recall": 0.8857142857142857, "f1-score": 0.8855873079282647, "support": 105}, "classificador": "KNeighborsClassifier"}