{"casual": {"precision": 0.6153846153846154, "recall": 0.8275862068965517, "f1-score": 0.7058823529411765, "support": 29}, "explosion": {"precision": 0.9333333333333333, "recall": 0.717948717948718, "f1-score": 0.8115942028985509, "support": 39}, "gunshot": {"precision": 0.9411764705882353, "recall": 0.7619047619047619, "f1-score": 0.8421052631578947, "support": 21}, "siren": {"precision": 0.8421052631578947, "recall": 1.0, "f1-score": 0.9142857142857143, "support": 16}, "accuracy": 0.8, "macro avg": {"precision": 0.8329999206160197, "recall": 0.8268599216875079, "f1-score": 0.8184668833208341, "support": 105}, "weighted avg": {"precision": 0.8331861327526963, "recall": 0.8, "f1-score": 0.8041480390783317, "support": 105}, "classificador": "SGDClassifier"}