{"casual": {"precision": 0.6578947368421053, "recall": 0.8620689655172413, "f1-score": 0.746268656716418, "support": 29}, "explosion": {"precision": 0.9117647058823529, "recall": 0.7948717948717948, "f1-score": 0.8493150684931507, "support": 39}, "gunshot": {"precision": 0.9375, "recall": 0.7142857142857143, "f1-score": 0.8108108108108109, "support": 21}, "siren": {"precision": 0.8823529411764706, "recall": 0.9375, "f1-score": 0.9090909090909091, "support": 16}, "accuracy": 0.819047619047619, "macro avg": {"precision": 0.8473780959752322, "recall": 0.8271816186686877, "f1-score": 0.8288713612778222, "support": 105}, "weighted avg": {"precision": 0.842313504349108, "recall": 0.819047619047619, "f1-score": 0.8222624789380055, "support": 105}, "classificador": "KNeighborsClassifier"}