{"casual": {"precision": 0.5789473684210527, "recall": 0.7586206896551724, "f1-score": 0.6567164179104478, "support": 29}, "explosion": {"precision": 0.84375, "recall": 0.6923076923076923, "f1-score": 0.7605633802816902, "support": 39}, "gunshot": {"precision": 0.8235294117647058, "recall": 0.6666666666666666, "f1-score": 0.7368421052631577, "support": 21}, "siren": {"precision": 0.8333333333333334, "recall": 0.9375, "f1-score": 0.8823529411764706, "support": 16}, "accuracy": 0.7428571428571429, "macro avg": {"precision": 0.769890028379773, "recall": 0.7637737621573828, "f1-score": 0.7591187111579415, "support": 105}, "weighted avg": {"precision": 0.7649826158533588, "recall": 0.7428571428571429, "f1-score": 0.7456959925689405, "support": 105}, "classificador": "SGDClassifier"}