{"casual": {"precision": 0.6285714285714286, "recall": 0.7586206896551724, "f1-score": 0.6875, "support": 29}, "explosion": {"precision": 0.9166666666666666, "recall": 0.8461538461538461, "f1-score": 0.8799999999999999, "support": 39}, "gunshot": {"precision": 0.8666666666666667, "recall": 0.6190476190476191, "f1-score": 0.7222222222222222, "support": 21}, "siren": {"precision": 0.7894736842105263, "recall": 0.9375, "f1-score": 0.8571428571428572, "support": 16}, "accuracy": 0.7904761904761904, "macro avg": {"precision": 0.800344611528822, "recall": 0.7903305387141594, "f1-score": 0.7867162698412699, "support": 105}, "weighted avg": {"precision": 0.8077157178660939, "recall": 0.7904761904761904, "f1-score": 0.7917947845804988, "support": 105}, "classificador": "SVC", "mediaTempoClassificacaoCadaAudio": 0.008996223268054781, "desvioTempoClassificacaoCadaAudio": 0.004681737354567446}