{"casual": {"precision": 0.6111111111111112, "recall": 0.7586206896551724, "f1-score": 0.676923076923077, "support": 29}, "explosion": {"precision": 0.9166666666666666, "recall": 0.8461538461538461, "f1-score": 0.8799999999999999, "support": 39}, "gunshot": {"precision": 0.8461538461538461, "recall": 0.5238095238095238, "f1-score": 0.6470588235294118, "support": 21}, "siren": {"precision": 0.8, "recall": 1.0, "f1-score": 0.888888888888889, "support": 16}, "accuracy": 0.780952380952381, "macro avg": {"precision": 0.793482905982906, "recall": 0.7821460149046355, "f1-score": 0.7732176973353444, "support": 105}, "weighted avg": {"precision": 0.8003947903947904, "recall": 0.780952380952381, "f1-score": 0.7786783499724677, "support": 105}, "classificador": "SVC", "mediaTempoClassificacaoCadaAudio": 0.009286290123349144, "desvioTempoClassificacaoCadaAudio": 0.004879906259259696}