{"casual": {"precision": 0.5294117647058824, "recall": 0.6206896551724138, "f1-score": 0.5714285714285715, "support": 29}, "explosion": {"precision": 0.7857142857142857, "recall": 0.5641025641025641, "f1-score": 0.6567164179104477, "support": 39}, "gunshot": {"precision": 0.625, "recall": 0.7142857142857143, "f1-score": 0.6666666666666666, "support": 21}, "siren": {"precision": 0.7368421052631579, "recall": 0.875, "f1-score": 0.7999999999999999, "support": 16}, "accuracy": 0.6571428571428571, "macro avg": {"precision": 0.6692420389208315, "recall": 0.6935194833901731, "f1-score": 0.6737029140014213, "support": 105}, "weighted avg": {"precision": 0.6753359238432215, "recall": 0.6571428571428571, "f1-score": 0.6569844654279622, "support": 105}, "classificador": "LinearDiscriminantAnalysis"}