{"casual": {"precision": 0.5434782608695652, "recall": 0.8620689655172413, "f1-score": 0.6666666666666666, "support": 29}, "explosion": {"precision": 0.88, "recall": 0.5641025641025641, "f1-score": 0.6875, "support": 39}, "gunshot": {"precision": 0.8235294117647058, "recall": 0.6666666666666666, "f1-score": 0.7368421052631577, "support": 21}, "siren": {"precision": 0.8823529411764706, "recall": 0.9375, "f1-score": 0.9090909090909091, "support": 16}, "accuracy": 0.7238095238095238, "macro avg": {"precision": 0.7823401534526854, "recall": 0.757584549071618, "f1-score": 0.7500249202551834, "support": 105}, "weighted avg": {"precision": 0.7761203263914261, "recall": 0.7238095238095238, "f1-score": 0.7253806865648971, "support": 105}, "classificador": "SGDClassifier"}