{"casual": {"precision": 0.4864864864864865, "recall": 0.6206896551724138, "f1-score": 0.5454545454545455, "support": 29}, "explosion": {"precision": 0.7575757575757576, "recall": 0.6410256410256411, "f1-score": 0.6944444444444444, "support": 39}, "gunshot": {"precision": 1.0, "recall": 0.6666666666666666, "f1-score": 0.8, "support": 21}, "siren": {"precision": 0.7142857142857143, "recall": 0.9375, "f1-score": 0.8108108108108109, "support": 16}, "accuracy": 0.6857142857142857, "macro avg": {"precision": 0.7395869895869897, "recall": 0.7164704907161804, "f1-score": 0.7126774501774503, "support": 105}, "weighted avg": {"precision": 0.7245917531631818, "recall": 0.6857142857142857, "f1-score": 0.692137982137982, "support": 105}, "classificador": "Perceptron"}