{"casual": {"precision": 0.5517241379310345, "recall": 0.5517241379310345, "f1-score": 0.5517241379310345, "support": 29}, "explosion": {"precision": 0.78125, "recall": 0.6410256410256411, "f1-score": 0.7042253521126761, "support": 39}, "gunshot": {"precision": 0.5384615384615384, "recall": 0.6666666666666666, "f1-score": 0.5957446808510638, "support": 21}, "siren": {"precision": 0.8333333333333334, "recall": 0.9375, "f1-score": 0.8823529411764706, "support": 16}, "accuracy": 0.6666666666666666, "macro avg": {"precision": 0.6761922524314766, "recall": 0.6992291114058355, "f1-score": 0.6835117780178113, "support": 105}, "weighted avg": {"precision": 0.6772359584859584, "recall": 0.6666666666666666, "f1-score": 0.6675530865627641, "support": 105}, "classificador": "LinearDiscriminantAnalysis"}