{"casual": {"precision": 0.53125, "recall": 0.5862068965517241, "f1-score": 0.5573770491803278, "support": 29}, "explosion": {"precision": 0.7948717948717948, "recall": 0.7948717948717948, "f1-score": 0.7948717948717948, "support": 39}, "gunshot": {"precision": 0.875, "recall": 0.6666666666666666, "f1-score": 0.7567567567567567, "support": 21}, "siren": {"precision": 0.8333333333333334, "recall": 0.9375, "f1-score": 0.8823529411764706, "support": 16}, "accuracy": 0.7333333333333333, "macro avg": {"precision": 0.758613782051282, "recall": 0.7463113395225464, "f1-score": 0.7478396354963375, "support": 105}, "weighted avg": {"precision": 0.7439484126984126, "recall": 0.7333333333333333, "f1-score": 0.7349854607328087, "support": 105}, "classificador": "Perceptron"}