{"casual": {"precision": 0.68, "recall": 0.5862068965517241, "f1-score": 0.6296296296296295, "support": 29}, "explosion": {"precision": 0.7878787878787878, "recall": 0.6666666666666666, "f1-score": 0.7222222222222221, "support": 39}, "gunshot": {"precision": 0.4838709677419355, "recall": 0.7142857142857143, "f1-score": 0.5769230769230769, "support": 21}, "siren": {"precision": 0.8125, "recall": 0.8125, "f1-score": 0.8125, "support": 16}, "accuracy": 0.6761904761904762, "macro avg": {"precision": 0.6910624389051808, "recall": 0.6949148193760263, "f1-score": 0.6853187321937322, "support": 105}, "weighted avg": {"precision": 0.7010339338081275, "recall": 0.6761904761904762, "f1-score": 0.681345814679148, "support": 105}, "classificador": "LinearDiscriminantAnalysis"}