{"casual": {"precision": 0.7096774193548387, "recall": 0.7586206896551724, "f1-score": 0.7333333333333333, "support": 29}, "explosion": {"precision": 0.96875, "recall": 0.7948717948717948, "f1-score": 0.8732394366197183, "support": 39}, "gunshot": {"precision": 0.8333333333333334, "recall": 0.7142857142857143, "f1-score": 0.7692307692307692, "support": 21}, "siren": {"precision": 0.6666666666666666, "recall": 1.0, "f1-score": 0.8, "support": 16}, "accuracy": 0.8, "macro avg": {"precision": 0.7946068548387096, "recall": 0.8169445497031704, "f1-score": 0.7939508847959551, "support": 105}, "weighted avg": {"precision": 0.824081541218638, "recall": 0.8, "f1-score": 0.8026366747493507, "support": 105}, "classificador": "SVC"}