{"casual": {"precision": 0.6, "recall": 0.7241379310344828, "f1-score": 0.65625, "support": 29}, "explosion": {"precision": 0.84375, "recall": 0.6923076923076923, "f1-score": 0.7605633802816902, "support": 39}, "gunshot": {"precision": 0.8333333333333334, "recall": 0.7142857142857143, "f1-score": 0.7692307692307692, "support": 21}, "siren": {"precision": 0.75, "recall": 0.9375, "f1-score": 0.8333333333333334, "support": 16}, "accuracy": 0.7428571428571429, "macro avg": {"precision": 0.7567708333333334, "recall": 0.7670578344069724, "f1-score": 0.7548443707114482, "support": 105}, "weighted avg": {"precision": 0.7600595238095239, "recall": 0.7428571428571429, "f1-score": 0.7445752506491944, "support": 105}, "classificador": "SGDClassifier"}