{"casual": {"precision": 0.6296296296296297, "recall": 0.5862068965517241, "f1-score": 0.6071428571428571, "support": 29}, "explosion": {"precision": 0.8421052631578947, "recall": 0.8205128205128205, "f1-score": 0.8311688311688312, "support": 39}, "gunshot": {"precision": 0.75, "recall": 0.7142857142857143, "f1-score": 0.7317073170731706, "support": 21}, "siren": {"precision": 0.75, "recall": 0.9375, "f1-score": 0.8333333333333334, "support": 16}, "accuracy": 0.7523809523809524, "macro avg": {"precision": 0.7429337231968811, "recall": 0.7646263578375647, "f1-score": 0.750838084679548, "support": 105}, "weighted avg": {"precision": 0.7509653764039729, "recall": 0.7523809523809524, "f1-score": 0.7497325168056875, "support": 105}, "classificador": "SGDClassifier"}