{"casual": {"precision": 0.5294117647058824, "recall": 0.6206896551724138, "f1-score": 0.5714285714285715, "support": 29}, "explosion": {"precision": 0.84375, "recall": 0.6923076923076923, "f1-score": 0.7605633802816902, "support": 39}, "gunshot": {"precision": 0.8, "recall": 0.19047619047619047, "f1-score": 0.3076923076923077, "support": 21}, "siren": {"precision": 0.47058823529411764, "recall": 1.0, "f1-score": 0.6399999999999999, "support": 16}, "accuracy": 0.6190476190476191, "macro avg": {"precision": 0.6609375, "recall": 0.6258683844890742, "f1-score": 0.5699210648506423, "support": 105}, "weighted avg": {"precision": 0.6913200280112045, "recall": 0.6190476190476191, "f1-score": 0.5993803701328853, "support": 105}, "classificador": "SGDClassifier"}