{"casual": {"precision": 0.5555555555555556, "recall": 0.5172413793103449, "f1-score": 0.5357142857142857, "support": 29}, "explosion": {"precision": 0.8235294117647058, "recall": 0.717948717948718, "f1-score": 0.767123287671233, "support": 39}, "gunshot": {"precision": 0.8, "recall": 0.19047619047619047, "f1-score": 0.3076923076923077, "support": 21}, "siren": {"precision": 0.41025641025641024, "recall": 1.0, "f1-score": 0.5818181818181819, "support": 16}, "accuracy": 0.6, "macro avg": {"precision": 0.647335344394168, "recall": 0.6064165719338133, "f1-score": 0.5480870157240021, "support": 105}, "weighted avg": {"precision": 0.6818367688955924, "recall": 0.6, "f1-score": 0.5830871607192547, "support": 105}, "classificador": "SGDClassifier"}