{"casual": {"precision": 0.6111111111111112, "recall": 0.7586206896551724, "f1-score": 0.676923076923077, "support": 29}, "explosion": {"precision": 0.9090909090909091, "recall": 0.7692307692307693, "f1-score": 0.8333333333333333, "support": 39}, "gunshot": {"precision": 0.5652173913043478, "recall": 0.6190476190476191, "f1-score": 0.5909090909090909, "support": 21}, "siren": {"precision": 0.9230769230769231, "recall": 0.75, "f1-score": 0.8275862068965517, "support": 16}, "accuracy": 0.7333333333333333, "macro avg": {"precision": 0.7521240836458227, "recall": 0.7242247694833902, "f1-score": 0.7321879270155132, "support": 105}, "weighted avg": {"precision": 0.7601482253656167, "recall": 0.7333333333333333, "f1-score": 0.7407737090495711, "support": 105}, "classificador": "KNeighborsClassifier"}