{"casual": {"precision": 0.5555555555555556, "recall": 0.5172413793103449, "f1-score": 0.5357142857142857, "support": 29}, "explosion": {"precision": 0.8333333333333334, "recall": 0.7692307692307693, "f1-score": 0.8, "support": 39}, "gunshot": {"precision": 0.8, "recall": 0.19047619047619047, "f1-score": 0.3076923076923077, "support": 21}, "siren": {"precision": 0.43243243243243246, "recall": 1.0, "f1-score": 0.6037735849056604, "support": 16}, "accuracy": 0.6190476190476191, "macro avg": {"precision": 0.6553303303303304, "recall": 0.6192370847543262, "f1-score": 0.5617950445780635, "support": 105}, "weighted avg": {"precision": 0.6888574288574288, "recall": 0.6190476190476191, "f1-score": 0.5986440962451743, "support": 105}, "classificador": "SGDClassifier"}