{"casual": {"precision": 0.5, "recall": 0.6206896551724138, "f1-score": 0.5538461538461539, "support": 29}, "explosion": {"precision": 0.8387096774193549, "recall": 0.6666666666666666, "f1-score": 0.7428571428571428, "support": 39}, "gunshot": {"precision": 0.6666666666666666, "recall": 0.09523809523809523, "f1-score": 0.16666666666666666, "support": 21}, "siren": {"precision": 0.45714285714285713, "recall": 1.0, "f1-score": 0.6274509803921569, "support": 16}, "accuracy": 0.5904761904761905, "macro avg": {"precision": 0.6156298003072197, "recall": 0.5956486042692939, "f1-score": 0.52270523594053, "support": 105}, "weighted avg": {"precision": 0.6526091727013386, "recall": 0.5904761904761905, "f1-score": 0.5578303116118242, "support": 105}, "classificador": "Perceptron"}