{"casual": {"precision": 0.6363636363636364, "recall": 0.7241379310344828, "f1-score": 0.6774193548387097, "support": 29}, "explosion": {"precision": 0.8387096774193549, "recall": 0.6666666666666666, "f1-score": 0.7428571428571428, "support": 39}, "gunshot": {"precision": 0.4838709677419355, "recall": 0.7142857142857143, "f1-score": 0.5769230769230769, "support": 21}, "siren": {"precision": 0.8, "recall": 0.5, "f1-score": 0.6153846153846154, "support": 16}, "accuracy": 0.6666666666666666, "macro avg": {"precision": 0.6897360703812316, "recall": 0.6512725779967159, "f1-score": 0.6531460475008861, "support": 105}, "weighted avg": {"precision": 0.7059572685379137, "recall": 0.6666666666666666, "f1-score": 0.6721726506979963, "support": 105}, "classificador": "KNeighborsClassifier"}