{"casual": {"precision": 0.625, "recall": 0.6896551724137931, "f1-score": 0.6557377049180328, "support": 29}, "explosion": {"precision": 0.967741935483871, "recall": 0.7692307692307693, "f1-score": 0.8571428571428572, "support": 39}, "gunshot": {"precision": 0.8333333333333334, "recall": 0.23809523809523808, "f1-score": 0.37037037037037035, "support": 21}, "siren": {"precision": 0.4444444444444444, "recall": 1.0, "f1-score": 0.6153846153846153, "support": 16}, "accuracy": 0.6761904761904762, "macro avg": {"precision": 0.7176299283154122, "recall": 0.6742452949349501, "f1-score": 0.624658886953969, "support": 105}, "weighted avg": {"precision": 0.7664575866188771, "recall": 0.6761904761904762, "f1-score": 0.6673228237631049, "support": 105}, "classificador": "SVC"}