{"casual": {"precision": 0.5714285714285714, "recall": 0.5517241379310345, "f1-score": 0.5614035087719299, "support": 29}, "explosion": {"precision": 0.8387096774193549, "recall": 0.6666666666666666, "f1-score": 0.7428571428571428, "support": 39}, "gunshot": {"precision": 0.5882352941176471, "recall": 0.47619047619047616, "f1-score": 0.5263157894736842, "support": 21}, "siren": {"precision": 0.5517241379310345, "recall": 1.0, "f1-score": 0.7111111111111111, "support": 16}, "accuracy": 0.6476190476190476, "macro avg": {"precision": 0.6375244202241519, "recall": 0.6736453201970444, "f1-score": 0.635421888053467, "support": 105}, "weighted avg": {"precision": 0.67106317499191, "recall": 0.6476190476190476, "f1-score": 0.6445956160241875, "support": 105}, "classificador": "SGDClassifier"}