{"casual": {"precision": 0.71875, "recall": 0.7931034482758621, "f1-score": 0.7540983606557378, "support": 29}, "explosion": {"precision": 0.9142857142857143, "recall": 0.8205128205128205, "f1-score": 0.8648648648648648, "support": 39}, "gunshot": {"precision": 0.8947368421052632, "recall": 0.8095238095238095, "f1-score": 0.8500000000000001, "support": 21}, "siren": {"precision": 0.8421052631578947, "recall": 1.0, "f1-score": 0.9142857142857143, "support": 16}, "accuracy": 0.8380952380952381, "macro avg": {"precision": 0.842469454887218, "recall": 0.855785019578123, "f1-score": 0.8458122349515792, "support": 105}, "weighted avg": {"precision": 0.8453719119226639, "recall": 0.8380952380952381, "f1-score": 0.8388300344506433, "support": 105}, "classificador": "KNeighborsClassifier"}