{"casual": {"precision": 0.5581395348837209, "recall": 0.8275862068965517, "f1-score": 0.6666666666666666, "support": 29}, "explosion": {"precision": 0.9, "recall": 0.6923076923076923, "f1-score": 0.7826086956521738, "support": 39}, "gunshot": {"precision": 0.9333333333333333, "recall": 0.6666666666666666, "f1-score": 0.7777777777777778, "support": 21}, "siren": {"precision": 0.8823529411764706, "recall": 0.9375, "f1-score": 0.9090909090909091, "support": 16}, "accuracy": 0.7619047619047619, "macro avg": {"precision": 0.8184564523483812, "recall": 0.7810151414677277, "f1-score": 0.7840360122968818, "support": 105}, "weighted avg": {"precision": 0.8095589863852519, "recall": 0.7619047619047619, "f1-score": 0.7688939080243428, "support": 105}, "classificador": "SGDClassifier"}