{"casual": {"precision": 0.78125, "recall": 0.8620689655172413, "f1-score": 0.8196721311475409, "support": 29}, "explosion": {"precision": 0.9444444444444444, "recall": 0.8717948717948718, "f1-score": 0.9066666666666667, "support": 39}, "gunshot": {"precision": 0.9473684210526315, "recall": 0.8571428571428571, "f1-score": 0.9, "support": 21}, "siren": {"precision": 0.8888888888888888, "recall": 1.0, "f1-score": 0.9411764705882353, "support": 16}, "accuracy": 0.8857142857142857, "macro avg": {"precision": 0.8904879385964912, "recall": 0.8977516736137425, "f1-score": 0.8918788171006107, "support": 105}, "weighted avg": {"precision": 0.8914908799777223, "recall": 0.8857142857142857, "f1-score": 0.8865649079303853, "support": 105}, "classificador": "KNeighborsClassifier"}