{"classificador": "BaggingClassifier", "accuracy": 0.7523809523809524, "explosion": {"recall": 0.717948717948718, "f1-score": 0.8115942028985509, "precision": 0.9333333333333333, "support": 39}, "siren": {"recall": 0.8125, "f1-score": 0.8125, "precision": 0.8125, "support": 16}, "weighted avg": {"recall": 0.7523809523809524, "f1-score": 0.7607371346501781, "precision": 0.7996290143964562, "support": 105}, "gunshot": {"recall": 0.6666666666666666, "f1-score": 0.7567567567567567, "precision": 0.875, "support": 21}, "macro avg": {"recall": 0.756175397877984, "f1-score": 0.7618794065804936, "precision": 0.7947432170542635, "support": 105}, "casual": {"recall": 0.8275862068965517, "f1-score": 0.6666666666666666, "precision": 0.5581395348837209, "support": 29}}