{"classificador": "KNeighborsClassifier", "accuracy": 0.8666666666666667, "explosion": {"recall": 0.9230769230769231, "f1-score": 0.935064935064935, "precision": 0.9473684210526315, "support": 39}, "siren": {"recall": 0.8125, "f1-score": 0.8666666666666666, "precision": 0.9285714285714286, "support": 16}, "weighted avg": {"recall": 0.8666666666666667, "f1-score": 0.8699509156652012, "precision": 0.8874560919673703, "support": 105}, "gunshot": {"recall": 0.7619047619047619, "f1-score": 0.8648648648648648, "precision": 1.0, "support": 21}, "macro avg": {"recall": 0.848508352279904, "f1-score": 0.8636188136188137, "precision": 0.8946606380816908, "support": 105}, "casual": {"recall": 0.896551724137931, "f1-score": 0.787878787878788, "precision": 0.7027027027027027, "support": 29}}