{"classificador": "LinearSVC", "accuracy": 0.819047619047619, "explosion": {"recall": 0.8205128205128205, "f1-score": 0.8767123287671232, "precision": 0.9411764705882353, "support": 39}, "siren": {"recall": 0.9375, "f1-score": 0.9090909090909091, "precision": 0.8823529411764706, "support": 16}, "weighted avg": {"recall": 0.819047619047619, "f1-score": 0.8243021725809099, "precision": 0.8566526610644257, "support": 105}, "gunshot": {"recall": 0.6666666666666666, "f1-score": 0.8, "precision": 1.0, "support": 21}, "macro avg": {"recall": 0.8216871131741821, "f1-score": 0.8276102297543633, "precision": 0.8621323529411765, "support": 105}, "casual": {"recall": 0.8620689655172413, "f1-score": 0.7246376811594203, "precision": 0.625, "support": 29}}