{"classificador": "LinearSVC", "accuracy": 0.8, "explosion": {"recall": 0.8717948717948718, "f1-score": 0.8831168831168831, "precision": 0.8947368421052632, "support": 39}, "siren": {"recall": 0.8125, "f1-score": 0.787878787878788, "precision": 0.7647058823529411, "support": 16}, "weighted avg": {"recall": 0.8, "f1-score": 0.8031296602725175, "precision": 0.8150689223057643, "support": 105}, "gunshot": {"recall": 0.7142857142857143, "f1-score": 0.8108108108108109, "precision": 0.9375, "support": 21}, "macro avg": {"recall": 0.7893003189339396, "f1-score": 0.7950547950547951, "precision": 0.811000386996904, "support": 105}, "casual": {"recall": 0.7586206896551724, "f1-score": 0.6984126984126984, "precision": 0.6470588235294118, "support": 29}}