{"classificador": "SGDClassifier", "accuracy": 0.780952380952381, "explosion": {"recall": 0.8461538461538461, "f1-score": 0.8461538461538461, "precision": 0.8461538461538461, "support": 39}, "siren": {"recall": 0.75, "f1-score": 0.75, "precision": 0.75, "support": 16}, "weighted avg": {"recall": 0.780952380952381, "f1-score": 0.7856713856713857, "precision": 0.7991596638655462, "support": 105}, "gunshot": {"recall": 0.7619047619047619, "f1-score": 0.8648648648648648, "precision": 1.0, "support": 21}, "macro avg": {"recall": 0.7705491347732727, "f1-score": 0.7819213444213444, "precision": 0.8034502262443439, "support": 105}, "casual": {"recall": 0.7241379310344828, "f1-score": 0.6666666666666667, "precision": 0.6176470588235294, "support": 29}}