{"classificador": "SGDClassifier", "accuracy": 0.8571428571428571, "explosion": {"recall": 0.8717948717948718, "f1-score": 0.9189189189189189, "precision": 0.9714285714285714, "support": 39}, "siren": {"recall": 0.9375, "f1-score": 0.9090909090909091, "precision": 0.8823529411764706, "support": 16}, "weighted avg": {"recall": 0.8571428571428571, "f1-score": 0.8608643339986624, "precision": 0.8842425391209114, "support": 105}, "gunshot": {"recall": 0.7142857142857143, "f1-score": 0.8333333333333333, "precision": 1.0, "support": 21}, "macro avg": {"recall": 0.8550330775546293, "f1-score": 0.8593656410820589, "precision": 0.8844980097302079, "support": 105}, "casual": {"recall": 0.896551724137931, "f1-score": 0.7761194029850746, "precision": 0.6842105263157895, "support": 29}}