{"classificador": "BaggingClassifier", "accuracy": 0.7523809523809524, "explosion": {"recall": 0.7692307692307693, "f1-score": 0.8, "precision": 0.8333333333333334, "support": 39}, "siren": {"recall": 0.75, "f1-score": 0.7741935483870969, "precision": 0.8, "support": 16}, "weighted avg": {"recall": 0.7523809523809524, "f1-score": 0.7535705895261332, "precision": 0.7844527829893684, "support": 105}, "gunshot": {"recall": 0.5714285714285714, "f1-score": 0.7058823529411765, "precision": 0.9230769230769231, "support": 21}, "macro avg": {"recall": 0.7381820765441456, "f1-score": 0.748590403903497, "precision": 0.7915415884928081, "support": 105}, "casual": {"recall": 0.8620689655172413, "f1-score": 0.7142857142857144, "precision": 0.6097560975609756, "support": 29}}