{"classificador": "BaggingClassifier", "accuracy": 0.8666666666666667, "explosion": {"recall": 0.9230769230769231, "f1-score": 0.9230769230769231, "precision": 0.9230769230769231, "support": 39}, "siren": {"recall": 0.875, "f1-score": 0.875, "precision": 0.875, "support": 16}, "weighted avg": {"recall": 0.8666666666666667, "f1-score": 0.8683622397908112, "precision": 0.8792717086834734, "support": 105}, "gunshot": {"recall": 0.7619047619047619, "f1-score": 0.8648648648648648, "precision": 1.0, "support": 21}, "macro avg": {"recall": 0.8555126626247316, "f1-score": 0.8641481453981454, "precision": 0.8833427601809956, "support": 105}, "casual": {"recall": 0.8620689655172413, "f1-score": 0.7936507936507937, "precision": 0.7352941176470589, "support": 29}}