{"classificador": "BaggingClassifier", "accuracy": 0.8285714285714286, "explosion": {"recall": 0.8717948717948718, "f1-score": 0.9189189189189189, "precision": 0.9714285714285714, "support": 39}, "siren": {"recall": 0.9375, "f1-score": 0.8333333333333334, "precision": 0.75, "support": 16}, "weighted avg": {"recall": 0.8285714285714286, "f1-score": 0.8321219178362036, "precision": 0.8494367747098839, "support": 105}, "gunshot": {"recall": 0.7142857142857143, "f1-score": 0.8108108108108109, "precision": 0.9375, "support": 21}, "macro avg": {"recall": 0.8291710085891121, "f1-score": 0.8233054483054484, "precision": 0.8338497899159664, "support": 105}, "casual": {"recall": 0.7931034482758621, "f1-score": 0.7301587301587301, "precision": 0.6764705882352942, "support": 29}}