{"classificador": "Perceptron", "accuracy": 0.8285714285714286, "explosion": {"recall": 0.7948717948717948, "f1-score": 0.8611111111111112, "precision": 0.9393939393939394, "support": 39}, "siren": {"recall": 0.9375, "f1-score": 0.9090909090909091, "precision": 0.8823529411764706, "support": 16}, "weighted avg": {"recall": 0.8285714285714286, "f1-score": 0.8344236138353786, "precision": 0.860416707475531, "support": 105}, "gunshot": {"recall": 0.7619047619047619, "f1-score": 0.8648648648648648, "precision": 1.0, "support": 21}, "macro avg": {"recall": 0.8390863805734495, "f1-score": 0.842590250678486, "precision": 0.8656931303990127, "support": 105}, "casual": {"recall": 0.8620689655172413, "f1-score": 0.7352941176470588, "precision": 0.6410256410256411, "support": 29}}