{"classificador": "KNeighborsClassifier", "accuracy": 0.8380952380952381, "explosion": {"recall": 0.7692307692307693, "f1-score": 0.8571428571428572, "precision": 0.967741935483871, "support": 39}, "siren": {"recall": 0.875, "f1-score": 0.9333333333333333, "precision": 1.0, "support": 16}, "weighted avg": {"recall": 0.8380952380952381, "f1-score": 0.8438254366073915, "precision": 0.8799082123472045, "support": 105}, "gunshot": {"recall": 0.7619047619047619, "f1-score": 0.8421052631578947, "precision": 0.9411764705882353, "support": 21}, "macro avg": {"recall": 0.8429131931287104, "f1-score": 0.8525898078529659, "precision": 0.8900202991924452, "support": 105}, "casual": {"recall": 0.9655172413793104, "f1-score": 0.7777777777777779, "precision": 0.6511627906976745, "support": 29}}