{"casual": {"precision": 0.5925925925925926, "recall": 0.5517241379310345, "f1-score": 0.5714285714285714, "support": 29}, "explosion": {"precision": 0.8157894736842105, "recall": 0.7948717948717948, "f1-score": 0.8051948051948051, "support": 39}, "gunshot": {"precision": 0.7894736842105263, "recall": 0.7142857142857143, "f1-score": 0.7500000000000001, "support": 21}, "siren": {"precision": 0.7142857142857143, "recall": 0.9375, "f1-score": 0.8108108108108109, "support": 16}, "accuracy": 0.7333333333333333, "macro avg": {"precision": 0.728035366193261, "recall": 0.749595411772136, "f1-score": 0.7343585468585468, "support": 105}, "weighted avg": {"precision": 0.7334142233891607, "recall": 0.7333333333333333, "f1-score": 0.7304476090190376, "support": 105}, "classificador": "SGDClassifier"}