{"casual": {"precision": 0.6086956521739131, "recall": 0.4827586206896552, "f1-score": 0.5384615384615384, "support": 29}, "explosion": {"precision": 0.8275862068965517, "recall": 0.6153846153846154, "f1-score": 0.7058823529411765, "support": 39}, "gunshot": {"precision": 0.38461538461538464, "recall": 0.7142857142857143, "f1-score": 0.5, "support": 21}, "siren": {"precision": 0.6428571428571429, "recall": 0.5625, "f1-score": 0.6000000000000001, "support": 16}, "accuracy": 0.5904761904761905, "macro avg": {"precision": 0.615938596635748, "recall": 0.5937322375899963, "f1-score": 0.5860859728506788, "support": 105}, "weighted avg": {"precision": 0.6503873651871083, "recall": 0.5904761904761905, "f1-score": 0.6023313940961, "support": 105}, "classificador": "LinearDiscriminantAnalysis"}