{"casual": {"precision": 0.5609756097560976, "recall": 0.7931034482758621, "f1-score": 0.6571428571428573, "support": 29}, "explosion": {"precision": 0.88, "recall": 0.5641025641025641, "f1-score": 0.6875, "support": 39}, "gunshot": {"precision": 0.8421052631578947, "recall": 0.7619047619047619, "f1-score": 0.8, "support": 21}, "siren": {"precision": 0.7, "recall": 0.875, "f1-score": 0.7777777777777777, "support": 16}, "accuracy": 0.7142857142857143, "macro avg": {"precision": 0.745770218228498, "recall": 0.748527693570797, "f1-score": 0.7306051587301587, "support": 105}, "weighted avg": {"precision": 0.7568809829451678, "recall": 0.7142857142857143, "f1-score": 0.7153722600151172, "support": 105}, "classificador": "Perceptron"}