{"casual": {"precision": 0.7741935483870968, "recall": 0.8275862068965517, "f1-score": 0.7999999999999999, "support": 29}, "explosion": {"precision": 0.9487179487179487, "recall": 0.9487179487179487, "f1-score": 0.9487179487179487, "support": 39}, "gunshot": {"precision": 1.0, "recall": 0.7619047619047619, "f1-score": 0.8648648648648648, "support": 21}, "siren": {"precision": 0.7894736842105263, "recall": 0.9375, "f1-score": 0.8571428571428572, "support": 16}, "accuracy": 0.8761904761904762, "macro avg": {"precision": 0.8780962953288929, "recall": 0.8689272293798156, "f1-score": 0.8676814176814177, "support": 105}, "weighted avg": {"precision": 0.8865065890532784, "recall": 0.8761904761904762, "f1-score": 0.8769185512042654, "support": 105}, "classificador": "KNeighborsClassifier"}