{"casual": {"precision": 0.5609756097560976, "recall": 0.7931034482758621, "f1-score": 0.6571428571428573, "support": 29}, "explosion": {"precision": 0.8333333333333334, "recall": 0.5128205128205128, "f1-score": 0.6349206349206349, "support": 39}, "gunshot": {"precision": 0.75, "recall": 0.7142857142857143, "f1-score": 0.7317073170731706, "support": 21}, "siren": {"precision": 0.8, "recall": 1.0, "f1-score": 0.888888888888889, "support": 16}, "accuracy": 0.7047619047619048, "macro avg": {"precision": 0.7360772357723577, "recall": 0.7550524188455223, "f1-score": 0.7281649245063879, "support": 105}, "weighted avg": {"precision": 0.7363646922183507, "recall": 0.7047619047619048, "f1-score": 0.6991154619029184, "support": 105}, "classificador": "Perceptron"}