{"casual": {"precision": 0.4722222222222222, "recall": 0.5862068965517241, "f1-score": 0.523076923076923, "support": 29}, "explosion": {"precision": 0.8235294117647058, "recall": 0.717948717948718, "f1-score": 0.767123287671233, "support": 39}, "gunshot": {"precision": 1.0, "recall": 0.14285714285714285, "f1-score": 0.25, "support": 21}, "siren": {"precision": 0.4375, "recall": 0.875, "f1-score": 0.5833333333333334, "support": 16}, "accuracy": 0.5904761904761905, "macro avg": {"precision": 0.683312908496732, "recall": 0.5805031893393962, "f1-score": 0.5308833860203723, "support": 105}, "weighted avg": {"precision": 0.7029723000311234, "recall": 0.5904761904761905, "f1-score": 0.5682892602070684, "support": 105}, "classificador": "Perceptron"}