{"casual": {"precision": 0.6486486486486487, "recall": 0.8275862068965517, "f1-score": 0.7272727272727273, "support": 29}, "explosion": {"precision": 0.96, "recall": 0.6153846153846154, "f1-score": 0.7500000000000001, "support": 39}, "gunshot": {"precision": 0.5769230769230769, "recall": 0.7142857142857143, "f1-score": 0.6382978723404256, "support": 21}, "siren": {"precision": 0.8823529411764706, "recall": 0.9375, "f1-score": 0.9090909090909091, "support": 16}, "accuracy": 0.7428571428571429, "macro avg": {"precision": 0.7669811666870491, "recall": 0.7736891341417204, "f1-score": 0.7561653771760155, "support": 105}, "weighted avg": {"precision": 0.7855604046192282, "recall": 0.7428571428571429, "f1-score": 0.745624942433453, "support": 105}, "classificador": "KNeighborsClassifier"}