{"casual": {"precision": 0.5813953488372093, "recall": 0.8620689655172413, "f1-score": 0.6944444444444445, "support": 29}, "explosion": {"precision": 0.88, "recall": 0.5641025641025641, "f1-score": 0.6875, "support": 39}, "gunshot": {"precision": 0.7368421052631579, "recall": 0.6666666666666666, "f1-score": 0.7, "support": 21}, "siren": {"precision": 0.8333333333333334, "recall": 0.9375, "f1-score": 0.8823529411764706, "support": 16}, "accuracy": 0.7238095238095238, "macro avg": {"precision": 0.7578926968584252, "recall": 0.757584549071618, "f1-score": 0.7410743464052288, "support": 105}, "weighted avg": {"precision": 0.7617855491441782, "recall": 0.7238095238095238, "f1-score": 0.7216098661686896, "support": 105}, "classificador": "LinearSVC"}