{"casual": {"precision": 0.7333333333333333, "recall": 0.7586206896551724, "f1-score": 0.7457627118644068, "support": 29}, "explosion": {"precision": 0.9411764705882353, "recall": 0.8205128205128205, "f1-score": 0.8767123287671232, "support": 39}, "gunshot": {"precision": 0.7083333333333334, "recall": 0.8095238095238095, "f1-score": 0.7555555555555556, "support": 21}, "siren": {"precision": 0.8823529411764706, "recall": 0.9375, "f1-score": 0.9090909090909091, "support": 16}, "accuracy": 0.819047619047619, "macro avg": {"precision": 0.8162990196078431, "recall": 0.8315393299229505, "f1-score": 0.8217803763194987, "support": 105}, "weighted avg": {"precision": 0.8282399626517274, "recall": 0.819047619047619, "f1-score": 0.8212478159819697, "support": 105}, "classificador": "KNeighborsClassifier"}