{"casual": {"precision": 0.3387096774193548, "recall": 0.7241379310344828, "f1-score": 0.4615384615384615, "support": 29}, "explosion": {"precision": 0.8064516129032258, "recall": 0.6410256410256411, "f1-score": 0.7142857142857142, "support": 39}, "gunshot": {"precision": 1.0, "recall": 0.047619047619047616, "f1-score": 0.0909090909090909, "support": 21}, "siren": {"precision": 0.8181818181818182, "recall": 0.5625, "f1-score": 0.6666666666666666, "support": 16}, "accuracy": 0.5333333333333333, "macro avg": {"precision": 0.7408357771260997, "recall": 0.4938206549197929, "f1-score": 0.48334998334998325, "support": 105}, "weighted avg": {"precision": 0.7177628822790113, "recall": 0.5333333333333333, "f1-score": 0.5125477696906268, "support": 105}, "classificador": "BaggingClassifier"}