{"casual": {"precision": 0.35, "recall": 0.7241379310344828, "f1-score": 0.4719101123595506, "support": 29}, "explosion": {"precision": 0.8275862068965517, "recall": 0.6153846153846154, "f1-score": 0.7058823529411765, "support": 39}, "gunshot": {"precision": 0.0, "recall": 0.0, "f1-score": 0.0, "support": 21}, "siren": {"precision": 0.6875, "recall": 0.6875, "f1-score": 0.6875, "support": 16}, "accuracy": 0.5333333333333333, "macro avg": {"precision": 0.4662715517241379, "recall": 0.5067556366047745, "f1-score": 0.46632311632518175, "support": 105}, "weighted avg": {"precision": 0.5088177339901477, "recall": 0.5333333333333333, "f1-score": 0.49728385736317005, "support": 105}, "classificador": "SVC"}