{"casual": {"precision": 0.5428571428571428, "recall": 0.6551724137931034, "f1-score": 0.5937499999999999, "support": 29}, "explosion": {"precision": 0.9166666666666666, "recall": 0.5641025641025641, "f1-score": 0.6984126984126983, "support": 39}, "gunshot": {"precision": 0.43243243243243246, "recall": 0.7619047619047619, "f1-score": 0.5517241379310345, "support": 21}, "siren": {"precision": 0.8888888888888888, "recall": 0.5, "f1-score": 0.64, "support": 16}, "accuracy": 0.6190476190476191, "macro avg": {"precision": 0.6952112827112826, "recall": 0.6202949349501073, "f1-score": 0.6209717090859331, "support": 105}, "weighted avg": {"precision": 0.712344385201528, "recall": 0.6190476190476191, "f1-score": 0.6312671631871138, "support": 105}, "classificador": "KNeighborsClassifier"}