{"casual": {"precision": 0.5641025641025641, "recall": 0.7586206896551724, "f1-score": 0.6470588235294118, "support": 29}, "explosion": {"precision": 0.9565217391304348, "recall": 0.5641025641025641, "f1-score": 0.7096774193548387, "support": 39}, "gunshot": {"precision": 0.38235294117647056, "recall": 0.6190476190476191, "f1-score": 0.4727272727272727, "support": 21}, "siren": {"precision": 0.8888888888888888, "recall": 0.5, "f1-score": 0.64, "support": 16}, "accuracy": 0.6190476190476191, "macro avg": {"precision": 0.6979665333245896, "recall": 0.6104427182013389, "f1-score": 0.6173658789028809, "support": 105}, "weighted avg": {"precision": 0.7229995825903754, "recall": 0.6190476190476191, "f1-score": 0.6343752187091846, "support": 105}, "classificador": "KNeighborsClassifier"}