{"casual": {"precision": 0.65625, "recall": 0.7241379310344828, "f1-score": 0.6885245901639345, "support": 29}, "explosion": {"precision": 0.9166666666666666, "recall": 0.8461538461538461, "f1-score": 0.8799999999999999, "support": 39}, "gunshot": {"precision": 0.9333333333333333, "recall": 0.6666666666666666, "f1-score": 0.7777777777777778, "support": 21}, "siren": {"precision": 0.7272727272727273, "recall": 1.0, "f1-score": 0.8421052631578948, "support": 16}, "accuracy": 0.8, "macro avg": {"precision": 0.8083806818181818, "recall": 0.8092396109637489, "f1-score": 0.7971019077749018, "support": 105}, "weighted avg": {"precision": 0.819215367965368, "recall": 0.8, "f1-score": 0.8008974348439404, "support": 105}, "classificador": "Perceptron"}