{"casual": {"precision": 0.6410256410256411, "recall": 0.8620689655172413, "f1-score": 0.7352941176470588, "support": 29}, "explosion": {"precision": 0.9375, "recall": 0.7692307692307693, "f1-score": 0.8450704225352113, "support": 39}, "gunshot": {"precision": 0.9333333333333333, "recall": 0.6666666666666666, "f1-score": 0.7777777777777778, "support": 21}, "siren": {"precision": 0.8421052631578947, "recall": 1.0, "f1-score": 0.9142857142857143, "support": 16}, "accuracy": 0.8095238095238095, "macro avg": {"precision": 0.8384910593792172, "recall": 0.8244916003536693, "f1-score": 0.8181070080614404, "support": 105}, "weighted avg": {"precision": 0.8402469314311419, "recall": 0.8095238095238095, "f1-score": 0.811839815738502, "support": 105}, "classificador": "SGDClassifier"}