{"casual": {"precision": 0.5789473684210527, "recall": 0.7586206896551724, "f1-score": 0.6567164179104478, "support": 29}, "explosion": {"precision": 0.9117647058823529, "recall": 0.7948717948717948, "f1-score": 0.8493150684931507, "support": 39}, "gunshot": {"precision": 0.9285714285714286, "recall": 0.6190476190476191, "f1-score": 0.742857142857143, "support": 21}, "siren": {"precision": 0.7894736842105263, "recall": 0.9375, "f1-score": 0.8571428571428572, "support": 16}, "accuracy": 0.7714285714285715, "macro avg": {"precision": 0.8021892967713402, "recall": 0.7775100258936466, "f1-score": 0.7765078716008996, "support": 105}, "weighted avg": {"precision": 0.8045702491522925, "recall": 0.7714285714285715, "f1-score": 0.7760223762373485, "support": 105}, "classificador": "Perceptron"}