{"casual": {"precision": 0.5588235294117647, "recall": 0.6551724137931034, "f1-score": 0.6031746031746031, "support": 29}, "explosion": {"precision": 0.8529411764705882, "recall": 0.7435897435897436, "f1-score": 0.7945205479452054, "support": 39}, "gunshot": {"precision": 0.7777777777777778, "recall": 0.6666666666666666, "f1-score": 0.717948717948718, "support": 21}, "siren": {"precision": 0.7368421052631579, "recall": 0.875, "f1-score": 0.7999999999999999, "support": 16}, "accuracy": 0.7238095238095238, "macro avg": {"precision": 0.7315961472308221, "recall": 0.7351072060123784, "f1-score": 0.7289109672671316, "support": 105}, "weighted avg": {"precision": 0.7389847166936949, "recall": 0.7238095238095238, "f1-score": 0.727193218465234, "support": 105}, "classificador": "Perceptron"}