{"casual": {"precision": 0.6206896551724138, "recall": 0.6206896551724138, "f1-score": 0.6206896551724138, "support": 29}, "explosion": {"precision": 0.8285714285714286, "recall": 0.7435897435897436, "f1-score": 0.7837837837837838, "support": 39}, "gunshot": {"precision": 0.6956521739130435, "recall": 0.7619047619047619, "f1-score": 0.7272727272727272, "support": 21}, "siren": {"precision": 0.7777777777777778, "recall": 0.875, "f1-score": 0.823529411764706, "support": 16}, "accuracy": 0.7333333333333333, "macro avg": {"precision": 0.7306727588586659, "recall": 0.7502960401667298, "f1-score": 0.7388188944984077, "support": 105}, "weighted avg": {"precision": 0.7368326267705149, "recall": 0.7333333333333333, "f1-score": 0.7334930040812394, "support": 105}, "classificador": "SGDClassifier"}