{"casual": {"precision": 0.6486486486486487, "recall": 0.8275862068965517, "f1-score": 0.7272727272727273, "support": 29}, "explosion": {"precision": 0.918918918918919, "recall": 0.8717948717948718, "f1-score": 0.8947368421052632, "support": 39}, "gunshot": {"precision": 0.8571428571428571, "recall": 0.5714285714285714, "f1-score": 0.6857142857142857, "support": 21}, "siren": {"precision": 0.8823529411764706, "recall": 0.9375, "f1-score": 0.9090909090909091, "support": 16}, "accuracy": 0.8095238095238095, "macro avg": {"precision": 0.8267658414717238, "recall": 0.8020774125299988, "f1-score": 0.8042036910457964, "support": 105}, "weighted avg": {"precision": 0.8263456734044969, "recall": 0.8095238095238095, "f1-score": 0.8088676236044657, "support": 105}, "classificador": "SVC"}