{"casual": {"precision": 0.5454545454545454, "recall": 0.8275862068965517, "f1-score": 0.6575342465753425, "support": 29}, "explosion": {"precision": 0.8695652173913043, "recall": 0.5128205128205128, "f1-score": 0.6451612903225806, "support": 39}, "gunshot": {"precision": 0.6, "recall": 0.5714285714285714, "f1-score": 0.5853658536585366, "support": 21}, "siren": {"precision": 0.8333333333333334, "recall": 0.9375, "f1-score": 0.8823529411764706, "support": 16}, "accuracy": 0.6761904761904762, "macro avg": {"precision": 0.7120882740447958, "recall": 0.7123338227864089, "f1-score": 0.6926035829332325, "support": 105}, "weighted avg": {"precision": 0.720614844093105, "recall": 0.6761904761904762, "f1-score": 0.672762985323032, "support": 105}, "classificador": "SGDClassifier"}