{"casual": {"precision": 0.34, "recall": 0.5862068965517241, "f1-score": 0.43037974683544306, "support": 29}, "explosion": {"precision": 0.7878787878787878, "recall": 0.6666666666666666, "f1-score": 0.7222222222222221, "support": 39}, "gunshot": {"precision": 1.0, "recall": 0.14285714285714285, "f1-score": 0.25, "support": 21}, "siren": {"precision": 0.6842105263157895, "recall": 0.8125, "f1-score": 0.742857142857143, "support": 16}, "accuracy": 0.5619047619047619, "macro avg": {"precision": 0.7030223285486443, "recall": 0.5520576765188834, "f1-score": 0.5363647779787021, "support": 105}, "weighted avg": {"precision": 0.6908061061745273, "recall": 0.5619047619047619, "f1-score": 0.5503180343867504, "support": 105}, "classificador": "LinearDiscriminantAnalysis"}