{"casual": {"precision": 0.36538461538461536, "recall": 0.6551724137931034, "f1-score": 0.4691358024691357, "support": 29}, "explosion": {"precision": 0.78125, "recall": 0.6410256410256411, "f1-score": 0.7042253521126761, "support": 39}, "gunshot": {"precision": 1.0, "recall": 0.14285714285714285, "f1-score": 0.25, "support": 21}, "siren": {"precision": 0.7222222222222222, "recall": 0.8125, "f1-score": 0.7647058823529411, "support": 16}, "accuracy": 0.5714285714285714, "macro avg": {"precision": 0.7172142094017094, "recall": 0.5628887994189719, "f1-score": 0.5470167592336883, "support": 105}, "weighted avg": {"precision": 0.7011472323972323, "recall": 0.5714285714285714, "f1-score": 0.5576668678252035, "support": 105}, "classificador": "SVC"}