{"casual": {"precision": 0.4, "recall": 0.6206896551724138, "f1-score": 0.4864864864864865, "support": 29}, "explosion": {"precision": 0.6739130434782609, "recall": 0.7948717948717948, "f1-score": 0.7294117647058824, "support": 39}, "gunshot": {"precision": 0.0, "recall": 0.0, "f1-score": 0.0, "support": 21}, "siren": {"precision": 0.8571428571428571, "recall": 0.75, "f1-score": 0.7999999999999999, "support": 16}, "accuracy": 0.580952380952381, "macro avg": {"precision": 0.48276397515527947, "recall": 0.5413903625110521, "f1-score": 0.5039745627980922, "support": 105}, "weighted avg": {"precision": 0.49139899438036083, "recall": 0.580952380952381, "f1-score": 0.5271920660155954, "support": 105}, "classificador": "SGDClassifier"}