{"casual": {"precision": 0.48, "recall": 0.8275862068965517, "f1-score": 0.6075949367088608, "support": 29}, "explosion": {"precision": 0.9090909090909091, "recall": 0.5128205128205128, "f1-score": 0.6557377049180326, "support": 39}, "gunshot": {"precision": 0.4827586206896552, "recall": 0.6666666666666666, "f1-score": 0.56, "support": 21}, "siren": {"precision": 1.0, "recall": 0.25, "f1-score": 0.4, "support": 16}, "accuracy": 0.5904761904761905, "macro avg": {"precision": 0.7179623824451411, "recall": 0.5642683465959327, "f1-score": 0.5558331604067234, "support": 105}, "weighted avg": {"precision": 0.7191664427526496, "recall": 0.5904761904761905, "f1-score": 0.5843240348224784, "support": 105}, "classificador": "KNeighborsClassifier"}