{"casual": {"precision": 0.4666666666666667, "recall": 0.4827586206896552, "f1-score": 0.47457627118644075, "support": 29}, "explosion": {"precision": 0.6304347826086957, "recall": 0.7435897435897436, "f1-score": 0.6823529411764706, "support": 39}, "gunshot": {"precision": 0.6666666666666666, "recall": 0.2857142857142857, "f1-score": 0.4, "support": 21}, "siren": {"precision": 0.75, "recall": 0.9375, "f1-score": 0.8333333333333334, "support": 16}, "accuracy": 0.6095238095238096, "macro avg": {"precision": 0.6284420289855073, "recall": 0.6123906624984211, "f1-score": 0.5975656364240612, "support": 105}, "weighted avg": {"precision": 0.6106694271911662, "recall": 0.6095238095238096, "f1-score": 0.5915029514630711, "support": 105}, "classificador": "Perceptron"}