{"casual": {"precision": 0.3283582089552239, "recall": 0.7586206896551724, "f1-score": 0.4583333333333333, "support": 29}, "explosion": {"precision": 0.8214285714285714, "recall": 0.5897435897435898, "f1-score": 0.6865671641791046, "support": 39}, "gunshot": {"precision": 0.0, "recall": 0.0, "f1-score": 0.0, "support": 21}, "siren": {"precision": 0.7, "recall": 0.4375, "f1-score": 0.5384615384615384, "support": 16}, "accuracy": 0.49523809523809526, "macro avg": {"precision": 0.4624466950959488, "recall": 0.4464660698496905, "f1-score": 0.4208405089934941, "support": 105}, "weighted avg": {"precision": 0.5024581175753884, "recall": 0.49523809523809526, "f1-score": 0.4636492446193939, "support": 105}, "classificador": "BaggingClassifier"}