{"casual": {"precision": 0.3953488372093023, "recall": 0.5862068965517241, "f1-score": 0.4722222222222222, "support": 29}, "explosion": {"precision": 0.8, "recall": 0.41025641025641024, "f1-score": 0.5423728813559321, "support": 39}, "gunshot": {"precision": 0.7368421052631579, "recall": 0.6666666666666666, "f1-score": 0.7, "support": 21}, "siren": {"precision": 0.6956521739130435, "recall": 1.0, "f1-score": 0.8205128205128205, "support": 16}, "accuracy": 0.6, "macro avg": {"precision": 0.656960779096376, "recall": 0.6657824933687002, "f1-score": 0.6337769810227437, "support": 105}, "weighted avg": {"precision": 0.6597070025924265, "recall": 0.6, "f1-score": 0.5969065899574374, "support": 105}, "classificador": "Perceptron"}