{"casual": {"precision": 0.6, "recall": 0.8275862068965517, "f1-score": 0.6956521739130435, "support": 29}, "explosion": {"precision": 0.8387096774193549, "recall": 0.6666666666666666, "f1-score": 0.7428571428571428, "support": 39}, "gunshot": {"precision": 0.6363636363636364, "recall": 0.6666666666666666, "f1-score": 0.6511627906976744, "support": 21}, "siren": {"precision": 0.9166666666666666, "recall": 0.6875, "f1-score": 0.7857142857142857, "support": 16}, "accuracy": 0.7142857142857143, "macro avg": {"precision": 0.7479349951124145, "recall": 0.7121048850574713, "f1-score": 0.7188465982955365, "support": 105}, "weighted avg": {"precision": 0.7441902899967416, "recall": 0.7142857142857143, "f1-score": 0.7180113218189196, "support": 105}, "classificador": "KNeighborsClassifier"}