{"casual": {"precision": 0.5806451612903226, "recall": 0.6206896551724138, "f1-score": 0.6000000000000001, "support": 29}, "explosion": {"precision": 0.8043478260869565, "recall": 0.9487179487179487, "f1-score": 0.8705882352941177, "support": 39}, "gunshot": {"precision": 0.9090909090909091, "recall": 0.47619047619047616, "f1-score": 0.6249999999999999, "support": 21}, "siren": {"precision": 0.8823529411764706, "recall": 0.9375, "f1-score": 0.9090909090909091, "support": 16}, "accuracy": 0.7619047619047619, "macro avg": {"precision": 0.7941092094111647, "recall": 0.7457745200202097, "f1-score": 0.7511697860962567, "support": 105}, "weighted avg": {"precision": 0.7753983909004121, "recall": 0.7619047619047619, "f1-score": 0.7526037687802395, "support": 105}, "classificador": "BaggingClassifier"}