{"casual": {"precision": 0.6451612903225806, "recall": 0.6896551724137931, "f1-score": 0.6666666666666667, "support": 29}, "explosion": {"precision": 0.8292682926829268, "recall": 0.8717948717948718, "f1-score": 0.8500000000000001, "support": 39}, "gunshot": {"precision": 0.8125, "recall": 0.6190476190476191, "f1-score": 0.7027027027027026, "support": 21}, "siren": {"precision": 0.8823529411764706, "recall": 0.9375, "f1-score": 0.9090909090909091, "support": 16}, "accuracy": 0.780952380952381, "macro avg": {"precision": 0.7923206310454946, "recall": 0.779499415814071, "f1-score": 0.7821150696150696, "support": 105}, "weighted avg": {"precision": 0.7831551227886905, "recall": 0.780952380952381, "f1-score": 0.7789099489099489, "support": 105}, "classificador": "BaggingClassifier"}