{"casual": {"precision": 0.5483870967741935, "recall": 0.5862068965517241, "f1-score": 0.5666666666666665, "support": 29}, "explosion": {"precision": 0.75, "recall": 0.6153846153846154, "f1-score": 0.676056338028169, "support": 39}, "gunshot": {"precision": 0.65, "recall": 0.6190476190476191, "f1-score": 0.6341463414634146, "support": 21}, "siren": {"precision": 0.6818181818181818, "recall": 0.9375, "f1-score": 0.7894736842105263, "support": 16}, "accuracy": 0.6571428571428571, "macro avg": {"precision": 0.6575513196480938, "recall": 0.6895347827459897, "f1-score": 0.6665857575921941, "support": 105}, "weighted avg": {"precision": 0.6639268258623098, "recall": 0.6571428571428571, "f1-score": 0.6547445965193529, "support": 105}, "classificador": "Perceptron"}