{"casual": {"precision": 0.42105263157894735, "recall": 0.5517241379310345, "f1-score": 0.47761194029850745, "support": 29}, "explosion": {"precision": 0.7407407407407407, "recall": 0.5128205128205128, "f1-score": 0.6060606060606061, "support": 39}, "gunshot": {"precision": 0.5789473684210527, "recall": 0.5238095238095238, "f1-score": 0.5500000000000002, "support": 21}, "siren": {"precision": 0.6666666666666666, "recall": 0.875, "f1-score": 0.7567567567567567, "support": 16}, "accuracy": 0.580952380952381, "macro avg": {"precision": 0.6018518518518519, "recall": 0.6158385436402678, "f1-score": 0.5976073257789676, "support": 105}, "weighted avg": {"precision": 0.6087997772208298, "recall": 0.580952380952381, "f1-score": 0.5823354096488426, "support": 105}, "classificador": "LinearDiscriminantAnalysis"}