{"casual": {"precision": 0.5, "recall": 0.6206896551724138, "f1-score": 0.5538461538461539, "support": 29}, "explosion": {"precision": 0.5882352941176471, "recall": 0.7692307692307693, "f1-score": 0.6666666666666667, "support": 39}, "gunshot": {"precision": 1.0, "recall": 0.047619047619047616, "f1-score": 0.0909090909090909, "support": 21}, "siren": {"precision": 0.8823529411764706, "recall": 0.9375, "f1-score": 0.9090909090909091, "support": 16}, "accuracy": 0.6095238095238096, "macro avg": {"precision": 0.7426470588235294, "recall": 0.5937598680055577, "f1-score": 0.5551282051282052, "support": 105}, "weighted avg": {"precision": 0.6910364145658263, "recall": 0.6095238095238096, "f1-score": 0.5572960372960373, "support": 105}, "classificador": "SGDClassifier"}