{"casual": {"precision": 0.5789473684210527, "recall": 0.7586206896551724, "f1-score": 0.6567164179104478, "support": 29}, "explosion": {"precision": 0.9583333333333334, "recall": 0.5897435897435898, "f1-score": 0.7301587301587301, "support": 39}, "gunshot": {"precision": 0.5172413793103449, "recall": 0.7142857142857143, "f1-score": 0.6000000000000001, "support": 21}, "siren": {"precision": 0.9285714285714286, "recall": 0.8125, "f1-score": 0.8666666666666666, "support": 16}, "accuracy": 0.6952380952380952, "macro avg": {"precision": 0.7457733774090398, "recall": 0.7187874984211191, "f1-score": 0.7133854536839611, "support": 105}, "weighted avg": {"precision": 0.7607970048273394, "recall": 0.6952380952380952, "f1-score": 0.7046441263072394, "support": 105}, "classificador": "KNeighborsClassifier"}