{"casual": {"precision": 0.46511627906976744, "recall": 0.6896551724137931, "f1-score": 0.5555555555555556, "support": 29}, "explosion": {"precision": 0.6785714285714286, "recall": 0.48717948717948717, "f1-score": 0.5671641791044776, "support": 39}, "gunshot": {"precision": 0.7058823529411765, "recall": 0.5714285714285714, "f1-score": 0.6315789473684211, "support": 21}, "siren": {"precision": 0.7647058823529411, "recall": 0.8125, "f1-score": 0.787878787878788, "support": 16}, "accuracy": 0.6095238095238096, "macro avg": {"precision": 0.6535689857338284, "recall": 0.640190807755463, "f1-score": 0.6355443674768106, "support": 105}, "weighted avg": {"precision": 0.6382045841592451, "recall": 0.6095238095238096, "f1-score": 0.6104736437807923, "support": 105}, "classificador": "Perceptron"}