{"casual": {"precision": 0.6, "recall": 0.7241379310344828, "f1-score": 0.65625, "support": 29}, "explosion": {"precision": 0.9032258064516129, "recall": 0.717948717948718, "f1-score": 0.8, "support": 39}, "gunshot": {"precision": 0.7368421052631579, "recall": 0.6666666666666666, "f1-score": 0.7, "support": 21}, "siren": {"precision": 0.75, "recall": 0.9375, "f1-score": 0.8333333333333334, "support": 16}, "accuracy": 0.7428571428571429, "macro avg": {"precision": 0.7475169779286926, "recall": 0.7615633289124668, "f1-score": 0.7473958333333334, "support": 105}, "weighted avg": {"precision": 0.7628522920203735, "recall": 0.7428571428571429, "f1-score": 0.7453769841269842, "support": 105}, "classificador": "SVC"}