{"casual": {"precision": 0.48, "recall": 0.8275862068965517, "f1-score": 0.6075949367088608, "support": 29}, "explosion": {"precision": 0.84375, "recall": 0.6923076923076923, "f1-score": 0.7605633802816902, "support": 39}, "gunshot": {"precision": 1.0, "recall": 0.38095238095238093, "f1-score": 0.5517241379310345, "support": 21}, "siren": {"precision": 0.8666666666666667, "recall": 0.8125, "f1-score": 0.8387096774193549, "support": 16}, "accuracy": 0.6857142857142857, "macro avg": {"precision": 0.7976041666666667, "recall": 0.6783365700391563, "f1-score": 0.689648033085235, "support": 105}, "weighted avg": {"precision": 0.7780277777777778, "recall": 0.6857142857142857, "f1-score": 0.6884551117219456, "support": 105}, "classificador": "BaggingClassifier"}