{"casual": {"precision": 0.5, "recall": 0.6896551724137931, "f1-score": 0.5797101449275363, "support": 29}, "explosion": {"precision": 0.7857142857142857, "recall": 0.5641025641025641, "f1-score": 0.6567164179104477, "support": 39}, "gunshot": {"precision": 0.7777777777777778, "recall": 0.6666666666666666, "f1-score": 0.717948717948718, "support": 21}, "siren": {"precision": 0.7368421052631579, "recall": 0.875, "f1-score": 0.7999999999999999, "support": 16}, "accuracy": 0.6666666666666666, "macro avg": {"precision": 0.7000835421888053, "recall": 0.698856100795756, "f1-score": 0.6885938201966755, "support": 105}, "weighted avg": {"precision": 0.697768230099057, "recall": 0.6666666666666666, "f1-score": 0.669528167412658, "support": 105}, "classificador": "Perceptron"}