{"casual": {"precision": 0.6129032258064516, "recall": 0.6551724137931034, "f1-score": 0.6333333333333333, "support": 29}, "explosion": {"precision": 0.8787878787878788, "recall": 0.7435897435897436, "f1-score": 0.8055555555555556, "support": 39}, "gunshot": {"precision": 0.8, "recall": 0.7619047619047619, "f1-score": 0.7804878048780488, "support": 21}, "siren": {"precision": 0.7619047619047619, "recall": 1.0, "f1-score": 0.8648648648648648, "support": 16}, "accuracy": 0.7619047619047619, "macro avg": {"precision": 0.7633989666247731, "recall": 0.7901667298219022, "f1-score": 0.7710603896579507, "support": 105}, "weighted avg": {"precision": 0.7717847334437196, "recall": 0.7619047619047619, "f1-score": 0.7620134768915257, "support": 105}, "classificador": "SGDClassifier"}