{"casual": {"precision": 0.7352941176470589, "recall": 0.8620689655172413, "f1-score": 0.7936507936507937, "support": 29}, "explosion": {"precision": 0.9459459459459459, "recall": 0.8974358974358975, "f1-score": 0.9210526315789475, "support": 39}, "gunshot": {"precision": 0.8823529411764706, "recall": 0.7142857142857143, "f1-score": 0.7894736842105262, "support": 21}, "siren": {"precision": 0.8823529411764706, "recall": 0.9375, "f1-score": 0.9090909090909091, "support": 16}, "accuracy": 0.8571428571428571, "macro avg": {"precision": 0.8614864864864865, "recall": 0.8528226443097133, "f1-score": 0.8533170046327941, "support": 105}, "weighted avg": {"precision": 0.8653569535922477, "recall": 0.8571428571428571, "f1-score": 0.8577269291555008, "support": 105}, "classificador": "KNeighborsClassifier"}