{"casual": {"precision": 0.71875, "recall": 0.7931034482758621, "f1-score": 0.7540983606557378, "support": 29}, "explosion": {"precision": 0.918918918918919, "recall": 0.8717948717948718, "f1-score": 0.8947368421052632, "support": 39}, "gunshot": {"precision": 0.8333333333333334, "recall": 0.7142857142857143, "f1-score": 0.7692307692307692, "support": 21}, "siren": {"precision": 0.8888888888888888, "recall": 1.0, "f1-score": 0.9411764705882353, "support": 16}, "accuracy": 0.8380952380952381, "macro avg": {"precision": 0.8399727852852853, "recall": 0.8447960085891121, "f1-score": 0.8398106106450014, "support": 105}, "weighted avg": {"precision": 0.8419410481910483, "recall": 0.8380952380952381, "f1-score": 0.8378691331845673, "support": 105}, "classificador": "SVC"}