{"casual": {"precision": 0.5588235294117647, "recall": 0.6551724137931034, "f1-score": 0.6031746031746031, "support": 29}, "explosion": {"precision": 0.7878787878787878, "recall": 0.6666666666666666, "f1-score": 0.7222222222222221, "support": 39}, "gunshot": {"precision": 0.75, "recall": 0.7142857142857143, "f1-score": 0.7317073170731706, "support": 21}, "siren": {"precision": 0.8333333333333334, "recall": 0.9375, "f1-score": 0.8823529411764706, "support": 16}, "accuracy": 0.7142857142857143, "macro avg": {"precision": 0.7325089126559715, "recall": 0.7434061986863711, "f1-score": 0.7348642709116165, "support": 105}, "weighted avg": {"precision": 0.7239665563194975, "recall": 0.7142857142857143, "f1-score": 0.7156402940580024, "support": 105}, "classificador": "LinearDiscriminantAnalysis"}