{"casual": {"precision": 0.4878048780487805, "recall": 0.6896551724137931, "f1-score": 0.5714285714285714, "support": 29}, "explosion": {"precision": 0.7407407407407407, "recall": 0.5128205128205128, "f1-score": 0.6060606060606061, "support": 39}, "gunshot": {"precision": 0.9375, "recall": 0.7142857142857143, "f1-score": 0.8108108108108109, "support": 21}, "siren": {"precision": 0.7142857142857143, "recall": 0.9375, "f1-score": 0.8108108108108109, "support": 16}, "accuracy": 0.6666666666666666, "macro avg": {"precision": 0.720082833268809, "recall": 0.7135653498800051, "f1-score": 0.6997776997776999, "support": 105}, "weighted avg": {"precision": 0.7062028741035709, "recall": 0.6666666666666666, "f1-score": 0.6686456400742116, "support": 105}, "classificador": "SGDClassifier"}