{"casual": {"precision": 0.5, "recall": 0.4482758620689655, "f1-score": 0.4727272727272727, "support": 29}, "explosion": {"precision": 0.8148148148148148, "recall": 0.5641025641025641, "f1-score": 0.6666666666666667, "support": 39}, "gunshot": {"precision": 0.34146341463414637, "recall": 0.6666666666666666, "f1-score": 0.4516129032258065, "support": 21}, "siren": {"precision": 0.5454545454545454, "recall": 0.375, "f1-score": 0.4444444444444444, "support": 16}, "accuracy": 0.5238095238095238, "macro avg": {"precision": 0.5504331937258766, "recall": 0.513511273209549, "f1-score": 0.5088628217660476, "support": 105}, "weighted avg": {"precision": 0.592150306784453, "recall": 0.5238095238095238, "f1-score": 0.5362292665518472, "support": 105}, "classificador": "LinearDiscriminantAnalysis"}