{"casual": {"precision": 0.45714285714285713, "recall": 0.5517241379310345, "f1-score": 0.5, "support": 29}, "explosion": {"precision": 0.8125, "recall": 0.6666666666666666, "f1-score": 0.7323943661971831, "support": 39}, "gunshot": {"precision": 1.0, "recall": 0.47619047619047616, "f1-score": 0.6451612903225806, "support": 21}, "siren": {"precision": 0.5714285714285714, "recall": 1.0, "f1-score": 0.7272727272727273, "support": 16}, "accuracy": 0.6476190476190476, "macro avg": {"precision": 0.7102678571428571, "recall": 0.6736453201970444, "f1-score": 0.6512070959481226, "support": 105}, "weighted avg": {"precision": 0.7151190476190475, "recall": 0.6476190476190476, "f1-score": 0.6499822001412188, "support": 105}, "classificador": "SGDClassifier"}