{"casual": {"precision": 0.5, "recall": 0.6896551724137931, "f1-score": 0.5797101449275363, "support": 29}, "explosion": {"precision": 0.8181818181818182, "recall": 0.6923076923076923, "f1-score": 0.7500000000000001, "support": 39}, "gunshot": {"precision": 0.7142857142857143, "recall": 0.47619047619047616, "f1-score": 0.5714285714285714, "support": 21}, "siren": {"precision": 0.7777777777777778, "recall": 0.875, "f1-score": 0.823529411764706, "support": 16}, "accuracy": 0.6761904761904762, "macro avg": {"precision": 0.7025613275613276, "recall": 0.6832883352279904, "f1-score": 0.6811670320302035, "support": 105}, "weighted avg": {"precision": 0.7033670033670033, "recall": 0.6761904761904762, "f1-score": 0.6784577599155605, "support": 105}, "classificador": "SVC", "mediaTempoClassificacaoCadaAudio": 0.012435456684657505, "desvioTempoClassificacaoCadaAudio": 0.006665863693444241}