{"casual": {"precision": 0.5, "recall": 0.6206896551724138, "f1-score": 0.5538461538461539, "support": 29}, "explosion": {"precision": 0.84375, "recall": 0.6923076923076923, "f1-score": 0.7605633802816902, "support": 39}, "gunshot": {"precision": 0.7222222222222222, "recall": 0.6190476190476191, "f1-score": 0.6666666666666666, "support": 21}, "siren": {"precision": 0.7368421052631579, "recall": 0.875, "f1-score": 0.7999999999999999, "support": 16}, "accuracy": 0.6857142857142857, "macro avg": {"precision": 0.7007035818713451, "recall": 0.7017612416319313, "f1-score": 0.6952690501986276, "support": 105}, "weighted avg": {"precision": 0.7082132414369257, "recall": 0.6857142857142857, "f1-score": 0.6907000980240416, "support": 105}, "classificador": "SVC", "mediaTempoClassificacaoCadaAudio": 0.01336406980242048, "desvioTempoClassificacaoCadaAudio": 0.006626119471304391}