{"casual": {"precision": 0.5833333333333334, "recall": 0.7241379310344828, "f1-score": 0.6461538461538462, "support": 29}, "explosion": {"precision": 0.8333333333333334, "recall": 0.7692307692307693, "f1-score": 0.8, "support": 39}, "gunshot": {"precision": 0.8, "recall": 0.5714285714285714, "f1-score": 0.6666666666666666, "support": 21}, "siren": {"precision": 0.8333333333333334, "recall": 0.9375, "f1-score": 0.8823529411764706, "support": 16}, "accuracy": 0.7428571428571429, "macro avg": {"precision": 0.7625000000000001, "recall": 0.7505743179234559, "f1-score": 0.7487933634992459, "support": 105}, "weighted avg": {"precision": 0.7576190476190476, "recall": 0.7428571428571429, "f1-score": 0.7433915104503339, "support": 105}, "classificador": "SVC", "mediaTempoClassificacaoCadaAudio": 0.012177165349324543, "desvioTempoClassificacaoCadaAudio": 0.006861570170101206}