{"casual": {"precision": 0.5, "recall": 0.6896551724137931, "f1-score": 0.5797101449275363, "support": 29}, "explosion": {"precision": 0.8125, "recall": 0.6666666666666666, "f1-score": 0.7323943661971831, "support": 39}, "gunshot": {"precision": 0.8461538461538461, "recall": 0.5238095238095238, "f1-score": 0.6470588235294118, "support": 21}, "siren": {"precision": 0.75, "recall": 0.9375, "f1-score": 0.8333333333333334, "support": 16}, "accuracy": 0.6857142857142857, "macro avg": {"precision": 0.7271634615384616, "recall": 0.7044078407224958, "f1-score": 0.6981241669968662, "support": 105}, "weighted avg": {"precision": 0.723397435897436, "recall": 0.6857142857142857, "f1-score": 0.6885385058289493, "support": 105}, "classificador": "SVC", "mediaTempoClassificacaoCadaAudio": 0.011373256501697359, "desvioTempoClassificacaoCadaAudio": 0.00607586073226604}