{"casual": {"precision": 0.5277777777777778, "recall": 0.6551724137931034, "f1-score": 0.5846153846153845, "support": 29}, "explosion": {"precision": 0.8235294117647058, "recall": 0.717948717948718, "f1-score": 0.767123287671233, "support": 39}, "gunshot": {"precision": 0.8, "recall": 0.5714285714285714, "f1-score": 0.6666666666666666, "support": 21}, "siren": {"precision": 0.8, "recall": 1.0, "f1-score": 0.888888888888889, "support": 16}, "accuracy": 0.7142857142857143, "macro avg": {"precision": 0.737826797385621, "recall": 0.7361374257925981, "f1-score": 0.7268235569605432, "support": 105}, "weighted avg": {"precision": 0.7335543106131341, "recall": 0.7142857142857143, "f1-score": 0.7151797770975853, "support": 105}, "classificador": "SVC", "mediaTempoClassificacaoCadaAudio": 0.012702142624627976, "desvioTempoClassificacaoCadaAudio": 0.007147042307484527}