{"casual": {"precision": 0.5, "recall": 0.5172413793103449, "f1-score": 0.5084745762711865, "support": 29}, "explosion": {"precision": 0.8108108108108109, "recall": 0.7692307692307693, "f1-score": 0.7894736842105263, "support": 39}, "gunshot": {"precision": 0.7, "recall": 0.3333333333333333, "f1-score": 0.45161290322580644, "support": 21}, "siren": {"precision": 0.5714285714285714, "recall": 1.0, "f1-score": 0.7272727272727273, "support": 16}, "accuracy": 0.6476190476190476, "macro avg": {"precision": 0.6455598455598455, "recall": 0.6549513704686118, "f1-score": 0.6192084727450617, "support": 105}, "weighted avg": {"precision": 0.6663283691855121, "recall": 0.6476190476190476, "f1-score": 0.6348140095255287, "support": 105}, "classificador": "SGDClassifier"}