{"casual": {"precision": 0.4666666666666667, "recall": 0.4827586206896552, "f1-score": 0.47457627118644075, "support": 29}, "explosion": {"precision": 0.7777777777777778, "recall": 0.717948717948718, "f1-score": 0.7466666666666666, "support": 39}, "gunshot": {"precision": 0.7, "recall": 0.3333333333333333, "f1-score": 0.45161290322580644, "support": 21}, "siren": {"precision": 0.5172413793103449, "recall": 0.9375, "f1-score": 0.6666666666666667, "support": 16}, "accuracy": 0.6095238095238096, "macro avg": {"precision": 0.6154214559386973, "recall": 0.6178851679929266, "f1-score": 0.5848806269363951, "support": 105}, "weighted avg": {"precision": 0.6365955117679256, "recall": 0.6095238095238096, "f1-score": 0.6003166618934798, "support": 105}, "classificador": "Perceptron"}