{"casual": {"precision": 0.5405405405405406, "recall": 0.6896551724137931, "f1-score": 0.6060606060606061, "support": 29}, "explosion": {"precision": 0.8857142857142857, "recall": 0.7948717948717948, "f1-score": 0.8378378378378378, "support": 39}, "gunshot": {"precision": 0.5714285714285714, "recall": 0.5714285714285714, "f1-score": 0.5714285714285714, "support": 21}, "siren": {"precision": 0.8333333333333334, "recall": 0.625, "f1-score": 0.7142857142857143, "support": 16}, "accuracy": 0.6952380952380952, "macro avg": {"precision": 0.7077541827541828, "recall": 0.6702388846785399, "f1-score": 0.6824031824031824, "support": 105}, "weighted avg": {"precision": 0.7195415823987252, "recall": 0.6952380952380952, "f1-score": 0.7017143302857589, "support": 105}, "classificador": "KNeighborsClassifier"}