{"casual": {"precision": 0.6774193548387096, "recall": 0.7241379310344828, "f1-score": 0.7, "support": 29}, "explosion": {"precision": 0.9375, "recall": 0.7692307692307693, "f1-score": 0.8450704225352113, "support": 39}, "gunshot": {"precision": 0.5357142857142857, "recall": 0.7142857142857143, "f1-score": 0.6122448979591837, "support": 21}, "siren": {"precision": 0.8571428571428571, "recall": 0.75, "f1-score": 0.7999999999999999, "support": 16}, "accuracy": 0.7428571428571429, "macro avg": {"precision": 0.7519441244239631, "recall": 0.7394136036377416, "f1-score": 0.7393288301235987, "support": 105}, "weighted avg": {"precision": 0.7730661619486503, "recall": 0.7428571428571429, "f1-score": 0.7515703746287247, "support": 105}, "classificador": "KNeighborsClassifier"}