{"casual": {"precision": 0.7307692307692307, "recall": 0.6551724137931034, "f1-score": 0.6909090909090909, "support": 29}, "explosion": {"precision": 0.9696969696969697, "recall": 0.8205128205128205, "f1-score": 0.8888888888888888, "support": 39}, "gunshot": {"precision": 0.7142857142857143, "recall": 0.7142857142857143, "f1-score": 0.7142857142857143, "support": 21}, "siren": {"precision": 0.64, "recall": 1.0, "f1-score": 0.7804878048780487, "support": 16}, "accuracy": 0.780952380952381, "macro avg": {"precision": 0.7636879786879788, "recall": 0.7974927371479096, "f1-score": 0.7686428747404357, "support": 105}, "weighted avg": {"precision": 0.8023856143856143, "recall": 0.780952380952381, "f1-score": 0.7827698588674198, "support": 105}, "classificador": "SVC"}