{"casual": {"precision": 0.5555555555555556, "recall": 0.5172413793103449, "f1-score": 0.5357142857142857, "support": 29}, "explosion": {"precision": 0.8285714285714286, "recall": 0.7435897435897436, "f1-score": 0.7837837837837838, "support": 39}, "gunshot": {"precision": 0.7272727272727273, "recall": 0.38095238095238093, "f1-score": 0.5, "support": 21}, "siren": {"precision": 0.5, "recall": 1.0, "f1-score": 0.6666666666666666, "support": 16}, "accuracy": 0.6476190476190476, "macro avg": {"precision": 0.6528499278499278, "recall": 0.6604458759631173, "f1-score": 0.621541184041184, "support": 105}, "weighted avg": {"precision": 0.6828392771249915, "recall": 0.6476190476190476, "f1-score": 0.6406661763804622, "support": 105}, "classificador": "SGDClassifier"}