{"casual": {"precision": 0.6896551724137931, "recall": 0.6896551724137931, "f1-score": 0.6896551724137931, "support": 29}, "explosion": {"precision": 0.8611111111111112, "recall": 0.7948717948717948, "f1-score": 0.8266666666666667, "support": 39}, "gunshot": {"precision": 0.5384615384615384, "recall": 0.6666666666666666, "f1-score": 0.5957446808510638, "support": 21}, "siren": {"precision": 0.8571428571428571, "recall": 0.75, "f1-score": 0.7999999999999999, "support": 16}, "accuracy": 0.7333333333333333, "macro avg": {"precision": 0.736592669782325, "recall": 0.7252984084880636, "f1-score": 0.7280166299828809, "support": 105}, "weighted avg": {"precision": 0.7486220129077271, "recall": 0.7333333333333333, "f1-score": 0.7385775075987842, "support": 105}, "classificador": "KNeighborsClassifier"}