{"casual": {"precision": 0.6, "recall": 0.8275862068965517, "f1-score": 0.6956521739130435, "support": 29}, "explosion": {"precision": 0.9354838709677419, "recall": 0.7435897435897436, "f1-score": 0.8285714285714285, "support": 39}, "gunshot": {"precision": 0.8125, "recall": 0.6190476190476191, "f1-score": 0.7027027027027026, "support": 21}, "siren": {"precision": 0.8333333333333334, "recall": 0.9375, "f1-score": 0.8823529411764706, "support": 16}, "accuracy": 0.7714285714285715, "macro avg": {"precision": 0.7953293010752688, "recall": 0.7819308923834786, "f1-score": 0.7773198115909113, "support": 105}, "weighted avg": {"precision": 0.802663850486431, "recall": 0.7714285714285715, "f1-score": 0.7748819292699453, "support": 105}, "classificador": "LinearDiscriminantAnalysis"}