{"casual": {"precision": 0.6285714285714286, "recall": 0.7586206896551724, "f1-score": 0.6875, "support": 29}, "explosion": {"precision": 0.8857142857142857, "recall": 0.7948717948717948, "f1-score": 0.8378378378378378, "support": 39}, "gunshot": {"precision": 0.8666666666666667, "recall": 0.6190476190476191, "f1-score": 0.7222222222222222, "support": 21}, "siren": {"precision": 0.8, "recall": 1.0, "f1-score": 0.888888888888889, "support": 16}, "accuracy": 0.780952380952381, "macro avg": {"precision": 0.7952380952380953, "recall": 0.7931350258936466, "f1-score": 0.7841122372372372, "support": 105}, "weighted avg": {"precision": 0.7978231292517007, "recall": 0.780952380952381, "f1-score": 0.7809720434720436, "support": 105}, "classificador": "SVC", "mediaTempoClassificacaoCadaAudio": 0.010303576787312826, "desvioTempoClassificacaoCadaAudio": 0.005545922620807037}