{"casual": {"precision": 0.5757575757575758, "recall": 0.6551724137931034, "f1-score": 0.6129032258064515, "support": 29}, "explosion": {"precision": 0.8333333333333334, "recall": 0.7692307692307693, "f1-score": 0.8, "support": 39}, "gunshot": {"precision": 0.8333333333333334, "recall": 0.7142857142857143, "f1-score": 0.7692307692307692, "support": 21}, "siren": {"precision": 0.8333333333333334, "recall": 0.9375, "f1-score": 0.8823529411764706, "support": 16}, "accuracy": 0.7523809523809524, "macro avg": {"precision": 0.768939393939394, "recall": 0.7690472243273968, "f1-score": 0.7661217340534229, "support": 105}, "weighted avg": {"precision": 0.7621933621933622, "recall": 0.7523809523809524, "f1-score": 0.754720826295779, "support": 105}, "classificador": "Perceptron"}