{"casual": {"precision": 0.75, "recall": 0.8275862068965517, "f1-score": 0.7868852459016394, "support": 29}, "explosion": {"precision": 0.9230769230769231, "recall": 0.9230769230769231, "f1-score": 0.9230769230769231, "support": 39}, "gunshot": {"precision": 0.8421052631578947, "recall": 0.7619047619047619, "f1-score": 0.8, "support": 21}, "siren": {"precision": 0.9333333333333333, "recall": 0.875, "f1-score": 0.9032258064516129, "support": 16}, "accuracy": 0.8571428571428571, "macro avg": {"precision": 0.8621288798920379, "recall": 0.8468919729695592, "f1-score": 0.8532969938575439, "support": 105}, "weighted avg": {"precision": 0.8606432748538011, "recall": 0.8571428571428571, "f1-score": 0.8578217622321271, "support": 105}, "classificador": "KNeighborsClassifier"}