{"casual": {"precision": 0.5116279069767442, "recall": 0.7586206896551724, "f1-score": 0.6111111111111112, "support": 29}, "explosion": {"precision": 0.7619047619047619, "recall": 0.41025641025641024, "f1-score": 0.5333333333333333, "support": 39}, "gunshot": {"precision": 0.6190476190476191, "recall": 0.6190476190476191, "f1-score": 0.6190476190476191, "support": 21}, "siren": {"precision": 0.8, "recall": 1.0, "f1-score": 0.888888888888889, "support": 16}, "accuracy": 0.638095238095238, "macro avg": {"precision": 0.6731450719822814, "recall": 0.6969811797398004, "f1-score": 0.6630952380952381, "support": 105}, "weighted avg": {"precision": 0.6700142382534409, "recall": 0.638095238095238, "f1-score": 0.6261375661375662, "support": 105}, "classificador": "LinearSVC"}