{"casual": {"precision": 0.55, "recall": 0.7586206896551724, "f1-score": 0.6376811594202898, "support": 29}, "explosion": {"precision": 0.7666666666666667, "recall": 0.5897435897435898, "f1-score": 0.6666666666666667, "support": 39}, "gunshot": {"precision": 0.8125, "recall": 0.6190476190476191, "f1-score": 0.7027027027027026, "support": 21}, "siren": {"precision": 0.7894736842105263, "recall": 0.9375, "f1-score": 0.8571428571428572, "support": 16}, "accuracy": 0.6952380952380952, "macro avg": {"precision": 0.7296600877192982, "recall": 0.7262279746115953, "f1-score": 0.7160483464831291, "support": 105}, "weighted avg": {"precision": 0.7194674185463659, "recall": 0.6952380952380952, "f1-score": 0.6948932961355321, "support": 105}, "classificador": "Perceptron"}