{"casual": {"precision": 0.6578947368421053, "recall": 0.8620689655172413, "f1-score": 0.746268656716418, "support": 29}, "explosion": {"precision": 0.9130434782608695, "recall": 0.5384615384615384, "f1-score": 0.6774193548387096, "support": 39}, "gunshot": {"precision": 0.5333333333333333, "recall": 0.7619047619047619, "f1-score": 0.6274509803921569, "support": 21}, "siren": {"precision": 0.9285714285714286, "recall": 0.8125, "f1-score": 0.8666666666666666, "support": 16}, "accuracy": 0.7142857142857143, "macro avg": {"precision": 0.7582107442519341, "recall": 0.7437338164708854, "f1-score": 0.7294514146534877, "support": 105}, "weighted avg": {"precision": 0.7689979607403602, "recall": 0.7142857142857143, "f1-score": 0.7152788870322642, "support": 105}, "classificador": "KNeighborsClassifier"}