{"casual": {"precision": 0.6129032258064516, "recall": 0.6551724137931034, "f1-score": 0.6333333333333333, "support": 29}, "explosion": {"precision": 0.8048780487804879, "recall": 0.8461538461538461, "f1-score": 0.8250000000000001, "support": 39}, "gunshot": {"precision": 1.0, "recall": 0.5714285714285714, "f1-score": 0.7272727272727273, "support": 21}, "siren": {"precision": 0.7619047619047619, "recall": 1.0, "f1-score": 0.8648648648648648, "support": 16}, "accuracy": 0.7619047619047619, "macro avg": {"precision": 0.7949215091229254, "recall": 0.7681887078438803, "f1-score": 0.7626177313677314, "support": 105}, "weighted avg": {"precision": 0.7843325108695457, "recall": 0.7619047619047619, "f1-score": 0.7585926835926836, "support": 105}, "classificador": "Perceptron"}