{"casual": {"precision": 0.4878048780487805, "recall": 0.6896551724137931, "f1-score": 0.5714285714285714, "support": 29}, "explosion": {"precision": 0.5625, "recall": 0.6923076923076923, "f1-score": 0.6206896551724138, "support": 39}, "gunshot": {"precision": 1.0, "recall": 0.19047619047619047, "f1-score": 0.32, "support": 21}, "siren": {"precision": 0.9166666666666666, "recall": 0.6875, "f1-score": 0.7857142857142857, "support": 16}, "accuracy": 0.5904761904761905, "macro avg": {"precision": 0.7417428861788617, "recall": 0.564984763799419, "f1-score": 0.5744581280788178, "support": 105}, "weighted avg": {"precision": 0.6833381726674409, "recall": 0.5904761904761905, "f1-score": 0.5720928923293456, "support": 105}, "classificador": "SGDClassifier"}