{"casual": {"precision": 0.5609756097560976, "recall": 0.7931034482758621, "f1-score": 0.6571428571428573, "support": 29}, "explosion": {"precision": 0.7894736842105263, "recall": 0.38461538461538464, "f1-score": 0.5172413793103449, "support": 39}, "gunshot": {"precision": 0.43333333333333335, "recall": 0.6190476190476191, "f1-score": 0.5098039215686274, "support": 21}, "siren": {"precision": 0.9333333333333333, "recall": 0.875, "f1-score": 0.9032258064516129, "support": 16}, "accuracy": 0.6190476190476191, "macro avg": {"precision": 0.6792789901583227, "recall": 0.6679416129847164, "f1-score": 0.6468534911183607, "support": 105}, "weighted avg": {"precision": 0.6770580923854351, "recall": 0.6190476190476191, "f1-score": 0.613210018156317, "support": 105}, "classificador": "KNeighborsClassifier"}