{"casual": {"precision": 0.5333333333333333, "recall": 0.8275862068965517, "f1-score": 0.6486486486486487, "support": 29}, "explosion": {"precision": 0.96, "recall": 0.6153846153846154, "f1-score": 0.7500000000000001, "support": 39}, "gunshot": {"precision": 1.0, "recall": 0.6666666666666666, "f1-score": 0.8, "support": 21}, "siren": {"precision": 0.7142857142857143, "recall": 0.9375, "f1-score": 0.8108108108108109, "support": 16}, "accuracy": 0.7333333333333333, "macro avg": {"precision": 0.8019047619047619, "recall": 0.7617843722369584, "f1-score": 0.752364864864865, "support": 105}, "weighted avg": {"precision": 0.8127165532879819, "recall": 0.7333333333333333, "f1-score": 0.7412741312741313, "support": 105}, "classificador": "Perceptron"}