{"casual": {"precision": 0.6111111111111112, "recall": 0.7586206896551724, "f1-score": 0.676923076923077, "support": 29}, "explosion": {"precision": 0.9230769230769231, "recall": 0.6153846153846154, "f1-score": 0.7384615384615384, "support": 39}, "gunshot": {"precision": 0.6521739130434783, "recall": 0.7142857142857143, "f1-score": 0.6818181818181819, "support": 21}, "siren": {"precision": 0.8, "recall": 1.0, "f1-score": 0.888888888888889, "support": 16}, "accuracy": 0.7333333333333333, "macro avg": {"precision": 0.7465904868078781, "recall": 0.7720727548313755, "f1-score": 0.7465229215229215, "support": 105}, "weighted avg": {"precision": 0.7639797561536693, "recall": 0.7333333333333333, "f1-score": 0.7330587930587931, "support": 105}, "classificador": "Perceptron"}