{"casual": {"precision": 0.5609756097560976, "recall": 0.7931034482758621, "f1-score": 0.6571428571428573, "support": 29}, "explosion": {"precision": 0.8787878787878788, "recall": 0.7435897435897436, "f1-score": 0.8055555555555556, "support": 39}, "gunshot": {"precision": 0.9230769230769231, "recall": 0.5714285714285714, "f1-score": 0.7058823529411765, "support": 21}, "siren": {"precision": 0.8888888888888888, "recall": 1.0, "f1-score": 0.9411764705882353, "support": 16}, "accuracy": 0.7619047619047619, "macro avg": {"precision": 0.8129323251274471, "recall": 0.7770304408235442, "f1-score": 0.7774393090569562, "support": 105}, "weighted avg": {"precision": 0.8014081672618258, "recall": 0.7619047619047619, "f1-score": 0.765296785380819, "support": 105}, "classificador": "Perceptron"}