{"casual": {"precision": 0.6285714285714286, "recall": 0.7586206896551724, "f1-score": 0.6875, "support": 29}, "explosion": {"precision": 0.8787878787878788, "recall": 0.7435897435897436, "f1-score": 0.8055555555555556, "support": 39}, "gunshot": {"precision": 0.9411764705882353, "recall": 0.7619047619047619, "f1-score": 0.8421052631578947, "support": 21}, "siren": {"precision": 0.75, "recall": 0.9375, "f1-score": 0.8333333333333334, "support": 16}, "accuracy": 0.780952380952381, "macro avg": {"precision": 0.7996339444868856, "recall": 0.8004037987874195, "f1-score": 0.7921235380116959, "support": 105}, "weighted avg": {"precision": 0.8025333769871584, "recall": 0.780952380952381, "f1-score": 0.7844924812030075, "support": 105}, "classificador": "SGDClassifier"}