{"casual": {"precision": 0.7878787878787878, "recall": 0.896551724137931, "f1-score": 0.8387096774193549, "support": 29}, "explosion": {"precision": 0.9473684210526315, "recall": 0.9230769230769231, "f1-score": 0.935064935064935, "support": 39}, "gunshot": {"precision": 1.0, "recall": 0.7619047619047619, "f1-score": 0.8648648648648648, "support": 21}, "siren": {"precision": 0.8888888888888888, "recall": 1.0, "f1-score": 0.9411764705882353, "support": 16}, "accuracy": 0.8952380952380953, "macro avg": {"precision": 0.9060340244550771, "recall": 0.895383352279904, "f1-score": 0.8949539869843475, "support": 105}, "weighted avg": {"precision": 0.9049340523024734, "recall": 0.8952380952380953, "f1-score": 0.8953437981358827, "support": 105}, "classificador": "KNeighborsClassifier"}