{"casual": {"precision": 0.5714285714285714, "recall": 0.8275862068965517, "f1-score": 0.676056338028169, "support": 29}, "explosion": {"precision": 0.9655172413793104, "recall": 0.717948717948718, "f1-score": 0.8235294117647058, "support": 39}, "gunshot": {"precision": 1.0, "recall": 0.5714285714285714, "f1-score": 0.7272727272727273, "support": 21}, "siren": {"precision": 0.7272727272727273, "recall": 1.0, "f1-score": 0.8421052631578948, "support": 16}, "accuracy": 0.7619047619047619, "macro avg": {"precision": 0.8160546350201523, "recall": 0.7792408740684602, "f1-score": 0.7672409350558742, "support": 105}, "weighted avg": {"precision": 0.8272663297293839, "recall": 0.7619047619047619, "f1-score": 0.7663780223323241, "support": 105}, "classificador": "Perceptron"}