{"classificador": "LinearSVC", "accuracy": 0.7238095238095238, "explosion": {"recall": 0.7692307692307693, "f1-score": 0.7692307692307693, "precision": 0.7692307692307693, "support": 39}, "siren": {"recall": 0.75, "f1-score": 0.7272727272727272, "precision": 0.7058823529411765, "support": 16}, "weighted avg": {"recall": 0.7238095238095238, "f1-score": 0.725059798958104, "precision": 0.7274126492702344, "support": 105}, "gunshot": {"recall": 0.7619047619047619, "f1-score": 0.8, "precision": 0.8421052631578947, "support": 21}, "macro avg": {"recall": 0.7254562965769862, "f1-score": 0.72666824700723, "precision": 0.7293045963324601, "support": 105}, "casual": {"recall": 0.6206896551724138, "f1-score": 0.6101694915254238, "precision": 0.6, "support": 29}}