{"classificador": "BaggingClassifier", "accuracy": 0.6761904761904762, "explosion": {"recall": 0.7948717948717948, "f1-score": 0.8266666666666667, "precision": 0.8611111111111112, "support": 39}, "siren": {"recall": 0.75, "f1-score": 0.8275862068965517, "precision": 0.9230769230769231, "support": 16}, "weighted avg": {"recall": 0.6761904761904762, "f1-score": 0.6674661277419899, "precision": 0.7329981809573647, "support": 105}, "gunshot": {"recall": 0.23809523809523808, "f1-score": 0.35714285714285715, "precision": 0.7142857142857143, "support": 21}, "macro avg": {"recall": 0.6440176203107237, "f1-score": 0.6502848301124163, "precision": 0.7419653758939473, "support": 105}, "casual": {"recall": 0.7931034482758621, "f1-score": 0.5897435897435898, "precision": 0.46938775510204084, "support": 29}}