{"classificador": "LinearSVC", "accuracy": 0.7523809523809524, "explosion": {"recall": 0.6923076923076923, "f1-score": 0.7500000000000001, "precision": 0.8181818181818182, "support": 39}, "siren": {"recall": 0.9375, "f1-score": 0.8571428571428572, "precision": 0.7894736842105263, "support": 16}, "weighted avg": {"recall": 0.7523809523809524, "f1-score": 0.7521969443515112, "precision": 0.7587206652996127, "support": 105}, "gunshot": {"recall": 0.8095238095238095, "f1-score": 0.8095238095238095, "precision": 0.8095238095238095, "support": 21}, "macro avg": {"recall": 0.7822466685613237, "f1-score": 0.768101092896175, "precision": 0.7605448279790386, "support": 105}, "casual": {"recall": 0.6896551724137931, "f1-score": 0.6557377049180328, "precision": 0.625, "support": 29}}