{"classificador": "KNeighborsClassifier", "accuracy": 0.8, "explosion": {"recall": 0.7435897435897436, "f1-score": 0.8169014084507042, "precision": 0.90625, "support": 39}, "siren": {"recall": 0.875, "f1-score": 0.9333333333333333, "precision": 1.0, "support": 16}, "weighted avg": {"recall": 0.8, "f1-score": 0.802856675709314, "precision": 0.8208176691729323, "support": 105}, "gunshot": {"recall": 0.7142857142857143, "f1-score": 0.7142857142857143, "precision": 0.7142857142857143, "support": 21}, "macro avg": {"recall": 0.8073567955033473, "f1-score": 0.8101599647637066, "precision": 0.826186560150376, "support": 105}, "casual": {"recall": 0.896551724137931, "f1-score": 0.7761194029850746, "precision": 0.6842105263157895, "support": 29}}