{"classificador": "KNeighborsClassifier", "accuracy": 0.6952380952380952, "explosion": {"recall": 0.6153846153846154, "f1-score": 0.7384615384615384, "precision": 0.9230769230769231, "support": 39}, "siren": {"recall": 0.75, "f1-score": 0.8275862068965517, "precision": 0.9230769230769231, "support": 16}, "weighted avg": {"recall": 0.6952380952380952, "f1-score": 0.7038954892301749, "precision": 0.7501017501017501, "support": 105}, "gunshot": {"recall": 0.6666666666666666, "f1-score": 0.5833333333333334, "precision": 0.5185185185185185, "support": 21}, "macro avg": {"recall": 0.706288682581786, "f1-score": 0.7064629167316794, "precision": 0.7386039886039886, "support": 105}, "casual": {"recall": 0.7931034482758621, "f1-score": 0.676470588235294, "precision": 0.5897435897435898, "support": 29}}