{"classificador": "SGDClassifier", "accuracy": 0.7238095238095238, "explosion": {"recall": 0.6923076923076923, "f1-score": 0.7297297297297296, "precision": 0.7714285714285715, "support": 39}, "siren": {"recall": 0.9375, "f1-score": 0.8333333333333334, "precision": 0.75, "support": 16}, "weighted avg": {"recall": 0.7238095238095238, "f1-score": 0.7267253502547619, "precision": 0.7575730832873689, "support": 105}, "gunshot": {"recall": 0.6190476190476191, "f1-score": 0.7647058823529412, "precision": 1.0, "support": 21}, "macro avg": {"recall": 0.7432483105974486, "f1-score": 0.7410331454449102, "precision": 0.7722490347490347, "support": 105}, "casual": {"recall": 0.7241379310344828, "f1-score": 0.6363636363636365, "precision": 0.5675675675675675, "support": 29}}