{"classificador": "SGDClassifier", "accuracy": 0.6952380952380952, "explosion": {"recall": 0.6410256410256411, "f1-score": 0.6944444444444444, "precision": 0.7575757575757576, "support": 39}, "siren": {"recall": 0.875, "f1-score": 0.823529411764706, "precision": 0.7777777777777778, "support": 16}, "weighted avg": {"recall": 0.6952380952380952, "f1-score": 0.6963592483063685, "precision": 0.7042455365984778, "support": 105}, "gunshot": {"recall": 0.7142857142857143, "f1-score": 0.7317073170731706, "precision": 0.75, "support": 21}, "macro avg": {"recall": 0.7213709422761148, "f1-score": 0.713213944114231, "precision": 0.711044266191325, "support": 105}, "casual": {"recall": 0.6551724137931034, "f1-score": 0.6031746031746031, "precision": 0.5588235294117647, "support": 29}}