{"classificador": "Perceptron", "accuracy": 0.7047619047619048, "explosion": {"recall": 0.6666666666666666, "f1-score": 0.7323943661971831, "precision": 0.8125, "support": 39}, "siren": {"recall": 0.875, "f1-score": 0.7567567567567567, "precision": 0.6666666666666666, "support": 16}, "weighted avg": {"recall": 0.7047619047619048, "f1-score": 0.7054427465695071, "precision": 0.7161226318484384, "support": 105}, "gunshot": {"recall": 0.7619047619047619, "f1-score": 0.7619047619047619, "precision": 0.7619047619047619, "support": 21}, "macro avg": {"recall": 0.7310652709359606, "f1-score": 0.7127639712146754, "precision": 0.7054291474654377, "support": 105}, "casual": {"recall": 0.6206896551724138, "f1-score": 0.6000000000000001, "precision": 0.5806451612903226, "support": 29}}