{"classificador": "SGDClassifier", "accuracy": 0.638095238095238, "explosion": {"recall": 0.7435897435897436, "f1-score": 0.6987951807228915, "precision": 0.6590909090909091, "support": 39}, "siren": {"recall": 0.9375, "f1-score": 0.8571428571428572, "precision": 0.7894736842105263, "support": 16}, "weighted avg": {"recall": 0.638095238095238, "f1-score": 0.6108100853000795, "precision": 0.7032011847801322, "support": 105}, "gunshot": {"recall": 0.19047619047619047, "f1-score": 0.32, "precision": 1.0, "support": 21}, "macro avg": {"recall": 0.6316845869647594, "f1-score": 0.6107755542425566, "precision": 0.7371411483253589, "support": 105}, "casual": {"recall": 0.6551724137931034, "f1-score": 0.5671641791044776, "precision": 0.5, "support": 29}}