{"classificador": "KNeighborsClassifier", "accuracy": 0.7714285714285715, "explosion": {"recall": 0.7435897435897436, "f1-score": 0.8055555555555556, "precision": 0.8787878787878788, "support": 39}, "siren": {"recall": 0.75, "f1-score": 0.8275862068965517, "precision": 0.9230769230769231, "support": 16}, "weighted avg": {"recall": 0.7714285714285715, "f1-score": 0.7740848165467252, "precision": 0.79004509004509, "support": 105}, "gunshot": {"recall": 0.7142857142857143, "f1-score": 0.6976744186046512, "precision": 0.6818181818181818, "support": 21}, "macro avg": {"recall": 0.7674861058481748, "f1-score": 0.772097984658129, "precision": 0.7898396648396648, "support": 105}, "casual": {"recall": 0.8620689655172413, "f1-score": 0.7575757575757576, "precision": 0.6756756756756757, "support": 29}}