{"classificador": "Perceptron", "accuracy": 0.7047619047619048, "explosion": {"recall": 0.5128205128205128, "f1-score": 0.6349206349206349, "precision": 0.8333333333333334, "support": 39}, "siren": {"recall": 0.9375, "f1-score": 0.8571428571428572, "precision": 0.7894736842105263, "support": 16}, "weighted avg": {"recall": 0.7047619047619048, "f1-score": 0.6996968484363442, "precision": 0.7334504041597864, "support": 105}, "gunshot": {"recall": 0.8095238095238095, "f1-score": 0.7727272727272727, "precision": 0.7391304347826086, "support": 21}, "macro avg": {"recall": 0.7546162529998737, "f1-score": 0.7279623970800441, "precision": 0.7315100041072582, "support": 105}, "casual": {"recall": 0.7586206896551724, "f1-score": 0.6470588235294118, "precision": 0.5641025641025641, "support": 29}}