{"classificador": "BaggingClassifier", "accuracy": 0.6, "explosion": {"recall": 0.6153846153846154, "f1-score": 0.7384615384615384, "precision": 0.9230769230769231, "support": 39}, "siren": {"recall": 0.6875, "f1-score": 0.7857142857142857, "precision": 0.9166666666666666, "support": 16}, "weighted avg": {"recall": 0.6, "f1-score": 0.5815824350091562, "precision": 0.793015873015873, "support": 105}, "gunshot": {"recall": 0.09523809523809523, "f1-score": 0.17391304347826084, "precision": 1.0, "support": 21}, "macro avg": {"recall": 0.5736686086901605, "f1-score": 0.5628200892539468, "precision": 0.8099358974358974, "support": 105}, "casual": {"recall": 0.896551724137931, "f1-score": 0.5531914893617023, "precision": 0.4, "support": 29}}