{"classificador": "SGDClassifier", "accuracy": 0.7047619047619048, "explosion": {"recall": 0.6666666666666666, "f1-score": 0.7222222222222221, "precision": 0.7878787878787878, "support": 39}, "siren": {"recall": 0.8125, "f1-score": 0.7647058823529411, "precision": 0.7222222222222222, "support": 16}, "weighted avg": {"recall": 0.7047619047619048, "f1-score": 0.7100634831284985, "precision": 0.7284563402210461, "support": 105}, "gunshot": {"recall": 0.7142857142857143, "f1-score": 0.7894736842105262, "precision": 0.8823529411764706, "support": 21}, "macro avg": {"recall": 0.7207768883415435, "f1-score": 0.7206155987115739, "precision": 0.7332486229545053, "support": 105}, "casual": {"recall": 0.6896551724137931, "f1-score": 0.6060606060606061, "precision": 0.5405405405405406, "support": 29}}