{"classificador": "KNeighborsClassifier", "accuracy": 0.780952380952381, "explosion": {"recall": 0.6923076923076923, "f1-score": 0.7941176470588235, "precision": 0.9310344827586207, "support": 39}, "siren": {"recall": 0.8125, "f1-score": 0.8666666666666666, "precision": 0.9285714285714286, "support": 16}, "weighted avg": {"recall": 0.780952380952381, "f1-score": 0.7836805025040318, "precision": 0.8105668254308219, "support": 105}, "gunshot": {"recall": 0.7619047619047619, "f1-score": 0.7272727272727272, "precision": 0.6956521739130435, "support": 21}, "macro avg": {"recall": 0.7908160445875962, "f1-score": 0.7881907308377896, "precision": 0.80548118797744, "support": 105}, "casual": {"recall": 0.896551724137931, "f1-score": 0.7647058823529411, "precision": 0.6666666666666666, "support": 29}}