{"classificador": "SGDClassifier", "accuracy": 0.6761904761904762, "explosion": {"recall": 0.7948717948717948, "f1-score": 0.746987951807229, "precision": 0.7045454545454546, "support": 39}, "siren": {"recall": 0.875, "f1-score": 0.7999999999999999, "precision": 0.7368421052631579, "support": 16}, "weighted avg": {"recall": 0.6761904761904762, "f1-score": 0.6675253865567831, "precision": 0.7201875008376557, "support": 105}, "gunshot": {"recall": 0.38095238095238093, "f1-score": 0.5517241379310345, "precision": 1.0, "support": 21}, "macro avg": {"recall": 0.6678784577491474, "f1-score": 0.6675351652917088, "precision": 0.7426998311286237, "support": 105}, "casual": {"recall": 0.6206896551724138, "f1-score": 0.5714285714285715, "precision": 0.5294117647058824, "support": 29}}