{"classificador": "KNeighborsClassifier", "accuracy": 0.8, "explosion": {"recall": 0.717948717948718, "f1-score": 0.8115942028985509, "precision": 0.9333333333333333, "support": 39}, "siren": {"recall": 0.75, "f1-score": 0.8571428571428571, "precision": 1.0, "support": 16}, "weighted avg": {"recall": 0.8, "f1-score": 0.8025003624638262, "precision": 0.8319230769230769, "support": 105}, "gunshot": {"recall": 0.8095238095238095, "f1-score": 0.7555555555555556, "precision": 0.7083333333333334, "support": 21}, "macro avg": {"recall": 0.8021267525577871, "f1-score": 0.8046025656639468, "precision": 0.8334935897435898, "support": 105}, "casual": {"recall": 0.9310344827586207, "f1-score": 0.7941176470588235, "precision": 0.6923076923076923, "support": 29}}