{"classificador": "LinearSVC", "accuracy": 0.7238095238095238, "explosion": {"recall": 0.6666666666666666, "f1-score": 0.7222222222222221, "precision": 0.7878787878787878, "support": 39}, "siren": {"recall": 0.9375, "f1-score": 0.8333333333333334, "precision": 0.75, "support": 16}, "weighted avg": {"recall": 0.7238095238095238, "f1-score": 0.7234254992319508, "precision": 0.7322093111566795, "support": 105}, "gunshot": {"recall": 0.7142857142857143, "f1-score": 0.7500000000000001, "precision": 0.7894736842105263, "support": 21}, "macro avg": {"recall": 0.7520268883415435, "f1-score": 0.7376792114695341, "precision": 0.73335326953748, "support": 105}, "casual": {"recall": 0.6896551724137931, "f1-score": 0.6451612903225807, "precision": 0.6060606060606061, "support": 29}}