{"classificador": "Perceptron", "accuracy": 0.6666666666666666, "explosion": {"recall": 0.7692307692307693, "f1-score": 0.6976744186046512, "precision": 0.6382978723404256, "support": 39}, "siren": {"recall": 0.9375, "f1-score": 0.8823529411764706, "precision": 0.8333333333333334, "support": 16}, "weighted avg": {"recall": 0.6666666666666666, "f1-score": 0.6277169782641738, "precision": 0.7282875580747921, "support": 105}, "gunshot": {"recall": 0.14285714285714285, "f1-score": 0.25, "precision": 1.0, "support": 21}, "macro avg": {"recall": 0.6520521504357711, "f1-score": 0.6241735066119471, "precision": 0.7665564500670884, "support": 105}, "casual": {"recall": 0.7586206896551724, "f1-score": 0.6666666666666667, "precision": 0.5945945945945946, "support": 29}}