{"classificador": "KNeighborsClassifier", "accuracy": 0.7333333333333333, "explosion": {"recall": 0.5897435897435898, "f1-score": 0.71875, "precision": 0.92, "support": 39}, "siren": {"recall": 0.875, "f1-score": 0.9333333333333333, "precision": 1.0, "support": 16}, "weighted avg": {"recall": 0.7333333333333333, "f1-score": 0.7377477831928791, "precision": 0.7829423558897244, "support": 105}, "gunshot": {"recall": 0.7142857142857143, "f1-score": 0.6122448979591837, "precision": 0.5357142857142857, "support": 21}, "macro avg": {"recall": 0.7602745673866363, "f1-score": 0.7526492220022338, "precision": 0.7784022556390977, "support": 105}, "casual": {"recall": 0.8620689655172413, "f1-score": 0.746268656716418, "precision": 0.6578947368421053, "support": 29}}