{"classificador": "BaggingClassifier", "accuracy": 0.6476190476190476, "explosion": {"recall": 0.6923076923076923, "f1-score": 0.7500000000000001, "precision": 0.8181818181818182, "support": 39}, "siren": {"recall": 0.6875, "f1-score": 0.7586206896551724, "precision": 0.8461538461538461, "support": 16}, "weighted avg": {"recall": 0.6476190476190476, "f1-score": 0.6546650454158094, "precision": 0.7321354201354201, "support": 105}, "gunshot": {"recall": 0.38095238095238093, "f1-score": 0.5333333333333333, "precision": 0.8888888888888888, "support": 21}, "macro avg": {"recall": 0.6298451907288114, "f1-score": 0.6497290120762405, "precision": 0.7483061383061383, "support": 105}, "casual": {"recall": 0.7586206896551724, "f1-score": 0.5569620253164557, "precision": 0.44, "support": 29}}