{"casual": {"precision": 0.46511627906976744, "recall": 0.6896551724137931, "f1-score": 0.5555555555555556, "support": 29}, "explosion": {"precision": 0.825, "recall": 0.8461538461538461, "f1-score": 0.8354430379746836, "support": 39}, "gunshot": {"precision": 0.8571428571428571, "recall": 0.2857142857142857, "f1-score": 0.42857142857142855, "support": 21}, "siren": {"precision": 0.8666666666666667, "recall": 0.8125, "f1-score": 0.8387096774193549, "support": 16}, "accuracy": 0.6857142857142857, "macro avg": {"precision": 0.7534814507198228, "recall": 0.6585058260704812, "f1-score": 0.6645699248802557, "support": 105}, "weighted avg": {"precision": 0.7383813215208563, "recall": 0.6857142857142857, "f1-score": 0.6772642326746042, "support": 105}, "classificador": "BaggingClassifier"}