{"casual": {"precision": 0.5277777777777778, "recall": 0.6551724137931034, "f1-score": 0.5846153846153845, "support": 29}, "explosion": {"precision": 0.6222222222222222, "recall": 0.717948717948718, "f1-score": 0.6666666666666666, "support": 39}, "gunshot": {"precision": 0.6666666666666666, "recall": 0.19047619047619047, "f1-score": 0.2962962962962963, "support": 21}, "siren": {"precision": 0.7777777777777778, "recall": 0.875, "f1-score": 0.823529411764706, "support": 16}, "accuracy": 0.6190476190476191, "macro avg": {"precision": 0.648611111111111, "recall": 0.609649330554503, "f1-score": 0.5927769398357634, "support": 105}, "weighted avg": {"precision": 0.6287301587301587, "recall": 0.6190476190476191, "f1-score": 0.5938337044219397, "support": 105}, "classificador": "Perceptron"}