{"casual": {"precision": 0.5116279069767442, "recall": 0.7586206896551724, "f1-score": 0.6111111111111112, "support": 29}, "explosion": {"precision": 0.8, "recall": 0.6153846153846154, "f1-score": 0.6956521739130435, "support": 39}, "gunshot": {"precision": 0.5, "recall": 0.2857142857142857, "f1-score": 0.36363636363636365, "support": 21}, "siren": {"precision": 0.75, "recall": 0.9375, "f1-score": 0.8333333333333334, "support": 16}, "accuracy": 0.638095238095238, "macro avg": {"precision": 0.640406976744186, "recall": 0.6493048976885184, "f1-score": 0.625933245498463, "support": 105}, "weighted avg": {"precision": 0.6527353266888151, "recall": 0.638095238095238, "f1-score": 0.6268795616621703, "support": 105}, "classificador": "SVC"}