{"casual": {"precision": 0.5333333333333333, "recall": 0.8275862068965517, "f1-score": 0.6486486486486487, "support": 29}, "explosion": {"precision": 0.8076923076923077, "recall": 0.5384615384615384, "f1-score": 0.6461538461538461, "support": 39}, "gunshot": {"precision": 0.42857142857142855, "recall": 0.2857142857142857, "f1-score": 0.34285714285714286, "support": 21}, "siren": {"precision": 0.75, "recall": 0.9375, "f1-score": 0.8333333333333334, "support": 16}, "accuracy": 0.6285714285714286, "macro avg": {"precision": 0.6298992673992674, "recall": 0.647315507768094, "f1-score": 0.6177482427482428, "support": 105}, "weighted avg": {"precision": 0.6473015873015873, "recall": 0.6285714285714286, "f1-score": 0.6147061347061347, "support": 105}, "classificador": "SVC"}