{"casual": {"precision": 0.5263157894736842, "recall": 0.6896551724137931, "f1-score": 0.5970149253731344, "support": 29}, "explosion": {"precision": 0.8292682926829268, "recall": 0.8717948717948718, "f1-score": 0.8500000000000001, "support": 39}, "gunshot": {"precision": 0.8888888888888888, "recall": 0.38095238095238093, "f1-score": 0.5333333333333333, "support": 21}, "siren": {"precision": 0.8823529411764706, "recall": 0.9375, "f1-score": 0.9090909090909091, "support": 16}, "accuracy": 0.7333333333333333, "macro avg": {"precision": 0.7817064780554926, "recall": 0.7199756062902615, "f1-score": 0.7223597919493442, "support": 105}, "weighted avg": {"precision": 0.7656089050939161, "recall": 0.7333333333333333, "f1-score": 0.7257989274407185, "support": 105}, "classificador": "LinearDiscriminantAnalysis"}