{"casual": {"precision": 0.5333333333333333, "recall": 0.8275862068965517, "f1-score": 0.6486486486486487, "support": 29}, "explosion": {"precision": 0.8, "recall": 0.3076923076923077, "f1-score": 0.4444444444444444, "support": 39}, "gunshot": {"precision": 0.4, "recall": 0.5714285714285714, "f1-score": 0.47058823529411764, "support": 21}, "siren": {"precision": 0.9333333333333333, "recall": 0.875, "f1-score": 0.9032258064516129, "support": 16}, "accuracy": 0.5904761904761905, "macro avg": {"precision": 0.6666666666666667, "recall": 0.6454267715043578, "f1-score": 0.6167267837097059, "support": 105}, "weighted avg": {"precision": 0.6666666666666666, "recall": 0.5904761904761905, "f1-score": 0.5759819998909183, "support": 105}, "classificador": "KNeighborsClassifier"}