{"casual": {"precision": 0.4583333333333333, "recall": 0.7586206896551724, "f1-score": 0.5714285714285715, "support": 29}, "explosion": {"precision": 0.36363636363636365, "recall": 0.20512820512820512, "f1-score": 0.2622950819672131, "support": 39}, "gunshot": {"precision": 0.2777777777777778, "recall": 0.23809523809523808, "f1-score": 0.25641025641025644, "support": 21}, "siren": {"precision": 0.7647058823529411, "recall": 0.8125, "f1-score": 0.787878787878788, "support": 16}, "accuracy": 0.45714285714285713, "macro avg": {"precision": 0.466113339275104, "recall": 0.5035860332196539, "f1-score": 0.46950317442120726, "support": 105}, "weighted avg": {"precision": 0.4337344028520499, "recall": 0.45714285714285713, "f1-score": 0.4265867881792941, "support": 105}, "classificador": "LinearSVC"}