{"casual": {"precision": 0.5, "recall": 0.6206896551724138, "f1-score": 0.5538461538461539, "support": 29}, "explosion": {"precision": 0.5882352941176471, "recall": 0.5128205128205128, "f1-score": 0.547945205479452, "support": 39}, "gunshot": {"precision": 0.29411764705882354, "recall": 0.23809523809523808, "f1-score": 0.2631578947368421, "support": 21}, "siren": {"precision": 0.7222222222222222, "recall": 0.8125, "f1-score": 0.7647058823529411, "support": 16}, "accuracy": 0.5333333333333333, "macro avg": {"precision": 0.5261437908496732, "recall": 0.5460263515220412, "f1-score": 0.5324137841038472, "support": 105}, "weighted avg": {"precision": 0.525459072517896, "recall": 0.5333333333333333, "f1-score": 0.5256477274510271, "support": 105}, "classificador": "Perceptron"}