{"casual": {"precision": 0.4358974358974359, "recall": 0.5862068965517241, "f1-score": 0.5, "support": 29}, "explosion": {"precision": 0.775, "recall": 0.7948717948717948, "f1-score": 0.7848101265822786, "support": 39}, "gunshot": {"precision": 1.0, "recall": 0.23809523809523808, "f1-score": 0.3846153846153846, "support": 21}, "siren": {"precision": 0.7142857142857143, "recall": 0.9375, "f1-score": 0.8108108108108109, "support": 16}, "accuracy": 0.6476190476190476, "macro avg": {"precision": 0.7312957875457876, "recall": 0.6391684823796893, "f1-score": 0.6200590805021186, "support": 105}, "weighted avg": {"precision": 0.7170914006628293, "recall": 0.6476190476190476, "f1-score": 0.6300713427295705, "support": 105}, "classificador": "Perceptron"}