{"casual": {"precision": 0.352112676056338, "recall": 0.8620689655172413, "f1-score": 0.5, "support": 29}, "explosion": {"precision": 0.8, "recall": 0.5128205128205128, "f1-score": 0.625, "support": 39}, "gunshot": {"precision": 0.0, "recall": 0.0, "f1-score": 0.0, "support": 21}, "siren": {"precision": 0.8888888888888888, "recall": 0.5, "f1-score": 0.64, "support": 16}, "accuracy": 0.5047619047619047, "macro avg": {"precision": 0.5102503912363068, "recall": 0.4687223695844385, "f1-score": 0.44125000000000003, "support": 105}, "weighted avg": {"precision": 0.5298427602652954, "recall": 0.5047619047619047, "f1-score": 0.46776190476190477, "support": 105}, "classificador": "BaggingClassifier"}