{"casual": {"precision": 0.37209302325581395, "recall": 0.5517241379310345, "f1-score": 0.4444444444444444, "support": 29}, "explosion": {"precision": 0.6341463414634146, "recall": 0.6666666666666666, "f1-score": 0.6499999999999999, "support": 39}, "gunshot": {"precision": 0.0, "recall": 0.0, "f1-score": 0.0, "support": 21}, "siren": {"precision": 0.7142857142857143, "recall": 0.9375, "f1-score": 0.8108108108108109, "support": 16}, "accuracy": 0.5428571428571428, "macro avg": {"precision": 0.4301312697512357, "recall": 0.5389727011494253, "f1-score": 0.47631381381381377, "support": 105}, "weighted avg": {"precision": 0.44715215638155437, "recall": 0.5428571428571428, "f1-score": 0.48773201773201774, "support": 105}, "classificador": "Perceptron"}