{"casual": {"precision": 0.5, "recall": 0.5517241379310345, "f1-score": 0.5245901639344263, "support": 29}, "explosion": {"precision": 0.825, "recall": 0.8461538461538461, "f1-score": 0.8354430379746836, "support": 39}, "gunshot": {"precision": 0.6923076923076923, "recall": 0.42857142857142855, "f1-score": 0.5294117647058824, "support": 21}, "siren": {"precision": 0.65, "recall": 0.8125, "f1-score": 0.7222222222222223, "support": 16}, "accuracy": 0.6761904761904762, "macro avg": {"precision": 0.666826923076923, "recall": 0.6597373531640773, "f1-score": 0.6529167972093036, "support": 105}, "weighted avg": {"precision": 0.682032967032967, "recall": 0.6761904761904762, "f1-score": 0.6711294842808581, "support": 105}, "classificador": "Perceptron"}