{"casual": {"precision": 0.5555555555555556, "recall": 0.6896551724137931, "f1-score": 0.6153846153846154, "support": 29}, "explosion": {"precision": 0.88, "recall": 0.5641025641025641, "f1-score": 0.6875, "support": 39}, "gunshot": {"precision": 0.4166666666666667, "recall": 0.7142857142857143, "f1-score": 0.5263157894736842, "support": 21}, "siren": {"precision": 1.0, "recall": 0.5, "f1-score": 0.6666666666666666, "support": 16}, "accuracy": 0.6190476190476191, "macro avg": {"precision": 0.7130555555555556, "recall": 0.6170108627005179, "f1-score": 0.6239667678812415, "support": 105}, "weighted avg": {"precision": 0.716010582010582, "recall": 0.6190476190476191, "f1-score": 0.6321709723025513, "support": 105}, "classificador": "KNeighborsClassifier"}