{"casual": {"precision": 0.38095238095238093, "recall": 0.5517241379310345, "f1-score": 0.4507042253521127, "support": 29}, "explosion": {"precision": 0.7419354838709677, "recall": 0.5897435897435898, "f1-score": 0.6571428571428573, "support": 39}, "gunshot": {"precision": 0.6923076923076923, "recall": 0.42857142857142855, "f1-score": 0.5294117647058824, "support": 21}, "siren": {"precision": 0.7894736842105263, "recall": 0.9375, "f1-score": 0.8571428571428572, "support": 16}, "accuracy": 0.6, "macro avg": {"precision": 0.6511673103353919, "recall": 0.6268847890615132, "f1-score": 0.6236004260859274, "support": 105}, "weighted avg": {"precision": 0.639553746708731, "recall": 0.6, "f1-score": 0.6050564451132566, "support": 105}, "classificador": "Perceptron"}