{"casual": {"precision": 0.41304347826086957, "recall": 0.6551724137931034, "f1-score": 0.5066666666666666, "support": 29}, "explosion": {"precision": 0.7674418604651163, "recall": 0.8461538461538461, "f1-score": 0.8048780487804877, "support": 39}, "gunshot": {"precision": 0.0, "recall": 0.0, "f1-score": 0.0, "support": 21}, "siren": {"precision": 0.75, "recall": 0.75, "f1-score": 0.75, "support": 16}, "accuracy": 0.6095238095238096, "macro avg": {"precision": 0.4826213346814965, "recall": 0.5628315649867374, "f1-score": 0.5153861788617886, "support": 105}, "weighted avg": {"precision": 0.5134142231209977, "recall": 0.6095238095238096, "f1-score": 0.5531769260549748, "support": 105}, "classificador": "SGDClassifier"}