{"casual": {"precision": 0.5185185185185185, "recall": 0.4827586206896552, "f1-score": 0.5, "support": 29}, "explosion": {"precision": 0.5483870967741935, "recall": 0.8717948717948718, "f1-score": 0.6732673267326732, "support": 39}, "gunshot": {"precision": 0.0, "recall": 0.0, "f1-score": 0.0, "support": 21}, "siren": {"precision": 0.75, "recall": 0.75, "f1-score": 0.75, "support": 16}, "accuracy": 0.5714285714285714, "macro avg": {"precision": 0.454226403823178, "recall": 0.5261383731211318, "f1-score": 0.4808168316831683, "support": 105}, "weighted avg": {"precision": 0.4611822267736246, "recall": 0.5714285714285714, "f1-score": 0.5024516737388024, "support": 105}, "classificador": "SGDClassifier"}