{"casual": {"precision": 0.3492063492063492, "recall": 0.7586206896551724, "f1-score": 0.47826086956521746, "support": 29}, "explosion": {"precision": 0.8148148148148148, "recall": 0.5641025641025641, "f1-score": 0.6666666666666667, "support": 39}, "gunshot": {"precision": 0.8, "recall": 0.19047619047619047, "f1-score": 0.3076923076923077, "support": 21}, "siren": {"precision": 0.7, "recall": 0.4375, "f1-score": 0.5384615384615384, "support": 16}, "accuracy": 0.5238095238095238, "macro avg": {"precision": 0.6660052910052909, "recall": 0.48767486105848173, "f1-score": 0.49777034559643263, "support": 105}, "weighted avg": {"precision": 0.6657596371882085, "recall": 0.5238095238095238, "f1-score": 0.5232998885172798, "support": 105}, "classificador": "BaggingClassifier"}