{"casual": {"precision": 0.46153846153846156, "recall": 0.6206896551724138, "f1-score": 0.5294117647058824, "support": 29}, "explosion": {"precision": 0.6511627906976745, "recall": 0.717948717948718, "f1-score": 0.6829268292682927, "support": 39}, "gunshot": {"precision": 1.0, "recall": 0.09523809523809523, "f1-score": 0.17391304347826084, "support": 21}, "siren": {"precision": 0.7142857142857143, "recall": 0.9375, "f1-score": 0.8108108108108109, "support": 16}, "accuracy": 0.6, "macro avg": {"precision": 0.7067467416304626, "recall": 0.5928441170898068, "f1-score": 0.5492656120658117, "support": 105}, "weighted avg": {"precision": 0.6781765300037725, "recall": 0.6, "f1-score": 0.5582117562280996, "support": 105}, "classificador": "Perceptron"}