{"casual": {"precision": 0.39655172413793105, "recall": 0.7931034482758621, "f1-score": 0.5287356321839081, "support": 29}, "explosion": {"precision": 0.7837837837837838, "recall": 0.7435897435897436, "f1-score": 0.7631578947368421, "support": 39}, "gunshot": {"precision": 0.5, "recall": 0.047619047619047616, "f1-score": 0.08695652173913042, "support": 21}, "siren": {"precision": 1.0, "recall": 0.5, "f1-score": 0.6666666666666666, "support": 16}, "accuracy": 0.580952380952381, "macro avg": {"precision": 0.6700838769804287, "recall": 0.5210780598711633, "f1-score": 0.5113791788316367, "support": 105}, "weighted avg": {"precision": 0.653024453024453, "recall": 0.580952380952381, "f1-score": 0.5484689985834151, "support": 105}, "classificador": "BaggingClassifier"}