{"casual": {"precision": 0.42424242424242425, "recall": 0.4827586206896552, "f1-score": 0.45161290322580644, "support": 29}, "explosion": {"precision": 0.6222222222222222, "recall": 0.717948717948718, "f1-score": 0.6666666666666666, "support": 39}, "gunshot": {"precision": 0.7142857142857143, "recall": 0.23809523809523808, "f1-score": 0.35714285714285715, "support": 21}, "siren": {"precision": 0.75, "recall": 0.9375, "f1-score": 0.8333333333333334, "support": 16}, "accuracy": 0.5904761904761905, "macro avg": {"precision": 0.6276875901875902, "recall": 0.5940756441834028, "f1-score": 0.5771889400921659, "support": 105}, "weighted avg": {"precision": 0.6054256854256854, "recall": 0.5904761904761905, "f1-score": 0.570762928827445, "support": 105}, "classificador": "Perceptron"}