{"casual": {"precision": 0.5555555555555556, "recall": 0.6896551724137931, "f1-score": 0.6153846153846154, "support": 29}, "explosion": {"precision": 0.92, "recall": 0.5897435897435898, "f1-score": 0.71875, "support": 39}, "gunshot": {"precision": 0.45714285714285713, "recall": 0.7619047619047619, "f1-score": 0.5714285714285714, "support": 21}, "siren": {"precision": 0.8888888888888888, "recall": 0.5, "f1-score": 0.64, "support": 16}, "accuracy": 0.638095238095238, "macro avg": {"precision": 0.7053968253968255, "recall": 0.6353258810155362, "f1-score": 0.6363907967032967, "support": 105}, "weighted avg": {"precision": 0.722031746031746, "recall": 0.638095238095238, "f1-score": 0.6487371794871795, "support": 105}, "classificador": "KNeighborsClassifier"}