{"casual": {"precision": 0.5365853658536586, "recall": 0.7586206896551724, "f1-score": 0.6285714285714286, "support": 29}, "explosion": {"precision": 0.9047619047619048, "recall": 0.48717948717948717, "f1-score": 0.6333333333333333, "support": 39}, "gunshot": {"precision": 0.4, "recall": 0.6666666666666666, "f1-score": 0.5, "support": 21}, "siren": {"precision": 0.875, "recall": 0.4375, "f1-score": 0.5833333333333334, "support": 16}, "accuracy": 0.5904761904761905, "macro avg": {"precision": 0.6790868176538908, "recall": 0.5874917108753316, "f1-score": 0.5863095238095238, "support": 105}, "weighted avg": {"precision": 0.6975875228140036, "recall": 0.5904761904761905, "f1-score": 0.5977324263038549, "support": 105}, "classificador": "KNeighborsClassifier"}