{"casual": {"precision": 0.375, "recall": 0.7241379310344828, "f1-score": 0.4941176470588236, "support": 29}, "explosion": {"precision": 0.7272727272727273, "recall": 0.6153846153846154, "f1-score": 0.6666666666666667, "support": 39}, "gunshot": {"precision": 0.7142857142857143, "recall": 0.23809523809523808, "f1-score": 0.35714285714285715, "support": 21}, "siren": {"precision": 0.8888888888888888, "recall": 0.5, "f1-score": 0.64, "support": 16}, "accuracy": 0.5523809523809524, "macro avg": {"precision": 0.6763618326118326, "recall": 0.519404446128584, "f1-score": 0.5394817927170868, "support": 105}, "weighted avg": {"precision": 0.6520081770081769, "recall": 0.5523809523809524, "f1-score": 0.5530420168067227, "support": 105}, "classificador": "BaggingClassifier"}