{"casual": {"precision": 0.4146341463414634, "recall": 0.5862068965517241, "f1-score": 0.48571428571428565, "support": 29}, "explosion": {"precision": 0.7073170731707317, "recall": 0.7435897435897436, "f1-score": 0.725, "support": 39}, "gunshot": {"precision": 0.6666666666666666, "recall": 0.19047619047619047, "f1-score": 0.2962962962962963, "support": 21}, "siren": {"precision": 0.7058823529411765, "recall": 0.75, "f1-score": 0.7272727272727272, "support": 16}, "accuracy": 0.5904761904761905, "macro avg": {"precision": 0.6236250597800096, "recall": 0.5675682076544146, "f1-score": 0.5585708273208273, "support": 105}, "weighted avg": {"precision": 0.6181321309011409, "recall": 0.5904761904761905, "f1-score": 0.5735171442314299, "support": 105}, "classificador": "LinearSVC"}