{"classificador": "LinearSVC", "accuracy": 0.6190476190476191, "explosion": {"recall": 0.46153846153846156, "f1-score": 0.5714285714285714, "precision": 0.75, "support": 39}, "siren": {"recall": 0.9375, "f1-score": 0.8333333333333334, "precision": 0.75, "support": 16}, "weighted avg": {"recall": 0.6190476190476191, "f1-score": 0.6136251602090111, "precision": 0.6452380952380953, "support": 105}, "gunshot": {"recall": 0.5714285714285714, "f1-score": 0.5714285714285714, "precision": 0.5714285714285714, "support": 21}, "macro avg": {"recall": 0.6650305513452066, "f1-score": 0.6389751552795031, "precision": 0.6428571428571428, "support": 105}, "casual": {"recall": 0.6896551724137931, "f1-score": 0.5797101449275363, "precision": 0.5, "support": 29}}