{"classificador": "KNeighborsClassifier", "accuracy": 0.6952380952380952, "explosion": {"recall": 0.5128205128205128, "f1-score": 0.6557377049180326, "precision": 0.9090909090909091, "support": 39}, "siren": {"recall": 0.875, "f1-score": 0.9333333333333333, "precision": 1.0, "support": 16}, "weighted avg": {"recall": 0.6952380952380952, "f1-score": 0.695891138535017, "precision": 0.757042182623578, "support": 105}, "gunshot": {"recall": 0.6190476190476191, "f1-score": 0.5531914893617021, "precision": 0.5, "support": 21}, "macro avg": {"recall": 0.7258549640015157, "f1-score": 0.7161211874588225, "precision": 0.7534355179704016, "support": 105}, "casual": {"recall": 0.896551724137931, "f1-score": 0.7222222222222221, "precision": 0.6046511627906976, "support": 29}}