{"classificador": "BaggingClassifier", "accuracy": 0.5142857142857142, "explosion": {"recall": 0.38461538461538464, "f1-score": 0.46875, "precision": 0.6, "support": 39}, "siren": {"recall": 0.375, "f1-score": 0.41379310344827586, "precision": 0.46153846153846156, "support": 16}, "weighted avg": {"recall": 0.5142857142857142, "f1-score": 0.5074431862275913, "precision": 0.5894775400038559, "support": 105}, "gunshot": {"recall": 0.42857142857142855, "f1-score": 0.5806451612903225, "precision": 0.9, "support": 21}, "macro avg": {"recall": 0.5039432550208413, "f1-score": 0.5053319499055798, "precision": 0.5956477732793523, "support": 105}, "casual": {"recall": 0.8275862068965517, "f1-score": 0.5581395348837209, "precision": 0.42105263157894735, "support": 29}}