{"classificador": "Perceptron", "accuracy": 0.6952380952380952, "explosion": {"recall": 0.717948717948718, "f1-score": 0.736842105263158, "precision": 0.7567567567567568, "support": 39}, "siren": {"recall": 1.0, "f1-score": 0.8421052631578948, "precision": 0.7272727272727273, "support": 16}, "weighted avg": {"recall": 0.6952380952380952, "f1-score": 0.6937921992337693, "precision": 0.70499882999883, "support": 105}, "gunshot": {"recall": 0.6666666666666666, "f1-score": 0.7567567567567567, "precision": 0.875, "support": 21}, "macro avg": {"recall": 0.7254641909814323, "f1-score": 0.7110446753622489, "precision": 0.7147573710073711, "support": 105}, "casual": {"recall": 0.5172413793103449, "f1-score": 0.5084745762711865, "precision": 0.5, "support": 29}}