{"classificador": "SGDClassifier", "accuracy": 0.6476190476190476, "explosion": {"recall": 0.5897435897435898, "f1-score": 0.6666666666666667, "precision": 0.7666666666666667, "support": 39}, "siren": {"recall": 0.75, "f1-score": 0.7999999999999999, "precision": 0.8571428571428571, "support": 16}, "weighted avg": {"recall": 0.6476190476190476, "f1-score": 0.6513671274961598, "precision": 0.7253461384553821, "support": 105}, "gunshot": {"recall": 0.42857142857142855, "f1-score": 0.5806451612903225, "precision": 0.9, "support": 21}, "macro avg": {"recall": 0.6489753063028925, "f1-score": 0.6618279569892472, "precision": 0.7485994397759104, "support": 105}, "casual": {"recall": 0.8275862068965517, "f1-score": 0.6, "precision": 0.47058823529411764, "support": 29}}