{"classificador": "LinearSVC", "accuracy": 0.5714285714285714, "explosion": {"recall": 0.717948717948718, "f1-score": 0.6363636363636365, "precision": 0.5714285714285714, "support": 39}, "siren": {"recall": 0.9375, "f1-score": 0.8333333333333334, "precision": 0.75, "support": 16}, "weighted avg": {"recall": 0.5714285714285714, "f1-score": 0.5100739538239539, "precision": 0.4606802721088435, "support": 105}, "gunshot": {"recall": 0.0, "f1-score": 0.0, "precision": 0.0, "support": 21}, "macro avg": {"recall": 0.5604139036251106, "f1-score": 0.5002367424242424, "precision": 0.4517857142857143, "support": 105}, "casual": {"recall": 0.5862068965517241, "f1-score": 0.53125, "precision": 0.4857142857142857, "support": 29}}