{"classificador": "SGDClassifier", "accuracy": 0.6095238095238096, "explosion": {"recall": 0.46153846153846156, "f1-score": 0.5806451612903226, "precision": 0.782608695652174, "support": 39}, "siren": {"recall": 0.9375, "f1-score": 0.8571428571428572, "precision": 0.7894736842105263, "support": 16}, "weighted avg": {"recall": 0.6095238095238096, "f1-score": 0.6059904075962766, "precision": 0.6709693296787118, "support": 105}, "gunshot": {"recall": 0.42857142857142855, "f1-score": 0.5294117647058824, "precision": 0.6923076923076923, "support": 21}, "macro avg": {"recall": 0.6465576449412656, "f1-score": 0.6310404521138795, "precision": 0.6760975180425981, "support": 105}, "casual": {"recall": 0.7586206896551724, "f1-score": 0.5569620253164557, "precision": 0.44, "support": 29}}