{"classificador": "Perceptron", "accuracy": 0.6095238095238096, "explosion": {"recall": 0.4358974358974359, "f1-score": 0.53125, "precision": 0.68, "support": 39}, "siren": {"recall": 0.875, "f1-score": 0.7368421052631579, "precision": 0.6363636363636364, "support": 16}, "weighted avg": {"recall": 0.6095238095238096, "f1-score": 0.5996915757640972, "precision": 0.6197431457431458, "support": 105}, "gunshot": {"recall": 0.5714285714285714, "f1-score": 0.5581395348837208, "precision": 0.5454545454545454, "support": 21}, "macro avg": {"recall": 0.6516159845901226, "f1-score": 0.6180963715751812, "precision": 0.6112878787878788, "support": 105}, "casual": {"recall": 0.7241379310344828, "f1-score": 0.6461538461538462, "precision": 0.5833333333333334, "support": 29}}