{"classificador": "BaggingClassifier", "accuracy": 0.6285714285714286, "explosion": {"recall": 0.6410256410256411, "f1-score": 0.6756756756756757, "precision": 0.7142857142857143, "support": 39}, "siren": {"recall": 0.3125, "f1-score": 0.43478260869565216, "precision": 0.7142857142857143, "support": 16}, "weighted avg": {"recall": 0.6285714285714286, "f1-score": 0.6166535383926688, "precision": 0.6498110355253213, "support": 105}, "gunshot": {"recall": 0.5238095238095238, "f1-score": 0.5641025641025642, "precision": 0.6111111111111112, "support": 21}, "macro avg": {"recall": 0.5848510325881016, "f1-score": 0.587559131037392, "precision": 0.6488095238095238, "support": 105}, "casual": {"recall": 0.8620689655172413, "f1-score": 0.6756756756756757, "precision": 0.5555555555555556, "support": 29}}