{"classificador": "KNeighborsClassifier", "accuracy": 0.7047619047619048, "explosion": {"recall": 0.6410256410256411, "f1-score": 0.7692307692307693, "precision": 0.9615384615384616, "support": 39}, "siren": {"recall": 0.75, "f1-score": 0.8275862068965517, "precision": 0.9230769230769231, "support": 16}, "weighted avg": {"recall": 0.7047619047619048, "f1-score": 0.7156504598751492, "precision": 0.7648448043184886, "support": 105}, "gunshot": {"recall": 0.7142857142857143, "f1-score": 0.6122448979591837, "precision": 0.5357142857142857, "support": 21}, "macro avg": {"recall": 0.715983011241632, "f1-score": 0.7164445729992381, "precision": 0.7498192596876807, "support": 105}, "casual": {"recall": 0.7586206896551724, "f1-score": 0.6567164179104478, "precision": 0.5789473684210527, "support": 29}}