{"classificador": "SGDClassifier", "accuracy": 0.6095238095238096, "explosion": {"recall": 0.7435897435897436, "f1-score": 0.6744186046511628, "precision": 0.6170212765957447, "support": 39}, "siren": {"recall": 0.9375, "f1-score": 0.8571428571428572, "precision": 0.7894736842105263, "support": 16}, "weighted avg": {"recall": 0.6095238095238096, "f1-score": 0.5665425431133939, "precision": 0.6838430175496245, "support": 105}, "gunshot": {"recall": 0.09523809523809523, "f1-score": 0.17391304347826084, "precision": 1.0, "support": 21}, "macro avg": {"recall": 0.5992543735000632, "f1-score": 0.5627322626817066, "precision": 0.7232453618231893, "support": 105}, "casual": {"recall": 0.6206896551724138, "f1-score": 0.5454545454545455, "precision": 0.4864864864864865, "support": 29}}