{"classificador": "BaggingClassifier", "accuracy": 0.638095238095238, "explosion": {"recall": 0.7435897435897436, "f1-score": 0.7160493827160495, "precision": 0.6904761904761905, "support": 39}, "siren": {"recall": 0.4375, "f1-score": 0.5833333333333334, "precision": 0.875, "support": 16}, "weighted avg": {"recall": 0.638095238095238, "f1-score": 0.6376195117423188, "precision": 0.6636432350718066, "support": 105}, "gunshot": {"recall": 0.6190476190476191, "f1-score": 0.5416666666666666, "precision": 0.48148148148148145, "support": 21}, "macro avg": {"recall": 0.6052067544524441, "f1-score": 0.6181570825211177, "precision": 0.6724537037037037, "support": 105}, "casual": {"recall": 0.6206896551724138, "f1-score": 0.6315789473684211, "precision": 0.6428571428571429, "support": 29}}