{"classificador": "BaggingClassifier", "accuracy": 0.6, "explosion": {"recall": 0.7435897435897436, "f1-score": 0.7733333333333334, "precision": 0.8055555555555556, "support": 39}, "siren": {"recall": 0.75, "f1-score": 0.7999999999999999, "precision": 0.8571428571428571, "support": 16}, "weighted avg": {"recall": 0.6, "f1-score": 0.5679975761248296, "precision": 0.6392525563684592, "support": 105}, "gunshot": {"recall": 0.047619047619047616, "f1-score": 0.08695652173913042, "precision": 0.5, "support": 21}, "macro avg": {"recall": 0.5663366805608185, "f1-score": 0.5431212442559208, "precision": 0.6397312069481881, "support": 105}, "casual": {"recall": 0.7241379310344828, "f1-score": 0.5121951219512195, "precision": 0.39622641509433965, "support": 29}}