{"classificador": "LinearSVC", "accuracy": 0.6285714285714286, "explosion": {"recall": 0.46153846153846156, "f1-score": 0.5806451612903226, "precision": 0.782608695652174, "support": 39}, "siren": {"recall": 0.875, "f1-score": 0.8484848484848485, "precision": 0.8235294117647058, "support": 16}, "weighted avg": {"recall": 0.6285714285714286, "f1-score": 0.6253721078177192, "precision": 0.6665710902432487, "support": 105}, "gunshot": {"recall": 0.5714285714285714, "f1-score": 0.5581395348837208, "precision": 0.5454545454545454, "support": 21}, "macro avg": {"recall": 0.6666469306555514, "f1-score": 0.6495951639425007, "precision": 0.6658051399620424, "support": 105}, "casual": {"recall": 0.7586206896551724, "f1-score": 0.6111111111111112, "precision": 0.5116279069767442, "support": 29}}