{"classificador": "BaggingClassifier", "accuracy": 0.5523809523809524, "explosion": {"recall": 0.5128205128205128, "f1-score": 0.6451612903225806, "precision": 0.8695652173913043, "support": 39}, "siren": {"recall": 0.6875, "f1-score": 0.7857142857142857, "precision": 0.9166666666666666, "support": 16}, "weighted avg": {"recall": 0.5523809523809524, "f1-score": 0.5365080610980963, "precision": 0.7642045223886657, "support": 105}, "gunshot": {"recall": 0.09523809523809523, "f1-score": 0.17391304347826084, "precision": 1.0, "support": 21}, "macro avg": {"recall": 0.5394068933939623, "f1-score": 0.5300631342602251, "precision": 0.788469735720375, "support": 105}, "casual": {"recall": 0.8620689655172413, "f1-score": 0.5154639175257733, "precision": 0.36764705882352944, "support": 29}}