{"classificador": "LinearSVC", "accuracy": 0.638095238095238, "explosion": {"recall": 0.8461538461538461, "f1-score": 0.7415730337078651, "precision": 0.66, "support": 39}, "siren": {"recall": 0.9375, "f1-score": 0.8823529411764706, "precision": 0.8333333333333334, "support": 16}, "weighted avg": {"recall": 0.638095238095238, "f1-score": 0.5914039932045119, "precision": 0.7062766439909296, "support": 105}, "gunshot": {"recall": 0.09523809523809523, "f1-score": 0.17391304347826084, "precision": 1.0, "support": 21}, "macro avg": {"recall": 0.6162747094859163, "f1-score": 0.5822722545906491, "precision": 0.7447619047619048, "support": 105}, "casual": {"recall": 0.5862068965517241, "f1-score": 0.53125, "precision": 0.4857142857142857, "support": 29}}