{"classificador": "LinearSVC", "accuracy": 0.6761904761904762, "explosion": {"recall": 0.6153846153846154, "f1-score": 0.6956521739130435, "precision": 0.8, "support": 39}, "siren": {"recall": 0.875, "f1-score": 0.823529411764706, "precision": 0.7777777777777778, "support": 16}, "weighted avg": {"recall": 0.6761904761904762, "f1-score": 0.6770096176043422, "precision": 0.6946087440824283, "support": 105}, "gunshot": {"recall": 0.5714285714285714, "f1-score": 0.6, "precision": 0.631578947368421, "support": 21}, "macro avg": {"recall": 0.6964877794619173, "f1-score": 0.6865118143298852, "precision": 0.6904970760233918, "support": 105}, "casual": {"recall": 0.7241379310344828, "f1-score": 0.6268656716417911, "precision": 0.5526315789473685, "support": 29}}