{"classificador": "SGDClassifier", "accuracy": 0.6285714285714286, "explosion": {"recall": 0.4358974358974359, "f1-score": 0.5573770491803278, "precision": 0.7727272727272727, "support": 39}, "siren": {"recall": 0.875, "f1-score": 0.823529411764706, "precision": 0.7777777777777778, "support": 16}, "weighted avg": {"recall": 0.6285714285714286, "f1-score": 0.629740569939214, "precision": 0.7282828282828283, "support": 105}, "gunshot": {"recall": 0.5238095238095238, "f1-score": 0.6875000000000001, "precision": 1.0, "support": 21}, "macro avg": {"recall": 0.6655732916508779, "f1-score": 0.6616799284892705, "precision": 0.7487373737373737, "support": 105}, "casual": {"recall": 0.8275862068965517, "f1-score": 0.5783132530120482, "precision": 0.4444444444444444, "support": 29}}