{"classificador": "Perceptron", "accuracy": 0.580952380952381, "explosion": {"recall": 0.4358974358974359, "f1-score": 0.5151515151515151, "precision": 0.6296296296296297, "support": 39}, "siren": {"recall": 0.875, "f1-score": 0.823529411764706, "precision": 0.7777777777777778, "support": 16}, "weighted avg": {"recall": 0.580952380952381, "f1-score": 0.5716250136418205, "precision": 0.6123015873015873, "support": 105}, "gunshot": {"recall": 0.38095238095238093, "f1-score": 0.4848484848484849, "precision": 0.6666666666666666, "support": 21}, "macro avg": {"recall": 0.6126176266262473, "f1-score": 0.5987394957983194, "precision": 0.6331018518518519, "support": 105}, "casual": {"recall": 0.7586206896551724, "f1-score": 0.5714285714285715, "precision": 0.4583333333333333, "support": 29}}