{"classificador": "SGDClassifier", "accuracy": 0.6666666666666666, "explosion": {"recall": 0.5897435897435898, "f1-score": 0.676470588235294, "precision": 0.7931034482758621, "support": 39}, "siren": {"recall": 0.875, "f1-score": 0.875, "precision": 0.875, "support": 16}, "weighted avg": {"recall": 0.6666666666666666, "f1-score": 0.6703081232492997, "precision": 0.7578866029170288, "support": 105}, "gunshot": {"recall": 0.42857142857142855, "f1-score": 0.6, "precision": 1.0, "support": 21}, "macro avg": {"recall": 0.6802253063028925, "f1-score": 0.6878676470588235, "precision": 0.784672920892495, "support": 105}, "casual": {"recall": 0.8275862068965517, "f1-score": 0.6, "precision": 0.47058823529411764, "support": 29}}