{"classificador": "KNeighborsClassifier", "accuracy": 0.6190476190476191, "explosion": {"recall": 0.4358974358974359, "f1-score": 0.5862068965517242, "precision": 0.8947368421052632, "support": 39}, "siren": {"recall": 0.625, "f1-score": 0.7692307692307693, "precision": 1.0, "support": 16}, "weighted avg": {"recall": 0.6190476190476191, "f1-score": 0.6225162449300381, "precision": 0.7233506599479671, "support": 105}, "gunshot": {"recall": 0.7142857142857143, "f1-score": 0.5555555555555556, "precision": 0.45454545454545453, "support": 21}, "macro avg": {"recall": 0.642071649614753, "f1-score": 0.6374705275567345, "precision": 0.7210415043952376, "support": 105}, "casual": {"recall": 0.7931034482758621, "f1-score": 0.6388888888888888, "precision": 0.5348837209302325, "support": 29}}