{"classificador": "SGDClassifier", "accuracy": 0.6095238095238096, "explosion": {"recall": 0.48717948717948717, "f1-score": 0.5671641791044776, "precision": 0.6785714285714286, "support": 39}, "siren": {"recall": 0.875, "f1-score": 0.7999999999999999, "precision": 0.7368421052631579, "support": 16}, "weighted avg": {"recall": 0.6095238095238096, "f1-score": 0.6132006633499171, "precision": 0.6677376671492395, "support": 105}, "gunshot": {"recall": 0.5238095238095238, "f1-score": 0.6666666666666667, "precision": 0.9166666666666666, "support": 21}, "macro avg": {"recall": 0.643911045850701, "f1-score": 0.6417910447761194, "precision": 0.6917157022992263, "support": 105}, "casual": {"recall": 0.6896551724137931, "f1-score": 0.5333333333333333, "precision": 0.43478260869565216, "support": 29}}