{"casual": {"precision": 0.6470588235294118, "recall": 0.7586206896551724, "f1-score": 0.6984126984126984, "support": 29}, "explosion": {"precision": 0.8918918918918919, "recall": 0.8461538461538461, "f1-score": 0.868421052631579, "support": 39}, "gunshot": {"precision": 0.5, "recall": 0.6190476190476191, "f1-score": 0.5531914893617021, "support": 21}, "siren": {"precision": 1.0, "recall": 0.5, "f1-score": 0.6666666666666666, "support": 16}, "accuracy": 0.7238095238095238, "macro avg": {"precision": 0.759737678855326, "recall": 0.6809555387141594, "f1-score": 0.6966729767681615, "support": 105}, "weighted avg": {"precision": 0.7623665682489212, "recall": 0.7238095238095238, "f1-score": 0.7276769261891642, "support": 105}, "classificador": "KNeighborsClassifier"}