{"casual": {"precision": 0.5172413793103449, "recall": 0.5172413793103449, "f1-score": 0.5172413793103449, "support": 29}, "explosion": {"precision": 0.8125, "recall": 0.6666666666666666, "f1-score": 0.7323943661971831, "support": 39}, "gunshot": {"precision": 0.7692307692307693, "recall": 0.47619047619047616, "f1-score": 0.588235294117647, "support": 21}, "siren": {"precision": 0.5161290322580645, "recall": 1.0, "f1-score": 0.6808510638297872, "support": 16}, "accuracy": 0.638095238095238, "macro avg": {"precision": 0.6537752951997946, "recall": 0.6650246305418719, "f1-score": 0.6296805258637406, "support": 105}, "weighted avg": {"precision": 0.6771372444759541, "recall": 0.638095238095238, "f1-score": 0.6362851283755935, "support": 105}, "classificador": "SGDClassifier"}