{"casual": {"precision": 0.575, "recall": 0.7931034482758621, "f1-score": 0.6666666666666666, "support": 29}, "explosion": {"precision": 0.8823529411764706, "recall": 0.7692307692307693, "f1-score": 0.8219178082191781, "support": 39}, "gunshot": {"precision": 1.0, "recall": 0.6666666666666666, "f1-score": 0.8, "support": 21}, "siren": {"precision": 0.8823529411764706, "recall": 0.9375, "f1-score": 0.9090909090909091, "support": 16}, "accuracy": 0.780952380952381, "macro avg": {"precision": 0.8349264705882352, "recall": 0.7916252210433244, "f1-score": 0.7994188459941884, "support": 105}, "weighted avg": {"precision": 0.8209943977591038, "recall": 0.780952380952381, "f1-score": 0.7879388799936746, "support": 105}, "classificador": "LinearDiscriminantAnalysis"}