{"casual": {"precision": 0.5581395348837209, "recall": 0.8275862068965517, "f1-score": 0.6666666666666666, "support": 29}, "explosion": {"precision": 0.8518518518518519, "recall": 0.5897435897435898, "f1-score": 0.6969696969696971, "support": 39}, "gunshot": {"precision": 0.875, "recall": 0.6666666666666666, "f1-score": 0.7567567567567567, "support": 21}, "siren": {"precision": 0.7894736842105263, "recall": 0.9375, "f1-score": 0.8571428571428572, "support": 16}, "accuracy": 0.7238095238095238, "macro avg": {"precision": 0.7686162677365247, "recall": 0.755374115826702, "f1-score": 0.7443839943839944, "support": 105}, "weighted avg": {"precision": 0.7658556922020814, "recall": 0.7238095238095238, "f1-score": 0.7249650392507536, "support": 105}, "classificador": "Perceptron"}