{"casual": {"precision": 0.5882352941176471, "recall": 0.6896551724137931, "f1-score": 0.6349206349206349, "support": 29}, "explosion": {"precision": 0.8333333333333334, "recall": 0.7692307692307693, "f1-score": 0.8, "support": 39}, "gunshot": {"precision": 0.7, "recall": 0.6666666666666666, "f1-score": 0.6829268292682926, "support": 21}, "siren": {"precision": 0.9333333333333333, "recall": 0.875, "f1-score": 0.9032258064516129, "support": 16}, "accuracy": 0.7428571428571429, "macro avg": {"precision": 0.7637254901960784, "recall": 0.7501381520778072, "f1-score": 0.7552683176601351, "support": 105}, "weighted avg": {"precision": 0.7542110177404296, "recall": 0.7428571428571429, "f1-score": 0.7467216641005558, "support": 105}, "classificador": "Perceptron"}