{"casual": {"precision": 0.75, "recall": 0.8275862068965517, "f1-score": 0.7868852459016394, "support": 29}, "explosion": {"precision": 0.9473684210526315, "recall": 0.9230769230769231, "f1-score": 0.935064935064935, "support": 39}, "gunshot": {"precision": 0.9411764705882353, "recall": 0.7619047619047619, "f1-score": 0.8421052631578947, "support": 21}, "siren": {"precision": 0.8333333333333334, "recall": 0.9375, "f1-score": 0.8823529411764706, "support": 16}, "accuracy": 0.8666666666666667, "macro avg": {"precision": 0.86796955624355, "recall": 0.8625169729695592, "f1-score": 0.861602096325235, "support": 105}, "weighted avg": {"precision": 0.8742419774927515, "recall": 0.8666666666666667, "f1-score": 0.8675148779411364, "support": 105}, "classificador": "SVC"}