{"casual": {"precision": 0.5789473684210527, "recall": 0.7586206896551724, "f1-score": 0.6567164179104478, "support": 29}, "explosion": {"precision": 0.8, "recall": 0.717948717948718, "f1-score": 0.7567567567567569, "support": 39}, "gunshot": {"precision": 0.9333333333333333, "recall": 0.6666666666666666, "f1-score": 0.7777777777777778, "support": 21}, "siren": {"precision": 0.7647058823529411, "recall": 0.8125, "f1-score": 0.787878787878788, "support": 16}, "accuracy": 0.7333333333333333, "macro avg": {"precision": 0.7692466460268318, "recall": 0.7389340185676392, "f1-score": 0.7447824350809427, "support": 105}, "weighted avg": {"precision": 0.7602358838272152, "recall": 0.7333333333333333, "f1-score": 0.7380731768791472, "support": 105}, "classificador": "Perceptron"}