{"casual": {"precision": 0.6153846153846154, "recall": 0.5517241379310345, "f1-score": 0.5818181818181819, "support": 29}, "explosion": {"precision": 0.7619047619047619, "recall": 0.8205128205128205, "f1-score": 0.7901234567901233, "support": 39}, "gunshot": {"precision": 0.9411764705882353, "recall": 0.7619047619047619, "f1-score": 0.8421052631578947, "support": 21}, "siren": {"precision": 0.75, "recall": 0.9375, "f1-score": 0.8333333333333334, "support": 16}, "accuracy": 0.7523809523809524, "macro avg": {"precision": 0.7671164619694031, "recall": 0.7679104300871542, "f1-score": 0.7618450587748834, "support": 105}, "weighted avg": {"precision": 0.7554775756456429, "recall": 0.7523809523809524, "f1-score": 0.7495722471161066, "support": 105}, "classificador": "Perceptron"}