{"casual": {"precision": 0.6071428571428571, "recall": 0.5862068965517241, "f1-score": 0.5964912280701754, "support": 29}, "explosion": {"precision": 0.8055555555555556, "recall": 0.7435897435897436, "f1-score": 0.7733333333333334, "support": 39}, "gunshot": {"precision": 0.625, "recall": 0.7142857142857143, "f1-score": 0.6666666666666666, "support": 21}, "siren": {"precision": 0.8823529411764706, "recall": 0.9375, "f1-score": 0.9090909090909091, "support": 16}, "accuracy": 0.7238095238095238, "macro avg": {"precision": 0.7300128384687208, "recall": 0.7453955886067956, "f1-score": 0.7363955342902712, "support": 105}, "weighted avg": {"precision": 0.7263472055488862, "recall": 0.7238095238095238, "f1-score": 0.7238447634237108, "support": 105}, "classificador": "LinearDiscriminantAnalysis"}