{"casual": {"precision": 0.7666666666666667, "recall": 0.7931034482758621, "f1-score": 0.7796610169491527, "support": 29}, "explosion": {"precision": 0.9459459459459459, "recall": 0.8974358974358975, "f1-score": 0.9210526315789475, "support": 39}, "gunshot": {"precision": 0.85, "recall": 0.8095238095238095, "f1-score": 0.8292682926829269, "support": 21}, "siren": {"precision": 0.8888888888888888, "recall": 1.0, "f1-score": 0.9411764705882353, "support": 16}, "accuracy": 0.8666666666666667, "macro avg": {"precision": 0.8628753753753754, "recall": 0.8750157888088923, "f1-score": 0.8677896029498156, "support": 105}, "weighted avg": {"precision": 0.8685471185471185, "recall": 0.8666666666666667, "f1-score": 0.8667112361795964, "support": 105}, "classificador": "KNeighborsClassifier"}