{"casual": {"precision": 0.7741935483870968, "recall": 0.8275862068965517, "f1-score": 0.7999999999999999, "support": 29}, "explosion": {"precision": 0.9444444444444444, "recall": 0.8717948717948718, "f1-score": 0.9066666666666667, "support": 39}, "gunshot": {"precision": 0.75, "recall": 0.7142857142857143, "f1-score": 0.7317073170731706, "support": 21}, "siren": {"precision": 0.8888888888888888, "recall": 1.0, "f1-score": 0.9411764705882353, "support": 16}, "accuracy": 0.8476190476190476, "macro avg": {"precision": 0.8393817204301075, "recall": 0.8534166982442845, "f1-score": 0.844887613582018, "support": 105}, "weighted avg": {"precision": 0.850068271036013, "recall": 0.8476190476190476, "f1-score": 0.8474731160756985, "support": 105}, "classificador": "KNeighborsClassifier"}