{"casual": {"precision": 0.5, "recall": 0.6896551724137931, "f1-score": 0.5797101449275363, "support": 29}, "explosion": {"precision": 0.8275862068965517, "recall": 0.6153846153846154, "f1-score": 0.7058823529411765, "support": 39}, "gunshot": {"precision": 0.6875, "recall": 0.5238095238095238, "f1-score": 0.5945945945945946, "support": 21}, "siren": {"precision": 0.7, "recall": 0.875, "f1-score": 0.7777777777777777, "support": 16}, "accuracy": 0.6571428571428571, "macro avg": {"precision": 0.678771551724138, "recall": 0.6759623279019831, "f1-score": 0.6644912175602713, "support": 105}, "weighted avg": {"precision": 0.689651067323481, "recall": 0.6571428571428571, "f1-score": 0.6597327323670034, "support": 105}, "classificador": "SGDClassifier"}