{"casual": {"precision": 0.7142857142857143, "recall": 0.6896551724137931, "f1-score": 0.7017543859649122, "support": 29}, "explosion": {"precision": 0.9375, "recall": 0.7692307692307693, "f1-score": 0.8450704225352113, "support": 39}, "gunshot": {"precision": 0.64, "recall": 0.7619047619047619, "f1-score": 0.6956521739130435, "support": 21}, "siren": {"precision": 0.75, "recall": 0.9375, "f1-score": 0.8333333333333334, "support": 16}, "accuracy": 0.7714285714285715, "macro avg": {"precision": 0.7604464285714286, "recall": 0.789572675887331, "f1-score": 0.768952578936625, "support": 105}, "weighted avg": {"precision": 0.7877789115646259, "recall": 0.7714285714285715, "f1-score": 0.7738157395939327, "support": 105}, "classificador": "SVC"}