{"casual": {"precision": 0.6363636363636364, "recall": 0.7241379310344828, "f1-score": 0.6774193548387097, "support": 29}, "explosion": {"precision": 0.9117647058823529, "recall": 0.7948717948717948, "f1-score": 0.8493150684931507, "support": 39}, "gunshot": {"precision": 0.75, "recall": 0.7142857142857143, "f1-score": 0.7317073170731706, "support": 21}, "siren": {"precision": 0.7777777777777778, "recall": 0.875, "f1-score": 0.823529411764706, "support": 16}, "accuracy": 0.7714285714285715, "macro avg": {"precision": 0.7689765300059417, "recall": 0.7770738600479979, "f1-score": 0.7704927880424343, "support": 105}, "weighted avg": {"precision": 0.7829315564609681, "recall": 0.7714285714285715, "f1-score": 0.7743883162697841, "support": 105}, "classificador": "KNeighborsClassifier"}