{"casual": {"precision": 0.5277777777777778, "recall": 0.6551724137931034, "f1-score": 0.5846153846153845, "support": 29}, "explosion": {"precision": 0.7878787878787878, "recall": 0.6666666666666666, "f1-score": 0.7222222222222221, "support": 39}, "gunshot": {"precision": 1.0, "recall": 0.2857142857142857, "f1-score": 0.4444444444444445, "support": 21}, "siren": {"precision": 0.5, "recall": 0.9375, "f1-score": 0.6521739130434783, "support": 16}, "accuracy": 0.6285714285714286, "macro avg": {"precision": 0.7039141414141414, "recall": 0.6362633415435139, "f1-score": 0.6008639910813823, "support": 105}, "weighted avg": {"precision": 0.7145983645983647, "recall": 0.6285714285714286, "f1-score": 0.6179869405956362, "support": 105}, "classificador": "Perceptron"}