{"casual": {"precision": 0.7666666666666667, "recall": 0.7931034482758621, "f1-score": 0.7796610169491527, "support": 29}, "explosion": {"precision": 0.9696969696969697, "recall": 0.8205128205128205, "f1-score": 0.8888888888888888, "support": 39}, "gunshot": {"precision": 0.7619047619047619, "recall": 0.7619047619047619, "f1-score": 0.7619047619047619, "support": 21}, "siren": {"precision": 0.7142857142857143, "recall": 0.9375, "f1-score": 0.8108108108108109, "support": 16}, "accuracy": 0.819047619047619, "macro avg": {"precision": 0.8031385281385282, "recall": 0.8282552576733611, "f1-score": 0.8103163696384036, "support": 105}, "weighted avg": {"precision": 0.8331436817151104, "recall": 0.819047619047619, "f1-score": 0.8214267536301435, "support": 105}, "classificador": "SVC"}