{"casual": {"precision": 0.6666666666666666, "recall": 0.6896551724137931, "f1-score": 0.6779661016949153, "support": 29}, "explosion": {"precision": 0.8857142857142857, "recall": 0.7948717948717948, "f1-score": 0.8378378378378378, "support": 39}, "gunshot": {"precision": 0.6521739130434783, "recall": 0.7142857142857143, "f1-score": 0.6818181818181819, "support": 21}, "siren": {"precision": 0.7647058823529411, "recall": 0.8125, "f1-score": 0.787878787878788, "support": 16}, "accuracy": 0.7523809523809524, "macro avg": {"precision": 0.742315186944343, "recall": 0.7528281703928256, "f1-score": 0.7463752273074308, "support": 105}, "weighted avg": {"precision": 0.7600679692166722, "recall": 0.7523809523809524, "f1-score": 0.7548660480863871, "support": 105}, "classificador": "KNeighborsClassifier"}