{"casual": {"precision": 0.5405405405405406, "recall": 0.6896551724137931, "f1-score": 0.6060606060606061, "support": 29}, "explosion": {"precision": 0.7619047619047619, "recall": 0.41025641025641024, "f1-score": 0.5333333333333333, "support": 39}, "gunshot": {"precision": 0.6666666666666666, "recall": 0.47619047619047616, "f1-score": 0.5555555555555556, "support": 21}, "siren": {"precision": 0.46875, "recall": 0.9375, "f1-score": 0.625, "support": 16}, "accuracy": 0.580952380952381, "macro avg": {"precision": 0.6094654922779923, "recall": 0.6284005147151699, "f1-score": 0.5799873737373737, "support": 105}, "weighted avg": {"precision": 0.6370472513329656, "recall": 0.580952380952381, "f1-score": 0.5718326118326119, "support": 105}, "classificador": "Perceptron"}