{"casual": {"precision": 0.625, "recall": 0.5172413793103449, "f1-score": 0.5660377358490567, "support": 29}, "explosion": {"precision": 0.78125, "recall": 0.6410256410256411, "f1-score": 0.7042253521126761, "support": 39}, "gunshot": {"precision": 0.5, "recall": 0.7142857142857143, "f1-score": 0.588235294117647, "support": 21}, "siren": {"precision": 0.6842105263157895, "recall": 0.8125, "f1-score": 0.742857142857143, "support": 16}, "accuracy": 0.6476190476190476, "macro avg": {"precision": 0.6476151315789473, "recall": 0.671263183655425, "f1-score": 0.6503388812341308, "support": 105}, "weighted avg": {"precision": 0.6670582706766918, "recall": 0.6476190476190476, "f1-score": 0.648747986040018, "support": 105}, "classificador": "LinearDiscriminantAnalysis"}