{"casual": {"precision": 0.6086956521739131, "recall": 0.4827586206896552, "f1-score": 0.5384615384615384, "support": 29}, "explosion": {"precision": 0.8125, "recall": 0.6666666666666666, "f1-score": 0.7323943661971831, "support": 39}, "gunshot": {"precision": 0.46875, "recall": 0.7142857142857143, "f1-score": 0.5660377358490566, "support": 21}, "siren": {"precision": 0.6666666666666666, "recall": 0.75, "f1-score": 0.7058823529411765, "support": 16}, "accuracy": 0.638095238095238, "macro avg": {"precision": 0.6391530797101449, "recall": 0.653427750410509, "f1-score": 0.6356939983622387, "support": 105}, "weighted avg": {"precision": 0.6652389579020015, "recall": 0.638095238095238, "f1-score": 0.6415207142567979, "support": 105}, "classificador": "LinearDiscriminantAnalysis"}