{"casual": {"precision": 0.6585365853658537, "recall": 0.9310344827586207, "f1-score": 0.7714285714285715, "support": 29}, "explosion": {"precision": 1.0, "recall": 0.7692307692307693, "f1-score": 0.8695652173913044, "support": 39}, "gunshot": {"precision": 0.8333333333333334, "recall": 0.7142857142857143, "f1-score": 0.7692307692307692, "support": 21}, "siren": {"precision": 0.9375, "recall": 0.9375, "f1-score": 0.9375, "support": 16}, "accuracy": 0.8285714285714286, "macro avg": {"precision": 0.8573424796747968, "recall": 0.838012741568776, "f1-score": 0.8369311395126613, "support": 105}, "weighted avg": {"precision": 0.8628339140534262, "recall": 0.8285714285714286, "f1-score": 0.8327458876527201, "support": 105}, "classificador": "KNeighborsClassifier"}