{"casual": {"precision": 0.6666666666666666, "recall": 0.8275862068965517, "f1-score": 0.7384615384615385, "support": 29}, "explosion": {"precision": 0.918918918918919, "recall": 0.8717948717948718, "f1-score": 0.8947368421052632, "support": 39}, "gunshot": {"precision": 0.9411764705882353, "recall": 0.7619047619047619, "f1-score": 0.8421052631578947, "support": 21}, "siren": {"precision": 0.9333333333333333, "recall": 0.875, "f1-score": 0.9032258064516129, "support": 16}, "accuracy": 0.8380952380952381, "macro avg": {"precision": 0.8650238473767886, "recall": 0.8340714601490463, "f1-score": 0.8446323625440774, "support": 105}, "weighted avg": {"precision": 0.8558972417795947, "recall": 0.8380952380952381, "f1-score": 0.8423423322574426, "support": 105}, "classificador": "LinearSVC"}