{"casual": {"precision": 0.6578947368421053, "recall": 0.8620689655172413, "f1-score": 0.746268656716418, "support": 29}, "explosion": {"precision": 0.9444444444444444, "recall": 0.8717948717948718, "f1-score": 0.9066666666666667, "support": 39}, "gunshot": {"precision": 1.0, "recall": 0.6666666666666666, "f1-score": 0.8, "support": 21}, "siren": {"precision": 0.8823529411764706, "recall": 0.9375, "f1-score": 0.9090909090909091, "support": 16}, "accuracy": 0.8380952380952381, "macro avg": {"precision": 0.8711730306157551, "recall": 0.834507625994695, "f1-score": 0.8405065581184985, "support": 105}, "weighted avg": {"precision": 0.866951692957885, "recall": 0.8380952380952381, "f1-score": 0.8414023389545778, "support": 105}, "classificador": "SGDClassifier"}