{"casual": {"precision": 0.5757575757575758, "recall": 0.6551724137931034, "f1-score": 0.6129032258064515, "support": 29}, "explosion": {"precision": 0.9142857142857143, "recall": 0.8205128205128205, "f1-score": 0.8648648648648648, "support": 39}, "gunshot": {"precision": 0.9375, "recall": 0.7142857142857143, "f1-score": 0.8108108108108109, "support": 21}, "siren": {"precision": 0.7142857142857143, "recall": 0.9375, "f1-score": 0.8108108108108109, "support": 16}, "accuracy": 0.7714285714285715, "macro avg": {"precision": 0.7854572510822511, "recall": 0.7818677371479096, "f1-score": 0.7748474280732346, "support": 105}, "weighted avg": {"precision": 0.794954133168419, "recall": 0.7714285714285715, "f1-score": 0.7762278407439697, "support": 105}, "classificador": "LinearDiscriminantAnalysis"}