{"casual": {"precision": 0.6764705882352942, "recall": 0.7931034482758621, "f1-score": 0.7301587301587301, "support": 29}, "explosion": {"precision": 0.9411764705882353, "recall": 0.8205128205128205, "f1-score": 0.8767123287671232, "support": 39}, "gunshot": {"precision": 0.9444444444444444, "recall": 0.8095238095238095, "f1-score": 0.8717948717948718, "support": 21}, "siren": {"precision": 0.7894736842105263, "recall": 0.9375, "f1-score": 0.8571428571428572, "support": 16}, "accuracy": 0.8285714285714286, "macro avg": {"precision": 0.837891296869625, "recall": 0.840160019578123, "f1-score": 0.8339521969658956, "support": 105}, "weighted avg": {"precision": 0.8456042065949188, "recall": 0.8285714285714286, "f1-score": 0.8322701144618954, "support": 105}, "classificador": "SVC", "mediaTempoClassificacaoCadaAudio": 0.04324237959725516, "desvioTempoClassificacaoCadaAudio": 0.031425002792922416}