{"casual": {"precision": 0.5581395348837209, "recall": 0.8275862068965517, "f1-score": 0.6666666666666666, "support": 29}, "explosion": {"precision": 0.8928571428571429, "recall": 0.6410256410256411, "f1-score": 0.746268656716418, "support": 39}, "gunshot": {"precision": 0.9411764705882353, "recall": 0.7619047619047619, "f1-score": 0.8421052631578947, "support": 21}, "siren": {"precision": 0.8823529411764706, "recall": 0.9375, "f1-score": 0.9090909090909091, "support": 16}, "accuracy": 0.7619047619047619, "macro avg": {"precision": 0.8186315223763924, "recall": 0.7920041524567387, "f1-score": 0.7910328739079722, "support": 105}, "weighted avg": {"precision": 0.8084745526117426, "recall": 0.7619047619047619, "f1-score": 0.7682616763527997, "support": 105}, "classificador": "SGDClassifier"}