{"casual": {"precision": 0.5454545454545454, "recall": 0.6206896551724138, "f1-score": 0.5806451612903226, "support": 29}, "explosion": {"precision": 0.8108108108108109, "recall": 0.7692307692307693, "f1-score": 0.7894736842105263, "support": 39}, "gunshot": {"precision": 0.7777777777777778, "recall": 0.6666666666666666, "f1-score": 0.717948717948718, "support": 21}, "siren": {"precision": 0.8235294117647058, "recall": 0.875, "f1-score": 0.8484848484848485, "support": 16}, "accuracy": 0.7238095238095238, "macro avg": {"precision": 0.7393931364519599, "recall": 0.7328967727674625, "f1-score": 0.7341381029836039, "support": 105}, "weighted avg": {"precision": 0.7328534034416386, "recall": 0.7238095238095238, "f1-score": 0.7264844191839099, "support": 105}, "classificador": "LinearDiscriminantAnalysis"}