{"casual": {"precision": 0.6153846153846154, "recall": 0.8275862068965517, "f1-score": 0.7058823529411765, "support": 29}, "explosion": {"precision": 0.8787878787878788, "recall": 0.7435897435897436, "f1-score": 0.8055555555555556, "support": 39}, "gunshot": {"precision": 0.9444444444444444, "recall": 0.8095238095238095, "f1-score": 0.8717948717948718, "support": 21}, "siren": {"precision": 0.8666666666666667, "recall": 0.8125, "f1-score": 0.8387096774193549, "support": 16}, "accuracy": 0.7904761904761904, "macro avg": {"precision": 0.8263209013209013, "recall": 0.7982999400025261, "f1-score": 0.8054856144277397, "support": 105}, "weighted avg": {"precision": 0.8173226773226773, "recall": 0.7904761904761904, "f1-score": 0.7963266861748836, "support": 105}, "classificador": "SGDClassifier"}