{"casual": {"precision": 0.574468085106383, "recall": 0.9310344827586207, "f1-score": 0.7105263157894737, "support": 29}, "explosion": {"precision": 0.9629629629629629, "recall": 0.6666666666666666, "f1-score": 0.7878787878787878, "support": 39}, "gunshot": {"precision": 0.8571428571428571, "recall": 0.5714285714285714, "f1-score": 0.6857142857142857, "support": 21}, "siren": {"precision": 0.8823529411764706, "recall": 0.9375, "f1-score": 0.9090909090909091, "support": 16}, "accuracy": 0.7619047619047619, "macro avg": {"precision": 0.8192317115971685, "recall": 0.7766574302134647, "f1-score": 0.7733025746183642, "support": 105}, "weighted avg": {"precision": 0.822216924594897, "recall": 0.7619047619047619, "f1-score": 0.7645522898154478, "support": 105}, "classificador": "Perceptron"}