{"casual": {"precision": 0.6341463414634146, "recall": 0.896551724137931, "f1-score": 0.7428571428571429, "support": 29}, "explosion": {"precision": 0.9259259259259259, "recall": 0.6410256410256411, "f1-score": 0.7575757575757577, "support": 39}, "gunshot": {"precision": 0.8421052631578947, "recall": 0.7619047619047619, "f1-score": 0.8, "support": 21}, "siren": {"precision": 0.8333333333333334, "recall": 0.9375, "f1-score": 0.8823529411764706, "support": 16}, "accuracy": 0.780952380952381, "macro avg": {"precision": 0.8088777159701422, "recall": 0.8092455317670835, "f1-score": 0.7956964604023428, "support": 105}, "weighted avg": {"precision": 0.8144657035542787, "recall": 0.780952380952381, "f1-score": 0.7810091309250974, "support": 105}, "classificador": "SGDClassifier"}