{"casual": {"precision": 0.7058823529411765, "recall": 0.8275862068965517, "f1-score": 0.7619047619047619, "support": 29}, "explosion": {"precision": 0.8974358974358975, "recall": 0.8974358974358975, "f1-score": 0.8974358974358975, "support": 39}, "gunshot": {"precision": 1.0, "recall": 0.7619047619047619, "f1-score": 0.8648648648648648, "support": 21}, "siren": {"precision": 0.9375, "recall": 0.9375, "f1-score": 0.9375, "support": 16}, "accuracy": 0.8571428571428571, "macro avg": {"precision": 0.8852045625942685, "recall": 0.8561067165593028, "f1-score": 0.865426381051381, "support": 105}, "weighted avg": {"precision": 0.8711484593837535, "recall": 0.8571428571428571, "f1-score": 0.8595942881657168, "support": 105}, "classificador": "KNeighborsClassifier"}