{"casual": {"precision": 0.7741935483870968, "recall": 0.8275862068965517, "f1-score": 0.7999999999999999, "support": 29}, "explosion": {"precision": 0.9230769230769231, "recall": 0.9230769230769231, "f1-score": 0.9230769230769231, "support": 39}, "gunshot": {"precision": 0.9411764705882353, "recall": 0.7619047619047619, "f1-score": 0.8421052631578947, "support": 21}, "siren": {"precision": 0.8888888888888888, "recall": 1.0, "f1-score": 0.9411764705882353, "support": 16}, "accuracy": 0.8761904761904762, "macro avg": {"precision": 0.881833957735286, "recall": 0.8781419729695592, "f1-score": 0.8765896642057633, "support": 105}, "weighted avg": {"precision": 0.8803670572171521, "recall": 0.8761904761904762, "f1-score": 0.8756479433878815, "support": 105}, "classificador": "KNeighborsClassifier"}