{"casual": {"precision": 0.46875, "recall": 0.5172413793103449, "f1-score": 0.4918032786885246, "support": 29}, "explosion": {"precision": 0.5535714285714286, "recall": 0.7948717948717948, "f1-score": 0.6526315789473683, "support": 39}, "gunshot": {"precision": 0.0, "recall": 0.0, "f1-score": 0.0, "support": 21}, "siren": {"precision": 0.7647058823529411, "recall": 0.8125, "f1-score": 0.787878787878788, "support": 16}, "accuracy": 0.5619047619047619, "macro avg": {"precision": 0.44675682773109243, "recall": 0.531153293545535, "f1-score": 0.48307841137867025, "support": 105}, "weighted avg": {"precision": 0.4516031412565026, "recall": 0.5619047619047619, "f1-score": 0.4982951168283351, "support": 105}, "classificador": "SGDClassifier"}