{"casual": {"precision": 0.575, "recall": 0.7931034482758621, "f1-score": 0.6666666666666666, "support": 29}, "explosion": {"precision": 0.8461538461538461, "recall": 0.8461538461538461, "f1-score": 0.8461538461538461, "support": 39}, "gunshot": {"precision": 0.5555555555555556, "recall": 0.23809523809523808, "f1-score": 0.33333333333333326, "support": 21}, "siren": {"precision": 0.8823529411764706, "recall": 0.9375, "f1-score": 0.9090909090909091, "support": 16}, "accuracy": 0.7238095238095238, "macro avg": {"precision": 0.7147655857214681, "recall": 0.7037131331312366, "f1-score": 0.6888111888111887, "support": 105}, "weighted avg": {"precision": 0.7186601307189543, "recall": 0.7238095238095238, "f1-score": 0.7036075036075036, "support": 105}, "classificador": "BaggingClassifier"}