{"casual": {"precision": 0.5348837209302325, "recall": 0.7931034482758621, "f1-score": 0.6388888888888888, "support": 29}, "explosion": {"precision": 0.5777777777777777, "recall": 0.6666666666666666, "f1-score": 0.619047619047619, "support": 39}, "gunshot": {"precision": 0.0, "recall": 0.0, "f1-score": 0.0, "support": 21}, "siren": {"precision": 0.875, "recall": 0.875, "f1-score": 0.875, "support": 16}, "accuracy": 0.6, "macro avg": {"precision": 0.49691537467700253, "recall": 0.5836925287356322, "f1-score": 0.533234126984127, "support": 105}, "weighted avg": {"precision": 0.4956662975267626, "recall": 0.6, "f1-score": 0.5397203325774753, "support": 105}, "classificador": "SGDClassifier"}