{"casual": {"precision": 0.6176470588235294, "recall": 0.7241379310344828, "f1-score": 0.6666666666666667, "support": 29}, "explosion": {"precision": 0.8648648648648649, "recall": 0.8205128205128205, "f1-score": 0.8421052631578947, "support": 39}, "gunshot": {"precision": 1.0, "recall": 0.7142857142857143, "f1-score": 0.8333333333333333, "support": 21}, "siren": {"precision": 0.8421052631578947, "recall": 1.0, "f1-score": 0.9142857142857143, "support": 16}, "accuracy": 0.8, "macro avg": {"precision": 0.8311542967115723, "recall": 0.8147341164582544, "f1-score": 0.8140977443609022, "support": 105}, "weighted avg": {"precision": 0.8201445585346515, "recall": 0.8, "f1-score": 0.8028953335720254, "support": 105}, "classificador": "LinearDiscriminantAnalysis"}