{"casual": {"precision": 0.7352941176470589, "recall": 0.8620689655172413, "f1-score": 0.7936507936507937, "support": 29}, "explosion": {"precision": 0.9142857142857143, "recall": 0.8205128205128205, "f1-score": 0.8648648648648648, "support": 39}, "gunshot": {"precision": 0.9444444444444444, "recall": 0.8095238095238095, "f1-score": 0.8717948717948718, "support": 21}, "siren": {"precision": 0.8888888888888888, "recall": 1.0, "f1-score": 0.9411764705882353, "support": 16}, "accuracy": 0.8571428571428571, "macro avg": {"precision": 0.8707282913165265, "recall": 0.8730263988884679, "f1-score": 0.8678717502246913, "support": 105}, "weighted avg": {"precision": 0.8670116935663154, "recall": 0.8571428571428571, "f1-score": 0.8582106531686363, "support": 105}, "classificador": "KNeighborsClassifier"}