{"casual": {"precision": 0.7647058823529411, "recall": 0.896551724137931, "f1-score": 0.8253968253968255, "support": 29}, "explosion": {"precision": 0.9473684210526315, "recall": 0.9230769230769231, "f1-score": 0.935064935064935, "support": 39}, "gunshot": {"precision": 1.0, "recall": 0.7142857142857143, "f1-score": 0.8333333333333333, "support": 21}, "siren": {"precision": 0.8888888888888888, "recall": 1.0, "f1-score": 0.9411764705882353, "support": 16}, "accuracy": 0.8857142857142857, "macro avg": {"precision": 0.9002407980736153, "recall": 0.8834785903751421, "f1-score": 0.8837428910958323, "support": 105}, "weighted avg": {"precision": 0.8985339164905727, "recall": 0.8857142857142857, "f1-score": 0.8853606088900207, "support": 105}, "classificador": "KNeighborsClassifier"}