{"casual": {"precision": 0.7352941176470589, "recall": 0.8620689655172413, "f1-score": 0.7936507936507937, "support": 29}, "explosion": {"precision": 0.9722222222222222, "recall": 0.8974358974358975, "f1-score": 0.9333333333333333, "support": 39}, "gunshot": {"precision": 0.9375, "recall": 0.7142857142857143, "f1-score": 0.8108108108108109, "support": 21}, "siren": {"precision": 0.8421052631578947, "recall": 1.0, "f1-score": 0.9142857142857143, "support": 16}, "accuracy": 0.8666666666666667, "macro avg": {"precision": 0.871780400756794, "recall": 0.8684476443097133, "f1-score": 0.863020163020163, "support": 105}, "weighted avg": {"precision": 0.8800131456091208, "recall": 0.8666666666666667, "f1-score": 0.8673473473473474, "support": 105}, "classificador": "KNeighborsClassifier"}