{"casual": {"precision": 0.5333333333333333, "recall": 0.8275862068965517, "f1-score": 0.6486486486486487, "support": 29}, "explosion": {"precision": 0.8518518518518519, "recall": 0.5897435897435898, "f1-score": 0.6969696969696971, "support": 39}, "gunshot": {"precision": 0.8823529411764706, "recall": 0.7142857142857143, "f1-score": 0.7894736842105262, "support": 21}, "siren": {"precision": 0.875, "recall": 0.875, "f1-score": 0.875, "support": 16}, "accuracy": 0.7238095238095238, "macro avg": {"precision": 0.785634531590414, "recall": 0.751653877731464, "f1-score": 0.752523007457218, "support": 105}, "weighted avg": {"precision": 0.7735076252723311, "recall": 0.7238095238095238, "f1-score": 0.7292531082004766, "support": 105}, "classificador": "Perceptron"}