{"casual": {"precision": 0.5757575757575758, "recall": 0.6551724137931034, "f1-score": 0.6129032258064515, "support": 29}, "explosion": {"precision": 0.9032258064516129, "recall": 0.717948717948718, "f1-score": 0.8, "support": 39}, "gunshot": {"precision": 0.5833333333333334, "recall": 0.3333333333333333, "f1-score": 0.4242424242424242, "support": 21}, "siren": {"precision": 0.5517241379310345, "recall": 1.0, "f1-score": 0.7111111111111111, "support": 16}, "accuracy": 0.6666666666666666, "macro avg": {"precision": 0.6535102133683892, "recall": 0.6766136162687886, "f1-score": 0.6370641902899967, "support": 105}, "weighted avg": {"precision": 0.6952415462426587, "recall": 0.6666666666666666, "f1-score": 0.6596291641452932, "support": 105}, "classificador": "Perceptron"}