{"casual": {"precision": 0.5909090909090909, "recall": 0.4482758620689655, "f1-score": 0.5098039215686274, "support": 29}, "explosion": {"precision": 0.8064516129032258, "recall": 0.6410256410256411, "f1-score": 0.7142857142857142, "support": 39}, "gunshot": {"precision": 0.40540540540540543, "recall": 0.7142857142857143, "f1-score": 0.5172413793103449, "support": 21}, "siren": {"precision": 0.7333333333333333, "recall": 0.6875, "f1-score": 0.7096774193548386, "support": 16}, "accuracy": 0.6095238095238096, "macro avg": {"precision": 0.6340248606377639, "recall": 0.6227718043450803, "f1-score": 0.6127521086298813, "support": 105}, "weighted avg": {"precision": 0.6555697465374885, "recall": 0.6095238095238096, "f1-score": 0.6176987072174068, "support": 105}, "classificador": "LinearDiscriminantAnalysis"}