{"casual": {"precision": 0.5116279069767442, "recall": 0.7586206896551724, "f1-score": 0.6111111111111112, "support": 29}, "explosion": {"precision": 0.95, "recall": 0.48717948717948717, "f1-score": 0.6440677966101694, "support": 39}, "gunshot": {"precision": 0.6, "recall": 0.42857142857142855, "f1-score": 0.5, "support": 21}, "siren": {"precision": 0.5925925925925926, "recall": 1.0, "f1-score": 0.7441860465116279, "support": 16}, "accuracy": 0.6285714285714286, "macro avg": {"precision": 0.6635551248923341, "recall": 0.668592901351522, "f1-score": 0.6248412385582272, "support": 105}, "weighted avg": {"precision": 0.7044637217505435, "recall": 0.6285714285714286, "f1-score": 0.6214080288971895, "support": 105}, "classificador": "Perceptron"}