{"casual": {"precision": 0.6190476190476191, "recall": 0.4482758620689655, "f1-score": 0.52, "support": 29}, "explosion": {"precision": 0.8181818181818182, "recall": 0.6923076923076923, "f1-score": 0.7500000000000001, "support": 39}, "gunshot": {"precision": 0.42105263157894735, "recall": 0.7619047619047619, "f1-score": 0.5423728813559322, "support": 21}, "siren": {"precision": 0.6153846153846154, "recall": 0.5, "f1-score": 0.5517241379310345, "support": 16}, "accuracy": 0.6095238095238096, "macro avg": {"precision": 0.61841667104825, "recall": 0.6006220790703549, "f1-score": 0.5910242548217417, "support": 105}, "weighted avg": {"precision": 0.6528545806741295, "recall": 0.6095238095238096, "f1-score": 0.6147373020511536, "support": 105}, "classificador": "LinearDiscriminantAnalysis"}