{"casual": {"precision": 0.5714285714285714, "recall": 0.5517241379310345, "f1-score": 0.5614035087719299, "support": 29}, "explosion": {"precision": 0.8125, "recall": 0.6666666666666666, "f1-score": 0.7323943661971831, "support": 39}, "gunshot": {"precision": 0.7777777777777778, "recall": 0.6666666666666666, "f1-score": 0.717948717948718, "support": 21}, "siren": {"precision": 0.5925925925925926, "recall": 1.0, "f1-score": 0.7441860465116279, "support": 16}, "accuracy": 0.6857142857142857, "macro avg": {"precision": 0.6885747354497355, "recall": 0.7212643678160919, "f1-score": 0.6889831598573647, "support": 105}, "weighted avg": {"precision": 0.7054642227261274, "recall": 0.6857142857142857, "f1-score": 0.6840760176874783, "support": 105}, "classificador": "SGDClassifier"}