{"casual": {"precision": 0.6896551724137931, "recall": 0.6896551724137931, "f1-score": 0.6896551724137931, "support": 29}, "explosion": {"precision": 0.9142857142857143, "recall": 0.8205128205128205, "f1-score": 0.8648648648648648, "support": 39}, "gunshot": {"precision": 0.5555555555555556, "recall": 0.7142857142857143, "f1-score": 0.6250000000000001, "support": 21}, "siren": {"precision": 0.8571428571428571, "recall": 0.75, "f1-score": 0.7999999999999999, "support": 16}, "accuracy": 0.7523809523809524, "macro avg": {"precision": 0.75415982484948, "recall": 0.743613426803082, "f1-score": 0.7448800093196645, "support": 105}, "weighted avg": {"precision": 0.7717913832199547, "recall": 0.7523809523809524, "f1-score": 0.7586164736164736, "support": 105}, "classificador": "KNeighborsClassifier"}