{"casual": {"precision": 0.5555555555555556, "recall": 0.5172413793103449, "f1-score": 0.5357142857142857, "support": 29}, "explosion": {"precision": 0.78125, "recall": 0.6410256410256411, "f1-score": 0.7042253521126761, "support": 39}, "gunshot": {"precision": 0.7857142857142857, "recall": 0.5238095238095238, "f1-score": 0.6285714285714286, "support": 21}, "siren": {"precision": 0.5, "recall": 1.0, "f1-score": 0.6666666666666666, "support": 16}, "accuracy": 0.638095238095238, "macro avg": {"precision": 0.6556299603174603, "recall": 0.6705191360363775, "f1-score": 0.6337944332662643, "support": 105}, "weighted avg": {"precision": 0.6769510582010583, "recall": 0.638095238095238, "f1-score": 0.6368301874740506, "support": 105}, "classificador": "SGDClassifier"}