{"casual": {"precision": 0.7142857142857143, "recall": 0.6896551724137931, "f1-score": 0.7017543859649122, "support": 29}, "explosion": {"precision": 0.9696969696969697, "recall": 0.8205128205128205, "f1-score": 0.8888888888888888, "support": 39}, "gunshot": {"precision": 0.7, "recall": 0.6666666666666666, "f1-score": 0.6829268292682926, "support": 21}, "siren": {"precision": 0.6666666666666666, "recall": 1.0, "f1-score": 0.8, "support": 16}, "accuracy": 0.780952380952381, "macro avg": {"precision": 0.7626623376623377, "recall": 0.7942086648983201, "f1-score": 0.7683925260305233, "support": 105}, "weighted avg": {"precision": 0.7990393733250877, "recall": 0.780952380952381, "f1-score": 0.7824667359455549, "support": 105}, "classificador": "SVC"}