{"casual": {"precision": 0.6129032258064516, "recall": 0.6551724137931034, "f1-score": 0.6333333333333333, "support": 29}, "explosion": {"precision": 0.8378378378378378, "recall": 0.7948717948717948, "f1-score": 0.8157894736842105, "support": 39}, "gunshot": {"precision": 0.8333333333333334, "recall": 0.7142857142857143, "f1-score": 0.7692307692307692, "support": 21}, "siren": {"precision": 0.7894736842105263, "recall": 0.9375, "f1-score": 0.8571428571428572, "support": 16}, "accuracy": 0.7619047619047619, "macro avg": {"precision": 0.7683870202970373, "recall": 0.7754574807376532, "f1-score": 0.7688741083477926, "support": 105}, "weighted avg": {"precision": 0.76744236353744, "recall": 0.7619047619047619, "f1-score": 0.7623865524617405, "support": 105}, "classificador": "SGDClassifier"}