{"casual": {"precision": 0.5294117647058824, "recall": 0.6206896551724138, "f1-score": 0.5714285714285715, "support": 29}, "explosion": {"precision": 0.8064516129032258, "recall": 0.6410256410256411, "f1-score": 0.7142857142857142, "support": 39}, "gunshot": {"precision": 0.7777777777777778, "recall": 0.6666666666666666, "f1-score": 0.717948717948718, "support": 21}, "siren": {"precision": 0.6818181818181818, "recall": 0.9375, "f1-score": 0.7894736842105263, "support": 16}, "accuracy": 0.6857142857142857, "macro avg": {"precision": 0.6988648343012669, "recall": 0.7164704907161804, "f1-score": 0.6982841719683825, "support": 105}, "weighted avg": {"precision": 0.7052093173535299, "recall": 0.6857142857142857, "f1-score": 0.6870197471701232, "support": 105}, "classificador": "Perceptron"}