{"casual": {"precision": 0.7241379310344828, "recall": 0.7241379310344828, "f1-score": 0.7241379310344829, "support": 29}, "explosion": {"precision": 0.9142857142857143, "recall": 0.8205128205128205, "f1-score": 0.8648648648648648, "support": 39}, "gunshot": {"precision": 0.6956521739130435, "recall": 0.7619047619047619, "f1-score": 0.7272727272727272, "support": 21}, "siren": {"precision": 0.8333333333333334, "recall": 0.9375, "f1-score": 0.8823529411764706, "support": 16}, "accuracy": 0.8, "macro avg": {"precision": 0.7918522881416435, "recall": 0.8110138783630163, "f1-score": 0.7996571160871363, "support": 105}, "weighted avg": {"precision": 0.8057063985014294, "recall": 0.8, "f1-score": 0.8011438482026717, "support": 105}, "classificador": "KNeighborsClassifier"}