{"casual": {"precision": 0.5428571428571428, "recall": 0.6551724137931034, "f1-score": 0.5937499999999999, "support": 29}, "explosion": {"precision": 0.8055555555555556, "recall": 0.7435897435897436, "f1-score": 0.7733333333333334, "support": 39}, "gunshot": {"precision": 0.9375, "recall": 0.7142857142857143, "f1-score": 0.8108108108108109, "support": 21}, "siren": {"precision": 0.7777777777777778, "recall": 0.875, "f1-score": 0.823529411764706, "support": 16}, "accuracy": 0.7333333333333333, "macro avg": {"precision": 0.765922619047619, "recall": 0.7470119679171403, "f1-score": 0.7503558889772126, "support": 105}, "weighted avg": {"precision": 0.7551568405139835, "recall": 0.7333333333333333, "f1-score": 0.7388785487167839, "support": 105}, "classificador": "SGDClassifier"}