{"casual": {"precision": 0.6071428571428571, "recall": 0.5862068965517241, "f1-score": 0.5964912280701754, "support": 29}, "explosion": {"precision": 0.8285714285714286, "recall": 0.7435897435897436, "f1-score": 0.7837837837837838, "support": 39}, "gunshot": {"precision": 0.6666666666666666, "recall": 0.7619047619047619, "f1-score": 0.7111111111111111, "support": 21}, "siren": {"precision": 0.8888888888888888, "recall": 1.0, "f1-score": 0.9411764705882353, "support": 16}, "accuracy": 0.7428571428571429, "macro avg": {"precision": 0.7478174603174603, "recall": 0.7729253505115574, "f1-score": 0.7581406483883264, "support": 105}, "weighted avg": {"precision": 0.7442252456538171, "recall": 0.7428571428571429, "f1-score": 0.7415044766128357, "support": 105}, "classificador": "SGDClassifier"}