{"casual": {"precision": 0.6, "recall": 0.7241379310344828, "f1-score": 0.65625, "support": 29}, "explosion": {"precision": 0.8787878787878788, "recall": 0.7435897435897436, "f1-score": 0.8055555555555556, "support": 39}, "gunshot": {"precision": 0.8333333333333334, "recall": 0.7142857142857143, "f1-score": 0.7692307692307692, "support": 21}, "siren": {"precision": 0.7894736842105263, "recall": 0.9375, "f1-score": 0.8571428571428572, "support": 16}, "accuracy": 0.7619047619047619, "macro avg": {"precision": 0.7753987240829345, "recall": 0.7798783472274852, "f1-score": 0.7720447954822954, "support": 105}, "weighted avg": {"precision": 0.779088630667578, "recall": 0.7619047619047619, "f1-score": 0.7649147479504623, "support": 105}, "classificador": "LinearDiscriminantAnalysis"}