{"casual": {"precision": 0.7419354838709677, "recall": 0.7931034482758621, "f1-score": 0.7666666666666667, "support": 29}, "explosion": {"precision": 0.9210526315789473, "recall": 0.8974358974358975, "f1-score": 0.9090909090909091, "support": 39}, "gunshot": {"precision": 0.9444444444444444, "recall": 0.8095238095238095, "f1-score": 0.8717948717948718, "support": 21}, "siren": {"precision": 0.8888888888888888, "recall": 1.0, "f1-score": 0.9411764705882353, "support": 16}, "accuracy": 0.8666666666666667, "macro avg": {"precision": 0.8740803621958121, "recall": 0.8750157888088923, "f1-score": 0.8721822295351707, "support": 105}, "weighted avg": {"precision": 0.8713594020894528, "recall": 0.8666666666666667, "f1-score": 0.8671847107141225, "support": 105}, "classificador": "KNeighborsClassifier"}