{"casual": {"precision": 0.48936170212765956, "recall": 0.7931034482758621, "f1-score": 0.6052631578947368, "support": 29}, "explosion": {"precision": 0.92, "recall": 0.5897435897435898, "f1-score": 0.71875, "support": 39}, "gunshot": {"precision": 0.875, "recall": 0.6666666666666666, "f1-score": 0.7567567567567567, "support": 21}, "siren": {"precision": 0.7058823529411765, "recall": 0.75, "f1-score": 0.7272727272727272, "support": 16}, "accuracy": 0.6857142857142857, "macro avg": {"precision": 0.7475610137672091, "recall": 0.6998784261715296, "f1-score": 0.7020106604810551, "support": 105}, "weighted avg": {"precision": 0.7594343524643901, "recall": 0.6857142857142857, "f1-score": 0.6963060676876467, "support": 105}, "classificador": "Perceptron"}