{"casual": {"precision": 0.5666666666666667, "recall": 0.5862068965517241, "f1-score": 0.576271186440678, "support": 29}, "explosion": {"precision": 0.8235294117647058, "recall": 0.717948717948718, "f1-score": 0.767123287671233, "support": 39}, "gunshot": {"precision": 0.7272727272727273, "recall": 0.7619047619047619, "f1-score": 0.7441860465116279, "support": 21}, "siren": {"precision": 0.8421052631578947, "recall": 1.0, "f1-score": 0.9142857142857143, "support": 16}, "accuracy": 0.7333333333333333, "macro avg": {"precision": 0.7398935172154986, "recall": 0.766515094101301, "f1-score": 0.7504665587273133, "support": 105}, "weighted avg": {"precision": 0.736165636908671, "recall": 0.7333333333333333, "f1-score": 0.7322490574406987, "support": 105}, "classificador": "SGDClassifier"}