{"casual": {"precision": 0.5428571428571428, "recall": 0.6551724137931034, "f1-score": 0.5937499999999999, "support": 29}, "explosion": {"precision": 0.8181818181818182, "recall": 0.6923076923076923, "f1-score": 0.7500000000000001, "support": 39}, "gunshot": {"precision": 0.8235294117647058, "recall": 0.6666666666666666, "f1-score": 0.7368421052631577, "support": 21}, "siren": {"precision": 0.8, "recall": 1.0, "f1-score": 0.888888888888889, "support": 16}, "accuracy": 0.7238095238095238, "macro avg": {"precision": 0.7461420932009166, "recall": 0.7535366931918656, "f1-score": 0.7423702485380116, "support": 105}, "weighted avg": {"precision": 0.7404387209429226, "recall": 0.7238095238095238, "f1-score": 0.7253776803118909, "support": 105}, "classificador": "LinearDiscriminantAnalysis"}