{"casual": {"precision": 0.65625, "recall": 0.7241379310344828, "f1-score": 0.6885245901639345, "support": 29}, "explosion": {"precision": 0.918918918918919, "recall": 0.8717948717948718, "f1-score": 0.8947368421052632, "support": 39}, "gunshot": {"precision": 0.875, "recall": 0.6666666666666666, "f1-score": 0.7567567567567567, "support": 21}, "siren": {"precision": 0.8, "recall": 1.0, "f1-score": 0.888888888888889, "support": 16}, "accuracy": 0.8095238095238095, "macro avg": {"precision": 0.8125422297297298, "recall": 0.8156498673740052, "f1-score": 0.8072267694787107, "support": 105}, "weighted avg": {"precision": 0.8194675032175032, "recall": 0.8095238095238095, "f1-score": 0.8092958482949855, "support": 105}, "classificador": "SVC"}