{"casual": {"precision": 0.4857142857142857, "recall": 0.5862068965517241, "f1-score": 0.53125, "support": 29}, "explosion": {"precision": 0.7352941176470589, "recall": 0.6410256410256411, "f1-score": 0.6849315068493151, "support": 39}, "gunshot": {"precision": 0.8, "recall": 0.19047619047619047, "f1-score": 0.3076923076923077, "support": 21}, "siren": {"precision": 0.5161290322580645, "recall": 1.0, "f1-score": 0.6808510638297872, "support": 16}, "accuracy": 0.5904761904761905, "macro avg": {"precision": 0.6342843589048522, "recall": 0.6044271820133889, "f1-score": 0.5511812195928525, "support": 105}, "weighted avg": {"precision": 0.6459071370483677, "recall": 0.5904761904761905, "f1-score": 0.5664165166660795, "support": 105}, "classificador": "LinearSVC"}