{"casual": {"precision": 0.4032258064516129, "recall": 0.8620689655172413, "f1-score": 0.5494505494505495, "support": 29}, "explosion": {"precision": 0.9090909090909091, "recall": 0.5128205128205128, "f1-score": 0.6557377049180326, "support": 39}, "gunshot": {"precision": 0.5263157894736842, "recall": 0.47619047619047616, "f1-score": 0.5, "support": 21}, "siren": {"precision": 1.0, "recall": 0.125, "f1-score": 0.2222222222222222, "support": 16}, "accuracy": 0.5428571428571428, "macro avg": {"precision": 0.7096581262540516, "recall": 0.49401998863205754, "f1-score": 0.48185261914770106, "support": 105}, "weighted avg": {"precision": 0.7066735754341867, "recall": 0.5428571428571428, "f1-score": 0.529175161727855, "support": 105}, "classificador": "KNeighborsClassifier"}