{"casual": {"precision": 0.4358974358974359, "recall": 0.5862068965517241, "f1-score": 0.5, "support": 29}, "explosion": {"precision": 0.71875, "recall": 0.5897435897435898, "f1-score": 0.6478873239436619, "support": 39}, "gunshot": {"precision": 0.8333333333333334, "recall": 0.23809523809523808, "f1-score": 0.37037037037037035, "support": 21}, "siren": {"precision": 0.5714285714285714, "recall": 1.0, "f1-score": 0.7272727272727273, "support": 16}, "accuracy": 0.580952380952381, "macro avg": {"precision": 0.6398523351648351, "recall": 0.6035114310976379, "f1-score": 0.5613826053966899, "support": 105}, "weighted avg": {"precision": 0.6410965027036456, "recall": 0.580952380952381, "f1-score": 0.5636356861708974, "support": 105}, "classificador": "LinearSVC"}