{"casual": {"precision": 0.32098765432098764, "recall": 0.896551724137931, "f1-score": 0.4727272727272727, "support": 29}, "explosion": {"precision": 0.8823529411764706, "recall": 0.38461538461538464, "f1-score": 0.5357142857142858, "support": 39}, "gunshot": {"precision": 0.0, "recall": 0.0, "f1-score": 0.0, "support": 21}, "siren": {"precision": 0.6666666666666666, "recall": 0.25, "f1-score": 0.36363636363636365, "support": 16}, "accuracy": 0.42857142857142855, "macro avg": {"precision": 0.4675018155410312, "recall": 0.3827917771883289, "f1-score": 0.3430194805194805, "support": 105}, "weighted avg": {"precision": 0.5179721271224539, "recall": 0.42857142857142855, "f1-score": 0.3849536178107607, "support": 105}, "classificador": "BaggingClassifier"}