{"casual": {"precision": 0.36538461538461536, "recall": 0.6551724137931034, "f1-score": 0.4691358024691357, "support": 29}, "explosion": {"precision": 0.6444444444444445, "recall": 0.7435897435897436, "f1-score": 0.6904761904761906, "support": 39}, "gunshot": {"precision": 0.0, "recall": 0.0, "f1-score": 0.0, "support": 21}, "siren": {"precision": 0.875, "recall": 0.4375, "f1-score": 0.5833333333333334, "support": 16}, "accuracy": 0.5238095238095238, "macro avg": {"precision": 0.47120726495726495, "recall": 0.45906553934571176, "f1-score": 0.43573633156966496, "support": 105}, "weighted avg": {"precision": 0.47361416361416364, "recall": 0.5238095238095238, "f1-score": 0.4749223146048543, "support": 105}, "classificador": "SGDClassifier"}