{"casual": {"precision": 0.3048780487804878, "recall": 0.8620689655172413, "f1-score": 0.45045045045045046, "support": 29}, "explosion": {"precision": 0.8666666666666667, "recall": 0.3333333333333333, "f1-score": 0.48148148148148145, "support": 39}, "gunshot": {"precision": 0.0, "recall": 0.0, "f1-score": 0.0, "support": 21}, "siren": {"precision": 0.5714285714285714, "recall": 0.25, "f1-score": 0.34782608695652173, "support": 16}, "accuracy": 0.4, "macro avg": {"precision": 0.4357433217189315, "recall": 0.36135057471264365, "f1-score": 0.3199395047221134, "support": 105}, "weighted avg": {"precision": 0.49318400530944095, "recall": 0.4, "f1-score": 0.35624817363947797, "support": 105}, "classificador": "BaggingClassifier"}