{"casual": {"precision": 0.4186046511627907, "recall": 0.6206896551724138, "f1-score": 0.5, "support": 29}, "explosion": {"precision": 0.631578947368421, "recall": 0.6153846153846154, "f1-score": 0.6233766233766234, "support": 39}, "gunshot": {"precision": 0.5, "recall": 0.047619047619047616, "f1-score": 0.08695652173913042, "support": 21}, "siren": {"precision": 0.7272727272727273, "recall": 1.0, "f1-score": 0.8421052631578948, "support": 16}, "accuracy": 0.5619047619047619, "macro avg": {"precision": 0.5693640814509848, "recall": 0.5709233295440193, "f1-score": 0.5131096020684122, "support": 105}, "weighted avg": {"precision": 0.5610235949281237, "recall": 0.5619047619047619, "f1-score": 0.5153472331308225, "support": 105}, "classificador": "Perceptron"}