{"casual": {"precision": 0.43243243243243246, "recall": 0.5517241379310345, "f1-score": 0.48484848484848486, "support": 29}, "explosion": {"precision": 0.78125, "recall": 0.6410256410256411, "f1-score": 0.7042253521126761, "support": 39}, "gunshot": {"precision": 0.6, "recall": 0.14285714285714285, "f1-score": 0.23076923076923073, "support": 21}, "siren": {"precision": 0.4838709677419355, "recall": 0.9375, "f1-score": 0.6382978723404255, "support": 16}, "accuracy": 0.5619047619047619, "macro avg": {"precision": 0.574388350043592, "recall": 0.5682767304534546, "f1-score": 0.5145352350177043, "support": 105}, "weighted avg": {"precision": 0.6033450097563001, "recall": 0.5619047619047619, "f1-score": 0.5388982342533436, "support": 105}, "classificador": "Perceptron"}