{"casual": {"precision": 0.4411764705882353, "recall": 0.5172413793103449, "f1-score": 0.47619047619047616, "support": 29}, "explosion": {"precision": 0.7352941176470589, "recall": 0.6410256410256411, "f1-score": 0.6849315068493151, "support": 39}, "gunshot": {"precision": 1.0, "recall": 0.14285714285714285, "f1-score": 0.25, "support": 21}, "siren": {"precision": 0.4411764705882353, "recall": 0.9375, "f1-score": 0.6, "support": 16}, "accuracy": 0.5523809523809524, "macro avg": {"precision": 0.6544117647058825, "recall": 0.5596560407982822, "f1-score": 0.5027804957599479, "support": 105}, "weighted avg": {"precision": 0.6621848739495798, "recall": 0.5523809523809524, "f1-score": 0.5273509769204485, "support": 105}, "classificador": "LinearSVC"}