{"casual": {"precision": 0.47058823529411764, "recall": 0.5517241379310345, "f1-score": 0.507936507936508, "support": 29}, "explosion": {"precision": 0.7878787878787878, "recall": 0.6666666666666666, "f1-score": 0.7222222222222221, "support": 39}, "gunshot": {"precision": 1.0, "recall": 0.19047619047619047, "f1-score": 0.32, "support": 21}, "siren": {"precision": 0.47058823529411764, "recall": 1.0, "f1-score": 0.6399999999999999, "support": 16}, "accuracy": 0.5904761904761905, "macro avg": {"precision": 0.6822638146167558, "recall": 0.6022167487684729, "f1-score": 0.5475396825396825, "support": 105}, "weighted avg": {"precision": 0.6943213649096003, "recall": 0.5904761904761905, "f1-score": 0.5700650037792894, "support": 105}, "classificador": "Perceptron"}