{"casual": {"precision": 0.5555555555555556, "recall": 0.6896551724137931, "f1-score": 0.6153846153846154, "support": 29}, "explosion": {"precision": 0.7073170731707317, "recall": 0.7435897435897436, "f1-score": 0.725, "support": 39}, "gunshot": {"precision": 0.875, "recall": 0.3333333333333333, "f1-score": 0.48275862068965514, "support": 21}, "siren": {"precision": 0.7, "recall": 0.875, "f1-score": 0.7777777777777777, "support": 16}, "accuracy": 0.6666666666666666, "macro avg": {"precision": 0.7094681571815717, "recall": 0.6603945623342176, "f1-score": 0.6502302534630121, "support": 105}, "weighted avg": {"precision": 0.6978235901406633, "recall": 0.6666666666666666, "f1-score": 0.6543193269055338, "support": 105}, "classificador": "Perceptron"}