{"casual": {"precision": 0.7352941176470589, "recall": 0.8620689655172413, "f1-score": 0.7936507936507937, "support": 29}, "explosion": {"precision": 0.95, "recall": 0.9743589743589743, "f1-score": 0.9620253164556962, "support": 39}, "gunshot": {"precision": 1.0, "recall": 0.6666666666666666, "f1-score": 0.8, "support": 21}, "siren": {"precision": 0.8235294117647058, "recall": 0.875, "f1-score": 0.8484848484848485, "support": 16}, "accuracy": 0.8666666666666667, "macro avg": {"precision": 0.8772058823529412, "recall": 0.8445236516357205, "f1-score": 0.8510402396478347, "support": 105}, "weighted avg": {"precision": 0.8814285714285715, "recall": 0.8666666666666667, "f1-score": 0.86581540888955, "support": 105}, "classificador": "BaggingClassifier"}