{"casual": {"precision": 0.6756756756756757, "recall": 0.8620689655172413, "f1-score": 0.7575757575757576, "support": 29}, "explosion": {"precision": 0.8461538461538461, "recall": 0.8461538461538461, "f1-score": 0.8461538461538461, "support": 39}, "gunshot": {"precision": 1.0, "recall": 0.7619047619047619, "f1-score": 0.8648648648648648, "support": 21}, "siren": {"precision": 0.9230769230769231, "recall": 0.75, "f1-score": 0.8275862068965517, "support": 16}, "accuracy": 0.819047619047619, "macro avg": {"precision": 0.8612266112266111, "recall": 0.8050318933939623, "f1-score": 0.824045168872755, "support": 105}, "weighted avg": {"precision": 0.8415602415602417, "recall": 0.819047619047619, "f1-score": 0.8226022708781329, "support": 105}, "classificador": "KNeighborsClassifier"}