{"casual": {"precision": 0.5862068965517241, "recall": 0.5862068965517241, "f1-score": 0.5862068965517241, "support": 29}, "explosion": {"precision": 0.8, "recall": 0.717948717948718, "f1-score": 0.7567567567567569, "support": 39}, "gunshot": {"precision": 0.6086956521739131, "recall": 0.6666666666666666, "f1-score": 0.6363636363636365, "support": 21}, "siren": {"precision": 0.8333333333333334, "recall": 0.9375, "f1-score": 0.8823529411764706, "support": 16}, "accuracy": 0.7047619047619048, "macro avg": {"precision": 0.7070589705147426, "recall": 0.7270805702917772, "f1-score": 0.715420057712147, "support": 105}, "weighted avg": {"precision": 0.7077708764665286, "recall": 0.7047619047619048, "f1-score": 0.7047123517711753, "support": 105}, "classificador": "Perceptron"}