{"casual": {"precision": 0.5714285714285714, "recall": 0.5517241379310345, "f1-score": 0.5614035087719299, "support": 29}, "explosion": {"precision": 0.8108108108108109, "recall": 0.7692307692307693, "f1-score": 0.7894736842105263, "support": 39}, "gunshot": {"precision": 0.75, "recall": 0.7142857142857143, "f1-score": 0.7317073170731706, "support": 21}, "siren": {"precision": 0.8, "recall": 1.0, "f1-score": 0.888888888888889, "support": 16}, "accuracy": 0.7333333333333333, "macro avg": {"precision": 0.7330598455598456, "recall": 0.7588101553618796, "f1-score": 0.7428683497361289, "support": 105}, "weighted avg": {"precision": 0.7308861923147637, "recall": 0.7333333333333333, "f1-score": 0.73007858399386, "support": 105}, "classificador": "SGDClassifier"}