{"casual": {"precision": 0.6206896551724138, "recall": 0.6206896551724138, "f1-score": 0.6206896551724138, "support": 29}, "explosion": {"precision": 0.7419354838709677, "recall": 0.5897435897435898, "f1-score": 0.6571428571428573, "support": 39}, "gunshot": {"precision": 0.4482758620689655, "recall": 0.6190476190476191, "f1-score": 0.52, "support": 21}, "siren": {"precision": 0.8125, "recall": 0.8125, "f1-score": 0.8125, "support": 16}, "accuracy": 0.638095238095238, "macro avg": {"precision": 0.6558502502780867, "recall": 0.6604952159909057, "f1-score": 0.6525831280788178, "support": 105}, "weighted avg": {"precision": 0.6604693045182479, "recall": 0.638095238095238, "f1-score": 0.6433197278911565, "support": 105}, "classificador": "LinearDiscriminantAnalysis"}