{"casual": {"precision": 0.5121951219512195, "recall": 0.7241379310344828, "f1-score": 0.6000000000000001, "support": 29}, "explosion": {"precision": 0.7407407407407407, "recall": 0.5128205128205128, "f1-score": 0.6060606060606061, "support": 39}, "gunshot": {"precision": 0.6470588235294118, "recall": 0.5238095238095238, "f1-score": 0.5789473684210527, "support": 21}, "siren": {"precision": 0.7, "recall": 0.875, "f1-score": 0.7777777777777777, "support": 16}, "accuracy": 0.6285714285714286, "macro avg": {"precision": 0.649998671555343, "recall": 0.6589419919161298, "f1-score": 0.6406964380648591, "support": 105}, "weighted avg": {"precision": 0.6526741211389705, "recall": 0.6285714285714286, "f1-score": 0.6251305030252399, "support": 105}, "classificador": "SGDClassifier"}