{"casual": {"precision": 0.7333333333333333, "recall": 0.7586206896551724, "f1-score": 0.7457627118644068, "support": 29}, "explosion": {"precision": 0.9428571428571428, "recall": 0.8461538461538461, "f1-score": 0.8918918918918919, "support": 39}, "gunshot": {"precision": 0.85, "recall": 0.8095238095238095, "f1-score": 0.8292682926829269, "support": 21}, "siren": {"precision": 0.8, "recall": 1.0, "f1-score": 0.888888888888889, "support": 16}, "accuracy": 0.8380952380952381, "macro avg": {"precision": 0.831547619047619, "recall": 0.8535745863332069, "f1-score": 0.8389529463320285, "support": 105}, "weighted avg": {"precision": 0.8446485260770974, "recall": 0.8380952380952381, "f1-score": 0.8385500837753836, "support": 105}, "classificador": "KNeighborsClassifier"}