{"casual": {"precision": 0.6571428571428571, "recall": 0.7931034482758621, "f1-score": 0.71875, "support": 29}, "explosion": {"precision": 0.918918918918919, "recall": 0.8717948717948718, "f1-score": 0.8947368421052632, "support": 39}, "gunshot": {"precision": 1.0, "recall": 0.6666666666666666, "f1-score": 0.8, "support": 21}, "siren": {"precision": 0.7894736842105263, "recall": 0.9375, "f1-score": 0.8571428571428572, "support": 16}, "accuracy": 0.819047619047619, "macro avg": {"precision": 0.8413838650680756, "recall": 0.8172662466843501, "f1-score": 0.8176574248120302, "support": 105}, "weighted avg": {"precision": 0.8431100918318963, "recall": 0.819047619047619, "f1-score": 0.821454976727533, "support": 105}, "classificador": "SVC", "mediaTempoClassificacaoCadaAudio": 0.01276693344116211, "desvioTempoClassificacaoCadaAudio": 0.006789446229119315}