{"casual": {"precision": 0.7419354838709677, "recall": 0.7931034482758621, "f1-score": 0.7666666666666667, "support": 29}, "explosion": {"precision": 0.918918918918919, "recall": 0.8717948717948718, "f1-score": 0.8947368421052632, "support": 39}, "gunshot": {"precision": 0.9411764705882353, "recall": 0.7619047619047619, "f1-score": 0.8421052631578947, "support": 21}, "siren": {"precision": 0.8, "recall": 1.0, "f1-score": 0.888888888888889, "support": 16}, "accuracy": 0.8476190476190476, "macro avg": {"precision": 0.8505077183445304, "recall": 0.8567007704938739, "f1-score": 0.8480994152046784, "support": 105}, "weighted avg": {"precision": 0.8563683119280842, "recall": 0.8476190476190476, "f1-score": 0.8479476468950154, "support": 105}, "classificador": "SVC", "mediaTempoClassificacaoCadaAudio": 0.010608234859648204, "desvioTempoClassificacaoCadaAudio": 0.004622020418307111}