{"casual": {"precision": 0.6944444444444444, "recall": 0.8620689655172413, "f1-score": 0.7692307692307692, "support": 29}, "explosion": {"precision": 0.9210526315789473, "recall": 0.8974358974358975, "f1-score": 0.9090909090909091, "support": 39}, "gunshot": {"precision": 0.7333333333333333, "recall": 0.5238095238095238, "f1-score": 0.611111111111111, "support": 21}, "siren": {"precision": 0.9375, "recall": 0.9375, "f1-score": 0.9375, "support": 16}, "accuracy": 0.819047619047619, "macro avg": {"precision": 0.8215826023391812, "recall": 0.8052035966906657, "f1-score": 0.8067331973581974, "support": 105}, "weighted avg": {"precision": 0.823428014480646, "recall": 0.819047619047619, "f1-score": 0.8151959151959152, "support": 105}, "classificador": "SVC"}