{"casual": {"precision": 0.6176470588235294, "recall": 0.7241379310344828, "f1-score": 0.6666666666666667, "support": 29}, "explosion": {"precision": 0.78125, "recall": 0.6410256410256411, "f1-score": 0.7042253521126761, "support": 39}, "gunshot": {"precision": 0.46153846153846156, "recall": 0.5714285714285714, "f1-score": 0.5106382978723405, "support": 21}, "siren": {"precision": 0.9230769230769231, "recall": 0.75, "f1-score": 0.8275862068965517, "support": 16}, "accuracy": 0.6666666666666666, "macro avg": {"precision": 0.6958781108597285, "recall": 0.6716480358721738, "f1-score": 0.6772791308870588, "support": 105}, "weighted avg": {"precision": 0.693733839689722, "recall": 0.6666666666666666, "f1-score": 0.6739324345846828, "support": 105}, "classificador": "LinearDiscriminantAnalysis"}