{"casual": {"precision": 0.6176470588235294, "recall": 0.7241379310344828, "f1-score": 0.6666666666666667, "support": 29}, "explosion": {"precision": 0.9230769230769231, "recall": 0.9230769230769231, "f1-score": 0.9230769230769231, "support": 39}, "gunshot": {"precision": 0.8461538461538461, "recall": 0.5238095238095238, "f1-score": 0.6470588235294118, "support": 21}, "siren": {"precision": 0.7894736842105263, "recall": 0.9375, "f1-score": 0.8571428571428572, "support": 16}, "accuracy": 0.7904761904761904, "macro avg": {"precision": 0.7940878780662062, "recall": 0.7771310944802324, "f1-score": 0.7734863176039647, "support": 105}, "weighted avg": {"precision": 0.802976899261729, "recall": 0.7904761904761904, "f1-score": 0.7870081365879684, "support": 105}, "classificador": "BaggingClassifier"}