{"casual": {"precision": 0.6486486486486487, "recall": 0.8275862068965517, "f1-score": 0.7272727272727273, "support": 29}, "explosion": {"precision": 0.90625, "recall": 0.7435897435897436, "f1-score": 0.8169014084507042, "support": 39}, "gunshot": {"precision": 0.8823529411764706, "recall": 0.7142857142857143, "f1-score": 0.7894736842105262, "support": 21}, "siren": {"precision": 0.8421052631578947, "recall": 1.0, "f1-score": 0.9142857142857143, "support": 16}, "accuracy": 0.8, "macro avg": {"precision": 0.8198392132457535, "recall": 0.8213654161930024, "f1-score": 0.811983383554918, "support": 105}, "weighted avg": {"precision": 0.8205491122480286, "recall": 0.8, "f1-score": 0.8015007887378957, "support": 105}, "classificador": "Perceptron"}