{"casual": {"precision": 0.55, "recall": 0.7586206896551724, "f1-score": 0.6376811594202898, "support": 29}, "explosion": {"precision": 0.9375, "recall": 0.7692307692307693, "f1-score": 0.8450704225352113, "support": 39}, "gunshot": {"precision": 0.875, "recall": 0.6666666666666666, "f1-score": 0.7567567567567567, "support": 21}, "siren": {"precision": 0.8235294117647058, "recall": 0.875, "f1-score": 0.8484848484848485, "support": 16}, "accuracy": 0.7619047619047619, "macro avg": {"precision": 0.7965073529411764, "recall": 0.7673795313881521, "f1-score": 0.7719982967992766, "support": 105}, "weighted avg": {"precision": 0.800609243697479, "recall": 0.7619047619047619, "f1-score": 0.7706490435210581, "support": 105}, "classificador": "LinearDiscriminantAnalysis"}