{"casual": {"precision": 0.7222222222222222, "recall": 0.896551724137931, "f1-score": 0.7999999999999999, "support": 29}, "explosion": {"precision": 0.9142857142857143, "recall": 0.8205128205128205, "f1-score": 0.8648648648648648, "support": 39}, "gunshot": {"precision": 0.8888888888888888, "recall": 0.7619047619047619, "f1-score": 0.8205128205128205, "support": 21}, "siren": {"precision": 0.9375, "recall": 0.9375, "f1-score": 0.9375, "support": 16}, "accuracy": 0.8476190476190476, "macro avg": {"precision": 0.8657242063492063, "recall": 0.8541173266388784, "f1-score": 0.8557194213444212, "support": 105}, "weighted avg": {"precision": 0.8596976568405139, "recall": 0.8476190476190476, "f1-score": 0.8491476091476091, "support": 105}, "classificador": "KNeighborsClassifier"}