{"casual": {"precision": 0.5476190476190477, "recall": 0.7931034482758621, "f1-score": 0.647887323943662, "support": 29}, "explosion": {"precision": 0.7297297297297297, "recall": 0.6923076923076923, "f1-score": 0.7105263157894737, "support": 39}, "gunshot": {"precision": 0.75, "recall": 0.2857142857142857, "f1-score": 0.4137931034482759, "support": 21}, "siren": {"precision": 0.8333333333333334, "recall": 0.9375, "f1-score": 0.8823529411764706, "support": 16}, "accuracy": 0.6761904761904762, "macro avg": {"precision": 0.7151705276705277, "recall": 0.67715635657446, "f1-score": 0.6636399210894706, "support": 105}, "weighted avg": {"precision": 0.6992737635594779, "recall": 0.6761904761904762, "f1-score": 0.6600624851561239, "support": 105}, "classificador": "Perceptron"}