{"casual": {"precision": 0.6578947368421053, "recall": 0.8620689655172413, "f1-score": 0.746268656716418, "support": 29}, "explosion": {"precision": 0.967741935483871, "recall": 0.7692307692307693, "f1-score": 0.8571428571428572, "support": 39}, "gunshot": {"precision": 0.9411764705882353, "recall": 0.7619047619047619, "f1-score": 0.8421052631578947, "support": 21}, "siren": {"precision": 0.8421052631578947, "recall": 1.0, "f1-score": 0.9142857142857143, "support": 16}, "accuracy": 0.8285714285714286, "macro avg": {"precision": 0.8522296015180266, "recall": 0.8483011241631931, "f1-score": 0.839950622825721, "support": 105}, "weighted avg": {"precision": 0.8577073613825836, "recall": 0.8285714285714286, "f1-score": 0.8322204231260455, "support": 105}, "classificador": "LinearSVC"}