{"casual": {"precision": 0.6052631578947368, "recall": 0.7931034482758621, "f1-score": 0.6865671641791046, "support": 29}, "explosion": {"precision": 0.8421052631578947, "recall": 0.8205128205128205, "f1-score": 0.8311688311688312, "support": 39}, "gunshot": {"precision": 1.0, "recall": 0.7142857142857143, "f1-score": 0.8333333333333333, "support": 21}, "siren": {"precision": 0.9285714285714286, "recall": 0.8125, "f1-score": 0.8666666666666666, "support": 16}, "accuracy": 0.7904761904761904, "macro avg": {"precision": 0.843984962406015, "recall": 0.7851004957685992, "f1-score": 0.8044339988369839, "support": 105}, "weighted avg": {"precision": 0.8214464733261726, "recall": 0.7904761904761904, "f1-score": 0.7970733223185249, "support": 105}, "classificador": "SGDClassifier"}