{"casual": {"precision": 0.5454545454545454, "recall": 0.8275862068965517, "f1-score": 0.6575342465753425, "support": 29}, "explosion": {"precision": 0.9285714285714286, "recall": 0.6666666666666666, "f1-score": 0.7761194029850746, "support": 39}, "gunshot": {"precision": 0.9285714285714286, "recall": 0.6190476190476191, "f1-score": 0.742857142857143, "support": 21}, "siren": {"precision": 0.7894736842105263, "recall": 0.9375, "f1-score": 0.8571428571428572, "support": 16}, "accuracy": 0.7428571428571429, "macro avg": {"precision": 0.7980177717019823, "recall": 0.7627001231527093, "f1-score": 0.7584134123901043, "support": 105}, "weighted avg": {"precision": 0.8015623474270092, "recall": 0.7428571428571429, "f1-score": 0.7490612912513197, "support": 105}, "classificador": "LinearDiscriminantAnalysis"}