{"casual": {"precision": 0.5833333333333334, "recall": 0.7241379310344828, "f1-score": 0.6461538461538462, "support": 29}, "explosion": {"precision": 0.8888888888888888, "recall": 0.8205128205128205, "f1-score": 0.8533333333333333, "support": 39}, "gunshot": {"precision": 0.7647058823529411, "recall": 0.6190476190476191, "f1-score": 0.6842105263157895, "support": 21}, "siren": {"precision": 0.8125, "recall": 0.8125, "f1-score": 0.8125, "support": 16}, "accuracy": 0.7523809523809524, "macro avg": {"precision": 0.7623570261437909, "recall": 0.7440495926487306, "f1-score": 0.7490494264507422, "support": 105}, "weighted avg": {"precision": 0.7680205415499533, "recall": 0.7523809523809524, "f1-score": 0.756065548486601, "support": 105}, "classificador": "BaggingClassifier"}