{"casual": {"precision": 0.6666666666666666, "recall": 0.7586206896551724, "f1-score": 0.7096774193548386, "support": 29}, "explosion": {"precision": 0.9, "recall": 0.9230769230769231, "f1-score": 0.9113924050632911, "support": 39}, "gunshot": {"precision": 0.8666666666666667, "recall": 0.6190476190476191, "f1-score": 0.7222222222222222, "support": 21}, "siren": {"precision": 0.8235294117647058, "recall": 0.875, "f1-score": 0.8484848484848485, "support": 16}, "accuracy": 0.8095238095238095, "macro avg": {"precision": 0.8142156862745098, "recall": 0.7939363079449286, "f1-score": 0.7979442237813001, "support": 105}, "weighted avg": {"precision": 0.8172362278244631, "recall": 0.8095238095238095, "f1-score": 0.808260697154123, "support": 105}, "classificador": "BaggingClassifier"}