{"casual": {"precision": 0.6129032258064516, "recall": 0.6551724137931034, "f1-score": 0.6333333333333333, "support": 29}, "explosion": {"precision": 0.8648648648648649, "recall": 0.8205128205128205, "f1-score": 0.8421052631578947, "support": 39}, "gunshot": {"precision": 0.8666666666666667, "recall": 0.6190476190476191, "f1-score": 0.7222222222222222, "support": 21}, "siren": {"precision": 0.7272727272727273, "recall": 1.0, "f1-score": 0.8421052631578948, "support": 16}, "accuracy": 0.7619047619047619, "macro avg": {"precision": 0.7679268711526777, "recall": 0.7736832133383857, "f1-score": 0.7599415204678363, "support": 105}, "weighted avg": {"precision": 0.7746693991855284, "recall": 0.7619047619047619, "f1-score": 0.7604678362573098, "support": 105}, "classificador": "SVC"}