{"casual": {"precision": 0.5555555555555556, "recall": 0.6896551724137931, "f1-score": 0.6153846153846154, "support": 29}, "explosion": {"precision": 0.7380952380952381, "recall": 0.7948717948717948, "f1-score": 0.7654320987654322, "support": 39}, "gunshot": {"precision": 0.8, "recall": 0.38095238095238093, "f1-score": 0.5161290322580645, "support": 21}, "siren": {"precision": 0.8235294117647058, "recall": 0.875, "f1-score": 0.8484848484848485, "support": 16}, "accuracy": 0.6952380952380952, "macro avg": {"precision": 0.729295051353875, "recall": 0.6851198370594922, "f1-score": 0.6863576487232401, "support": 105}, "weighted avg": {"precision": 0.7130790093815305, "recall": 0.6952380952380952, "f1-score": 0.6867854566779298, "support": 105}, "classificador": "LinearSVC"}