{"casual": {"precision": 0.46808510638297873, "recall": 0.7586206896551724, "f1-score": 0.5789473684210527, "support": 29}, "explosion": {"precision": 0.625, "recall": 0.38461538461538464, "f1-score": 0.4761904761904762, "support": 39}, "gunshot": {"precision": 0.5, "recall": 0.3333333333333333, "f1-score": 0.4, "support": 21}, "siren": {"precision": 0.7, "recall": 0.875, "f1-score": 0.7777777777777777, "support": 16}, "accuracy": 0.5523809523809524, "macro avg": {"precision": 0.5732712765957446, "recall": 0.5878923519009726, "f1-score": 0.5582289055973266, "support": 105}, "weighted avg": {"precision": 0.5680901722391084, "recall": 0.5523809523809524, "f1-score": 0.5352890161912719, "support": 105}, "classificador": "SVC"}