{"casual": {"precision": 0.5483870967741935, "recall": 0.5862068965517241, "f1-score": 0.5666666666666665, "support": 29}, "explosion": {"precision": 0.7317073170731707, "recall": 0.7692307692307693, "f1-score": 0.7499999999999999, "support": 39}, "gunshot": {"precision": 0.8333333333333334, "recall": 0.47619047619047616, "f1-score": 0.6060606060606061, "support": 21}, "siren": {"precision": 0.7619047619047619, "recall": 1.0, "f1-score": 0.8648648648648648, "support": 16}, "accuracy": 0.6952380952380952, "macro avg": {"precision": 0.7188331272713648, "recall": 0.7079070354932424, "f1-score": 0.6968980343980343, "support": 105}, "weighted avg": {"precision": 0.7060027367883949, "recall": 0.6952380952380952, "f1-score": 0.6880804180804179, "support": 105}, "classificador": "Perceptron"}