{"casual": {"precision": 0.47368421052631576, "recall": 0.6206896551724138, "f1-score": 0.5373134328358208, "support": 29}, "explosion": {"precision": 0.575, "recall": 0.5897435897435898, "f1-score": 0.5822784810126582, "support": 39}, "gunshot": {"precision": 0.6363636363636364, "recall": 0.3333333333333333, "f1-score": 0.43749999999999994, "support": 21}, "siren": {"precision": 0.6875, "recall": 0.6875, "f1-score": 0.6875, "support": 16}, "accuracy": 0.5619047619047619, "macro avg": {"precision": 0.593136961722488, "recall": 0.5578166445623343, "f1-score": 0.5611479784621197, "support": 105}, "weighted avg": {"precision": 0.5764331282752335, "recall": 0.5619047619047619, "f1-score": 0.5569376220164998, "support": 105}, "classificador": "LinearDiscriminantAnalysis"}