{"casual": {"precision": 0.5128205128205128, "recall": 0.6896551724137931, "f1-score": 0.5882352941176471, "support": 29}, "explosion": {"precision": 0.6, "recall": 0.5384615384615384, "f1-score": 0.5675675675675675, "support": 39}, "gunshot": {"precision": 0.5333333333333333, "recall": 0.38095238095238093, "f1-score": 0.4444444444444444, "support": 21}, "siren": {"precision": 0.75, "recall": 0.75, "f1-score": 0.75, "support": 16}, "accuracy": 0.580952380952381, "macro avg": {"precision": 0.5990384615384615, "recall": 0.5897672729569281, "f1-score": 0.5875618265324147, "support": 105}, "weighted avg": {"precision": 0.5854456654456655, "recall": 0.580952380952381, "f1-score": 0.5764503999798117, "support": 105}, "classificador": "Perceptron"}