{"casual": {"precision": 0.59375, "recall": 0.6551724137931034, "f1-score": 0.6229508196721311, "support": 29}, "explosion": {"precision": 0.5806451612903226, "recall": 0.46153846153846156, "f1-score": 0.5142857142857143, "support": 39}, "gunshot": {"precision": 0.3076923076923077, "recall": 0.38095238095238093, "f1-score": 0.3404255319148936, "support": 21}, "siren": {"precision": 0.6875, "recall": 0.6875, "f1-score": 0.6875, "support": 16}, "accuracy": 0.5333333333333333, "macro avg": {"precision": 0.5423968672456576, "recall": 0.5462908140709865, "f1-score": 0.5412905164681847, "support": 105}, "weighted avg": {"precision": 0.5459566643034385, "recall": 0.5333333333333333, "f1-score": 0.5359205028366422, "support": 105}, "classificador": "Perceptron"}