{"casual": {"precision": 0.35185185185185186, "recall": 0.6551724137931034, "f1-score": 0.4578313253012048, "support": 29}, "explosion": {"precision": 0.8, "recall": 0.717948717948718, "f1-score": 0.7567567567567569, "support": 39}, "gunshot": {"precision": 0.6666666666666666, "recall": 0.09523809523809523, "f1-score": 0.16666666666666666, "support": 21}, "siren": {"precision": 0.7692307692307693, "recall": 0.625, "f1-score": 0.6896551724137931, "support": 16}, "accuracy": 0.5619047619047619, "macro avg": {"precision": 0.6469373219373219, "recall": 0.5233398067449792, "f1-score": 0.5177274802846055, "support": 105}, "weighted avg": {"precision": 0.6448704382037717, "recall": 0.5619047619047619, "f1-score": 0.5459533781511348, "support": 105}, "classificador": "BaggingClassifier"}