{"casual": {"precision": 0.3380281690140845, "recall": 0.8275862068965517, "f1-score": 0.48000000000000004, "support": 29}, "explosion": {"precision": 0.3157894736842105, "recall": 0.15384615384615385, "f1-score": 0.20689655172413793, "support": 39}, "gunshot": {"precision": 0.0, "recall": 0.0, "f1-score": 0.0, "support": 21}, "siren": {"precision": 0.8666666666666667, "recall": 0.8125, "f1-score": 0.8387096774193549, "support": 16}, "accuracy": 0.4095238095238095, "macro avg": {"precision": 0.38012107734124045, "recall": 0.4484830901856764, "f1-score": 0.3814015572858732, "support": 105}, "weighted avg": {"precision": 0.3427168861119936, "recall": 0.4095238095238095, "f1-score": 0.33722209862810537, "support": 105}, "classificador": "SGDClassifier"}