{"casual": {"precision": 0.43902439024390244, "recall": 0.6206896551724138, "f1-score": 0.5142857142857142, "support": 29}, "explosion": {"precision": 0.35294117647058826, "recall": 0.15384615384615385, "f1-score": 0.21428571428571433, "support": 39}, "gunshot": {"precision": 0.3076923076923077, "recall": 0.38095238095238093, "f1-score": 0.3404255319148936, "support": 21}, "siren": {"precision": 0.6190476190476191, "recall": 0.8125, "f1-score": 0.7027027027027026, "support": 16}, "accuracy": 0.42857142857142855, "macro avg": {"precision": 0.42967637336360437, "recall": 0.49199704749273715, "f1-score": 0.4429249157972562, "support": 105}, "weighted avg": {"precision": 0.4082163196735855, "recall": 0.42857142857142855, "f1-score": 0.3967962665227103, "support": 105}, "classificador": "Perceptron"}