{"casual": {"precision": 0.5483870967741935, "recall": 0.5862068965517241, "f1-score": 0.5666666666666665, "support": 29}, "explosion": {"precision": 0.8571428571428571, "recall": 0.7692307692307693, "f1-score": 0.8108108108108107, "support": 39}, "gunshot": {"precision": 0.6666666666666666, "recall": 0.5714285714285714, "f1-score": 0.6153846153846153, "support": 21}, "siren": {"precision": 0.7142857142857143, "recall": 0.9375, "f1-score": 0.8108108108108109, "support": 16}, "accuracy": 0.7047619047619048, "macro avg": {"precision": 0.6966205837173579, "recall": 0.7160915593027661, "f1-score": 0.700918225918226, "support": 105}, "weighted avg": {"precision": 0.712003511081852, "recall": 0.7047619047619048, "f1-score": 0.7042952842952842, "support": 105}, "classificador": "SVC"}