{"casual": {"precision": 0.39655172413793105, "recall": 0.7931034482758621, "f1-score": 0.5287356321839081, "support": 29}, "explosion": {"precision": 0.6666666666666666, "recall": 0.5641025641025641, "f1-score": 0.611111111111111, "support": 39}, "gunshot": {"precision": 0.0, "recall": 0.0, "f1-score": 0.0, "support": 21}, "siren": {"precision": 0.7857142857142857, "recall": 0.6875, "f1-score": 0.7333333333333334, "support": 16}, "accuracy": 0.5333333333333333, "macro avg": {"precision": 0.4622331691297208, "recall": 0.5111765030946065, "f1-score": 0.46829501915708815, "support": 105}, "weighted avg": {"precision": 0.4768707482993197, "recall": 0.5333333333333333, "f1-score": 0.4847619047619047, "support": 105}, "classificador": "BaggingClassifier"}