{"casual": {"precision": 0.5, "recall": 0.6551724137931034, "f1-score": 0.5671641791044776, "support": 29}, "explosion": {"precision": 0.8157894736842105, "recall": 0.7948717948717948, "f1-score": 0.8051948051948051, "support": 39}, "gunshot": {"precision": 0.8461538461538461, "recall": 0.5238095238095238, "f1-score": 0.6470588235294118, "support": 21}, "siren": {"precision": 0.8125, "recall": 0.8125, "f1-score": 0.8125, "support": 16}, "accuracy": 0.7047619047619048, "macro avg": {"precision": 0.7436108299595142, "recall": 0.6965884331186055, "f1-score": 0.7079794519571736, "support": 105}, "weighted avg": {"precision": 0.7341430499325237, "recall": 0.7047619047619048, "f1-score": 0.7089389894356657, "support": 105}, "classificador": "BaggingClassifier"}