{"casual": {"precision": 0.5263157894736842, "recall": 0.6896551724137931, "f1-score": 0.5970149253731344, "support": 29}, "explosion": {"precision": 0.8285714285714286, "recall": 0.7435897435897436, "f1-score": 0.7837837837837838, "support": 39}, "gunshot": {"precision": 0.8125, "recall": 0.6190476190476191, "f1-score": 0.7027027027027026, "support": 21}, "siren": {"precision": 0.875, "recall": 0.875, "f1-score": 0.875, "support": 16}, "accuracy": 0.7238095238095238, "macro avg": {"precision": 0.7605968045112782, "recall": 0.731823133762789, "f1-score": 0.7396253529649052, "support": 105}, "weighted avg": {"precision": 0.748951843895453, "recall": 0.7238095238095238, "f1-score": 0.7298834015251926, "support": 105}, "classificador": "LinearDiscriminantAnalysis"}