{"casual": {"precision": 0.6764705882352942, "recall": 0.7931034482758621, "f1-score": 0.7301587301587301, "support": 29}, "explosion": {"precision": 0.9142857142857143, "recall": 0.8205128205128205, "f1-score": 0.8648648648648648, "support": 39}, "gunshot": {"precision": 0.8947368421052632, "recall": 0.8095238095238095, "f1-score": 0.8500000000000001, "support": 21}, "siren": {"precision": 0.8823529411764706, "recall": 0.9375, "f1-score": 0.9090909090909091, "support": 16}, "accuracy": 0.8285714285714286, "macro avg": {"precision": 0.8419615214506856, "recall": 0.840160019578123, "f1-score": 0.838528626028626, "support": 105}, "weighted avg": {"precision": 0.8398277205619089, "recall": 0.8285714285714286, "f1-score": 0.8314265471408329, "support": 105}, "classificador": "KNeighborsClassifier"}