{"casual": {"precision": 0.6666666666666666, "recall": 0.7586206896551724, "f1-score": 0.7096774193548386, "support": 29}, "explosion": {"precision": 0.8648648648648649, "recall": 0.8205128205128205, "f1-score": 0.8421052631578947, "support": 39}, "gunshot": {"precision": 0.875, "recall": 0.6666666666666666, "f1-score": 0.7567567567567567, "support": 21}, "siren": {"precision": 0.8421052631578947, "recall": 1.0, "f1-score": 0.9142857142857143, "support": 16}, "accuracy": 0.8, "macro avg": {"precision": 0.8121591986723565, "recall": 0.8114500442086648, "f1-score": 0.805706288388801, "support": 105}, "weighted avg": {"precision": 0.8086833073675179, "recall": 0.8, "f1-score": 0.799459178522967, "support": 105}, "classificador": "Perceptron"}