{"casual": {"precision": 0.575, "recall": 0.7931034482758621, "f1-score": 0.6666666666666666, "support": 29}, "explosion": {"precision": 0.8666666666666667, "recall": 0.6666666666666666, "f1-score": 0.7536231884057971, "support": 39}, "gunshot": {"precision": 0.9411764705882353, "recall": 0.7619047619047619, "f1-score": 0.8421052631578947, "support": 21}, "siren": {"precision": 0.8333333333333334, "recall": 0.9375, "f1-score": 0.8823529411764706, "support": 16}, "accuracy": 0.7619047619047619, "macro avg": {"precision": 0.8040441176470589, "recall": 0.7897937192118226, "f1-score": 0.7861870148517073, "support": 105}, "weighted avg": {"precision": 0.7959337068160598, "recall": 0.7619047619047619, "f1-score": 0.7669190025361786, "support": 105}, "classificador": "SGDClassifier"}