{"casual": {"precision": 0.5263157894736842, "recall": 0.6896551724137931, "f1-score": 0.5970149253731344, "support": 29}, "explosion": {"precision": 0.84375, "recall": 0.6923076923076923, "f1-score": 0.7605633802816902, "support": 39}, "gunshot": {"precision": 0.9333333333333333, "recall": 0.6666666666666666, "f1-score": 0.7777777777777778, "support": 21}, "siren": {"precision": 0.75, "recall": 0.9375, "f1-score": 0.8333333333333334, "support": 16}, "accuracy": 0.7238095238095238, "macro avg": {"precision": 0.7633497807017544, "recall": 0.746532382847038, "f1-score": 0.742172354191484, "support": 105}, "weighted avg": {"precision": 0.7597086466165414, "recall": 0.7238095238095238, "f1-score": 0.7299244888902237, "support": 105}, "classificador": "Perceptron"}