{"casual": {"precision": 0.7058823529411765, "recall": 0.8275862068965517, "f1-score": 0.7619047619047619, "support": 29}, "explosion": {"precision": 0.9428571428571428, "recall": 0.8461538461538461, "f1-score": 0.8918918918918919, "support": 39}, "gunshot": {"precision": 0.9444444444444444, "recall": 0.8095238095238095, "f1-score": 0.8717948717948718, "support": 21}, "siren": {"precision": 0.8888888888888888, "recall": 1.0, "f1-score": 0.9411764705882353, "support": 16}, "accuracy": 0.8571428571428571, "macro avg": {"precision": 0.8705182072829131, "recall": 0.8708159656435519, "f1-score": 0.8666919990449402, "support": 105}, "weighted avg": {"precision": 0.8695006891645546, "recall": 0.8571428571428571, "f1-score": 0.8594813115821519, "support": 105}, "classificador": "KNeighborsClassifier"}