{"casual": {"precision": 0.6774193548387096, "recall": 0.7241379310344828, "f1-score": 0.7, "support": 29}, "explosion": {"precision": 0.9090909090909091, "recall": 0.7692307692307693, "f1-score": 0.8333333333333333, "support": 39}, "gunshot": {"precision": 0.9166666666666666, "recall": 0.5238095238095238, "f1-score": 0.6666666666666667, "support": 21}, "siren": {"precision": 0.5517241379310345, "recall": 1.0, "f1-score": 0.7111111111111111, "support": 16}, "accuracy": 0.7428571428571429, "macro avg": {"precision": 0.76372526713183, "recall": 0.754294556018694, "f1-score": 0.7277777777777779, "support": 105}, "weighted avg": {"precision": 0.7921646947787103, "recall": 0.7428571428571429, "f1-score": 0.7445502645502645, "support": 105}, "classificador": "SVC"}