{"casual": {"precision": 0.625, "recall": 0.6896551724137931, "f1-score": 0.6557377049180328, "support": 29}, "explosion": {"precision": 0.90625, "recall": 0.7435897435897436, "f1-score": 0.8169014084507042, "support": 39}, "gunshot": {"precision": 1.0, "recall": 0.47619047619047616, "f1-score": 0.6451612903225806, "support": 21}, "siren": {"precision": 0.5161290322580645, "recall": 1.0, "f1-score": 0.6808510638297872, "support": 16}, "accuracy": 0.7142857142857143, "macro avg": {"precision": 0.7618447580645161, "recall": 0.7273588480485033, "f1-score": 0.6996628668802762, "support": 105}, "weighted avg": {"precision": 0.7878744239631336, "recall": 0.7142857142857143, "f1-score": 0.7173100237166781, "support": 105}, "classificador": "SVC"}