{"casual": {"precision": 0.5483870967741935, "recall": 0.5862068965517241, "f1-score": 0.5666666666666665, "support": 29}, "explosion": {"precision": 0.8387096774193549, "recall": 0.6666666666666666, "f1-score": 0.7428571428571428, "support": 39}, "gunshot": {"precision": 0.6521739130434783, "recall": 0.7142857142857143, "f1-score": 0.6818181818181819, "support": 21}, "siren": {"precision": 0.75, "recall": 0.9375, "f1-score": 0.8333333333333334, "support": 16}, "accuracy": 0.6952380952380952, "macro avg": {"precision": 0.6973176718092566, "recall": 0.7261648193760263, "f1-score": 0.7061688311688311, "support": 105}, "weighted avg": {"precision": 0.7077005276163761, "recall": 0.6952380952380952, "f1-score": 0.6957740672026386, "support": 105}, "classificador": "SGDClassifier"}