{"casual": {"precision": 0.6363636363636364, "recall": 0.7241379310344828, "f1-score": 0.6774193548387097, "support": 29}, "explosion": {"precision": 0.8974358974358975, "recall": 0.8974358974358975, "f1-score": 0.8974358974358975, "support": 39}, "gunshot": {"precision": 0.8461538461538461, "recall": 0.5238095238095238, "f1-score": 0.6470588235294118, "support": 21}, "siren": {"precision": 0.8, "recall": 1.0, "f1-score": 0.888888888888889, "support": 16}, "accuracy": 0.7904761904761904, "macro avg": {"precision": 0.794988344988345, "recall": 0.786345838069976, "f1-score": 0.777700741173227, "support": 105}, "weighted avg": {"precision": 0.8002264402264402, "recall": 0.7904761904761904, "f1-score": 0.7852916076824996, "support": 105}, "classificador": "SVC"}