{"casual": {"precision": 0.5135135135135135, "recall": 0.6551724137931034, "f1-score": 0.5757575757575758, "support": 29}, "explosion": {"precision": 0.7741935483870968, "recall": 0.6153846153846154, "f1-score": 0.6857142857142857, "support": 39}, "gunshot": {"precision": 0.631578947368421, "recall": 0.5714285714285714, "f1-score": 0.6, "support": 21}, "siren": {"precision": 0.8333333333333334, "recall": 0.9375, "f1-score": 0.8823529411764706, "support": 16}, "accuracy": 0.6666666666666666, "macro avg": {"precision": 0.6881548356505911, "recall": 0.6948714001515726, "f1-score": 0.6859562006620831, "support": 105}, "weighted avg": {"precision": 0.6826850619719889, "recall": 0.6666666666666666, "f1-score": 0.6681664180823845, "support": 105}, "classificador": "LinearDiscriminantAnalysis"}