{"casual": {"precision": 0.6206896551724138, "recall": 0.6206896551724138, "f1-score": 0.6206896551724138, "support": 29}, "explosion": {"precision": 0.84375, "recall": 0.6923076923076923, "f1-score": 0.7605633802816902, "support": 39}, "gunshot": {"precision": 0.6, "recall": 0.7142857142857143, "f1-score": 0.6521739130434783, "support": 21}, "siren": {"precision": 0.7894736842105263, "recall": 0.9375, "f1-score": 0.8571428571428572, "support": 16}, "accuracy": 0.7142857142857143, "macro avg": {"precision": 0.713478334845735, "recall": 0.7411957654414552, "f1-score": 0.7226424514101099, "support": 105}, "weighted avg": {"precision": 0.7251221804511278, "recall": 0.7142857142857143, "f1-score": 0.7149705687541398, "support": 105}, "classificador": "SGDClassifier"}