{"casual": {"precision": 0.6071428571428571, "recall": 0.5862068965517241, "f1-score": 0.5964912280701754, "support": 29}, "explosion": {"precision": 0.8181818181818182, "recall": 0.6923076923076923, "f1-score": 0.7500000000000001, "support": 39}, "gunshot": {"precision": 0.5925925925925926, "recall": 0.7619047619047619, "f1-score": 0.6666666666666666, "support": 21}, "siren": {"precision": 0.8823529411764706, "recall": 0.9375, "f1-score": 0.9090909090909091, "support": 16}, "accuracy": 0.7142857142857143, "macro avg": {"precision": 0.7250675522734346, "recall": 0.7444798376910445, "f1-score": 0.7305622009569378, "support": 105}, "weighted avg": {"precision": 0.7245554787571593, "recall": 0.7142857142857143, "f1-score": 0.7151780967570441, "support": 105}, "classificador": "SGDClassifier"}