{"casual": {"precision": 0.6764705882352942, "recall": 0.7931034482758621, "f1-score": 0.7301587301587301, "support": 29}, "explosion": {"precision": 0.9473684210526315, "recall": 0.9230769230769231, "f1-score": 0.935064935064935, "support": 39}, "gunshot": {"precision": 0.8, "recall": 0.5714285714285714, "f1-score": 0.6666666666666666, "support": 21}, "siren": {"precision": 0.8333333333333334, "recall": 0.9375, "f1-score": 0.8823529411764706, "support": 16}, "accuracy": 0.819047619047619, "macro avg": {"precision": 0.8142930856553149, "recall": 0.8062772356953392, "f1-score": 0.8035608182667006, "support": 105}, "weighted avg": {"precision": 0.8256985601258047, "recall": 0.819047619047619, "f1-score": 0.8167598352472302, "support": 105}, "classificador": "SVC"}