{"casual": {"precision": 0.6129032258064516, "recall": 0.6551724137931034, "f1-score": 0.6333333333333333, "support": 29}, "explosion": {"precision": 0.8823529411764706, "recall": 0.7692307692307693, "f1-score": 0.8219178082191781, "support": 39}, "gunshot": {"precision": 0.7619047619047619, "recall": 0.7619047619047619, "f1-score": 0.7619047619047619, "support": 21}, "siren": {"precision": 0.7894736842105263, "recall": 0.9375, "f1-score": 0.8571428571428572, "support": 16}, "accuracy": 0.7619047619047619, "macro avg": {"precision": 0.7616586532745526, "recall": 0.7809519862321587, "f1-score": 0.7685746901500327, "support": 105}, "weighted avg": {"precision": 0.7696908304917893, "recall": 0.7619047619047619, "f1-score": 0.7631975895380985, "support": 105}, "classificador": "SGDClassifier"}