{"casual": {"precision": 0.5609756097560976, "recall": 0.7931034482758621, "f1-score": 0.6571428571428573, "support": 29}, "explosion": {"precision": 0.92, "recall": 0.5897435897435898, "f1-score": 0.71875, "support": 39}, "gunshot": {"precision": 0.4827586206896552, "recall": 0.6666666666666666, "f1-score": 0.56, "support": 21}, "siren": {"precision": 0.9, "recall": 0.5625, "f1-score": 0.6923076923076923, "support": 16}, "accuracy": 0.6571428571428571, "macro avg": {"precision": 0.7159335576114382, "recall": 0.6530034261715296, "f1-score": 0.6570501373626374, "support": 105}, "weighted avg": {"precision": 0.7303449877848534, "recall": 0.6571428571428571, "f1-score": 0.6659553898482471, "support": 105}, "classificador": "KNeighborsClassifier"}