{"casual": {"precision": 0.45652173913043476, "recall": 0.7241379310344828, "f1-score": 0.5599999999999999, "support": 29}, "explosion": {"precision": 0.5555555555555556, "recall": 0.38461538461538464, "f1-score": 0.4545454545454546, "support": 39}, "gunshot": {"precision": 0.26666666666666666, "recall": 0.19047619047619047, "f1-score": 0.2222222222222222, "support": 21}, "siren": {"precision": 0.7647058823529411, "recall": 0.8125, "f1-score": 0.787878787878788, "support": 16}, "accuracy": 0.5047619047619047, "macro avg": {"precision": 0.5108624609263995, "recall": 0.5279323765315145, "f1-score": 0.5061616161616163, "support": 105}, "weighted avg": {"precision": 0.5022961068485365, "recall": 0.5047619047619047, "f1-score": 0.48800000000000004, "support": 105}, "classificador": "LinearDiscriminantAnalysis"}