{"casual": {"precision": 0.5853658536585366, "recall": 0.8275862068965517, "f1-score": 0.6857142857142856, "support": 29}, "explosion": {"precision": 0.8648648648648649, "recall": 0.8205128205128205, "f1-score": 0.8421052631578947, "support": 39}, "gunshot": {"precision": 0.5454545454545454, "recall": 0.2857142857142857, "f1-score": 0.37499999999999994, "support": 21}, "siren": {"precision": 0.875, "recall": 0.875, "f1-score": 0.875, "support": 16}, "accuracy": 0.7238095238095238, "macro avg": {"precision": 0.7176713159944867, "recall": 0.7022033282809145, "f1-score": 0.694454887218045, "support": 105}, "weighted avg": {"precision": 0.7253322375273595, "recall": 0.7238095238095238, "f1-score": 0.7105030433225922, "support": 105}, "classificador": "BaggingClassifier"}