{"casual": {"precision": 0.6, "recall": 0.8275862068965517, "f1-score": 0.6956521739130435, "support": 29}, "explosion": {"precision": 0.7619047619047619, "recall": 0.41025641025641024, "f1-score": 0.5333333333333333, "support": 39}, "gunshot": {"precision": 0.41379310344827586, "recall": 0.5714285714285714, "f1-score": 0.48000000000000004, "support": 21}, "siren": {"precision": 0.9333333333333333, "recall": 0.875, "f1-score": 0.9032258064516129, "support": 16}, "accuracy": 0.6285714285714286, "macro avg": {"precision": 0.6772577996715927, "recall": 0.6710677971453833, "f1-score": 0.6530528284244974, "support": 105}, "weighted avg": {"precision": 0.6736883259050747, "recall": 0.6285714285714286, "f1-score": 0.6238621518733721, "support": 105}, "classificador": "KNeighborsClassifier"}