{"casual": {"precision": 0.4222222222222222, "recall": 0.6551724137931034, "f1-score": 0.5135135135135135, "support": 29}, "explosion": {"precision": 0.5454545454545454, "recall": 0.3076923076923077, "f1-score": 0.3934426229508197, "support": 39}, "gunshot": {"precision": 0.14285714285714285, "recall": 0.14285714285714285, "f1-score": 0.14285714285714285, "support": 21}, "siren": {"precision": 0.7647058823529411, "recall": 0.8125, "f1-score": 0.787878787878788, "support": 16}, "accuracy": 0.44761904761904764, "macro avg": {"precision": 0.4688099482217129, "recall": 0.4795554660856385, "f1-score": 0.45942301680006603, "support": 105}, "weighted avg": {"precision": 0.4643091984268454, "recall": 0.44761904761904764, "f1-score": 0.43659252183842356, "support": 105}, "classificador": "LinearDiscriminantAnalysis"}