{"casual": {"precision": 0.4791666666666667, "recall": 0.7931034482758621, "f1-score": 0.5974025974025974, "support": 29}, "explosion": {"precision": 0.5135135135135135, "recall": 0.48717948717948717, "f1-score": 0.5, "support": 39}, "gunshot": {"precision": 1.0, "recall": 0.09523809523809523, "f1-score": 0.17391304347826084, "support": 21}, "siren": {"precision": 0.8333333333333334, "recall": 0.9375, "f1-score": 0.8823529411764706, "support": 16}, "accuracy": 0.5619047619047619, "macro avg": {"precision": 0.7065033783783784, "recall": 0.5782552576733612, "f1-score": 0.5384171455143322, "support": 105}, "weighted avg": {"precision": 0.6500589875589875, "recall": 0.5619047619047619, "f1-score": 0.5199475837765937, "support": 105}, "classificador": "SGDClassifier"}