{"casual": {"precision": 0.5483870967741935, "recall": 0.5862068965517241, "f1-score": 0.5666666666666665, "support": 29}, "explosion": {"precision": 0.6530612244897959, "recall": 0.8205128205128205, "f1-score": 0.7272727272727272, "support": 39}, "gunshot": {"precision": 0.7142857142857143, "recall": 0.23809523809523808, "f1-score": 0.35714285714285715, "support": 21}, "siren": {"precision": 0.8333333333333334, "recall": 0.9375, "f1-score": 0.8823529411764706, "support": 16}, "accuracy": 0.6571428571428571, "macro avg": {"precision": 0.6872668422207593, "recall": 0.6455787387899456, "f1-score": 0.6333587980646804, "support": 105}, "weighted avg": {"precision": 0.6638661609036856, "recall": 0.6571428571428571, "f1-score": 0.632520159578983, "support": 105}, "classificador": "Perceptron"}