{"casual": {"precision": 0.5, "recall": 0.6206896551724138, "f1-score": 0.5538461538461539, "support": 29}, "explosion": {"precision": 0.59375, "recall": 0.48717948717948717, "f1-score": 0.5352112676056338, "support": 39}, "gunshot": {"precision": 0.2631578947368421, "recall": 0.23809523809523808, "f1-score": 0.25, "support": 21}, "siren": {"precision": 0.8333333333333334, "recall": 0.9375, "f1-score": 0.8823529411764706, "support": 16}, "accuracy": 0.5428571428571428, "macro avg": {"precision": 0.5475603070175439, "recall": 0.5708660951117848, "f1-score": 0.5553525906570645, "support": 105}, "weighted avg": {"precision": 0.5382466583124478, "recall": 0.5428571428571428, "f1-score": 0.5362135710188733, "support": 105}, "classificador": "LinearSVC"}