{"casual": {"precision": 0.7333333333333333, "recall": 0.7586206896551724, "f1-score": 0.7457627118644068, "support": 29}, "explosion": {"precision": 0.9459459459459459, "recall": 0.8974358974358975, "f1-score": 0.9210526315789475, "support": 39}, "gunshot": {"precision": 0.85, "recall": 0.8095238095238095, "f1-score": 0.8292682926829269, "support": 21}, "siren": {"precision": 0.8888888888888888, "recall": 1.0, "f1-score": 0.9411764705882353, "support": 16}, "accuracy": 0.8571428571428571, "macro avg": {"precision": 0.854542042042042, "recall": 0.8663950991537199, "f1-score": 0.8593150266786291, "support": 105}, "weighted avg": {"precision": 0.8593407693407693, "recall": 0.8571428571428571, "f1-score": 0.8573488471561904, "support": 105}, "classificador": "KNeighborsClassifier"}