{"casual": {"precision": 0.5102040816326531, "recall": 0.8620689655172413, "f1-score": 0.641025641025641, "support": 29}, "explosion": {"precision": 0.8846153846153846, "recall": 0.5897435897435898, "f1-score": 0.7076923076923076, "support": 39}, "gunshot": {"precision": 1.0, "recall": 0.5238095238095238, "f1-score": 0.6875000000000001, "support": 21}, "siren": {"precision": 0.7894736842105263, "recall": 0.9375, "f1-score": 0.8571428571428572, "support": 16}, "accuracy": 0.7047619047619048, "macro avg": {"precision": 0.796073287614641, "recall": 0.7282805197675887, "f1-score": 0.7233402014652015, "support": 105}, "weighted avg": {"precision": 0.789785688711575, "recall": 0.7047619047619048, "f1-score": 0.7080145648002791, "support": 105}, "classificador": "Perceptron"}