{"casual": {"precision": 0.6410256410256411, "recall": 0.8620689655172413, "f1-score": 0.7352941176470588, "support": 29}, "explosion": {"precision": 0.8787878787878788, "recall": 0.7435897435897436, "f1-score": 0.8055555555555556, "support": 39}, "gunshot": {"precision": 0.875, "recall": 0.6666666666666666, "f1-score": 0.7567567567567567, "support": 21}, "siren": {"precision": 0.9411764705882353, "recall": 1.0, "f1-score": 0.9696969696969697, "support": 16}, "accuracy": 0.8, "macro avg": {"precision": 0.8339974976004387, "recall": 0.8180813439434129, "f1-score": 0.8168258499140851, "support": 105}, "weighted avg": {"precision": 0.8218694703988823, "recall": 0.8, "f1-score": 0.8014022808140454, "support": 105}, "classificador": "SGDClassifier"}