{"casual": {"precision": 0.6097560975609756, "recall": 0.8620689655172413, "f1-score": 0.7142857142857144, "support": 29}, "explosion": {"precision": 0.896551724137931, "recall": 0.6666666666666666, "f1-score": 0.7647058823529411, "support": 39}, "gunshot": {"precision": 0.7777777777777778, "recall": 0.6666666666666666, "f1-score": 0.717948717948718, "support": 21}, "siren": {"precision": 0.8823529411764706, "recall": 0.9375, "f1-score": 0.9090909090909091, "support": 16}, "accuracy": 0.7619047619047619, "macro avg": {"precision": 0.7916096351632887, "recall": 0.7832255747126436, "f1-score": 0.7765078059195707, "support": 105}, "weighted avg": {"precision": 0.7914230901219471, "recall": 0.7619047619047619, "f1-score": 0.7634304071278861, "support": 105}, "classificador": "SGDClassifier"}