{"casual": {"precision": 0.7647058823529411, "recall": 0.896551724137931, "f1-score": 0.8253968253968255, "support": 29}, "explosion": {"precision": 0.918918918918919, "recall": 0.8717948717948718, "f1-score": 0.8947368421052632, "support": 39}, "gunshot": {"precision": 0.9411764705882353, "recall": 0.7619047619047619, "f1-score": 0.8421052631578947, "support": 21}, "siren": {"precision": 0.9411764705882353, "recall": 1.0, "f1-score": 0.9696969696969697, "support": 16}, "accuracy": 0.8761904761904762, "macro avg": {"precision": 0.8914944356120826, "recall": 0.8825628394593912, "f1-score": 0.8829839750892383, "support": 105}, "weighted avg": {"precision": 0.8841698841698842, "recall": 0.8761904761904762, "f1-score": 0.8764819697150524, "support": 105}, "classificador": "KNeighborsClassifier"}