{"casual": {"precision": 0.7419354838709677, "recall": 0.7931034482758621, "f1-score": 0.7666666666666667, "support": 29}, "explosion": {"precision": 0.9487179487179487, "recall": 0.9487179487179487, "f1-score": 0.9487179487179487, "support": 39}, "gunshot": {"precision": 0.8421052631578947, "recall": 0.7619047619047619, "f1-score": 0.8, "support": 21}, "siren": {"precision": 0.875, "recall": 0.875, "f1-score": 0.875, "support": 16}, "accuracy": 0.8571428571428571, "macro avg": {"precision": 0.8519396739367028, "recall": 0.8446815397246432, "f1-score": 0.8475961538461538, "support": 105}, "weighted avg": {"precision": 0.8590508529387987, "recall": 0.8571428571428571, "f1-score": 0.8574603174603175, "support": 105}, "classificador": "KNeighborsClassifier"}