{"casual": {"precision": 0.6153846153846154, "recall": 0.8275862068965517, "f1-score": 0.7058823529411765, "support": 29}, "explosion": {"precision": 0.9090909090909091, "recall": 0.7692307692307693, "f1-score": 0.8333333333333333, "support": 39}, "gunshot": {"precision": 0.8125, "recall": 0.6190476190476191, "f1-score": 0.7027027027027026, "support": 21}, "siren": {"precision": 0.8823529411764706, "recall": 0.9375, "f1-score": 0.9090909090909091, "support": 16}, "accuracy": 0.780952380952381, "macro avg": {"precision": 0.8048321164129988, "recall": 0.7883411487937351, "f1-score": 0.7877523245170304, "support": 105}, "weighted avg": {"precision": 0.8045794891383128, "recall": 0.780952380952381, "f1-score": 0.7835504717857659, "support": 105}, "classificador": "LinearDiscriminantAnalysis"}