{"casual": {"precision": 0.6216216216216216, "recall": 0.7931034482758621, "f1-score": 0.696969696969697, "support": 29}, "explosion": {"precision": 0.8571428571428571, "recall": 0.7692307692307693, "f1-score": 0.8108108108108107, "support": 39}, "gunshot": {"precision": 0.7777777777777778, "recall": 0.6666666666666666, "f1-score": 0.717948717948718, "support": 21}, "siren": {"precision": 0.9333333333333333, "recall": 0.875, "f1-score": 0.9032258064516129, "support": 16}, "accuracy": 0.7714285714285715, "macro avg": {"precision": 0.7974688974688975, "recall": 0.7760002210433244, "f1-score": 0.7822387580452097, "support": 105}, "weighted avg": {"precision": 0.7878310964025249, "recall": 0.7714285714285715, "f1-score": 0.7748788458465878, "support": 105}, "classificador": "Perceptron"}