{"casual": {"precision": 0.6857142857142857, "recall": 0.8275862068965517, "f1-score": 0.75, "support": 29}, "explosion": {"precision": 0.9210526315789473, "recall": 0.8974358974358975, "f1-score": 0.9090909090909091, "support": 39}, "gunshot": {"precision": 0.9333333333333333, "recall": 0.6666666666666666, "f1-score": 0.7777777777777778, "support": 21}, "siren": {"precision": 0.8823529411764706, "recall": 0.9375, "f1-score": 0.9090909090909091, "support": 16}, "accuracy": 0.8380952380952381, "macro avg": {"precision": 0.8556132979507592, "recall": 0.832297192749779, "f1-score": 0.836489898989899, "support": 105}, "weighted avg": {"precision": 0.8526134664392072, "recall": 0.8380952380952381, "f1-score": 0.8388888888888888, "support": 105}, "classificador": "SVC"}