{"casual": {"precision": 0.7142857142857143, "recall": 0.8620689655172413, "f1-score": 0.7812500000000001, "support": 29}, "explosion": {"precision": 0.9473684210526315, "recall": 0.9230769230769231, "f1-score": 0.935064935064935, "support": 39}, "gunshot": {"precision": 0.9333333333333333, "recall": 0.6666666666666666, "f1-score": 0.7777777777777778, "support": 21}, "siren": {"precision": 0.8823529411764706, "recall": 0.9375, "f1-score": 0.9090909090909091, "support": 16}, "accuracy": 0.8571428571428571, "macro avg": {"precision": 0.8693351024620374, "recall": 0.8473281388152077, "f1-score": 0.8507959054834056, "support": 105}, "weighted avg": {"precision": 0.870279058992018, "recall": 0.8571428571428571, "f1-score": 0.8571673366316223, "support": 105}, "classificador": "SVC"}