{"casual": {"precision": 0.5172413793103449, "recall": 0.5172413793103449, "f1-score": 0.5172413793103449, "support": 29}, "explosion": {"precision": 0.8, "recall": 0.6153846153846154, "f1-score": 0.6956521739130435, "support": 39}, "gunshot": {"precision": 0.8, "recall": 0.38095238095238093, "f1-score": 0.5161290322580645, "support": 21}, "siren": {"precision": 0.4444444444444444, "recall": 1.0, "f1-score": 0.6153846153846153, "support": 16}, "accuracy": 0.6, "macro avg": {"precision": 0.6404214559386974, "recall": 0.6283945939118353, "f1-score": 0.586101800216517, "support": 105}, "weighted avg": {"precision": 0.6677248677248677, "recall": 0.6, "f1-score": 0.5982409362493514, "support": 105}, "classificador": "SGDClassifier"}