{"casual": {"precision": 0.65625, "recall": 0.7241379310344828, "f1-score": 0.6885245901639345, "support": 29}, "explosion": {"precision": 0.8717948717948718, "recall": 0.8717948717948718, "f1-score": 0.8717948717948718, "support": 39}, "gunshot": {"precision": 0.5185185185185185, "recall": 0.6666666666666666, "f1-score": 0.5833333333333334, "support": 21}, "siren": {"precision": 1.0, "recall": 0.4375, "f1-score": 0.6086956521739131, "support": 16}, "accuracy": 0.7238095238095238, "macro avg": {"precision": 0.7616408475783476, "recall": 0.6750248673740052, "f1-score": 0.6880871118665132, "support": 105}, "weighted avg": {"precision": 0.7611441798941798, "recall": 0.7238095238095238, "f1-score": 0.7233937480908258, "support": 105}, "classificador": "KNeighborsClassifier"}