{"casual": {"precision": 0.4444444444444444, "recall": 0.5517241379310345, "f1-score": 0.4923076923076923, "support": 29}, "explosion": {"precision": 0.7857142857142857, "recall": 0.5641025641025641, "f1-score": 0.6567164179104477, "support": 39}, "gunshot": {"precision": 0.8, "recall": 0.19047619047619047, "f1-score": 0.3076923076923077, "support": 21}, "siren": {"precision": 0.4444444444444444, "recall": 1.0, "f1-score": 0.6153846153846153, "support": 16}, "accuracy": 0.5523809523809524, "macro avg": {"precision": 0.6186507936507937, "recall": 0.5765757231274473, "f1-score": 0.5180252583237658, "support": 105}, "weighted avg": {"precision": 0.6423129251700681, "recall": 0.5523809523809524, "f1-score": 0.5352052922202175, "support": 105}, "classificador": "Perceptron"}