{"casual": {"precision": 0.4864864864864865, "recall": 0.6206896551724138, "f1-score": 0.5454545454545455, "support": 29}, "explosion": {"precision": 0.8518518518518519, "recall": 0.5897435897435898, "f1-score": 0.6969696969696971, "support": 39}, "gunshot": {"precision": 0.6666666666666666, "recall": 0.09523809523809523, "f1-score": 0.16666666666666666, "support": 21}, "siren": {"precision": 0.42105263157894735, "recall": 1.0, "f1-score": 0.5925925925925926, "support": 16}, "accuracy": 0.5619047619047619, "macro avg": {"precision": 0.6065144091459881, "recall": 0.5764178350385247, "f1-score": 0.5004208754208754, "support": 105}, "weighted avg": {"precision": 0.6482587851008903, "recall": 0.5619047619047619, "f1-score": 0.5331569664902999, "support": 105}, "classificador": "Perceptron"}