{"casual": {"precision": 0.53125, "recall": 0.5862068965517241, "f1-score": 0.5573770491803278, "support": 29}, "explosion": {"precision": 0.8484848484848485, "recall": 0.717948717948718, "f1-score": 0.7777777777777778, "support": 39}, "gunshot": {"precision": 0.8571428571428571, "recall": 0.2857142857142857, "f1-score": 0.42857142857142855, "support": 21}, "siren": {"precision": 0.48484848484848486, "recall": 1.0, "f1-score": 0.653061224489796, "support": 16}, "accuracy": 0.638095238095238, "macro avg": {"precision": 0.6804315476190477, "recall": 0.647467475053682, "f1-score": 0.6041968700048326, "support": 105}, "weighted avg": {"precision": 0.707187950937951, "recall": 0.638095238095238, "f1-score": 0.6280594985847578, "support": 105}, "classificador": "SGDClassifier"}