{"casual": {"precision": 0.6470588235294118, "recall": 0.7586206896551724, "f1-score": 0.6984126984126984, "support": 29}, "explosion": {"precision": 0.9117647058823529, "recall": 0.7948717948717948, "f1-score": 0.8493150684931507, "support": 39}, "gunshot": {"precision": 0.56, "recall": 0.6666666666666666, "f1-score": 0.6086956521739131, "support": 21}, "siren": {"precision": 0.9166666666666666, "recall": 0.6875, "f1-score": 0.7857142857142857, "support": 16}, "accuracy": 0.7428571428571429, "macro avg": {"precision": 0.7588725490196079, "recall": 0.7269147877984085, "f1-score": 0.735534426198512, "support": 105}, "weighted avg": {"precision": 0.7690494864612512, "recall": 0.7428571428571429, "f1-score": 0.7498218399264941, "support": 105}, "classificador": "KNeighborsClassifier"}