{"casual": {"precision": 0.5675675675675675, "recall": 0.7241379310344828, "f1-score": 0.6363636363636365, "support": 29}, "explosion": {"precision": 0.7837837837837838, "recall": 0.7435897435897436, "f1-score": 0.7631578947368421, "support": 39}, "gunshot": {"precision": 0.8666666666666667, "recall": 0.6190476190476191, "f1-score": 0.7222222222222222, "support": 21}, "siren": {"precision": 0.9375, "recall": 0.9375, "f1-score": 0.9375, "support": 16}, "accuracy": 0.7428571428571429, "macro avg": {"precision": 0.7888795045045045, "recall": 0.7560688234179613, "f1-score": 0.7648109383306753, "support": 105}, "weighted avg": {"precision": 0.7640669240669241, "recall": 0.7428571428571429, "f1-score": 0.7465178096757045, "support": 105}, "classificador": "SGDClassifier"}