{"casual": {"precision": 0.5357142857142857, "recall": 0.5172413793103449, "f1-score": 0.5263157894736843, "support": 29}, "explosion": {"precision": 0.7894736842105263, "recall": 0.7692307692307693, "f1-score": 0.7792207792207793, "support": 39}, "gunshot": {"precision": 0.7142857142857143, "recall": 0.7142857142857143, "f1-score": 0.7142857142857143, "support": 21}, "siren": {"precision": 0.7777777777777778, "recall": 0.875, "f1-score": 0.823529411764706, "support": 16}, "accuracy": 0.7047619047619048, "macro avg": {"precision": 0.7043128654970761, "recall": 0.7189394657067071, "f1-score": 0.710837923686221, "support": 105}, "weighted avg": {"precision": 0.7025679277558977, "recall": 0.7047619047619048, "f1-score": 0.7031356083103097, "support": 105}, "classificador": "Perceptron"}