{"casual": {"precision": 0.5769230769230769, "recall": 0.5172413793103449, "f1-score": 0.5454545454545454, "support": 29}, "explosion": {"precision": 0.75, "recall": 0.6153846153846154, "f1-score": 0.676056338028169, "support": 39}, "gunshot": {"precision": 0.4666666666666667, "recall": 0.6666666666666666, "f1-score": 0.5490196078431373, "support": 21}, "siren": {"precision": 0.7647058823529411, "recall": 0.8125, "f1-score": 0.787878787878788, "support": 16}, "accuracy": 0.6285714285714286, "macro avg": {"precision": 0.6395739064856711, "recall": 0.6529481653404067, "f1-score": 0.6396023198011599, "support": 105}, "weighted avg": {"precision": 0.6477720318896789, "recall": 0.6285714285714286, "f1-score": 0.6316176321147323, "support": 105}, "classificador": "LinearDiscriminantAnalysis"}