{"casual": {"precision": 0.8148148148148148, "recall": 0.7586206896551724, "f1-score": 0.7857142857142857, "support": 29}, "explosion": {"precision": 0.9487179487179487, "recall": 0.9487179487179487, "f1-score": 0.9487179487179487, "support": 39}, "gunshot": {"precision": 0.9444444444444444, "recall": 0.8095238095238095, "f1-score": 0.8717948717948718, "support": 21}, "siren": {"precision": 0.7619047619047619, "recall": 1.0, "f1-score": 0.8648648648648648, "support": 16}, "accuracy": 0.8761904761904762, "macro avg": {"precision": 0.8674704924704923, "recall": 0.8792156119742327, "f1-score": 0.8677729927729928, "support": 105}, "weighted avg": {"precision": 0.88241370622323, "recall": 0.8761904761904762, "f1-score": 0.875535661249947, "support": 105}, "classificador": "KNeighborsClassifier"}