{"casual": {"precision": 0.5757575757575758, "recall": 0.6551724137931034, "f1-score": 0.6129032258064515, "support": 29}, "explosion": {"precision": 0.8235294117647058, "recall": 0.717948717948718, "f1-score": 0.767123287671233, "support": 39}, "gunshot": {"precision": 0.7142857142857143, "recall": 0.7142857142857143, "f1-score": 0.7142857142857143, "support": 21}, "siren": {"precision": 0.8235294117647058, "recall": 0.875, "f1-score": 0.8484848484848485, "support": 16}, "accuracy": 0.7238095238095238, "macro avg": {"precision": 0.7342755283931754, "recall": 0.7406017115068839, "f1-score": 0.7356992690620618, "support": 105}, "weighted avg": {"precision": 0.7332484508955096, "recall": 0.7238095238095238, "f1-score": 0.72635961279355, "support": 105}, "classificador": "Perceptron"}