{"casual": {"precision": 0.5853658536585366, "recall": 0.8275862068965517, "f1-score": 0.6857142857142856, "support": 29}, "explosion": {"precision": 0.8709677419354839, "recall": 0.6923076923076923, "f1-score": 0.7714285714285716, "support": 39}, "gunshot": {"precision": 0.9333333333333333, "recall": 0.6666666666666666, "f1-score": 0.7777777777777778, "support": 21}, "siren": {"precision": 0.8888888888888888, "recall": 1.0, "f1-score": 0.9411764705882353, "support": 16}, "accuracy": 0.7714285714285715, "macro avg": {"precision": 0.8196389544540607, "recall": 0.7966401414677277, "f1-score": 0.7940242763772176, "support": 105}, "weighted avg": {"precision": 0.8072911801314633, "recall": 0.7714285714285715, "f1-score": 0.774891289849273, "support": 105}, "classificador": "SGDClassifier"}