{"casual": {"precision": 0.7777777777777778, "recall": 0.7241379310344828, "f1-score": 0.75, "support": 29}, "explosion": {"precision": 0.9722222222222222, "recall": 0.8974358974358975, "f1-score": 0.9333333333333333, "support": 39}, "gunshot": {"precision": 0.8571428571428571, "recall": 0.8571428571428571, "f1-score": 0.8571428571428571, "support": 21}, "siren": {"precision": 0.7619047619047619, "recall": 1.0, "f1-score": 0.8648648648648648, "support": 16}, "accuracy": 0.8571428571428571, "macro avg": {"precision": 0.8422619047619048, "recall": 0.8696791714033093, "f1-score": 0.8513352638352638, "support": 105}, "weighted avg": {"precision": 0.8634542705971278, "recall": 0.8571428571428571, "f1-score": 0.857027027027027, "support": 105}, "classificador": "KNeighborsClassifier"}