{"casual": {"precision": 0.6153846153846154, "recall": 0.8275862068965517, "f1-score": 0.7058823529411765, "support": 29}, "explosion": {"precision": 0.8709677419354839, "recall": 0.6923076923076923, "f1-score": 0.7714285714285716, "support": 39}, "gunshot": {"precision": 0.7777777777777778, "recall": 0.6666666666666666, "f1-score": 0.717948717948718, "support": 21}, "siren": {"precision": 0.8235294117647058, "recall": 0.875, "f1-score": 0.8484848484848485, "support": 16}, "accuracy": 0.7523809523809524, "macro avg": {"precision": 0.7719148867156458, "recall": 0.7653901414677277, "f1-score": 0.7609361227008287, "support": 105}, "weighted avg": {"precision": 0.7745114257448223, "recall": 0.7523809523809524, "f1-score": 0.7543712683208482, "support": 105}, "classificador": "Perceptron"}