{"classificador": "Perceptron", "accuracy": 0.8476190476190476, "explosion": {"recall": 0.8717948717948718, "f1-score": 0.9066666666666667, "precision": 0.9444444444444444, "support": 39}, "siren": {"recall": 0.9375, "f1-score": 0.8823529411764706, "precision": 0.8333333333333334, "support": 16}, "weighted avg": {"recall": 0.8476190476190476, "f1-score": 0.8503365653953889, "precision": 0.8695767195767196, "support": 105}, "gunshot": {"recall": 0.7142857142857143, "f1-score": 0.8333333333333333, "precision": 1.0, "support": 21}, "macro avg": {"recall": 0.8464123878994568, "f1-score": 0.84789592760181, "precision": 0.8680555555555556, "support": 105}, "casual": {"recall": 0.8620689655172413, "f1-score": 0.7692307692307692, "precision": 0.6944444444444444, "support": 29}}