{"classificador": "LinearSVC", "accuracy": 0.8571428571428571, "explosion": {"recall": 0.8974358974358975, "f1-score": 0.8974358974358975, "precision": 0.8974358974358975, "support": 39}, "siren": {"recall": 1.0, "f1-score": 0.9696969696969697, "precision": 0.9411764705882353, "support": 16}, "weighted avg": {"recall": 0.8571428571428571, "f1-score": 0.85708372805147, "precision": 0.865116501145913, "support": 105}, "gunshot": {"recall": 0.7142857142857143, "f1-score": 0.8108108108108109, "precision": 0.9375, "support": 21}, "macro avg": {"recall": 0.8598269546545408, "f1-score": 0.8630343065826938, "precision": 0.875846273824215, "support": 105}, "casual": {"recall": 0.8275862068965517, "f1-score": 0.7741935483870968, "precision": 0.7272727272727273, "support": 29}}