{"classificador": "Perceptron", "accuracy": 0.7333333333333333, "explosion": {"recall": 0.8205128205128205, "f1-score": 0.7901234567901233, "precision": 0.7619047619047619, "support": 39}, "siren": {"recall": 0.9375, "f1-score": 0.8333333333333334, "precision": 0.75, "support": 16}, "weighted avg": {"recall": 0.7333333333333333, "f1-score": 0.7200201562106323, "precision": 0.7537681739362411, "support": 105}, "gunshot": {"recall": 0.38095238095238093, "f1-score": 0.5333333333333333, "precision": 0.8888888888888888, "support": 21}, "macro avg": {"recall": 0.7243964727800934, "f1-score": 0.7138007054673721, "precision": 0.7619631185807656, "support": 105}, "casual": {"recall": 0.7586206896551724, "f1-score": 0.6984126984126984, "precision": 0.6470588235294118, "support": 29}}