{"classificador": "SGDClassifier", "accuracy": 0.7142857142857143, "explosion": {"recall": 0.8205128205128205, "f1-score": 0.8205128205128205, "precision": 0.8205128205128205, "support": 39}, "siren": {"recall": 0.875, "f1-score": 0.7777777777777777, "precision": 0.7, "support": 16}, "weighted avg": {"recall": 0.7142857142857143, "f1-score": 0.7137778828101408, "precision": 0.7571957671957672, "support": 105}, "gunshot": {"recall": 0.47619047619047616, "f1-score": 0.6451612903225806, "precision": 1.0, "support": 21}, "macro avg": {"recall": 0.7067189276241, "f1-score": 0.7070168183071408, "precision": 0.7620726495726495, "support": 105}, "casual": {"recall": 0.6551724137931034, "f1-score": 0.5846153846153845, "precision": 0.5277777777777778, "support": 29}}