{"classificador": "SGDClassifier", "accuracy": 0.8285714285714286, "explosion": {"recall": 0.8717948717948718, "f1-score": 0.8947368421052632, "precision": 0.918918918918919, "support": 39}, "siren": {"recall": 0.9375, "f1-score": 0.9090909090909091, "precision": 0.8823529411764706, "support": 16}, "weighted avg": {"recall": 0.8285714285714286, "f1-score": 0.8315330325198746, "precision": 0.8447631214648021, "support": 105}, "gunshot": {"recall": 0.7142857142857143, "f1-score": 0.8108108108108109, "precision": 0.9375, "support": 21}, "macro avg": {"recall": 0.8291710085891121, "f1-score": 0.8333471405017459, "precision": 0.8489786793095616, "support": 105}, "casual": {"recall": 0.7931034482758621, "f1-score": 0.71875, "precision": 0.6571428571428571, "support": 29}}