{"classificador": "Perceptron", "accuracy": 0.6761904761904762, "explosion": {"recall": 0.6923076923076923, "f1-score": 0.7297297297297296, "precision": 0.7714285714285715, "support": 39}, "siren": {"recall": 1.0, "f1-score": 0.8205128205128205, "precision": 0.6956521739130435, "support": 16}, "weighted avg": {"recall": 0.6761904761904762, "f1-score": 0.6579087448652665, "precision": 0.7158680863649807, "support": 105}, "gunshot": {"recall": 0.2857142857142857, "f1-score": 0.42857142857142855, "precision": 0.8571428571428571, "support": 21}, "macro avg": {"recall": 0.6841606669192876, "f1-score": 0.6541237845585671, "precision": 0.7185559006211181, "support": 105}, "casual": {"recall": 0.7586206896551724, "f1-score": 0.6376811594202898, "precision": 0.55, "support": 29}}