{"classificador": "BaggingClassifier", "accuracy": 0.8285714285714286, "explosion": {"recall": 0.8461538461538461, "f1-score": 0.9041095890410958, "precision": 0.9705882352941176, "support": 39}, "siren": {"recall": 0.8125, "f1-score": 0.8125, "precision": 0.8125, "support": 16}, "weighted avg": {"recall": 0.8285714285714286, "f1-score": 0.835675862347901, "precision": 0.8613589025353731, "support": 105}, "gunshot": {"recall": 0.7619047619047619, "f1-score": 0.8648648648648648, "precision": 1.0, "support": 21}, "macro avg": {"recall": 0.8206568933939623, "f1-score": 0.8291921428882548, "precision": 0.8560284690799397, "support": 105}, "casual": {"recall": 0.8620689655172413, "f1-score": 0.7352941176470588, "precision": 0.6410256410256411, "support": 29}}