{"classificador": "Perceptron", "accuracy": 0.8, "explosion": {"recall": 0.8461538461538461, "f1-score": 0.868421052631579, "precision": 0.8918918918918919, "support": 39}, "siren": {"recall": 0.9375, "f1-score": 0.8333333333333334, "precision": 0.75, "support": 16}, "weighted avg": {"recall": 0.8, "f1-score": 0.8024354537136492, "precision": 0.8242713301536831, "support": 105}, "gunshot": {"recall": 0.6666666666666666, "f1-score": 0.8, "precision": 1.0, "support": 21}, "macro avg": {"recall": 0.8022353006189212, "f1-score": 0.8000417710944027, "precision": 0.822237678855326, "support": 105}, "casual": {"recall": 0.7586206896551724, "f1-score": 0.6984126984126984, "precision": 0.6470588235294118, "support": 29}}