{"classificador": "Perceptron", "accuracy": 0.8571428571428571, "explosion": {"recall": 0.8461538461538461, "f1-score": 0.8918918918918919, "precision": 0.9428571428571428, "support": 39}, "siren": {"recall": 0.9375, "f1-score": 0.9090909090909091, "precision": 0.8823529411764706, "support": 16}, "weighted avg": {"recall": 0.8571428571428571, "f1-score": 0.8603798603798604, "precision": 0.8787376572250524, "support": 105}, "gunshot": {"recall": 0.7619047619047619, "f1-score": 0.8648648648648648, "precision": 1.0, "support": 21}, "macro avg": {"recall": 0.8605275830491348, "f1-score": 0.8634316134316135, "precision": 0.8819781966840791, "support": 105}, "casual": {"recall": 0.896551724137931, "f1-score": 0.787878787878788, "precision": 0.7027027027027027, "support": 29}}