{"classificador": "Perceptron", "accuracy": 0.7904761904761904, "explosion": {"recall": 0.8461538461538461, "f1-score": 0.8461538461538461, "precision": 0.8461538461538461, "support": 39}, "siren": {"recall": 0.9375, "f1-score": 0.8333333333333334, "precision": 0.75, "support": 16}, "weighted avg": {"recall": 0.7904761904761904, "f1-score": 0.7914337756960708, "precision": 0.8098214285714286, "support": 105}, "gunshot": {"recall": 0.6666666666666666, "f1-score": 0.8, "precision": 1.0, "support": 21}, "macro avg": {"recall": 0.7936146109637489, "f1-score": 0.7920029424127785, "precision": 0.8131009615384616, "support": 105}, "casual": {"recall": 0.7241379310344828, "f1-score": 0.6885245901639345, "precision": 0.65625, "support": 29}}