{"classificador": "BaggingClassifier", "accuracy": 0.8095238095238095, "explosion": {"recall": 0.8974358974358975, "f1-score": 0.8974358974358975, "precision": 0.8974358974358975, "support": 39}, "siren": {"recall": 0.875, "f1-score": 0.875, "precision": 0.875, "support": 16}, "weighted avg": {"recall": 0.8095238095238095, "f1-score": 0.8106959706959707, "precision": 0.8288359788359788, "support": 105}, "gunshot": {"recall": 0.6190476190476191, "f1-score": 0.742857142857143, "precision": 0.9285714285714286, "support": 21}, "macro avg": {"recall": 0.7961467411898446, "f1-score": 0.805746336996337, "precision": 0.8349740537240538, "support": 105}, "casual": {"recall": 0.7931034482758621, "f1-score": 0.7076923076923076, "precision": 0.6388888888888888, "support": 29}}