{"classificador": "SGDClassifier", "accuracy": 0.8285714285714286, "explosion": {"recall": 0.8974358974358975, "f1-score": 0.9090909090909091, "precision": 0.9210526315789473, "support": 39}, "siren": {"recall": 0.875, "f1-score": 0.875, "precision": 0.875, "support": 16}, "weighted avg": {"recall": 0.8285714285714286, "f1-score": 0.8305072705072706, "precision": 0.8462322472848788, "support": 105}, "gunshot": {"recall": 0.6666666666666666, "f1-score": 0.7777777777777778, "precision": 0.9333333333333333, "support": 21}, "macro avg": {"recall": 0.816672192749779, "f1-score": 0.8250825563325563, "precision": 0.8490131578947369, "support": 105}, "casual": {"recall": 0.8275862068965517, "f1-score": 0.7384615384615385, "precision": 0.6666666666666666, "support": 29}}