{"casual": {"precision": 0.6052631578947368, "recall": 0.7931034482758621, "f1-score": 0.6865671641791046, "support": 29}, "explosion": {"precision": 0.918918918918919, "recall": 0.8717948717948718, "f1-score": 0.8947368421052632, "support": 39}, "gunshot": {"precision": 0.9090909090909091, "recall": 0.47619047619047616, "f1-score": 0.6249999999999999, "support": 21}, "siren": {"precision": 0.7894736842105263, "recall": 0.9375, "f1-score": 0.8571428571428572, "support": 16}, "accuracy": 0.780952380952381, "macro avg": {"precision": 0.8056866675287728, "recall": 0.7696471990653025, "f1-score": 0.7658617158568062, "support": 105}, "weighted avg": {"precision": 0.8105995948101212, "recall": 0.780952380952381, "f1-score": 0.7775663839770002, "support": 105}, "classificador": "BaggingClassifier"}