{"casual": {"precision": 0.7692307692307693, "recall": 0.6896551724137931, "f1-score": 0.7272727272727274, "support": 29}, "explosion": {"precision": 0.8918918918918919, "recall": 0.8461538461538461, "f1-score": 0.868421052631579, "support": 39}, "gunshot": {"precision": 0.7619047619047619, "recall": 0.7619047619047619, "f1-score": 0.7619047619047619, "support": 21}, "siren": {"precision": 0.7619047619047619, "recall": 1.0, "f1-score": 0.8648648648648648, "support": 16}, "accuracy": 0.8095238095238095, "macro avg": {"precision": 0.7962330462330462, "recall": 0.8244284451181003, "f1-score": 0.8056158516684833, "support": 105}, "weighted avg": {"precision": 0.8122090693519265, "recall": 0.8095238095238095, "f1-score": 0.8075920760131288, "support": 105}, "classificador": "SVC", "mediaTempoClassificacaoCadaAudio": 0.054148869287400016, "desvioTempoClassificacaoCadaAudio": 0.04065017134789577}