{"casual": {"precision": 0.8076923076923077, "recall": 0.7241379310344828, "f1-score": 0.7636363636363636, "support": 29}, "explosion": {"precision": 0.8888888888888888, "recall": 0.8205128205128205, "f1-score": 0.8533333333333333, "support": 39}, "gunshot": {"precision": 0.7272727272727273, "recall": 0.7619047619047619, "f1-score": 0.7441860465116279, "support": 21}, "siren": {"precision": 0.7619047619047619, "recall": 1.0, "f1-score": 0.8648648648648648, "support": 16}, "accuracy": 0.8095238095238095, "macro avg": {"precision": 0.7964396714396714, "recall": 0.8266388783630163, "f1-score": 0.8065051520865474, "support": 105}, "weighted avg": {"precision": 0.8147899719328292, "recall": 0.8095238095238095, "f1-score": 0.8084876129527292, "support": 105}, "classificador": "SVC", "mediaTempoClassificacaoCadaAudio": 0.049154749370756604, "desvioTempoClassificacaoCadaAudio": 0.03654215184678943}