{"casual": {"precision": 0.6756756756756757, "recall": 0.8620689655172413, "f1-score": 0.7575757575757576, "support": 29}, "explosion": {"precision": 0.9393939393939394, "recall": 0.7948717948717948, "f1-score": 0.8611111111111112, "support": 39}, "gunshot": {"precision": 0.9444444444444444, "recall": 0.8095238095238095, "f1-score": 0.8717948717948718, "support": 21}, "siren": {"precision": 0.8823529411764706, "recall": 0.9375, "f1-score": 0.9090909090909091, "support": 16}, "accuracy": 0.8380952380952381, "macro avg": {"precision": 0.8604667501726325, "recall": 0.8509911424782115, "f1-score": 0.8498931623931625, "support": 105}, "weighted avg": {"precision": 0.8588756059344294, "recall": 0.8380952380952381, "f1-score": 0.8419635919635919, "support": 105}, "classificador": "SVC"}