{"casual": {"precision": 0.5454545454545454, "recall": 0.6206896551724138, "f1-score": 0.5806451612903226, "support": 29}, "explosion": {"precision": 0.9, "recall": 0.6923076923076923, "f1-score": 0.7826086956521738, "support": 39}, "gunshot": {"precision": 0.6, "recall": 0.14285714285714285, "f1-score": 0.23076923076923073, "support": 21}, "siren": {"precision": 0.43243243243243246, "recall": 1.0, "f1-score": 0.6037735849056604, "support": 16}, "accuracy": 0.6095238095238096, "macro avg": {"precision": 0.6194717444717445, "recall": 0.6139636225843123, "f1-score": 0.5494491681543469, "support": 105}, "weighted avg": {"precision": 0.6708295308295308, "recall": 0.6095238095238096, "f1-score": 0.5892093334523671, "support": 105}, "classificador": "SVC"}