{"casual": {"precision": 0.5483870967741935, "recall": 0.5862068965517241, "f1-score": 0.5666666666666665, "support": 29}, "explosion": {"precision": 0.84375, "recall": 0.6923076923076923, "f1-score": 0.7605633802816902, "support": 39}, "gunshot": {"precision": 0.3870967741935484, "recall": 0.5714285714285714, "f1-score": 0.4615384615384615, "support": 21}, "siren": {"precision": 0.6363636363636364, "recall": 0.4375, "f1-score": 0.5185185185185185, "support": 16}, "accuracy": 0.6, "macro avg": {"precision": 0.6038993768328446, "recall": 0.571860790071997, "f1-score": 0.5768217567513342, "support": 105}, "weighted avg": {"precision": 0.6392412023460411, "recall": 0.6, "f1-score": 0.6103229443135547, "support": 105}, "classificador": "LinearDiscriminantAnalysis"}