{"casual": {"precision": 0.6666666666666666, "recall": 0.7586206896551724, "f1-score": 0.7096774193548386, "support": 29}, "explosion": {"precision": 0.918918918918919, "recall": 0.8717948717948718, "f1-score": 0.8947368421052632, "support": 39}, "gunshot": {"precision": 0.875, "recall": 0.6666666666666666, "f1-score": 0.7567567567567567, "support": 21}, "siren": {"precision": 0.8421052631578947, "recall": 1.0, "f1-score": 0.9142857142857143, "support": 16}, "accuracy": 0.819047619047619, "macro avg": {"precision": 0.82567271218587, "recall": 0.8242705570291777, "f1-score": 0.8188641831256431, "support": 105}, "weighted avg": {"precision": 0.8287605274447379, "recall": 0.819047619047619, "f1-score": 0.8190080507034181, "support": 105}, "classificador": "SVC"}