{"casual": {"precision": 0.7058823529411765, "recall": 0.8275862068965517, "f1-score": 0.7619047619047619, "support": 29}, "explosion": {"precision": 0.9210526315789473, "recall": 0.8974358974358975, "f1-score": 0.9090909090909091, "support": 39}, "gunshot": {"precision": 1.0, "recall": 0.7142857142857143, "f1-score": 0.8333333333333333, "support": 21}, "siren": {"precision": 0.8333333333333334, "recall": 0.9375, "f1-score": 0.8823529411764706, "support": 16}, "accuracy": 0.8476190476190476, "macro avg": {"precision": 0.8650670794633644, "recall": 0.8442019546545408, "f1-score": 0.8466704863763687, "support": 105}, "weighted avg": {"precision": 0.8640473733352989, "recall": 0.8476190476190476, "f1-score": 0.849213624843877, "support": 105}, "classificador": "SVC", "mediaTempoClassificacaoCadaAudio": 0.021139619463966006, "desvioTempoClassificacaoCadaAudio": 0.014823636766012383}