{"casual": {"precision": 0.6875, "recall": 0.7586206896551724, "f1-score": 0.7213114754098361, "support": 29}, "explosion": {"precision": 0.8648648648648649, "recall": 0.8205128205128205, "f1-score": 0.8421052631578947, "support": 39}, "gunshot": {"precision": 0.9444444444444444, "recall": 0.8095238095238095, "f1-score": 0.8717948717948718, "support": 21}, "siren": {"precision": 0.8888888888888888, "recall": 1.0, "f1-score": 0.9411764705882353, "support": 16}, "accuracy": 0.8285714285714286, "macro avg": {"precision": 0.8464245495495496, "recall": 0.8471643299229505, "f1-score": 0.8440970202377094, "support": 105}, "weighted avg": {"precision": 0.835455097955098, "recall": 0.8285714285714286, "f1-score": 0.8297776560680687, "support": 105}, "classificador": "SGDClassifier"}