{"casual": {"precision": 0.5526315789473685, "recall": 0.7241379310344828, "f1-score": 0.6268656716417911, "support": 29}, "explosion": {"precision": 0.8, "recall": 0.6153846153846154, "f1-score": 0.6956521739130435, "support": 39}, "gunshot": {"precision": 0.9444444444444444, "recall": 0.8095238095238095, "f1-score": 0.8717948717948718, "support": 21}, "siren": {"precision": 0.8421052631578947, "recall": 1.0, "f1-score": 0.9142857142857143, "support": 16}, "accuracy": 0.7428571428571429, "macro avg": {"precision": 0.7847953216374268, "recall": 0.7872615889857268, "f1-score": 0.7771496079088551, "support": 105}, "weighted avg": {"precision": 0.766984126984127, "recall": 0.7428571428571429, "f1-score": 0.7451981237760417, "support": 105}, "classificador": "Perceptron"}