{"casual": {"precision": 0.5365853658536586, "recall": 0.7586206896551724, "f1-score": 0.6285714285714286, "support": 29}, "explosion": {"precision": 0.8620689655172413, "recall": 0.6410256410256411, "f1-score": 0.7352941176470588, "support": 39}, "gunshot": {"precision": 0.9375, "recall": 0.7142857142857143, "f1-score": 0.8108108108108109, "support": 21}, "siren": {"precision": 0.7894736842105263, "recall": 0.9375, "f1-score": 0.8571428571428572, "support": 16}, "accuracy": 0.7333333333333333, "macro avg": {"precision": 0.7814070038953567, "recall": 0.762858011241632, "f1-score": 0.7579548035430389, "support": 105}, "weighted avg": {"precision": 0.7761975639266375, "recall": 0.7333333333333333, "f1-score": 0.7394890929344711, "support": 105}, "classificador": "Perceptron"}