{"casual": {"precision": 0.5111111111111111, "recall": 0.7931034482758621, "f1-score": 0.6216216216216216, "support": 29}, "explosion": {"precision": 0.875, "recall": 0.5384615384615384, "f1-score": 0.6666666666666667, "support": 39}, "gunshot": {"precision": 0.9375, "recall": 0.7142857142857143, "f1-score": 0.8108108108108109, "support": 21}, "siren": {"precision": 0.8, "recall": 1.0, "f1-score": 0.888888888888889, "support": 16}, "accuracy": 0.7142857142857143, "macro avg": {"precision": 0.7809027777777777, "recall": 0.7614626752557787, "f1-score": 0.7469969969969971, "support": 105}, "weighted avg": {"precision": 0.7755687830687831, "recall": 0.7142857142857143, "f1-score": 0.7169169169169171, "support": 105}, "classificador": "Perceptron"}