{"casual": {"precision": 0.625, "recall": 0.5172413793103449, "f1-score": 0.5660377358490567, "support": 29}, "explosion": {"precision": 0.7777777777777778, "recall": 0.717948717948718, "f1-score": 0.7466666666666666, "support": 39}, "gunshot": {"precision": 0.5, "recall": 0.7142857142857143, "f1-score": 0.588235294117647, "support": 21}, "siren": {"precision": 0.8666666666666667, "recall": 0.8125, "f1-score": 0.8387096774193549, "support": 16}, "accuracy": 0.6761904761904762, "macro avg": {"precision": 0.6923611111111111, "recall": 0.6904939528861943, "f1-score": 0.6849123435131813, "support": 105}, "weighted avg": {"precision": 0.6935714285714285, "recall": 0.6761904761904762, "f1-score": 0.6791180033790752, "support": 105}, "classificador": "LinearDiscriminantAnalysis", "mediaTempoClassificacaoCadaAudio": 0.0024131502423967634, "desvioTempoClassificacaoCadaAudio": 0.0005669274317072102}