{"casual": {"precision": 0.6333333333333333, "recall": 0.6551724137931034, "f1-score": 0.6440677966101694, "support": 29}, "explosion": {"precision": 0.8823529411764706, "recall": 0.7692307692307693, "f1-score": 0.8219178082191781, "support": 39}, "gunshot": {"precision": 0.625, "recall": 0.7142857142857143, "f1-score": 0.6666666666666666, "support": 21}, "siren": {"precision": 0.8235294117647058, "recall": 0.875, "f1-score": 0.8484848484848485, "support": 16}, "accuracy": 0.7428571428571429, "macro avg": {"precision": 0.7410539215686274, "recall": 0.7534222243273968, "f1-score": 0.7452842799952157, "support": 105}, "weighted avg": {"precision": 0.753141923436041, "recall": 0.7428571428571429, "f1-score": 0.745795411409528, "support": 105}, "classificador": "KNeighborsClassifier", "mediaTempoClassificacaoCadaAudio": 0.23355580284481958, "desvioTempoClassificacaoCadaAudio": 0.177282976663184}