{"casual": {"precision": 0.64, "recall": 0.5517241379310345, "f1-score": 0.5925925925925927, "support": 29}, "explosion": {"precision": 0.8205128205128205, "recall": 0.8205128205128205, "f1-score": 0.8205128205128205, "support": 39}, "gunshot": {"precision": 0.7272727272727273, "recall": 0.7619047619047619, "f1-score": 0.7441860465116279, "support": 21}, "siren": {"precision": 0.7894736842105263, "recall": 0.9375, "f1-score": 0.8571428571428572, "support": 16}, "accuracy": 0.7523809523809524, "macro avg": {"precision": 0.7443148079990185, "recall": 0.7679104300871542, "f1-score": 0.7536085791899746, "support": 105}, "weighted avg": {"precision": 0.7472791068580543, "recall": 0.7523809523809524, "f1-score": 0.7478797892972866, "support": 105}, "classificador": "SGDClassifier", "mediaTempoClassificacaoCadaAudio": 0.0025276365734281992, "desvioTempoClassificacaoCadaAudio": 0.0007335050134653067}