{"casual": {"precision": 0.6071428571428571, "recall": 0.5862068965517241, "f1-score": 0.5964912280701754, "support": 29}, "explosion": {"precision": 0.7894736842105263, "recall": 0.7692307692307693, "f1-score": 0.7792207792207793, "support": 39}, "gunshot": {"precision": 0.7272727272727273, "recall": 0.7619047619047619, "f1-score": 0.7441860465116279, "support": 21}, "siren": {"precision": 0.8823529411764706, "recall": 0.9375, "f1-score": 0.9090909090909091, "support": 16}, "accuracy": 0.7428571428571429, "macro avg": {"precision": 0.7515605524506453, "recall": 0.7637106069218138, "f1-score": 0.7572472407233729, "support": 105}, "weighted avg": {"precision": 0.7408284845038494, "recall": 0.7428571428571429, "f1-score": 0.74153540500804, "support": 105}, "classificador": "SGDClassifier", "mediaTempoClassificacaoCadaAudio": 0.002293745676676432, "desvioTempoClassificacaoCadaAudio": 0.0003537103216585867}