{"casual": {"precision": 0.5454545454545454, "recall": 0.6206896551724138, "f1-score": 0.5806451612903226, "support": 29}, "explosion": {"precision": 0.7, "recall": 0.717948717948718, "f1-score": 0.708860759493671, "support": 39}, "gunshot": {"precision": 0.9230769230769231, "recall": 0.5714285714285714, "f1-score": 0.7058823529411765, "support": 21}, "siren": {"precision": 0.7894736842105263, "recall": 0.9375, "f1-score": 0.8571428571428572, "support": 16}, "accuracy": 0.6952380952380952, "macro avg": {"precision": 0.7395012881854988, "recall": 0.7118917361374257, "f1-score": 0.7131327827170069, "support": 105}, "weighted avg": {"precision": 0.7155654871444345, "recall": 0.6952380952380952, "f1-score": 0.695448518321171, "support": 105}, "classificador": "Perceptron", "mediaTempoClassificacaoCadaAudio": 0.002293704804920015, "desvioTempoClassificacaoCadaAudio": 0.0003777594091875467}