{"casual": {"precision": 0.6, "recall": 0.7241379310344828, "f1-score": 0.65625, "support": 29}, "explosion": {"precision": 0.8918918918918919, "recall": 0.8461538461538461, "f1-score": 0.868421052631579, "support": 39}, "gunshot": {"precision": 0.6923076923076923, "recall": 0.42857142857142855, "f1-score": 0.5294117647058824, "support": 21}, "siren": {"precision": 0.8, "recall": 1.0, "f1-score": 0.888888888888889, "support": 16}, "accuracy": 0.7523809523809524, "macro avg": {"precision": 0.746049896049896, "recall": 0.7497158014399394, "f1-score": 0.7357429265565876, "support": 105}, "weighted avg": {"precision": 0.7573547173547173, "recall": 0.7523809523809524, "f1-score": 0.7451384793683556, "support": 105}, "classificador": "DecisionTreeClassifier", "mediaTempoClassificacaoCadaAudio": 0.0021978787013462613, "desvioTempoClassificacaoCadaAudio": 0.00035449724795558017}