{"casual": {"precision": 0.5714285714285714, "recall": 0.41379310344827586, "f1-score": 0.48000000000000004, "support": 29}, "explosion": {"precision": 0.7777777777777778, "recall": 0.717948717948718, "f1-score": 0.7466666666666666, "support": 39}, "gunshot": {"precision": 0.5, "recall": 0.7142857142857143, "f1-score": 0.588235294117647, "support": 21}, "siren": {"precision": 0.7777777777777778, "recall": 0.875, "f1-score": 0.823529411764706, "support": 16}, "accuracy": 0.6571428571428571, "macro avg": {"precision": 0.6567460317460317, "recall": 0.6802568839206771, "f1-score": 0.6596078431372548, "support": 105}, "weighted avg": {"precision": 0.665230536659108, "recall": 0.6571428571428571, "f1-score": 0.6530420168067226, "support": 105}, "classificador": "LinearDiscriminantAnalysis", "mediaTempoClassificacaoCadaAudio": 0.002373248054867699, "desvioTempoClassificacaoCadaAudio": 0.0004841842677506082}