{"casual": {"precision": 0.375, "recall": 0.9310344827586207, "f1-score": 0.5346534653465347, "support": 29}, "explosion": {"precision": 0.9375, "recall": 0.38461538461538464, "f1-score": 0.5454545454545454, "support": 39}, "gunshot": {"precision": 0.0, "recall": 0.0, "f1-score": 0.0, "support": 21}, "siren": {"precision": 0.8823529411764706, "recall": 0.9375, "f1-score": 0.9090909090909091, "support": 16}, "accuracy": 0.5428571428571428, "macro avg": {"precision": 0.5487132352941176, "recall": 0.5632874668435013, "f1-score": 0.4972997299729973, "support": 105}, "weighted avg": {"precision": 0.5862394957983194, "recall": 0.5428571428571428, "f1-score": 0.4887917363164888, "support": 105}, "classificador": "QuadraticDiscriminantAnalysis", "mediaTempoClassificacaoCadaAudio": 0.003810694104149228, "desvioTempoClassificacaoCadaAudio": 0.0010920561134055548}