{"casual": {"precision": 0.5882352941176471, "recall": 0.6896551724137931, "f1-score": 0.6349206349206349, "support": 29}, "explosion": {"precision": 0.8648648648648649, "recall": 0.8205128205128205, "f1-score": 0.8421052631578947, "support": 39}, "gunshot": {"precision": 0.6666666666666666, "recall": 0.47619047619047616, "f1-score": 0.5555555555555556, "support": 21}, "siren": {"precision": 0.8421052631578947, "recall": 1.0, "f1-score": 0.9142857142857143, "support": 16}, "accuracy": 0.7428571428571429, "macro avg": {"precision": 0.7404680222017683, "recall": 0.7465896172792724, "f1-score": 0.7367167919799499, "support": 105}, "weighted avg": {"precision": 0.7453546425682649, "recall": 0.7428571428571429, "f1-score": 0.7385718263913752, "support": 105}, "classificador": "DecisionTreeClassifier", "mediaTempoClassificacaoCadaAudio": 0.002209459032331194, "desvioTempoClassificacaoCadaAudio": 0.0003949252158734286}