{"casual": {"precision": 0.5666666666666667, "recall": 0.5862068965517241, "f1-score": 0.576271186440678, "support": 29}, "explosion": {"precision": 0.8108108108108109, "recall": 0.7692307692307693, "f1-score": 0.7894736842105263, "support": 39}, "gunshot": {"precision": 0.7368421052631579, "recall": 0.6666666666666666, "f1-score": 0.7, "support": 21}, "siren": {"precision": 0.7894736842105263, "recall": 0.9375, "f1-score": 0.8571428571428572, "support": 16}, "accuracy": 0.7238095238095238, "macro avg": {"precision": 0.7259483167377905, "recall": 0.73990108311229, "f1-score": 0.7307219319485153, "support": 105}, "weighted avg": {"precision": 0.7253354105985684, "recall": 0.7238095238095238, "f1-score": 0.7230059410026277, "support": 105}, "classificador": "SGDClassifier", "mediaTempoClassificacaoCadaAudio": 0.002340148744128999, "desvioTempoClassificacaoCadaAudio": 0.00041310526311377505}