{"casual": {"precision": 0.5277777777777778, "recall": 0.6551724137931034, "f1-score": 0.5846153846153845, "support": 29}, "explosion": {"precision": 0.7352941176470589, "recall": 0.6410256410256411, "f1-score": 0.6849315068493151, "support": 39}, "gunshot": {"precision": 0.8666666666666667, "recall": 0.6190476190476191, "f1-score": 0.7222222222222222, "support": 21}, "siren": {"precision": 0.75, "recall": 0.9375, "f1-score": 0.8333333333333334, "support": 16}, "accuracy": 0.6857142857142857, "macro avg": {"precision": 0.7199346405228758, "recall": 0.7131864184665909, "f1-score": 0.7062756117550638, "support": 105}, "weighted avg": {"precision": 0.7064954870837223, "recall": 0.6857142857142857, "f1-score": 0.6872969040092327, "support": 105}, "classificador": "Perceptron", "mediaTempoClassificacaoCadaAudio": 0.0022579647245861236, "desvioTempoClassificacaoCadaAudio": 0.00022476989982207928}