{"casual": {"precision": 0.6153846153846154, "recall": 0.5517241379310345, "f1-score": 0.5818181818181819, "support": 29}, "explosion": {"precision": 0.8055555555555556, "recall": 0.7435897435897436, "f1-score": 0.7733333333333334, "support": 39}, "gunshot": {"precision": 0.5555555555555556, "recall": 0.7142857142857143, "f1-score": 0.6250000000000001, "support": 21}, "siren": {"precision": 0.875, "recall": 0.875, "f1-score": 0.875, "support": 16}, "accuracy": 0.7047619047619048, "macro avg": {"precision": 0.7128739316239316, "recall": 0.7211498989516231, "f1-score": 0.7137878787878789, "support": 105}, "weighted avg": {"precision": 0.7136141636141636, "recall": 0.7047619047619048, "f1-score": 0.7062640692640693, "support": 105}, "classificador": "LinearDiscriminantAnalysis", "mediaTempoClassificacaoCadaAudio": 0.002470972424461728, "desvioTempoClassificacaoCadaAudio": 0.0007658801621650454}