{"casual": {"precision": 0.6296296296296297, "recall": 0.5862068965517241, "f1-score": 0.6071428571428571, "support": 29}, "explosion": {"precision": 0.8055555555555556, "recall": 0.7435897435897436, "f1-score": 0.7733333333333334, "support": 39}, "gunshot": {"precision": 0.6, "recall": 0.7142857142857143, "f1-score": 0.6521739130434783, "support": 21}, "siren": {"precision": 0.8823529411764706, "recall": 0.9375, "f1-score": 0.9090909090909091, "support": 16}, "accuracy": 0.7238095238095238, "macro avg": {"precision": 0.7293845315904139, "recall": 0.7453955886067956, "f1-score": 0.7354352531526445, "support": 105}, "weighted avg": {"precision": 0.7275578379499948, "recall": 0.7238095238095238, "f1-score": 0.7238880912048614, "support": 105}, "classificador": "Perceptron", "mediaTempoClassificacaoCadaAudio": 0.002388647624424526, "desvioTempoClassificacaoCadaAudio": 0.0004547100247616891}