{"casual": {"precision": 0.41304347826086957, "recall": 0.6551724137931034, "f1-score": 0.5066666666666666, "support": 29}, "explosion": {"precision": 0.6904761904761905, "recall": 0.7435897435897436, "f1-score": 0.7160493827160495, "support": 39}, "gunshot": {"precision": 0.0, "recall": 0.0, "f1-score": 0.0, "support": 21}, "siren": {"precision": 0.8235294117647058, "recall": 0.875, "f1-score": 0.8484848484848485, "support": 16}, "accuracy": 0.5904761904761905, "macro avg": {"precision": 0.4817622701254415, "recall": 0.5684405393457117, "f1-score": 0.5178002244668911, "support": 105}, "weighted avg": {"precision": 0.49603145606068516, "recall": 0.5904761904761905, "f1-score": 0.5351906365239699, "support": 105}, "classificador": "SGDClassifier"}