{"casual": {"precision": 0.5333333333333333, "recall": 0.5517241379310345, "f1-score": 0.5423728813559322, "support": 29}, "explosion": {"precision": 0.7435897435897436, "recall": 0.7435897435897436, "f1-score": 0.7435897435897437, "support": 39}, "gunshot": {"precision": 0.7857142857142857, "recall": 0.5238095238095238, "f1-score": 0.6285714285714286, "support": 21}, "siren": {"precision": 0.6818181818181818, "recall": 0.9375, "f1-score": 0.7894736842105263, "support": 16}, "accuracy": 0.6761904761904762, "macro avg": {"precision": 0.686113886113886, "recall": 0.6891558513325755, "f1-score": 0.6760019344319077, "support": 105}, "weighted avg": {"precision": 0.6845310245310245, "recall": 0.6761904761904762, "f1-score": 0.6720037381589568, "support": 105}, "classificador": "Perceptron"}