{"casual": {"precision": 0.5238095238095238, "recall": 0.7586206896551724, "f1-score": 0.6197183098591549, "support": 29}, "explosion": {"precision": 0.8571428571428571, "recall": 0.46153846153846156, "f1-score": 0.6, "support": 39}, "gunshot": {"precision": 0.4117647058823529, "recall": 0.6666666666666666, "f1-score": 0.509090909090909, "support": 21}, "siren": {"precision": 1.0, "recall": 0.5, "f1-score": 0.6666666666666666, "support": 16}, "accuracy": 0.5904761904761905, "macro avg": {"precision": 0.6981792717086834, "recall": 0.5967064544650751, "f1-score": 0.5988689714041826, "support": 105}, "weighted avg": {"precision": 0.6977724423102574, "recall": 0.5904761904761905, "f1-score": 0.5974229213665833, "support": 105}, "classificador": "KNeighborsClassifier"}