{"casual": {"precision": 0.55, "recall": 0.7586206896551724, "f1-score": 0.6376811594202898, "support": 29}, "explosion": {"precision": 0.7931034482758621, "recall": 0.5897435897435898, "f1-score": 0.676470588235294, "support": 39}, "gunshot": {"precision": 0.7, "recall": 0.6666666666666666, "f1-score": 0.6829268292682926, "support": 21}, "siren": {"precision": 0.75, "recall": 0.75, "f1-score": 0.75, "support": 16}, "accuracy": 0.6761904761904762, "macro avg": {"precision": 0.6982758620689655, "recall": 0.6912577365163571, "f1-score": 0.6867696442309692, "support": 105}, "weighted avg": {"precision": 0.7007717569786536, "recall": 0.6761904761904762, "f1-score": 0.6782530474190382, "support": 105}, "classificador": "Perceptron"}