{"casual": {"precision": 0.5, "recall": 0.7931034482758621, "f1-score": 0.6133333333333334, "support": 29}, "explosion": {"precision": 0.8571428571428571, "recall": 0.46153846153846156, "f1-score": 0.6, "support": 39}, "gunshot": {"precision": 0.6190476190476191, "recall": 0.6190476190476191, "f1-score": 0.6190476190476191, "support": 21}, "siren": {"precision": 0.7647058823529411, "recall": 0.8125, "f1-score": 0.787878787878788, "support": 16}, "accuracy": 0.638095238095238, "macro avg": {"precision": 0.6852240896358543, "recall": 0.6715473822154857, "f1-score": 0.6550649350649351, "support": 105}, "weighted avg": {"precision": 0.6967987194877951, "recall": 0.638095238095238, "f1-score": 0.6361212121212122, "support": 105}, "classificador": "Perceptron"}