{"casual": {"precision": 0.4838709677419355, "recall": 0.5172413793103449, "f1-score": 0.5000000000000001, "support": 29}, "explosion": {"precision": 0.8, "recall": 0.8205128205128205, "f1-score": 0.810126582278481, "support": 39}, "gunshot": {"precision": 0.9285714285714286, "recall": 0.6190476190476191, "f1-score": 0.742857142857143, "support": 21}, "siren": {"precision": 0.75, "recall": 0.9375, "f1-score": 0.8333333333333334, "support": 16}, "accuracy": 0.7142857142857143, "macro avg": {"precision": 0.740610599078341, "recall": 0.7235754547176961, "f1-score": 0.7215792646172394, "support": 105}, "weighted avg": {"precision": 0.7307834101382489, "recall": 0.7142857142857143, "f1-score": 0.7145549527828009, "support": 105}, "classificador": "LinearSVC"}