{"casual": {"precision": 0.4878048780487805, "recall": 0.6896551724137931, "f1-score": 0.5714285714285714, "support": 29}, "explosion": {"precision": 0.7297297297297297, "recall": 0.6923076923076923, "f1-score": 0.7105263157894737, "support": 39}, "gunshot": {"precision": 0.9090909090909091, "recall": 0.47619047619047616, "f1-score": 0.6249999999999999, "support": 21}, "siren": {"precision": 0.8125, "recall": 0.8125, "f1-score": 0.8125, "support": 16}, "accuracy": 0.6666666666666666, "macro avg": {"precision": 0.7347813792173549, "recall": 0.6676633352279904, "f1-score": 0.6798637218045113, "support": 105}, "weighted avg": {"precision": 0.7113972382265066, "recall": 0.6666666666666666, "f1-score": 0.6705424274973146, "support": 105}, "classificador": "Perceptron"}