{"casual": {"precision": 0.525, "recall": 0.7241379310344828, "f1-score": 0.6086956521739131, "support": 29}, "explosion": {"precision": 0.8571428571428571, "recall": 0.46153846153846156, "f1-score": 0.6, "support": 39}, "gunshot": {"precision": 0.3870967741935484, "recall": 0.5714285714285714, "f1-score": 0.4615384615384615, "support": 21}, "siren": {"precision": 0.9230769230769231, "recall": 0.75, "f1-score": 0.8275862068965517, "support": 16}, "accuracy": 0.6, "macro avg": {"precision": 0.6730791386033321, "recall": 0.626776241000379, "f1-score": 0.6244550801522316, "support": 105}, "weighted avg": {"precision": 0.6814460424368258, "recall": 0.6, "f1-score": 0.6093891515780571, "support": 105}, "classificador": "KNeighborsClassifier"}