{"casual": {"precision": 0.35185185185185186, "recall": 0.6551724137931034, "f1-score": 0.4578313253012048, "support": 29}, "explosion": {"precision": 0.7575757575757576, "recall": 0.6410256410256411, "f1-score": 0.6944444444444444, "support": 39}, "gunshot": {"precision": 1.0, "recall": 0.047619047619047616, "f1-score": 0.0909090909090909, "support": 21}, "siren": {"precision": 0.8235294117647058, "recall": 0.875, "f1-score": 0.8484848484848485, "support": 16}, "accuracy": 0.5619047619047619, "macro avg": {"precision": 0.7332392552980789, "recall": 0.554704275609448, "f1-score": 0.5229174272848971, "support": 105}, "weighted avg": {"precision": 0.7040536079751766, "recall": 0.5619047619047619, "f1-score": 0.531859907161112, "support": 105}, "classificador": "BaggingClassifier"}