{"casual": {"precision": 0.5319148936170213, "recall": 0.8620689655172413, "f1-score": 0.6578947368421053, "support": 29}, "explosion": {"precision": 0.8235294117647058, "recall": 0.358974358974359, "f1-score": 0.5, "support": 39}, "gunshot": {"precision": 0.375, "recall": 0.5714285714285714, "f1-score": 0.4528301886792453, "support": 21}, "siren": {"precision": 1.0, "recall": 0.5625, "f1-score": 0.72, "support": 16}, "accuracy": 0.5714285714285714, "macro avg": {"precision": 0.6826110763454318, "recall": 0.5887429739800429, "f1-score": 0.5826812313803376, "support": 105}, "weighted avg": {"precision": 0.6801731330830204, "recall": 0.5714285714285714, "f1-score": 0.5676988698160496, "support": 105}, "classificador": "KNeighborsClassifier"}