{"casual": {"precision": 0.4418604651162791, "recall": 0.6551724137931034, "f1-score": 0.5277777777777777, "support": 29}, "explosion": {"precision": 0.6451612903225806, "recall": 0.5128205128205128, "f1-score": 0.5714285714285714, "support": 39}, "gunshot": {"precision": 0.7333333333333333, "recall": 0.5238095238095238, "f1-score": 0.611111111111111, "support": 21}, "siren": {"precision": 0.625, "recall": 0.625, "f1-score": 0.625, "support": 16}, "accuracy": 0.5714285714285714, "macro avg": {"precision": 0.6113387721930482, "recall": 0.579200612605785, "f1-score": 0.583829365079365, "support": 105}, "weighted avg": {"precision": 0.6035737505805022, "recall": 0.5714285714285714, "f1-score": 0.5754724111866968, "support": 105}, "classificador": "LinearDiscriminantAnalysis"}