{"casual": {"precision": 0.5294117647058824, "recall": 0.9310344827586207, "f1-score": 0.6749999999999999, "support": 29}, "explosion": {"precision": 0.7142857142857143, "recall": 0.2564102564102564, "f1-score": 0.3773584905660377, "support": 39}, "gunshot": {"precision": 0.34375, "recall": 0.5238095238095238, "f1-score": 0.4150943396226415, "support": 21}, "siren": {"precision": 1.0, "recall": 0.5, "f1-score": 0.6666666666666666, "support": 16}, "accuracy": 0.5333333333333333, "macro avg": {"precision": 0.6468618697478992, "recall": 0.5528135657446002, "f1-score": 0.5335298742138365, "support": 105}, "weighted avg": {"precision": 0.63265556222489, "recall": 0.5333333333333333, "f1-score": 0.5111964660077867, "support": 105}, "classificador": "KNeighborsClassifier"}