{"casual": {"precision": 0.47368421052631576, "recall": 0.6206896551724138, "f1-score": 0.5373134328358208, "support": 29}, "explosion": {"precision": 0.5925925925925926, "recall": 0.41025641025641024, "f1-score": 0.4848484848484849, "support": 39}, "gunshot": {"precision": 0.48, "recall": 0.5714285714285714, "f1-score": 0.5217391304347826, "support": 21}, "siren": {"precision": 0.8, "recall": 0.75, "f1-score": 0.7741935483870969, "support": 16}, "accuracy": 0.5523809523809524, "macro avg": {"precision": 0.5865692007797271, "recall": 0.5880936592143489, "f1-score": 0.5795236491265463, "support": 105}, "weighted avg": {"precision": 0.5688376496797548, "recall": 0.5523809523809524, "f1-score": 0.5508076092824161, "support": 105}, "classificador": "LinearSVC"}