{"casual": {"precision": 0.5128205128205128, "recall": 0.6896551724137931, "f1-score": 0.5882352941176471, "support": 29}, "explosion": {"precision": 0.8048780487804879, "recall": 0.8461538461538461, "f1-score": 0.8250000000000001, "support": 39}, "gunshot": {"precision": 0.9166666666666666, "recall": 0.5238095238095238, "f1-score": 0.6666666666666667, "support": 21}, "siren": {"precision": 0.9230769230769231, "recall": 0.75, "f1-score": 0.8275862068965517, "support": 16}, "accuracy": 0.7238095238095238, "macro avg": {"precision": 0.7893605378361477, "recall": 0.7024046355942908, "f1-score": 0.7268720419202164, "support": 105}, "weighted avg": {"precision": 0.7645835194615683, "recall": 0.7238095238095238, "f1-score": 0.7283352651405389, "support": 105}, "classificador": "BaggingClassifier"}