{"casual": {"precision": 0.5238095238095238, "recall": 0.7586206896551724, "f1-score": 0.6197183098591549, "support": 29}, "explosion": {"precision": 0.8387096774193549, "recall": 0.6666666666666666, "f1-score": 0.7428571428571428, "support": 39}, "gunshot": {"precision": 0.7857142857142857, "recall": 0.5238095238095238, "f1-score": 0.6285714285714286, "support": 21}, "siren": {"precision": 0.7777777777777778, "recall": 0.875, "f1-score": 0.823529411764706, "support": 16}, "accuracy": 0.6952380952380952, "macro avg": {"precision": 0.7315028161802355, "recall": 0.7060242200328407, "f1-score": 0.703669073263108, "support": 105}, "weighted avg": {"precision": 0.7318533148026235, "recall": 0.6952380952380952, "f1-score": 0.6982831442436129, "support": 105}, "classificador": "SVC"}