{"casual": {"precision": 0.5365853658536586, "recall": 0.7586206896551724, "f1-score": 0.6285714285714286, "support": 29}, "explosion": {"precision": 0.7692307692307693, "recall": 0.5128205128205128, "f1-score": 0.6153846153846154, "support": 39}, "gunshot": {"precision": 0.5789473684210527, "recall": 0.5238095238095238, "f1-score": 0.5500000000000002, "support": 21}, "siren": {"precision": 0.7368421052631579, "recall": 0.875, "f1-score": 0.7999999999999999, "support": 16}, "accuracy": 0.638095238095238, "macro avg": {"precision": 0.6554014021921596, "recall": 0.6675626815713023, "f1-score": 0.648489010989011, "support": 105}, "weighted avg": {"precision": 0.6619842288648451, "recall": 0.638095238095238, "f1-score": 0.6340816326530613, "support": 105}, "classificador": "SVC"}