{"casual": {"precision": 0.5666666666666667, "recall": 0.5862068965517241, "f1-score": 0.576271186440678, "support": 29}, "explosion": {"precision": 0.5689655172413793, "recall": 0.8461538461538461, "f1-score": 0.6804123711340206, "support": 39}, "gunshot": {"precision": 0.0, "recall": 0.0, "f1-score": 0.0, "support": 21}, "siren": {"precision": 0.8235294117647058, "recall": 0.875, "f1-score": 0.8484848484848485, "support": 16}, "accuracy": 0.6095238095238096, "macro avg": {"precision": 0.48979039891818793, "recall": 0.5768401856763925, "f1-score": 0.5262921015148868, "support": 105}, "weighted avg": {"precision": 0.49332818184745164, "recall": 0.6095238095238096, "f1-score": 0.5411781376834671, "support": 105}, "classificador": "SGDClassifier"}