{"casual": {"precision": 0.5641025641025641, "recall": 0.7586206896551724, "f1-score": 0.6470588235294118, "support": 29}, "explosion": {"precision": 0.9, "recall": 0.6923076923076923, "f1-score": 0.7826086956521738, "support": 39}, "gunshot": {"precision": 0.875, "recall": 0.6666666666666666, "f1-score": 0.7567567567567567, "support": 21}, "siren": {"precision": 0.8, "recall": 1.0, "f1-score": 0.888888888888889, "support": 16}, "accuracy": 0.7523809523809524, "macro avg": {"precision": 0.784775641025641, "recall": 0.7793987621573828, "f1-score": 0.7688282912068077, "support": 105}, "weighted avg": {"precision": 0.786990231990232, "recall": 0.7523809523809524, "f1-score": 0.756195801208589, "support": 105}, "classificador": "Perceptron"}