{"casual": {"precision": 0.8387096774193549, "recall": 0.896551724137931, "f1-score": 0.8666666666666666, "support": 29}, "explosion": {"precision": 0.95, "recall": 0.9743589743589743, "f1-score": 0.9620253164556962, "support": 39}, "gunshot": {"precision": 1.0, "recall": 0.7619047619047619, "f1-score": 0.8648648648648648, "support": 21}, "siren": {"precision": 0.8888888888888888, "recall": 1.0, "f1-score": 0.9411764705882353, "support": 16}, "accuracy": 0.9142857142857143, "macro avg": {"precision": 0.9193996415770609, "recall": 0.9082038651004168, "f1-score": 0.9086833296438657, "support": 105}, "weighted avg": {"precision": 0.9199505034988906, "recall": 0.9142857142857143, "f1-score": 0.9130791082540897, "support": 105}, "classificador": "KNeighborsClassifier"}