{"casual": {"precision": 0.6285714285714286, "recall": 0.7586206896551724, "f1-score": 0.6875, "support": 29}, "explosion": {"precision": 0.8823529411764706, "recall": 0.7692307692307693, "f1-score": 0.8219178082191781, "support": 39}, "gunshot": {"precision": 0.8333333333333334, "recall": 0.7142857142857143, "f1-score": 0.7692307692307692, "support": 21}, "siren": {"precision": 0.8888888888888888, "recall": 1.0, "f1-score": 0.9411764705882353, "support": 16}, "accuracy": 0.7904761904761904, "macro avg": {"precision": 0.8082866479925304, "recall": 0.810534293292914, "f1-score": 0.8049562620095456, "support": 105}, "weighted avg": {"precision": 0.8034529367302476, "recall": 0.7904761904761904, "f1-score": 0.7924282305124368, "support": 105}, "classificador": "SGDClassifier"}