{"casual": {"precision": 0.6052631578947368, "recall": 0.7931034482758621, "f1-score": 0.6865671641791046, "support": 29}, "explosion": {"precision": 0.84375, "recall": 0.6923076923076923, "f1-score": 0.7605633802816902, "support": 39}, "gunshot": {"precision": 0.9411764705882353, "recall": 0.7619047619047619, "f1-score": 0.8421052631578947, "support": 21}, "siren": {"precision": 0.8888888888888888, "recall": 1.0, "f1-score": 0.9411764705882353, "support": 16}, "accuracy": 0.780952380952381, "macro avg": {"precision": 0.8197696293429652, "recall": 0.8118289756220791, "f1-score": 0.8076030695517311, "support": 105}, "weighted avg": {"precision": 0.8042458065097383, "recall": 0.780952380952381, "f1-score": 0.7839567014086429, "support": 105}, "classificador": "SGDClassifier"}