{"casual": {"precision": 0.5897435897435898, "recall": 0.7931034482758621, "f1-score": 0.676470588235294, "support": 29}, "explosion": {"precision": 0.875, "recall": 0.717948717948718, "f1-score": 0.7887323943661971, "support": 39}, "gunshot": {"precision": 0.9375, "recall": 0.7142857142857143, "f1-score": 0.8108108108108109, "support": 21}, "siren": {"precision": 0.8333333333333334, "recall": 0.9375, "f1-score": 0.8823529411764706, "support": 16}, "accuracy": 0.7714285714285715, "macro avg": {"precision": 0.8088942307692308, "recall": 0.7907094701275736, "f1-score": 0.7895916836471931, "support": 105}, "weighted avg": {"precision": 0.8023656898656898, "recall": 0.7714285714285715, "f1-score": 0.7764084240471978, "support": 105}, "classificador": "SGDClassifier"}