{"casual": {"precision": 0.5897435897435898, "recall": 0.7931034482758621, "f1-score": 0.676470588235294, "support": 29}, "explosion": {"precision": 0.8387096774193549, "recall": 0.6666666666666666, "f1-score": 0.7428571428571428, "support": 39}, "gunshot": {"precision": 0.8888888888888888, "recall": 0.7619047619047619, "f1-score": 0.8205128205128205, "support": 21}, "siren": {"precision": 0.8823529411764706, "recall": 0.9375, "f1-score": 0.9090909090909091, "support": 16}, "accuracy": 0.7619047619047619, "macro avg": {"precision": 0.7999237743070761, "recall": 0.7897937192118226, "f1-score": 0.7872328651740417, "support": 105}, "weighted avg": {"precision": 0.7866338594991346, "recall": 0.7619047619047619, "f1-score": 0.7653838038711988, "support": 105}, "classificador": "SGDClassifier"}