{"classificador": "SGDClassifier", "accuracy": 0.8095238095238095, "explosion": {"recall": 0.8205128205128205, "f1-score": 0.8888888888888888, "precision": 0.9696969696969697, "support": 39}, "siren": {"recall": 0.9375, "f1-score": 0.8333333333333334, "precision": 0.75, "support": 16}, "weighted avg": {"recall": 0.8095238095238095, "f1-score": 0.8135642135642134, "precision": 0.8402761202761204, "support": 105}, "gunshot": {"recall": 0.6666666666666666, "f1-score": 0.7777777777777778, "precision": 0.9333333333333333, "support": 21}, "macro avg": {"recall": 0.8130664235190097, "f1-score": 0.8068181818181819, "precision": 0.8254197379197379, "support": 105}, "casual": {"recall": 0.8275862068965517, "f1-score": 0.7272727272727273, "precision": 0.6486486486486487, "support": 29}}