{"classificador": "KNeighborsClassifier", "accuracy": 0.8761904761904762, "explosion": {"recall": 0.9230769230769231, "f1-score": 0.9473684210526315, "precision": 0.972972972972973, "support": 39}, "siren": {"recall": 0.8125, "f1-score": 0.8666666666666666, "precision": 0.9285714285714286, "support": 16}, "weighted avg": {"recall": 0.8761904761904762, "f1-score": 0.8795174436022825, "precision": 0.8991271615331767, "support": 105}, "gunshot": {"recall": 0.7619047619047619, "f1-score": 0.8648648648648648, "precision": 1.0, "support": 21}, "macro avg": {"recall": 0.8571290419350764, "f1-score": 0.8712175254594736, "precision": 0.9030176793334688, "support": 105}, "casual": {"recall": 0.9310344827586207, "f1-score": 0.8059701492537312, "precision": 0.7105263157894737, "support": 29}}