{"classificador": "LinearSVC", "accuracy": 0.7142857142857143, "explosion": {"recall": 0.7692307692307693, "f1-score": 0.7499999999999999, "precision": 0.7317073170731707, "support": 39}, "siren": {"recall": 1.0, "f1-score": 0.9142857142857143, "precision": 0.8421052631578947, "support": 16}, "weighted avg": {"recall": 0.7142857142857143, "f1-score": 0.6985698647275003, "precision": 0.7393191697106973, "support": 105}, "gunshot": {"recall": 0.3333333333333333, "f1-score": 0.48275862068965514, "precision": 0.875, "support": 21}, "macro avg": {"recall": 0.7152961980548187, "f1-score": 0.703427750410509, "precision": 0.760851793706415, "support": 105}, "casual": {"recall": 0.7586206896551724, "f1-score": 0.6666666666666667, "precision": 0.5945945945945946, "support": 29}}