{"classificador": "KNeighborsClassifier", "accuracy": 0.8, "explosion": {"recall": 0.7692307692307693, "f1-score": 0.8571428571428572, "precision": 0.967741935483871, "support": 39}, "siren": {"recall": 0.75, "f1-score": 0.8275862068965517, "precision": 0.9230769230769231, "support": 16}, "weighted avg": {"recall": 0.8, "f1-score": 0.8054647323120229, "precision": 0.8401949388446013, "support": 105}, "gunshot": {"recall": 0.7142857142857143, "f1-score": 0.7692307692307692, "precision": 0.8333333333333334, "support": 21}, "macro avg": {"recall": 0.791137741568776, "f1-score": 0.8009899583175445, "precision": 0.8380147921595784, "support": 105}, "casual": {"recall": 0.9310344827586207, "f1-score": 0.7499999999999999, "precision": 0.627906976744186, "support": 29}}