{"classificador": "SGDClassifier", "accuracy": 0.6095238095238096, "explosion": {"recall": 0.6153846153846154, "f1-score": 0.64, "precision": 0.6666666666666666, "support": 39}, "siren": {"recall": 0.8125, "f1-score": 0.7647058823529411, "precision": 0.7222222222222222, "support": 16}, "weighted avg": {"recall": 0.6095238095238096, "f1-score": 0.610352919711946, "precision": 0.6797096099421681, "support": 105}, "gunshot": {"recall": 0.38095238095238093, "f1-score": 0.5517241379310345, "precision": 1.0, "support": 21}, "macro avg": {"recall": 0.6160023525325249, "f1-score": 0.6210519495154383, "precision": 0.7076873385012921, "support": 105}, "casual": {"recall": 0.6551724137931034, "f1-score": 0.5277777777777777, "precision": 0.4418604651162791, "support": 29}}