{"classificador": "SGDClassifier", "accuracy": 0.7714285714285715, "explosion": {"recall": 0.8205128205128205, "f1-score": 0.8421052631578947, "precision": 0.8648648648648649, "support": 39}, "siren": {"recall": 0.875, "f1-score": 0.7999999999999999, "precision": 0.7368421052631579, "support": 16}, "weighted avg": {"recall": 0.7714285714285715, "f1-score": 0.7745876002222751, "precision": 0.802299291772976, "support": 105}, "gunshot": {"recall": 0.6190476190476191, "f1-score": 0.7647058823529412, "precision": 1.0, "support": 21}, "macro avg": {"recall": 0.768295282303903, "f1-score": 0.7709335556084782, "precision": 0.8032045203097835, "support": 105}, "casual": {"recall": 0.7586206896551724, "f1-score": 0.676923076923077, "precision": 0.6111111111111112, "support": 29}}