{"classificador": "Perceptron", "accuracy": 0.8285714285714286, "explosion": {"recall": 0.8717948717948718, "f1-score": 0.9066666666666667, "precision": 0.9444444444444444, "support": 39}, "siren": {"recall": 1.0, "f1-score": 0.888888888888889, "precision": 0.8, "support": 16}, "weighted avg": {"recall": 0.8285714285714286, "f1-score": 0.8303799467670436, "precision": 0.8443253968253969, "support": 105}, "gunshot": {"recall": 0.7142857142857143, "f1-score": 0.8108108108108109, "precision": 0.9375, "support": 21}, "macro avg": {"recall": 0.8361753189339396, "f1-score": 0.8290109464303013, "precision": 0.8371527777777779, "support": 105}, "casual": {"recall": 0.7586206896551724, "f1-score": 0.7096774193548386, "precision": 0.6666666666666666, "support": 29}}