{"classificador": "Perceptron", "accuracy": 0.7904761904761904, "explosion": {"recall": 0.717948717948718, "f1-score": 0.8115942028985509, "precision": 0.9333333333333333, "support": 39}, "siren": {"recall": 0.9375, "f1-score": 0.8571428571428572, "precision": 0.7894736842105263, "support": 16}, "weighted avg": {"recall": 0.7904761904761904, "f1-score": 0.7933730542547388, "precision": 0.8134224450013924, "support": 105}, "gunshot": {"recall": 0.8095238095238095, "f1-score": 0.8292682926829269, "precision": 0.85, "support": 21}, "macro avg": {"recall": 0.8145189939370974, "f1-score": 0.8014244151041606, "precision": 0.802923976608187, "support": 105}, "casual": {"recall": 0.7931034482758621, "f1-score": 0.7076923076923076, "precision": 0.6388888888888888, "support": 29}}