{"classificador": "Perceptron", "accuracy": 0.7523809523809524, "explosion": {"recall": 0.8205128205128205, "f1-score": 0.8, "precision": 0.7804878048780488, "support": 39}, "siren": {"recall": 0.9375, "f1-score": 0.8823529411764706, "precision": 0.8333333333333334, "support": 16}, "weighted avg": {"recall": 0.7523809523809524, "f1-score": 0.7475886036796854, "precision": 0.785662666150471, "support": 105}, "gunshot": {"recall": 0.47619047619047616, "f1-score": 0.6451612903225806, "precision": 1.0, "support": 21}, "macro avg": {"recall": 0.7482059965896173, "f1-score": 0.751109327105532, "precision": 0.8062330623306234, "support": 105}, "casual": {"recall": 0.7586206896551724, "f1-score": 0.676923076923077, "precision": 0.6111111111111112, "support": 29}}