{"classificador": "BaggingClassifier", "accuracy": 0.8, "explosion": {"recall": 0.8717948717948718, "f1-score": 0.9189189189189189, "precision": 0.9714285714285714, "support": 39}, "siren": {"recall": 0.8125, "f1-score": 0.787878787878788, "precision": 0.7647058823529411, "support": 16}, "weighted avg": {"recall": 0.8, "f1-score": 0.8064441430170332, "precision": 0.8430572228891555, "support": 105}, "gunshot": {"recall": 0.6190476190476191, "f1-score": 0.7647058823529412, "precision": 1.0, "support": 21}, "macro avg": {"recall": 0.7827321744347606, "f1-score": 0.7917889407659229, "precision": 0.8340336134453781, "support": 105}, "casual": {"recall": 0.8275862068965517, "f1-score": 0.6956521739130435, "precision": 0.6, "support": 29}}