{"classificador": "LinearSVC", "accuracy": 0.8666666666666667, "explosion": {"recall": 0.8461538461538461, "f1-score": 0.8918918918918919, "precision": 0.9428571428571428, "support": 39}, "siren": {"recall": 1.0, "f1-score": 0.9142857142857143, "precision": 0.8421052631578947, "support": 16}, "weighted avg": {"recall": 0.8666666666666667, "f1-score": 0.8687400182137026, "precision": 0.8816061161306629, "support": 105}, "gunshot": {"recall": 0.8095238095238095, "f1-score": 0.8947368421052632, "precision": 1.0, "support": 21}, "macro avg": {"recall": 0.8794366552987243, "f1-score": 0.8736413104834158, "precision": 0.8800641309155242, "support": 105}, "casual": {"recall": 0.8620689655172413, "f1-score": 0.7936507936507937, "precision": 0.7352941176470589, "support": 29}}