{"classificador": "LinearSVC", "accuracy": 0.8095238095238095, "explosion": {"recall": 0.8974358974358975, "f1-score": 0.8974358974358975, "precision": 0.8974358974358975, "support": 39}, "siren": {"recall": 0.875, "f1-score": 0.823529411764706, "precision": 0.7777777777777778, "support": 16}, "weighted avg": {"recall": 0.8095238095238095, "f1-score": 0.8090578453603664, "precision": 0.824400871459695, "support": 105}, "gunshot": {"recall": 0.6190476190476191, "f1-score": 0.742857142857143, "precision": 0.9285714285714286, "support": 21}, "macro avg": {"recall": 0.7961467411898446, "f1-score": 0.7984952955541191, "precision": 0.8200639230050994, "support": 105}, "casual": {"recall": 0.7931034482758621, "f1-score": 0.7301587301587301, "precision": 0.6764705882352942, "support": 29}}