{"casual": {"precision": 0.75, "recall": 0.8275862068965517, "f1-score": 0.7868852459016394, "support": 29}, "explosion": {"precision": 0.9, "recall": 0.9230769230769231, "f1-score": 0.9113924050632911, "support": 39}, "gunshot": {"precision": 0.8888888888888888, "recall": 0.7619047619047619, "f1-score": 0.8205128205128205, "support": 21}, "siren": {"precision": 0.9333333333333333, "recall": 0.875, "f1-score": 0.9032258064516129, "support": 16}, "accuracy": 0.8571428571428571, "macro avg": {"precision": 0.8680555555555556, "recall": 0.8468919729695592, "f1-score": 0.855504069482341, "support": 105}, "weighted avg": {"precision": 0.8614285714285714, "recall": 0.8571428571428571, "f1-score": 0.8575843625010565, "support": 105}, "classificador": "KNeighborsClassifier"}