{"casual": {"precision": 0.7058823529411765, "recall": 0.8275862068965517, "f1-score": 0.7619047619047619, "support": 29}, "explosion": {"precision": 0.926829268292683, "recall": 0.9743589743589743, "f1-score": 0.9500000000000001, "support": 39}, "gunshot": {"precision": 1.0, "recall": 0.6190476190476191, "f1-score": 0.7647058823529412, "support": 21}, "siren": {"precision": 0.8235294117647058, "recall": 0.875, "f1-score": 0.8484848484848485, "support": 16}, "accuracy": 0.8476190476190476, "macro avg": {"precision": 0.8640602582496413, "recall": 0.8239982000757863, "f1-score": 0.831273873185638, "support": 105}, "weighted avg": {"precision": 0.8646990503518481, "recall": 0.8476190476190476, "f1-score": 0.845522087622928, "support": 105}, "classificador": "BaggingClassifier"}