{"casual": {"precision": 0.5, "recall": 0.7241379310344828, "f1-score": 0.591549295774648, "support": 29}, "explosion": {"precision": 0.9230769230769231, "recall": 0.6153846153846154, "f1-score": 0.7384615384615384, "support": 39}, "gunshot": {"precision": 0.40625, "recall": 0.6190476190476191, "f1-score": 0.49056603773584906, "support": 21}, "siren": {"precision": 0.8, "recall": 0.25, "f1-score": 0.38095238095238093, "support": 16}, "accuracy": 0.5904761904761905, "macro avg": {"precision": 0.6573317307692308, "recall": 0.5521425413666793, "f1-score": 0.5503823132311041, "support": 105}, "weighted avg": {"precision": 0.6841071428571428, "recall": 0.5904761904761905, "f1-score": 0.59382909014434, "support": 105}, "classificador": "KNeighborsClassifier"}