{"casual": {"precision": 0.3157894736842105, "recall": 0.6206896551724138, "f1-score": 0.41860465116279066, "support": 29}, "explosion": {"precision": 0.7741935483870968, "recall": 0.6153846153846154, "f1-score": 0.6857142857142857, "support": 39}, "gunshot": {"precision": 1.0, "recall": 0.09523809523809523, "f1-score": 0.17391304347826084, "support": 21}, "siren": {"precision": 0.6666666666666666, "recall": 0.625, "f1-score": 0.6451612903225806, "support": 16}, "accuracy": 0.5142857142857142, "macro avg": {"precision": 0.6891624221844934, "recall": 0.4890780914487811, "f1-score": 0.48084831766947944, "support": 105}, "weighted avg": {"precision": 0.6763629503867196, "recall": 0.5142857142857142, "f1-score": 0.5034013960455509, "support": 105}, "classificador": "LinearDiscriminantAnalysis"}