{"casual": {"precision": 0.5806451612903226, "recall": 0.6206896551724138, "f1-score": 0.6000000000000001, "support": 29}, "explosion": {"precision": 0.7777777777777778, "recall": 0.717948717948718, "f1-score": 0.7466666666666666, "support": 39}, "gunshot": {"precision": 0.75, "recall": 0.7142857142857143, "f1-score": 0.7317073170731706, "support": 21}, "siren": {"precision": 0.8333333333333334, "recall": 0.9375, "f1-score": 0.8823529411764706, "support": 16}, "accuracy": 0.7238095238095238, "macro avg": {"precision": 0.7354390681003585, "recall": 0.7476060218517115, "f1-score": 0.7401817312290769, "support": 105}, "weighted avg": {"precision": 0.7262416794674859, "recall": 0.7238095238095238, "f1-score": 0.7238428639748582, "support": 105}, "classificador": "SGDClassifier"}