{"casual": {"precision": 0.4444444444444444, "recall": 0.5517241379310345, "f1-score": 0.4923076923076923, "support": 29}, "explosion": {"precision": 0.7352941176470589, "recall": 0.6410256410256411, "f1-score": 0.6849315068493151, "support": 39}, "gunshot": {"precision": 0.8333333333333334, "recall": 0.7142857142857143, "f1-score": 0.7692307692307692, "support": 21}, "siren": {"precision": 0.7647058823529411, "recall": 0.8125, "f1-score": 0.787878787878788, "support": 16}, "accuracy": 0.6571428571428571, "macro avg": {"precision": 0.6944444444444444, "recall": 0.6798838733105975, "f1-score": 0.6835871890666412, "support": 105}, "weighted avg": {"precision": 0.679053843759726, "recall": 0.6571428571428571, "f1-score": 0.6642777009900297, "support": 105}, "classificador": "Perceptron"}