{"casual": {"precision": 0.6666666666666666, "recall": 0.896551724137931, "f1-score": 0.7647058823529411, "support": 29}, "explosion": {"precision": 0.9375, "recall": 0.7692307692307693, "f1-score": 0.8450704225352113, "support": 39}, "gunshot": {"precision": 0.9444444444444444, "recall": 0.8095238095238095, "f1-score": 0.8717948717948718, "support": 21}, "siren": {"precision": 0.9375, "recall": 0.9375, "f1-score": 0.9375, "support": 16}, "accuracy": 0.8380952380952381, "macro avg": {"precision": 0.8715277777777777, "recall": 0.8532015757231275, "f1-score": 0.8547677941707561, "support": 105}, "weighted avg": {"precision": 0.8640873015873015, "recall": 0.8380952380952381, "f1-score": 0.8423038988076271, "support": 105}, "classificador": "SGDClassifier"}