{"casual": {"precision": 0.5641025641025641, "recall": 0.7586206896551724, "f1-score": 0.6470588235294118, "support": 29}, "explosion": {"precision": 0.896551724137931, "recall": 0.6666666666666666, "f1-score": 0.7647058823529411, "support": 39}, "gunshot": {"precision": 0.8421052631578947, "recall": 0.7619047619047619, "f1-score": 0.8, "support": 21}, "siren": {"precision": 0.8333333333333334, "recall": 0.9375, "f1-score": 0.8823529411764706, "support": 16}, "accuracy": 0.7523809523809524, "macro avg": {"precision": 0.7840232211829309, "recall": 0.7811730295566502, "f1-score": 0.7735294117647059, "support": 105}, "weighted avg": {"precision": 0.784209861523836, "recall": 0.7523809523809524, "f1-score": 0.7571988795518206, "support": 105}, "classificador": "SGDClassifier"}