{"casual": {"precision": 0.5666666666666667, "recall": 0.5862068965517241, "f1-score": 0.576271186440678, "support": 29}, "explosion": {"precision": 0.7894736842105263, "recall": 0.7692307692307693, "f1-score": 0.7792207792207793, "support": 39}, "gunshot": {"precision": 1.0, "recall": 0.7619047619047619, "f1-score": 0.8648648648648648, "support": 21}, "siren": {"precision": 0.7619047619047619, "recall": 1.0, "f1-score": 0.8648648648648648, "support": 16}, "accuracy": 0.7523809523809524, "macro avg": {"precision": 0.7795112781954887, "recall": 0.7793356069218138, "f1-score": 0.7713054238477968, "support": 105}, "weighted avg": {"precision": 0.7658407924573338, "recall": 0.7523809523809524, "f1-score": 0.7533473790132386, "support": 105}, "classificador": "Perceptron", "mediaTempoClassificacaoCadaAudio": 0.002338205065046038, "desvioTempoClassificacaoCadaAudio": 0.00034936373425772797}