{"casual": {"precision": 0.64, "recall": 0.5517241379310345, "f1-score": 0.5925925925925927, "support": 29}, "explosion": {"precision": 0.7837837837837838, "recall": 0.7435897435897436, "f1-score": 0.7631578947368421, "support": 39}, "gunshot": {"precision": 0.625, "recall": 0.7142857142857143, "f1-score": 0.6666666666666666, "support": 21}, "siren": {"precision": 0.7894736842105263, "recall": 0.9375, "f1-score": 0.8571428571428572, "support": 16}, "accuracy": 0.7142857142857143, "macro avg": {"precision": 0.7095643669985776, "recall": 0.7367748989516231, "f1-score": 0.7198900027847397, "support": 105}, "weighted avg": {"precision": 0.7131823477612952, "recall": 0.7142857142857143, "f1-score": 0.7110726551829308, "support": 105}, "classificador": "LinearDiscriminantAnalysis", "mediaTempoClassificacaoCadaAudio": 0.0022506350562686013, "desvioTempoClassificacaoCadaAudio": 0.0002601691582714179}