{"casual": {"precision": 0.7037037037037037, "recall": 0.6551724137931034, "f1-score": 0.6785714285714286, "support": 29}, "explosion": {"precision": 0.7115384615384616, "recall": 0.9487179487179487, "f1-score": 0.8131868131868132, "support": 39}, "gunshot": {"precision": 0.8571428571428571, "recall": 0.2857142857142857, "f1-score": 0.42857142857142855, "support": 21}, "siren": {"precision": 0.8421052631578947, "recall": 1.0, "f1-score": 0.9142857142857143, "support": 16}, "accuracy": 0.7428571428571429, "macro avg": {"precision": 0.7786225713857293, "recall": 0.7224011620563344, "f1-score": 0.7086538461538462, "support": 105}, "weighted avg": {"precision": 0.7583913487422259, "recall": 0.7428571428571429, "f1-score": 0.7144897959183674, "support": 105}, "classificador": "QuadraticDiscriminantAnalysis", "mediaTempoClassificacaoCadaAudio": 0.0038216568174816315, "desvioTempoClassificacaoCadaAudio": 0.0012619522824099507}