{"casual": {"precision": 0.6333333333333333, "recall": 0.6551724137931034, "f1-score": 0.6440677966101694, "support": 29}, "explosion": {"precision": 0.8611111111111112, "recall": 0.7948717948717948, "f1-score": 0.8266666666666667, "support": 39}, "gunshot": {"precision": 0.8, "recall": 0.7619047619047619, "f1-score": 0.7804878048780488, "support": 21}, "siren": {"precision": 0.8421052631578947, "recall": 1.0, "f1-score": 0.9142857142857143, "support": 16}, "accuracy": 0.780952380952381, "macro avg": {"precision": 0.7841374269005847, "recall": 0.8029872426424151, "f1-score": 0.7913769956101498, "support": 105}, "weighted avg": {"precision": 0.7830827067669173, "recall": 0.780952380952381, "f1-score": 0.7803502993590988, "support": 105}, "classificador": "SGDClassifier", "mediaTempoClassificacaoCadaAudio": 0.002859308606102353, "desvioTempoClassificacaoCadaAudio": 0.0010792565030843292}