{"casual": {"precision": 0.64, "recall": 0.5517241379310345, "f1-score": 0.5925925925925927, "support": 29}, "explosion": {"precision": 0.7948717948717948, "recall": 0.7948717948717948, "f1-score": 0.7948717948717948, "support": 39}, "gunshot": {"precision": 0.6818181818181818, "recall": 0.7142857142857143, "f1-score": 0.6976744186046512, "support": 21}, "siren": {"precision": 0.7894736842105263, "recall": 0.9375, "f1-score": 0.8571428571428572, "support": 16}, "accuracy": 0.7333333333333333, "macro avg": {"precision": 0.7265409152251256, "recall": 0.749595411772136, "f1-score": 0.735570415802974, "support": 105}, "weighted avg": {"precision": 0.7286643882433356, "recall": 0.7333333333333333, "f1-score": 0.7290536541920817, "support": 105}, "classificador": "LinearDiscriminantAnalysis", "mediaTempoClassificacaoCadaAudio": 0.0022211506253197078, "desvioTempoClassificacaoCadaAudio": 0.00021368244503832976}