{"casual": {"precision": 0.6896551724137931, "recall": 0.6896551724137931, "f1-score": 0.6896551724137931, "support": 29}, "explosion": {"precision": 0.868421052631579, "recall": 0.8461538461538461, "f1-score": 0.8571428571428572, "support": 39}, "gunshot": {"precision": 0.8, "recall": 0.7619047619047619, "f1-score": 0.7804878048780488, "support": 21}, "siren": {"precision": 0.8888888888888888, "recall": 1.0, "f1-score": 0.9411764705882353, "support": 16}, "accuracy": 0.8095238095238095, "macro avg": {"precision": 0.8117412784835653, "recall": 0.8244284451181003, "f1-score": 0.8171155762557336, "support": 105}, "weighted avg": {"precision": 0.8084823169033696, "recall": 0.8095238095238095, "f1-score": 0.8083584653373546, "support": 105}, "classificador": "SGDClassifier", "mediaTempoClassificacaoCadaAudio": 0.002793248494466146, "desvioTempoClassificacaoCadaAudio": 0.0007203454137624331}