{"casual": {"precision": 0.6451612903225806, "recall": 0.6896551724137931, "f1-score": 0.6666666666666667, "support": 29}, "explosion": {"precision": 0.8648648648648649, "recall": 0.8205128205128205, "f1-score": 0.8421052631578947, "support": 39}, "gunshot": {"precision": 0.8888888888888888, "recall": 0.7619047619047619, "f1-score": 0.8205128205128205, "support": 21}, "siren": {"precision": 0.8421052631578947, "recall": 1.0, "f1-score": 0.9142857142857143, "support": 16}, "accuracy": 0.8, "macro avg": {"precision": 0.8102550768085572, "recall": 0.8180181887078439, "f1-score": 0.810892616155774, "support": 105}, "weighted avg": {"precision": 0.8055215050121672, "recall": 0.8, "f1-score": 0.8003312310079228, "support": 105}, "classificador": "SGDClassifier", "mediaTempoClassificacaoCadaAudio": 0.002836073012579055, "desvioTempoClassificacaoCadaAudio": 0.0009747491334244875}