{"casual": {"precision": 0.6129032258064516, "recall": 0.6551724137931034, "f1-score": 0.6333333333333333, "support": 29}, "explosion": {"precision": 0.6607142857142857, "recall": 0.9487179487179487, "f1-score": 0.7789473684210526, "support": 39}, "gunshot": {"precision": 0.0, "recall": 0.0, "f1-score": 0.0, "support": 21}, "siren": {"precision": 0.8888888888888888, "recall": 1.0, "f1-score": 0.9411764705882353, "support": 16}, "accuracy": 0.6857142857142857, "macro avg": {"precision": 0.5406266001024065, "recall": 0.650972590627763, "f1-score": 0.5883642930856553, "support": 105}, "weighted avg": {"precision": 0.5501359325092045, "recall": 0.6857142857142857, "f1-score": 0.6076613101380903, "support": 105}, "classificador": "QuadraticDiscriminantAnalysis", "mediaTempoClassificacaoCadaAudio": 0.006622178213936942, "desvioTempoClassificacaoCadaAudio": 0.0035173937949789977}