{"casual": {"precision": 0.7575757575757576, "recall": 0.8620689655172413, "f1-score": 0.8064516129032258, "support": 29}, "explosion": {"precision": 0.9142857142857143, "recall": 0.8205128205128205, "f1-score": 0.8648648648648648, "support": 39}, "gunshot": {"precision": 0.8095238095238095, "recall": 0.8095238095238095, "f1-score": 0.8095238095238095, "support": 21}, "siren": {"precision": 0.9375, "recall": 0.9375, "f1-score": 0.9375, "support": 16}, "accuracy": 0.8476190476190476, "macro avg": {"precision": 0.8547213203463204, "recall": 0.8574013988884679, "f1-score": 0.854585071822975, "support": 105}, "weighted avg": {"precision": 0.8535889507318078, "recall": 0.8476190476190476, "f1-score": 0.8487316809897455, "support": 105}, "classificador": "DecisionTreeClassifier", "mediaTempoClassificacaoCadaAudio": 0.002262076877412342, "desvioTempoClassificacaoCadaAudio": 0.0005285628726906682}