{"casual": {"precision": 0.75, "recall": 0.7241379310344828, "f1-score": 0.736842105263158, "support": 29}, "explosion": {"precision": 0.9736842105263158, "recall": 0.9487179487179487, "f1-score": 0.9610389610389611, "support": 39}, "gunshot": {"precision": 0.8095238095238095, "recall": 0.8095238095238095, "f1-score": 0.8095238095238095, "support": 21}, "siren": {"precision": 0.7777777777777778, "recall": 0.875, "f1-score": 0.823529411764706, "support": 16}, "accuracy": 0.8476190476190476, "macro avg": {"precision": 0.8277464494569757, "recall": 0.8393449223190603, "f1-score": 0.8327335718976586, "support": 105}, "weighted avg": {"precision": 0.8492202729044834, "recall": 0.8476190476190476, "f1-score": 0.8478610582989177, "support": 105}, "classificador": "KNeighborsClassifier", "mediaTempoClassificacaoCadaAudio": 0.2508161204201835, "desvioTempoClassificacaoCadaAudio": 0.19456923860121458}