{"casual": {"precision": 0.7142857142857143, "recall": 0.6896551724137931, "f1-score": 0.7017543859649122, "support": 29}, "explosion": {"precision": 0.8484848484848485, "recall": 0.717948717948718, "f1-score": 0.7777777777777778, "support": 39}, "gunshot": {"precision": 0.6538461538461539, "recall": 0.8095238095238095, "f1-score": 0.7234042553191489, "support": 21}, "siren": {"precision": 0.8888888888888888, "recall": 1.0, "f1-score": 0.9411764705882353, "support": 16}, "accuracy": 0.7714285714285715, "macro avg": {"precision": 0.7763764013764014, "recall": 0.8042819249715802, "f1-score": 0.7860282224125186, "support": 105}, "weighted avg": {"precision": 0.7786493929351074, "recall": 0.7714285714285715, "f1-score": 0.7708049849279018, "support": 105}, "classificador": "Perceptron", "mediaTempoClassificacaoCadaAudio": 0.002307689757574172, "desvioTempoClassificacaoCadaAudio": 0.0004775102993248854}