{"casual": {"precision": 0.5882352941176471, "recall": 0.6896551724137931, "f1-score": 0.6349206349206349, "support": 29}, "explosion": {"precision": 0.825, "recall": 0.8461538461538461, "f1-score": 0.8354430379746836, "support": 39}, "gunshot": {"precision": 0.8571428571428571, "recall": 0.5714285714285714, "f1-score": 0.6857142857142857, "support": 21}, "siren": {"precision": 0.8235294117647058, "recall": 0.875, "f1-score": 0.8484848484848485, "support": 16}, "accuracy": 0.7523809523809524, "macro avg": {"precision": 0.7734768907563025, "recall": 0.7455593974990526, "f1-score": 0.7511407017736131, "support": 105}, "weighted avg": {"precision": 0.765812324929972, "recall": 0.7523809523809524, "f1-score": 0.7521022330425586, "support": 105}, "classificador": "DecisionTreeClassifier", "mediaTempoClassificacaoCadaAudio": 0.0027828965868268696, "desvioTempoClassificacaoCadaAudio": 0.0010532099611651406}