{"casual": {"precision": 0.6176470588235294, "recall": 0.7241379310344828, "f1-score": 0.6666666666666667, "support": 29}, "explosion": {"precision": 0.8648648648648649, "recall": 0.8205128205128205, "f1-score": 0.8421052631578947, "support": 39}, "gunshot": {"precision": 0.7647058823529411, "recall": 0.6190476190476191, "f1-score": 0.6842105263157895, "support": 21}, "siren": {"precision": 0.9411764705882353, "recall": 1.0, "f1-score": 0.9696969696969697, "support": 16}, "accuracy": 0.780952380952381, "macro avg": {"precision": 0.7970985691573926, "recall": 0.7909245926487306, "f1-score": 0.7906698564593302, "support": 105}, "weighted avg": {"precision": 0.788182299947006, "recall": 0.780952380952381, "f1-score": 0.7815143920407078, "support": 105}, "classificador": "DecisionTreeClassifier", "mediaTempoClassificacaoCadaAudio": 0.0021158922286260698, "desvioTempoClassificacaoCadaAudio": 0.00021280759087864833}