{"casual": {"precision": 0.5833333333333334, "recall": 0.4827586206896552, "f1-score": 0.5283018867924529, "support": 29}, "explosion": {"precision": 0.7692307692307693, "recall": 0.7692307692307693, "f1-score": 0.7692307692307693, "support": 39}, "gunshot": {"precision": 0.6521739130434783, "recall": 0.7142857142857143, "f1-score": 0.6818181818181819, "support": 21}, "siren": {"precision": 0.7894736842105263, "recall": 0.9375, "f1-score": 0.8571428571428572, "support": 16}, "accuracy": 0.7047619047619048, "macro avg": {"precision": 0.6985529249545268, "recall": 0.7259437760515347, "f1-score": 0.7091234237460653, "support": 105}, "weighted avg": {"precision": 0.6975609313137918, "recall": 0.7047619047619048, "f1-score": 0.6986021166614158, "support": 105}, "classificador": "LinearDiscriminantAnalysis", "mediaTempoClassificacaoCadaAudio": 0.0025494757152739024, "desvioTempoClassificacaoCadaAudio": 0.0008599104380431668}