{"casual": {"precision": 0.6896551724137931, "recall": 0.6896551724137931, "f1-score": 0.6896551724137931, "support": 29}, "explosion": {"precision": 0.9411764705882353, "recall": 0.8205128205128205, "f1-score": 0.8767123287671232, "support": 39}, "gunshot": {"precision": 0.6818181818181818, "recall": 0.7142857142857143, "f1-score": 0.6976744186046512, "support": 21}, "siren": {"precision": 0.7, "recall": 0.875, "f1-score": 0.7777777777777777, "support": 16}, "accuracy": 0.7714285714285715, "macro avg": {"precision": 0.7531624562050525, "recall": 0.774863426803082, "f1-score": 0.7604549243908363, "support": 105}, "weighted avg": {"precision": 0.7830863254392666, "recall": 0.7714285714285715, "f1-score": 0.7741656005434278, "support": 105}, "classificador": "SVC"}