{"casual": {"precision": 0.625, "recall": 0.5172413793103449, "f1-score": 0.5660377358490567, "support": 29}, "explosion": {"precision": 0.78125, "recall": 0.6410256410256411, "f1-score": 0.7042253521126761, "support": 39}, "gunshot": {"precision": 0.4838709677419355, "recall": 0.7142857142857143, "f1-score": 0.5769230769230769, "support": 21}, "siren": {"precision": 0.7222222222222222, "recall": 0.8125, "f1-score": 0.7647058823529411, "support": 16}, "accuracy": 0.6476190476190476, "macro avg": {"precision": 0.6530857974910395, "recall": 0.671263183655425, "f1-score": 0.6529730118094377, "support": 105}, "weighted avg": {"precision": 0.6696247226489161, "recall": 0.6476190476190476, "f1-score": 0.6498148743337969, "support": 105}, "classificador": "LinearDiscriminantAnalysis"}