{"casual": {"precision": 0.7586206896551724, "recall": 0.7586206896551724, "f1-score": 0.7586206896551724, "support": 29}, "explosion": {"precision": 0.967741935483871, "recall": 0.7692307692307693, "f1-score": 0.8571428571428572, "support": 39}, "gunshot": {"precision": 0.6666666666666666, "recall": 0.7619047619047619, "f1-score": 0.7111111111111111, "support": 21}, "siren": {"precision": 0.7142857142857143, "recall": 0.9375, "f1-score": 0.8108108108108109, "support": 16}, "accuracy": 0.7904761904761904, "macro avg": {"precision": 0.7768287515228561, "recall": 0.8068140551976759, "f1-score": 0.7844213671799879, "support": 105}, "weighted avg": {"precision": 0.8111476848804039, "recall": 0.7904761904761904, "f1-score": 0.7936655022369308, "support": 105}, "classificador": "SVC"}