{"casual": {"precision": 0.7307692307692307, "recall": 0.6551724137931034, "f1-score": 0.6909090909090909, "support": 29}, "explosion": {"precision": 0.9393939393939394, "recall": 0.7948717948717948, "f1-score": 0.8611111111111112, "support": 39}, "gunshot": {"precision": 0.6956521739130435, "recall": 0.7619047619047619, "f1-score": 0.7272727272727272, "support": 21}, "siren": {"precision": 0.6521739130434783, "recall": 0.9375, "f1-score": 0.7692307692307693, "support": 16}, "accuracy": 0.7714285714285715, "macro avg": {"precision": 0.754497314279923, "recall": 0.7873622426424151, "f1-score": 0.7621309246309246, "support": 105}, "weighted avg": {"precision": 0.7892585675194371, "recall": 0.7714285714285715, "f1-score": 0.7733344433344433, "support": 105}, "classificador": "SVC"}