{"casual": {"precision": 0.6428571428571429, "recall": 0.6206896551724138, "f1-score": 0.6315789473684211, "support": 29}, "explosion": {"precision": 0.7804878048780488, "recall": 0.8205128205128205, "f1-score": 0.8, "support": 39}, "gunshot": {"precision": 0.6, "recall": 0.7142857142857143, "f1-score": 0.6521739130434783, "support": 21}, "siren": {"precision": 0.9090909090909091, "recall": 0.625, "f1-score": 0.7407407407407406, "support": 16}, "accuracy": 0.7142857142857143, "macro avg": {"precision": 0.7331089642065253, "recall": 0.6951220474927372, "f1-score": 0.70612340028816, "support": 105}, "weighted avg": {"precision": 0.7259746293195771, "recall": 0.7142857142857143, "f1-score": 0.7148885095185629, "support": 105}, "classificador": "KNeighborsClassifier"}