{"casual": {"precision": 0.625, "recall": 0.6896551724137931, "f1-score": 0.6557377049180328, "support": 29}, "explosion": {"precision": 0.9166666666666666, "recall": 0.8461538461538461, "f1-score": 0.8799999999999999, "support": 39}, "gunshot": {"precision": 0.8125, "recall": 0.6190476190476191, "f1-score": 0.7027027027027026, "support": 21}, "siren": {"precision": 0.7619047619047619, "recall": 1.0, "f1-score": 0.8648648648648648, "support": 16}, "accuracy": 0.780952380952381, "macro avg": {"precision": 0.7790178571428571, "recall": 0.7887141594038146, "f1-score": 0.7758263181214, "support": 105}, "weighted avg": {"precision": 0.7916950113378685, "recall": 0.780952380952381, "f1-score": 0.7802951241639766, "support": 105}, "classificador": "SVC"}