{"casual": {"precision": 0.6785714285714286, "recall": 0.6551724137931034, "f1-score": 0.6666666666666666, "support": 29}, "explosion": {"precision": 0.8157894736842105, "recall": 0.7948717948717948, "f1-score": 0.8051948051948051, "support": 39}, "gunshot": {"precision": 0.6153846153846154, "recall": 0.7619047619047619, "f1-score": 0.6808510638297872, "support": 21}, "siren": {"precision": 0.9230769230769231, "recall": 0.75, "f1-score": 0.8275862068965517, "support": 16}, "accuracy": 0.7428571428571429, "macro avg": {"precision": 0.7582056101792944, "recall": 0.7404872426424151, "f1-score": 0.7450746856469527, "support": 105}, "weighted avg": {"precision": 0.7541587485196507, "recall": 0.7428571428571429, "f1-score": 0.7454779274923913, "support": 105}, "classificador": "KNeighborsClassifier"}