{"casual": {"precision": 0.75, "recall": 0.7241379310344828, "f1-score": 0.736842105263158, "support": 29}, "explosion": {"precision": 0.8974358974358975, "recall": 0.8974358974358975, "f1-score": 0.8974358974358975, "support": 39}, "gunshot": {"precision": 0.8, "recall": 0.7619047619047619, "f1-score": 0.7804878048780488, "support": 21}, "siren": {"precision": 0.8888888888888888, "recall": 1.0, "f1-score": 0.9411764705882353, "support": 16}, "accuracy": 0.8380952380952381, "macro avg": {"precision": 0.8340811965811966, "recall": 0.8458696475937855, "f1-score": 0.8389855695413349, "support": 105}, "weighted avg": {"precision": 0.8359259259259259, "recall": 0.8380952380952381, "f1-score": 0.8363570331855463, "support": 105}, "classificador": "SVC"}