{"casual": {"precision": 0.5925925925925926, "recall": 0.5517241379310345, "f1-score": 0.5714285714285714, "support": 29}, "explosion": {"precision": 0.7027027027027027, "recall": 0.6666666666666666, "f1-score": 0.6842105263157895, "support": 39}, "gunshot": {"precision": 0.48, "recall": 0.5714285714285714, "f1-score": 0.5217391304347826, "support": 21}, "siren": {"precision": 0.75, "recall": 0.75, "f1-score": 0.75, "support": 16}, "accuracy": 0.6285714285714286, "macro avg": {"precision": 0.6313238238238238, "recall": 0.6349548440065682, "f1-score": 0.6318445570447859, "support": 105}, "weighted avg": {"precision": 0.6349580056246723, "recall": 0.6285714285714286, "f1-score": 0.6305920079702362, "support": 105}, "classificador": "LinearDiscriminantAnalysis"}