{"casual": {"precision": 0.6774193548387096, "recall": 0.7241379310344828, "f1-score": 0.7, "support": 29}, "explosion": {"precision": 0.8947368421052632, "recall": 0.8717948717948718, "f1-score": 0.8831168831168831, "support": 39}, "gunshot": {"precision": 0.7058823529411765, "recall": 0.5714285714285714, "f1-score": 0.6315789473684211, "support": 21}, "siren": {"precision": 0.8421052631578947, "recall": 1.0, "f1-score": 0.9142857142857143, "support": 16}, "accuracy": 0.7904761904761904, "macro avg": {"precision": 0.780035953260761, "recall": 0.7918403435644814, "f1-score": 0.7822453861927546, "support": 105}, "weighted avg": {"precision": 0.7889248738544653, "recall": 0.7904761904761904, "f1-score": 0.7869836929987307, "support": 105}, "classificador": "SVC"}