{"casual": {"precision": 0.5357142857142857, "recall": 0.5172413793103449, "f1-score": 0.5263157894736843, "support": 29}, "explosion": {"precision": 0.6944444444444444, "recall": 0.6410256410256411, "f1-score": 0.6666666666666666, "support": 39}, "gunshot": {"precision": 0.48, "recall": 0.5714285714285714, "f1-score": 0.5217391304347826, "support": 21}, "siren": {"precision": 0.75, "recall": 0.75, "f1-score": 0.75, "support": 16}, "accuracy": 0.6095238095238096, "macro avg": {"precision": 0.6150396825396826, "recall": 0.6199238979411393, "f1-score": 0.6161803966437834, "support": 105}, "weighted avg": {"precision": 0.6161814058956916, "recall": 0.6095238095238096, "f1-score": 0.6116159965130217, "support": 105}, "classificador": "LinearDiscriminantAnalysis"}