{"casual": {"precision": 0.5, "recall": 0.5517241379310345, "f1-score": 0.5245901639344263, "support": 29}, "explosion": {"precision": 0.8333333333333334, "recall": 0.6410256410256411, "f1-score": 0.7246376811594204, "support": 39}, "gunshot": {"precision": 0.6190476190476191, "recall": 0.6190476190476191, "f1-score": 0.6190476190476191, "support": 21}, "siren": {"precision": 0.6818181818181818, "recall": 0.9375, "f1-score": 0.7894736842105263, "support": 16}, "accuracy": 0.6571428571428571, "macro avg": {"precision": 0.6585497835497836, "recall": 0.6873243495010737, "f1-score": 0.664437287087998, "support": 105}, "weighted avg": {"precision": 0.6753246753246753, "recall": 0.6571428571428571, "f1-score": 0.6581482215874683, "support": 105}, "classificador": "Perceptron"}