{"casual": {"precision": 0.5882352941176471, "recall": 0.6896551724137931, "f1-score": 0.6349206349206349, "support": 29}, "explosion": {"precision": 0.7931034482758621, "recall": 0.5897435897435898, "f1-score": 0.676470588235294, "support": 39}, "gunshot": {"precision": 0.48, "recall": 0.5714285714285714, "f1-score": 0.5217391304347826, "support": 21}, "siren": {"precision": 0.7647058823529411, "recall": 0.8125, "f1-score": 0.787878787878788, "support": 16}, "accuracy": 0.6476190476190476, "macro avg": {"precision": 0.6565111561866126, "recall": 0.6658318333964885, "f1-score": 0.6552522853673749, "support": 105}, "weighted avg": {"precision": 0.6695728774268328, "recall": 0.6476190476190476, "f1-score": 0.6510250828482469, "support": 105}, "classificador": "SGDClassifier"}