{"casual": {"precision": 0.6071428571428571, "recall": 0.5862068965517241, "f1-score": 0.5964912280701754, "support": 29}, "explosion": {"precision": 0.8421052631578947, "recall": 0.8205128205128205, "f1-score": 0.8311688311688312, "support": 39}, "gunshot": {"precision": 0.7, "recall": 0.6666666666666666, "f1-score": 0.6829268292682926, "support": 21}, "siren": {"precision": 0.8421052631578947, "recall": 1.0, "f1-score": 0.9142857142857143, "support": 16}, "accuracy": 0.7523809523809524, "macro avg": {"precision": 0.7478383458646616, "recall": 0.7683465959328027, "f1-score": 0.7562181506982534, "support": 105}, "weighted avg": {"precision": 0.7487898317221624, "recall": 0.7523809523809524, "f1-score": 0.7493701416459532, "support": 105}, "classificador": "SGDClassifier"}