{"casual": {"precision": 0.6896551724137931, "recall": 0.6896551724137931, "f1-score": 0.6896551724137931, "support": 29}, "explosion": {"precision": 0.9117647058823529, "recall": 0.7948717948717948, "f1-score": 0.8493150684931507, "support": 39}, "gunshot": {"precision": 0.6521739130434783, "recall": 0.7142857142857143, "f1-score": 0.6818181818181819, "support": 21}, "siren": {"precision": 0.8421052631578947, "recall": 1.0, "f1-score": 0.9142857142857143, "support": 16}, "accuracy": 0.780952380952381, "macro avg": {"precision": 0.7739247636243798, "recall": 0.7997031703928256, "f1-score": 0.78376853425271, "support": 105}, "weighted avg": {"precision": 0.7878872372747725, "recall": 0.780952380952381, "f1-score": 0.7816194373141536, "support": 105}, "classificador": "SVC"}