{"casual": {"precision": 0.6666666666666666, "recall": 0.6206896551724138, "f1-score": 0.6428571428571429, "support": 29}, "explosion": {"precision": 0.8611111111111112, "recall": 0.7948717948717948, "f1-score": 0.8266666666666667, "support": 39}, "gunshot": {"precision": 0.6, "recall": 0.7142857142857143, "f1-score": 0.6521739130434783, "support": 21}, "siren": {"precision": 0.8823529411764706, "recall": 0.9375, "f1-score": 0.9090909090909091, "support": 16}, "accuracy": 0.7523809523809524, "macro avg": {"precision": 0.7525326797385621, "recall": 0.7668367910824807, "f1-score": 0.7576971579145493, "support": 105}, "weighted avg": {"precision": 0.758422035480859, "recall": 0.7523809523809524, "f1-score": 0.7535615605926166, "support": 105}, "classificador": "KNeighborsClassifier"}