{"casual": {"precision": 0.5238095238095238, "recall": 0.7586206896551724, "f1-score": 0.6197183098591549, "support": 29}, "explosion": {"precision": 0.8333333333333334, "recall": 0.6410256410256411, "f1-score": 0.7246376811594204, "support": 39}, "gunshot": {"precision": 0.8, "recall": 0.5714285714285714, "f1-score": 0.6666666666666666, "support": 21}, "siren": {"precision": 0.8888888888888888, "recall": 1.0, "f1-score": 0.9411764705882353, "support": 16}, "accuracy": 0.7142857142857143, "macro avg": {"precision": 0.7615079365079366, "recall": 0.7427687255273463, "f1-score": 0.7380497820683694, "support": 105}, "weighted avg": {"precision": 0.749644746787604, "recall": 0.7142857142857143, "f1-score": 0.7170621341004252, "support": 105}, "classificador": "SGDClassifier"}