{"casual": {"precision": 0.6153846153846154, "recall": 0.5517241379310345, "f1-score": 0.5818181818181819, "support": 29}, "explosion": {"precision": 0.7575757575757576, "recall": 0.6410256410256411, "f1-score": 0.6944444444444444, "support": 39}, "gunshot": {"precision": 0.45161290322580644, "recall": 0.6666666666666666, "f1-score": 0.5384615384615384, "support": 21}, "siren": {"precision": 0.8, "recall": 0.75, "f1-score": 0.7741935483870969, "support": 16}, "accuracy": 0.638095238095238, "macro avg": {"precision": 0.6561433190465449, "recall": 0.6523541114058355, "f1-score": 0.6472294282778154, "support": 105}, "weighted avg": {"precision": 0.6635759938985746, "recall": 0.638095238095238, "f1-score": 0.6442938065518711, "support": 105}, "classificador": "LinearDiscriminantAnalysis"}