{"casual": {"precision": 0.71875, "recall": 0.7931034482758621, "f1-score": 0.7540983606557378, "support": 29}, "explosion": {"precision": 0.9444444444444444, "recall": 0.8717948717948718, "f1-score": 0.9066666666666667, "support": 39}, "gunshot": {"precision": 0.6666666666666666, "recall": 0.5714285714285714, "f1-score": 0.6153846153846153, "support": 21}, "siren": {"precision": 0.8421052631578947, "recall": 1.0, "f1-score": 0.9142857142857143, "support": 16}, "accuracy": 0.8095238095238095, "macro avg": {"precision": 0.7929915935672515, "recall": 0.8090817228748264, "f1-score": 0.7976088392481835, "support": 105}, "weighted avg": {"precision": 0.8109596908939015, "recall": 0.8095238095238095, "f1-score": 0.8074333410539499, "support": 105}, "classificador": "SVC"}