{"casual": {"precision": 0.5833333333333334, "recall": 0.7241379310344828, "f1-score": 0.6461538461538462, "support": 29}, "explosion": {"precision": 0.8888888888888888, "recall": 0.8205128205128205, "f1-score": 0.8533333333333333, "support": 39}, "gunshot": {"precision": 0.9285714285714286, "recall": 0.6190476190476191, "f1-score": 0.742857142857143, "support": 21}, "siren": {"precision": 0.7368421052631579, "recall": 0.875, "f1-score": 0.7999999999999999, "support": 16}, "accuracy": 0.7619047619047619, "macro avg": {"precision": 0.7844089390142023, "recall": 0.7596745926487306, "f1-score": 0.7605860805860806, "support": 105}, "weighted avg": {"precision": 0.7892648287385129, "recall": 0.7619047619047619, "f1-score": 0.76589010989011, "support": 105}, "classificador": "LinearDiscriminantAnalysis"}