{"casual": {"precision": 0.625, "recall": 0.8620689655172413, "f1-score": 0.7246376811594203, "support": 29}, "explosion": {"precision": 0.9090909090909091, "recall": 0.7692307692307693, "f1-score": 0.8333333333333333, "support": 39}, "gunshot": {"precision": 0.9285714285714286, "recall": 0.6190476190476191, "f1-score": 0.742857142857143, "support": 21}, "siren": {"precision": 0.8333333333333334, "recall": 0.9375, "f1-score": 0.8823529411764706, "support": 16}, "accuracy": 0.7904761904761904, "macro avg": {"precision": 0.8239989177489179, "recall": 0.7969618384489074, "f1-score": 0.7957952746315917, "support": 105}, "weighted avg": {"precision": 0.8229797979797979, "recall": 0.7904761904761904, "f1-score": 0.7926870458328259, "support": 105}, "classificador": "SGDClassifier"}