{"casual": {"precision": 0.55, "recall": 0.7586206896551724, "f1-score": 0.6376811594202898, "support": 29}, "explosion": {"precision": 0.7804878048780488, "recall": 0.8205128205128205, "f1-score": 0.8, "support": 39}, "gunshot": {"precision": 1.0, "recall": 0.42857142857142855, "f1-score": 0.6, "support": 21}, "siren": {"precision": 0.9333333333333333, "recall": 0.875, "f1-score": 0.9032258064516129, "support": 16}, "accuracy": 0.7333333333333333, "macro avg": {"precision": 0.8159552845528455, "recall": 0.7206762346848553, "f1-score": 0.7352267414679757, "support": 105}, "weighted avg": {"precision": 0.7840224545102594, "recall": 0.7333333333333333, "f1-score": 0.7308987288229924, "support": 105}, "classificador": "SGDClassifier"}