{"casual": {"precision": 0.65, "recall": 0.896551724137931, "f1-score": 0.7536231884057972, "support": 29}, "explosion": {"precision": 0.6666666666666666, "recall": 0.8205128205128205, "f1-score": 0.7356321839080459, "support": 39}, "gunshot": {"precision": 0.0, "recall": 0.0, "f1-score": 0.0, "support": 21}, "siren": {"precision": 0.8235294117647058, "recall": 0.875, "f1-score": 0.8484848484848485, "support": 16}, "accuracy": 0.6857142857142857, "macro avg": {"precision": 0.5350490196078431, "recall": 0.6480161361626879, "f1-score": 0.5844350551996729, "support": 105}, "weighted avg": {"precision": 0.5526330532212885, "recall": 0.6857142857142857, "f1-score": 0.6106712877327569, "support": 105}, "classificador": "QuadraticDiscriminantAnalysis", "mediaTempoClassificacaoCadaAudio": 0.007604408264160156, "desvioTempoClassificacaoCadaAudio": 0.004996125665346537}