{"casual": {"precision": 0.5925925925925926, "recall": 0.5517241379310345, "f1-score": 0.5714285714285714, "support": 29}, "explosion": {"precision": 0.825, "recall": 0.8461538461538461, "f1-score": 0.8354430379746836, "support": 39}, "gunshot": {"precision": 0.8333333333333334, "recall": 0.7142857142857143, "f1-score": 0.7692307692307692, "support": 21}, "siren": {"precision": 0.8, "recall": 1.0, "f1-score": 0.888888888888889, "support": 16}, "accuracy": 0.7619047619047619, "macro avg": {"precision": 0.7627314814814814, "recall": 0.7780409245926487, "f1-score": 0.7662478168807282, "support": 105}, "weighted avg": {"precision": 0.7586684303350969, "recall": 0.7619047619047619, "f1-score": 0.7574264326524724, "support": 105}, "classificador": "Perceptron", "mediaTempoClassificacaoCadaAudio": 0.005470875331333705, "desvioTempoClassificacaoCadaAudio": 0.0045305432334414}