{"casual": {"precision": 0.6410256410256411, "recall": 0.8620689655172413, "f1-score": 0.7352941176470588, "support": 29}, "explosion": {"precision": 0.673469387755102, "recall": 0.8461538461538461, "f1-score": 0.75, "support": 39}, "gunshot": {"precision": 0.0, "recall": 0.0, "f1-score": 0.0, "support": 21}, "siren": {"precision": 0.8235294117647058, "recall": 0.875, "f1-score": 0.8484848484848485, "support": 16}, "accuracy": 0.6857142857142857, "macro avg": {"precision": 0.5345061101363622, "recall": 0.6458057029177718, "f1-score": 0.5834447415329769, "support": 105}, "weighted avg": {"precision": 0.5526811457183606, "recall": 0.6857142857142857, "f1-score": 0.610945590357355, "support": 105}, "classificador": "QuadraticDiscriminantAnalysis", "mediaTempoClassificacaoCadaAudio": 0.009303201947893415, "desvioTempoClassificacaoCadaAudio": 0.00845230933464282}