{"casual": {"precision": 0.7142857142857143, "recall": 0.6896551724137931, "f1-score": 0.7017543859649122, "support": 29}, "explosion": {"precision": 0.8333333333333334, "recall": 0.8974358974358975, "f1-score": 0.8641975308641975, "support": 39}, "gunshot": {"precision": 1.0, "recall": 0.7619047619047619, "f1-score": 0.8648648648648648, "support": 21}, "siren": {"precision": 0.8421052631578947, "recall": 1.0, "f1-score": 0.9142857142857143, "support": 16}, "accuracy": 0.8285714285714286, "macro avg": {"precision": 0.8474310776942355, "recall": 0.8372489579386131, "f1-score": 0.8362756239949222, "support": 105}, "weighted avg": {"precision": 0.835123523093448, "recall": 0.8285714285714286, "f1-score": 0.8270982332135215, "support": 105}, "classificador": "Perceptron", "mediaTempoClassificacaoCadaAudio": 0.005723453703380767, "desvioTempoClassificacaoCadaAudio": 0.00322265709832385}