{"casual": {"precision": 0.6666666666666666, "recall": 0.8275862068965517, "f1-score": 0.7384615384615385, "support": 29}, "explosion": {"precision": 0.9565217391304348, "recall": 0.5641025641025641, "f1-score": 0.7096774193548387, "support": 39}, "gunshot": {"precision": 0.4838709677419355, "recall": 0.7142857142857143, "f1-score": 0.5769230769230769, "support": 21}, "siren": {"precision": 0.9333333333333333, "recall": 0.875, "f1-score": 0.9032258064516129, "support": 16}, "accuracy": 0.7142857142857143, "macro avg": {"precision": 0.7600981767180925, "recall": 0.7452436213212076, "f1-score": 0.7320719602977668, "support": 105}, "weighted avg": {"precision": 0.7784029030031836, "recall": 0.7142857142857143, "f1-score": 0.7205695379888929, "support": 105}, "classificador": "KNeighborsClassifier", "mediaTempoClassificacaoCadaAudio": 0.043997816812424435, "desvioTempoClassificacaoCadaAudio": 0.03216822954768101}