{"casual": {"precision": 0.6296296296296297, "recall": 0.5862068965517241, "f1-score": 0.6071428571428571, "support": 29}, "explosion": {"precision": 0.8536585365853658, "recall": 0.8974358974358975, "f1-score": 0.875, "support": 39}, "gunshot": {"precision": 0.8823529411764706, "recall": 0.7142857142857143, "f1-score": 0.7894736842105262, "support": 21}, "siren": {"precision": 0.75, "recall": 0.9375, "f1-score": 0.8333333333333334, "support": 16}, "accuracy": 0.780952380952381, "macro avg": {"precision": 0.7789102768478665, "recall": 0.783857127068334, "f1-score": 0.7762374686716792, "support": 105}, "weighted avg": {"precision": 0.7817271804837562, "recall": 0.780952380952381, "f1-score": 0.7775659386561641, "support": 105}, "classificador": "Perceptron", "mediaTempoClassificacaoCadaAudio": 0.004203042529878162, "desvioTempoClassificacaoCadaAudio": 0.0007914518744306338}