{"casual": {"precision": 0.6153846153846154, "recall": 0.8275862068965517, "f1-score": 0.7058823529411765, "support": 29}, "explosion": {"precision": 0.96, "recall": 0.6153846153846154, "f1-score": 0.7500000000000001, "support": 39}, "gunshot": {"precision": 0.5769230769230769, "recall": 0.7142857142857143, "f1-score": 0.6382978723404256, "support": 21}, "siren": {"precision": 0.9333333333333333, "recall": 0.875, "f1-score": 0.9032258064516129, "support": 16}, "accuracy": 0.7333333333333333, "macro avg": {"precision": 0.7714102564102565, "recall": 0.7580641341417204, "f1-score": 0.7493515079333037, "support": 105}, "weighted avg": {"precision": 0.7841416361416362, "recall": 0.7333333333333333, "f1-score": 0.7388233948349416, "support": 105}, "classificador": "KNeighborsClassifier", "mediaTempoClassificacaoCadaAudio": 0.04405679702758789, "desvioTempoClassificacaoCadaAudio": 0.03141018575715682}