{"casual": {"precision": 0.6451612903225806, "recall": 0.6896551724137931, "f1-score": 0.6666666666666667, "support": 29}, "explosion": {"precision": 0.8372093023255814, "recall": 0.9230769230769231, "f1-score": 0.878048780487805, "support": 39}, "gunshot": {"precision": 0.7894736842105263, "recall": 0.7142857142857143, "f1-score": 0.7500000000000001, "support": 21}, "siren": {"precision": 0.9166666666666666, "recall": 0.6875, "f1-score": 0.7857142857142857, "support": 16}, "accuracy": 0.780952380952381, "macro avg": {"precision": 0.7971277358813388, "recall": 0.7536294524441076, "f1-score": 0.7701074332171893, "support": 105}, "weighted avg": {"precision": 0.7867281356680023, "recall": 0.780952380952381, "f1-score": 0.7799872794646315, "support": 105}, "classificador": "DecisionTreeClassifier", "mediaTempoClassificacaoCadaAudio": 0.0045391741253080825, "desvioTempoClassificacaoCadaAudio": 0.002193335406817229}