{"casual": {"precision": 0.5555555555555556, "recall": 0.6896551724137931, "f1-score": 0.6153846153846154, "support": 29}, "explosion": {"precision": 0.7631578947368421, "recall": 0.7435897435897436, "f1-score": 0.7532467532467534, "support": 39}, "gunshot": {"precision": 0.625, "recall": 0.47619047619047616, "f1-score": 0.5405405405405405, "support": 21}, "siren": {"precision": 0.8666666666666667, "recall": 0.8125, "f1-score": 0.8387096774193549, "support": 16}, "accuracy": 0.6857142857142857, "macro avg": {"precision": 0.7025950292397661, "recall": 0.6804838480485033, "f1-score": 0.686970396647816, "support": 105}, "weighted avg": {"precision": 0.6939612921191868, "recall": 0.6857142857142857, "f1-score": 0.6856522229794119, "support": 105}, "classificador": "DecisionTreeClassifier", "mediaTempoClassificacaoCadaAudio": 0.005031183787754604, "desvioTempoClassificacaoCadaAudio": 0.0038780729412938625}