{"casual": {"precision": 0.5789473684210527, "recall": 0.7586206896551724, "f1-score": 0.6567164179104478, "support": 29}, "explosion": {"precision": 0.6326530612244898, "recall": 0.7948717948717948, "f1-score": 0.7045454545454547, "support": 39}, "gunshot": {"precision": 1.0, "recall": 0.09523809523809523, "f1-score": 0.17391304347826084, "support": 21}, "siren": {"precision": 0.9375, "recall": 0.9375, "f1-score": 0.9375, "support": 16}, "accuracy": 0.6666666666666666, "macro avg": {"precision": 0.7872751074113856, "recall": 0.6465576449412657, "f1-score": 0.6181687289835408, "support": 105}, "weighted avg": {"precision": 0.7377423149711013, "recall": 0.6666666666666666, "f1-score": 0.620706883425897, "support": 105}, "classificador": "SGDClassifier", "mediaTempoClassificacaoCadaAudio": 0.00500947634379069, "desvioTempoClassificacaoCadaAudio": 0.0038123412064720143}