{"casual": {"precision": 0.59375, "recall": 0.6551724137931034, "f1-score": 0.6229508196721311, "support": 29}, "explosion": {"precision": 0.7954545454545454, "recall": 0.8974358974358975, "f1-score": 0.8433734939759037, "support": 39}, "gunshot": {"precision": 1.0, "recall": 0.5714285714285714, "f1-score": 0.7272727272727273, "support": 21}, "siren": {"precision": 0.8823529411764706, "recall": 0.9375, "f1-score": 0.9090909090909091, "support": 16}, "accuracy": 0.7714285714285715, "macro avg": {"precision": 0.817889371657754, "recall": 0.765384220664393, "f1-score": 0.7756719875029179, "support": 105}, "weighted avg": {"precision": 0.7938964222052456, "recall": 0.7714285714285715, "f1-score": 0.7692887795593703, "support": 105}, "classificador": "LinearDiscriminantAnalysis", "mediaTempoClassificacaoCadaAudio": 0.005362301781063988, "desvioTempoClassificacaoCadaAudio": 0.003635928067460732}