{"casual": {"precision": 0.6666666666666666, "recall": 0.6896551724137931, "f1-score": 0.6779661016949153, "support": 29}, "explosion": {"precision": 0.875, "recall": 0.8974358974358975, "f1-score": 0.8860759493670887, "support": 39}, "gunshot": {"precision": 0.9333333333333333, "recall": 0.6666666666666666, "f1-score": 0.7777777777777778, "support": 21}, "siren": {"precision": 0.75, "recall": 0.9375, "f1-score": 0.8333333333333334, "support": 16}, "accuracy": 0.8, "macro avg": {"precision": 0.8062499999999999, "recall": 0.7978144341290893, "f1-score": 0.7937882905432788, "support": 105}, "weighted avg": {"precision": 0.8100793650793651, "recall": 0.8, "f1-score": 0.7989013870584348, "support": 105}, "classificador": "SVC", "mediaTempoClassificacaoCadaAudio": 0.014664983749389649, "desvioTempoClassificacaoCadaAudio": 0.011152027496931382}