{"casual": {"precision": 0.6, "recall": 0.7241379310344828, "f1-score": 0.65625, "support": 29}, "explosion": {"precision": 0.8571428571428571, "recall": 0.7692307692307693, "f1-score": 0.8108108108108107, "support": 39}, "gunshot": {"precision": 0.8125, "recall": 0.6190476190476191, "f1-score": 0.7027027027027026, "support": 21}, "siren": {"precision": 0.7894736842105263, "recall": 0.9375, "f1-score": 0.8571428571428572, "support": 16}, "accuracy": 0.7523809523809524, "macro avg": {"precision": 0.764779135338346, "recall": 0.7624790798282177, "f1-score": 0.7567265926640926, "support": 105}, "weighted avg": {"precision": 0.7668823845327605, "recall": 0.7523809523809524, "f1-score": 0.7535610865968008, "support": 105}, "classificador": "SVC", "mediaTempoClassificacaoCadaAudio": 0.013224279312860398, "desvioTempoClassificacaoCadaAudio": 0.008179260216087239}