{"casual": {"precision": 0.7027027027027027, "recall": 0.896551724137931, "f1-score": 0.787878787878788, "support": 29}, "explosion": {"precision": 0.6792452830188679, "recall": 0.9230769230769231, "f1-score": 0.7826086956521738, "support": 39}, "gunshot": {"precision": 0.0, "recall": 0.0, "f1-score": 0.0, "support": 21}, "siren": {"precision": 0.9333333333333333, "recall": 0.875, "f1-score": 0.9032258064516129, "support": 16}, "accuracy": 0.7238095238095238, "macro avg": {"precision": 0.578820329763726, "recall": 0.6736571618037135, "f1-score": 0.6184283224956437, "support": 105}, "weighted avg": {"precision": 0.58859312142331, "recall": 0.7238095238095238, "f1-score": 0.6459222560204327, "support": 105}, "classificador": "QuadraticDiscriminantAnalysis", "mediaTempoClassificacaoCadaAudio": 0.008103300276256742, "desvioTempoClassificacaoCadaAudio": 0.006015687704372663}