{"casual": {"precision": 0.4230769230769231, "recall": 0.7586206896551724, "f1-score": 0.5432098765432098, "support": 29}, "explosion": {"precision": 0.8333333333333334, "recall": 0.7692307692307693, "f1-score": 0.8, "support": 39}, "gunshot": {"precision": 0.75, "recall": 0.14285714285714285, "f1-score": 0.24, "support": 21}, "siren": {"precision": 0.9230769230769231, "recall": 0.75, "f1-score": 0.8275862068965517, "support": 16}, "accuracy": 0.638095238095238, "macro avg": {"precision": 0.7323717948717949, "recall": 0.6051771504357711, "f1-score": 0.6026990208599404, "support": 105}, "weighted avg": {"precision": 0.7170329670329669, "recall": 0.638095238095238, "f1-score": 0.6212806260009326, "support": 105}, "classificador": "BaggingClassifier"}