{"casual": {"precision": 0.4772727272727273, "recall": 0.7241379310344828, "f1-score": 0.5753424657534246, "support": 29}, "explosion": {"precision": 0.45454545454545453, "recall": 0.2564102564102564, "f1-score": 0.3278688524590163, "support": 39}, "gunshot": {"precision": 0.22727272727272727, "recall": 0.23809523809523808, "f1-score": 0.23255813953488372, "support": 21}, "siren": {"precision": 0.7647058823529411, "recall": 0.8125, "f1-score": 0.787878787878788, "support": 16}, "accuracy": 0.4666666666666667, "macro avg": {"precision": 0.4809491978609626, "recall": 0.5077858563849943, "f1-score": 0.4809120614065282, "support": 105}, "weighted avg": {"precision": 0.4626305067481538, "recall": 0.4666666666666667, "f1-score": 0.4472533170385154, "support": 105}, "classificador": "LinearSVC"}