{"casual": {"precision": 0.4782608695652174, "recall": 0.7586206896551724, "f1-score": 0.5866666666666667, "support": 29}, "explosion": {"precision": 0.2777777777777778, "recall": 0.1282051282051282, "f1-score": 0.17543859649122806, "support": 39}, "gunshot": {"precision": 0.23076923076923078, "recall": 0.2857142857142857, "f1-score": 0.25531914893617025, "support": 21}, "siren": {"precision": 0.8, "recall": 0.75, "f1-score": 0.7741935483870969, "support": 16}, "accuracy": 0.42857142857142855, "macro avg": {"precision": 0.4467019695280565, "recall": 0.4806350258936466, "f1-score": 0.44790449012029043, "support": 105}, "weighted avg": {"precision": 0.4033243085416999, "recall": 0.42857142857142855, "f1-score": 0.39623083331756526, "support": 105}, "classificador": "Perceptron"}