{"casual": {"precision": 0.696969696969697, "recall": 0.7931034482758621, "f1-score": 0.7419354838709677, "support": 29}, "explosion": {"precision": 0.875, "recall": 0.8974358974358975, "f1-score": 0.8860759493670887, "support": 39}, "gunshot": {"precision": 0.75, "recall": 0.5714285714285714, "f1-score": 0.6486486486486486, "support": 21}, "siren": {"precision": 0.875, "recall": 0.875, "f1-score": 0.875, "support": 16}, "accuracy": 0.8, "macro avg": {"precision": 0.7992424242424243, "recall": 0.7842419792850828, "f1-score": 0.7879150204716763, "support": 105}, "weighted avg": {"precision": 0.8008297258297259, "recall": 0.8, "f1-score": 0.7970925017066299, "support": 105}, "classificador": "SVC"}