{"casual": {"precision": 0.5151515151515151, "recall": 0.5862068965517241, "f1-score": 0.5483870967741935, "support": 29}, "explosion": {"precision": 0.6774193548387096, "recall": 0.5384615384615384, "f1-score": 0.6, "support": 39}, "gunshot": {"precision": 0.5714285714285714, "recall": 0.5714285714285714, "f1-score": 0.5714285714285714, "support": 21}, "siren": {"precision": 0.7, "recall": 0.875, "f1-score": 0.7777777777777777, "support": 16}, "accuracy": 0.6095238095238096, "macro avg": {"precision": 0.615999860354699, "recall": 0.6427742516104584, "f1-score": 0.6243983614951356, "support": 105}, "weighted avg": {"precision": 0.6148452264581297, "recall": 0.6095238095238096, "f1-score": 0.6071206690561528, "support": 105}, "classificador": "Perceptron"}