{"casual": {"precision": 0.7307692307692307, "recall": 0.6551724137931034, "f1-score": 0.6909090909090909, "support": 29}, "explosion": {"precision": 0.9166666666666666, "recall": 0.8461538461538461, "f1-score": 0.8799999999999999, "support": 39}, "gunshot": {"precision": 0.6071428571428571, "recall": 0.8095238095238095, "f1-score": 0.6938775510204083, "support": 21}, "siren": {"precision": 0.8666666666666667, "recall": 0.8125, "f1-score": 0.8387096774193549, "support": 16}, "accuracy": 0.780952380952381, "macro avg": {"precision": 0.7803113553113553, "recall": 0.7808375173676898, "f1-score": 0.7758740798372135, "support": 105}, "weighted avg": {"precision": 0.7957997557997557, "recall": 0.780952380952381, "f1-score": 0.7842585433000179, "support": 105}, "classificador": "KNeighborsClassifier"}