{"casual": {"precision": 0.5897435897435898, "recall": 0.7931034482758621, "f1-score": 0.676470588235294, "support": 29}, "explosion": {"precision": 0.90625, "recall": 0.7435897435897436, "f1-score": 0.8169014084507042, "support": 39}, "gunshot": {"precision": 0.8888888888888888, "recall": 0.7619047619047619, "f1-score": 0.8205128205128205, "support": 21}, "siren": {"precision": 0.9375, "recall": 0.9375, "f1-score": 0.9375, "support": 16}, "accuracy": 0.7904761904761904, "macro avg": {"precision": 0.8305956196581197, "recall": 0.8090244884425919, "f1-score": 0.8128462042997047, "support": 105}, "weighted avg": {"precision": 0.8201236263736265, "recall": 0.7904761904761904, "f1-score": 0.7972149639920973, "support": 105}, "classificador": "Perceptron"}