{"casual": {"precision": 0.6216216216216216, "recall": 0.7931034482758621, "f1-score": 0.696969696969697, "support": 29}, "explosion": {"precision": 0.9333333333333333, "recall": 0.717948717948718, "f1-score": 0.8115942028985509, "support": 39}, "gunshot": {"precision": 0.6818181818181818, "recall": 0.7142857142857143, "f1-score": 0.6976744186046512, "support": 21}, "siren": {"precision": 0.9375, "recall": 0.9375, "f1-score": 0.9375, "support": 16}, "accuracy": 0.7714285714285715, "macro avg": {"precision": 0.7935682841932842, "recall": 0.7907094701275736, "f1-score": 0.7859345796182248, "support": 105}, "weighted avg": {"precision": 0.7975734175734175, "recall": 0.7714285714285715, "f1-score": 0.7763376944367846, "support": 105}, "classificador": "KNeighborsClassifier"}