{"casual": {"precision": 0.5555555555555556, "recall": 0.6896551724137931, "f1-score": 0.6153846153846154, "support": 29}, "explosion": {"precision": 0.8611111111111112, "recall": 0.7948717948717948, "f1-score": 0.8266666666666667, "support": 39}, "gunshot": {"precision": 1.0, "recall": 0.5238095238095238, "f1-score": 0.6875000000000001, "support": 21}, "siren": {"precision": 0.7272727272727273, "recall": 1.0, "f1-score": 0.8421052631578948, "support": 16}, "accuracy": 0.7428571428571429, "macro avg": {"precision": 0.7859848484848486, "recall": 0.7520841227737779, "f1-score": 0.7429141363022942, "support": 105}, "weighted avg": {"precision": 0.7841029341029341, "recall": 0.7428571428571429, "f1-score": 0.7428317910160016, "support": 105}, "classificador": "SGDClassifier"}