{"casual": {"precision": 0.4722222222222222, "recall": 0.5862068965517241, "f1-score": 0.523076923076923, "support": 29}, "explosion": {"precision": 0.8181818181818182, "recall": 0.6923076923076923, "f1-score": 0.7500000000000001, "support": 39}, "gunshot": {"precision": 0.8571428571428571, "recall": 0.2857142857142857, "f1-score": 0.42857142857142855, "support": 21}, "siren": {"precision": 0.5517241379310345, "recall": 1.0, "f1-score": 0.7111111111111111, "support": 16}, "accuracy": 0.6285714285714286, "macro avg": {"precision": 0.674817758869483, "recall": 0.6410572186434255, "f1-score": 0.6031898656898657, "support": 105}, "weighted avg": {"precision": 0.6898202053374467, "recall": 0.6285714285714286, "f1-score": 0.6171143671143671, "support": 105}, "classificador": "Perceptron"}