{"casual": {"precision": 0.37209302325581395, "recall": 0.5517241379310345, "f1-score": 0.4444444444444444, "support": 29}, "explosion": {"precision": 0.7692307692307693, "recall": 0.5128205128205128, "f1-score": 0.6153846153846154, "support": 39}, "gunshot": {"precision": 0.7333333333333333, "recall": 0.5238095238095238, "f1-score": 0.611111111111111, "support": 21}, "siren": {"precision": 0.7142857142857143, "recall": 0.9375, "f1-score": 0.8108108108108109, "support": 16}, "accuracy": 0.5904761904761905, "macro avg": {"precision": 0.6472357100264078, "recall": 0.6314635436402678, "f1-score": 0.6204377454377454, "support": 105}, "weighted avg": {"precision": 0.6439930390760955, "recall": 0.5904761904761905, "f1-score": 0.597097097097097, "support": 105}, "classificador": "Perceptron"}