{"casual": {"precision": 0.45454545454545453, "recall": 0.5172413793103449, "f1-score": 0.4838709677419355, "support": 29}, "explosion": {"precision": 0.7878787878787878, "recall": 0.6666666666666666, "f1-score": 0.7222222222222221, "support": 39}, "gunshot": {"precision": 0.8666666666666667, "recall": 0.6190476190476191, "f1-score": 0.7222222222222222, "support": 21}, "siren": {"precision": 0.625, "recall": 0.9375, "f1-score": 0.75, "support": 16}, "accuracy": 0.6571428571428571, "macro avg": {"precision": 0.6835227272727273, "recall": 0.6851139162561577, "f1-score": 0.6695788530465949, "support": 105}, "weighted avg": {"precision": 0.6867532467532468, "recall": 0.6571428571428571, "f1-score": 0.6606246799795187, "support": 105}, "classificador": "Perceptron"}