{"casual": {"precision": 0.38095238095238093, "recall": 0.5517241379310345, "f1-score": 0.4507042253521127, "support": 29}, "explosion": {"precision": 0.5306122448979592, "recall": 0.6666666666666666, "f1-score": 0.5909090909090909, "support": 39}, "gunshot": {"precision": 1.0, "recall": 0.047619047619047616, "f1-score": 0.0909090909090909, "support": 21}, "siren": {"precision": 0.7692307692307693, "recall": 0.625, "f1-score": 0.6896551724137931, "support": 16}, "accuracy": 0.5047619047619047, "macro avg": {"precision": 0.6701988487702774, "recall": 0.4727524630541872, "f1-score": 0.4555443948960219, "support": 105}, "weighted avg": {"precision": 0.6195160848222073, "recall": 0.5047619047619047, "f1-score": 0.467232864270261, "support": 105}, "classificador": "SGDClassifier"}