{"casual": {"precision": 0.4838709677419355, "recall": 0.5172413793103449, "f1-score": 0.5000000000000001, "support": 29}, "explosion": {"precision": 0.7777777777777778, "recall": 0.8974358974358975, "f1-score": 0.8333333333333333, "support": 39}, "gunshot": {"precision": 1.0, "recall": 0.23809523809523808, "f1-score": 0.3846153846153846, "support": 21}, "siren": {"precision": 0.6666666666666666, "recall": 1.0, "f1-score": 0.8, "support": 16}, "accuracy": 0.6761904761904762, "macro avg": {"precision": 0.7320788530465949, "recall": 0.6631931287103701, "f1-score": 0.6294871794871795, "support": 105}, "weighted avg": {"precision": 0.7241167434715823, "recall": 0.6761904761904762, "f1-score": 0.6464468864468864, "support": 105}, "classificador": "LinearSVC"}