{"casual": {"precision": 0.3125, "recall": 0.6896551724137931, "f1-score": 0.43010752688172044, "support": 29}, "explosion": {"precision": 0.6666666666666666, "recall": 0.5128205128205128, "f1-score": 0.5797101449275363, "support": 39}, "gunshot": {"precision": 1.0, "recall": 0.09523809523809523, "f1-score": 0.17391304347826084, "support": 21}, "siren": {"precision": 0.7777777777777778, "recall": 0.4375, "f1-score": 0.56, "support": 16}, "accuracy": 0.4666666666666667, "macro avg": {"precision": 0.689236111111111, "recall": 0.4338034451181003, "f1-score": 0.43593267882187936, "support": 105}, "weighted avg": {"precision": 0.6524470899470899, "recall": 0.4666666666666667, "f1-score": 0.4542284556646408, "support": 105}, "classificador": "BaggingClassifier"}