{"casual": {"precision": 0.4583333333333333, "recall": 0.7586206896551724, "f1-score": 0.5714285714285715, "support": 29}, "explosion": {"precision": 0.9523809523809523, "recall": 0.5128205128205128, "f1-score": 0.6666666666666666, "support": 39}, "gunshot": {"precision": 0.40625, "recall": 0.6190476190476191, "f1-score": 0.49056603773584906, "support": 21}, "siren": {"precision": 0.75, "recall": 0.1875, "f1-score": 0.3, "support": 16}, "accuracy": 0.5523809523809524, "macro avg": {"precision": 0.6417410714285714, "recall": 0.519497205380826, "f1-score": 0.5071653189577717, "support": 105}, "weighted avg": {"precision": 0.6758645124716552, "recall": 0.5523809523809524, "f1-score": 0.5492696701322038, "support": 105}, "classificador": "KNeighborsClassifier"}