{"casual": {"precision": 0.47619047619047616, "recall": 0.6896551724137931, "f1-score": 0.5633802816901408, "support": 29}, "explosion": {"precision": 0.88, "recall": 0.5641025641025641, "f1-score": 0.6875, "support": 39}, "gunshot": {"precision": 0.42424242424242425, "recall": 0.6666666666666666, "f1-score": 0.5185185185185185, "support": 21}, "siren": {"precision": 0.8, "recall": 0.25, "f1-score": 0.38095238095238093, "support": 16}, "accuracy": 0.5714285714285714, "macro avg": {"precision": 0.6451082251082252, "recall": 0.542606100795756, "f1-score": 0.53758779529026, "support": 105}, "weighted avg": {"precision": 0.6651296639868068, "recall": 0.5714285714285714, "f1-score": 0.5727110014584863, "support": 105}, "classificador": "KNeighborsClassifier"}