{"casual": {"precision": 0.5, "recall": 0.7586206896551724, "f1-score": 0.6027397260273972, "support": 29}, "explosion": {"precision": 0.92, "recall": 0.5897435897435898, "f1-score": 0.71875, "support": 39}, "gunshot": {"precision": 0.4375, "recall": 0.6666666666666666, "f1-score": 0.5283018867924528, "support": 21}, "siren": {"precision": 1.0, "recall": 0.25, "f1-score": 0.4, "support": 16}, "accuracy": 0.6, "macro avg": {"precision": 0.714375, "recall": 0.5662577365163571, "f1-score": 0.5624479032049625, "support": 105}, "weighted avg": {"precision": 0.7196904761904761, "recall": 0.6, "f1-score": 0.6000480159755812, "support": 105}, "classificador": "KNeighborsClassifier"}