{"casual": {"precision": 0.6875, "recall": 0.7586206896551724, "f1-score": 0.7213114754098361, "support": 29}, "explosion": {"precision": 0.8378378378378378, "recall": 0.7948717948717948, "f1-score": 0.8157894736842105, "support": 39}, "gunshot": {"precision": 0.8947368421052632, "recall": 0.8095238095238095, "f1-score": 0.8500000000000001, "support": 21}, "siren": {"precision": 0.9411764705882353, "recall": 1.0, "f1-score": 0.9696969696969697, "support": 16}, "accuracy": 0.819047619047619, "macro avg": {"precision": 0.840312787632834, "recall": 0.8407540735126942, "f1-score": 0.8391994796977541, "support": 105}, "weighted avg": {"precision": 0.8234425989456949, "recall": 0.819047619047619, "f1-score": 0.8199902264354378, "support": 105}, "classificador": "SGDClassifier"}