{"casual": {"precision": 0.5, "recall": 0.6551724137931034, "f1-score": 0.5671641791044776, "support": 29}, "explosion": {"precision": 0.6666666666666666, "recall": 0.41025641025641024, "f1-score": 0.5079365079365079, "support": 39}, "gunshot": {"precision": 0.35294117647058826, "recall": 0.5714285714285714, "f1-score": 0.43636363636363634, "support": 21}, "siren": {"precision": 0.8888888888888888, "recall": 0.5, "f1-score": 0.64, "support": 16}, "accuracy": 0.5238095238095238, "macro avg": {"precision": 0.6021241830065359, "recall": 0.5342143488695212, "f1-score": 0.5378660808511554, "support": 105}, "weighted avg": {"precision": 0.5917522564581388, "recall": 0.5238095238095238, "f1-score": 0.5301040130208574, "support": 105}, "classificador": "KNeighborsClassifier"}