{"casual": {"precision": 0.475, "recall": 0.6551724137931034, "f1-score": 0.5507246376811594, "support": 29}, "explosion": {"precision": 0.6, "recall": 0.3076923076923077, "f1-score": 0.4067796610169492, "support": 39}, "gunshot": {"precision": 0.3142857142857143, "recall": 0.5238095238095238, "f1-score": 0.39285714285714285, "support": 21}, "siren": {"precision": 0.9, "recall": 0.5625, "f1-score": 0.6923076923076923, "support": 16}, "accuracy": 0.4857142857142857, "macro avg": {"precision": 0.5723214285714285, "recall": 0.5122935613237337, "f1-score": 0.510667283465736, "support": 105}, "weighted avg": {"precision": 0.554047619047619, "recall": 0.4857142857142857, "f1-score": 0.4872604223746449, "support": 105}, "classificador": "KNeighborsClassifier"}