{"casual": {"precision": 0.3617021276595745, "recall": 0.5862068965517241, "f1-score": 0.4473684210526315, "support": 29}, "explosion": {"precision": 0.7857142857142857, "recall": 0.8461538461538461, "f1-score": 0.8148148148148148, "support": 39}, "gunshot": {"precision": 0.0, "recall": 0.0, "f1-score": 0.0, "support": 21}, "siren": {"precision": 0.6875, "recall": 0.6875, "f1-score": 0.6875, "support": 16}, "accuracy": 0.580952380952381, "macro avg": {"precision": 0.45872910334346506, "recall": 0.5299651856763925, "f1-score": 0.4874208089668616, "support": 105}, "weighted avg": {"precision": 0.4964973223331886, "recall": 0.580952380952381, "f1-score": 0.5309663046505151, "support": 105}, "classificador": "LinearDiscriminantAnalysis"}