{"casual": {"precision": 0.53125, "recall": 0.5862068965517241, "f1-score": 0.5573770491803278, "support": 29}, "explosion": {"precision": 0.7142857142857143, "recall": 0.7692307692307693, "f1-score": 0.7407407407407408, "support": 39}, "gunshot": {"precision": 0.8571428571428571, "recall": 0.5714285714285714, "f1-score": 0.6857142857142857, "support": 21}, "siren": {"precision": 0.8235294117647058, "recall": 0.875, "f1-score": 0.8484848484848485, "support": 16}, "accuracy": 0.6952380952380952, "macro avg": {"precision": 0.7315519957983194, "recall": 0.7004665593027661, "f1-score": 0.7080792310300507, "support": 105}, "weighted avg": {"precision": 0.7089510804321729, "recall": 0.6952380952380952, "f1-score": 0.6955102941988188, "support": 105}, "classificador": "LinearSVC"}