{"casual": {"precision": 0.3541666666666667, "recall": 0.5862068965517241, "f1-score": 0.4415584415584416, "support": 29}, "explosion": {"precision": 0.8, "recall": 0.8205128205128205, "f1-score": 0.810126582278481, "support": 39}, "gunshot": {"precision": 1.0, "recall": 0.047619047619047616, "f1-score": 0.0909090909090909, "support": 21}, "siren": {"precision": 0.75, "recall": 0.75, "f1-score": 0.75, "support": 16}, "accuracy": 0.5904761904761905, "macro avg": {"precision": 0.7260416666666667, "recall": 0.551084691170898, "f1-score": 0.5231485286865034, "support": 105}, "weighted avg": {"precision": 0.7092460317460317, "recall": 0.5904761904761905, "f1-score": 0.5553259278394902, "support": 105}, "classificador": "LinearDiscriminantAnalysis"}