{"casual": {"precision": 0.45652173913043476, "recall": 0.7241379310344828, "f1-score": 0.5599999999999999, "support": 29}, "explosion": {"precision": 0.6896551724137931, "recall": 0.5128205128205128, "f1-score": 0.5882352941176471, "support": 39}, "gunshot": {"precision": 0.8571428571428571, "recall": 0.5714285714285714, "f1-score": 0.6857142857142857, "support": 21}, "siren": {"precision": 0.6875, "recall": 0.6875, "f1-score": 0.6875, "support": 16}, "accuracy": 0.6095238095238096, "macro avg": {"precision": 0.6727049421717712, "recall": 0.6239717538208918, "f1-score": 0.6303623949579832, "support": 105}, "weighted avg": {"precision": 0.6584350681801955, "recall": 0.6095238095238096, "f1-score": 0.6150588235294118, "support": 105}, "classificador": "Perceptron"}