{"casual": {"precision": 0.5263157894736842, "recall": 0.6896551724137931, "f1-score": 0.5970149253731344, "support": 29}, "explosion": {"precision": 0.7027027027027027, "recall": 0.6666666666666666, "f1-score": 0.6842105263157895, "support": 39}, "gunshot": {"precision": 0.8, "recall": 0.5714285714285714, "f1-score": 0.6666666666666666, "support": 21}, "siren": {"precision": 0.9333333333333333, "recall": 0.875, "f1-score": 0.9032258064516129, "support": 16}, "accuracy": 0.6857142857142857, "macro avg": {"precision": 0.74058795637743, "recall": 0.7006876026272577, "f1-score": 0.7127794812018009, "support": 105}, "weighted avg": {"precision": 0.7085894917473865, "recall": 0.6857142857142857, "f1-score": 0.6899929168129761, "support": 105}, "classificador": "LinearSVC"}