{"casual": {"precision": 0.5, "recall": 0.7241379310344828, "f1-score": 0.591549295774648, "support": 29}, "explosion": {"precision": 0.8275862068965517, "recall": 0.6153846153846154, "f1-score": 0.7058823529411765, "support": 39}, "gunshot": {"precision": 0.7333333333333333, "recall": 0.5238095238095238, "f1-score": 0.611111111111111, "support": 21}, "siren": {"precision": 0.7368421052631579, "recall": 0.875, "f1-score": 0.7999999999999999, "support": 16}, "accuracy": 0.6666666666666666, "macro avg": {"precision": 0.6994404113732607, "recall": 0.6845830175571554, "f1-score": 0.6771356899567339, "support": 105}, "weighted avg": {"precision": 0.704431769077867, "recall": 0.6666666666666666, "f1-score": 0.6696921397667048, "support": 105}, "classificador": "SVC"}