{"casual": {"precision": 0.7241379310344828, "recall": 0.7241379310344828, "f1-score": 0.7241379310344829, "support": 29}, "explosion": {"precision": 0.9210526315789473, "recall": 0.8974358974358975, "f1-score": 0.9090909090909091, "support": 39}, "gunshot": {"precision": 0.8333333333333334, "recall": 0.7142857142857143, "f1-score": 0.7692307692307692, "support": 21}, "siren": {"precision": 0.8, "recall": 1.0, "f1-score": 0.888888888888889, "support": 16}, "accuracy": 0.8285714285714286, "macro avg": {"precision": 0.8196309739866909, "recall": 0.8339648856890236, "f1-score": 0.8228371245612625, "support": 105}, "weighted avg": {"precision": 0.8306766917293232, "recall": 0.8285714285714286, "f1-score": 0.826958226958227, "support": 105}, "classificador": "SVC", "mediaTempoClassificacaoCadaAudio": 0.049078809647333056, "desvioTempoClassificacaoCadaAudio": 0.03415245556330824}