{"casual": {"precision": 0.7241379310344828, "recall": 0.7241379310344828, "f1-score": 0.7241379310344829, "support": 29}, "explosion": {"precision": 0.9166666666666666, "recall": 0.8461538461538461, "f1-score": 0.8799999999999999, "support": 39}, "gunshot": {"precision": 0.8421052631578947, "recall": 0.7619047619047619, "f1-score": 0.8, "support": 21}, "siren": {"precision": 0.7619047619047619, "recall": 1.0, "f1-score": 0.8648648648648648, "support": 16}, "accuracy": 0.819047619047619, "macro avg": {"precision": 0.8112036556909514, "recall": 0.8330491347732727, "f1-score": 0.8172506989748369, "support": 105}, "weighted avg": {"precision": 0.8249970163503997, "recall": 0.819047619047619, "f1-score": 0.8186460746460745, "support": 105}, "classificador": "SVC", "mediaTempoClassificacaoCadaAudio": 0.05116912523905436, "desvioTempoClassificacaoCadaAudio": 0.03822960759307743}