{"casual": {"precision": 0.6486486486486487, "recall": 0.8275862068965517, "f1-score": 0.7272727272727273, "support": 29}, "explosion": {"precision": 0.9142857142857143, "recall": 0.8205128205128205, "f1-score": 0.8648648648648648, "support": 39}, "gunshot": {"precision": 0.8888888888888888, "recall": 0.7619047619047619, "f1-score": 0.8205128205128205, "support": 21}, "siren": {"precision": 0.9333333333333333, "recall": 0.875, "f1-score": 0.9032258064516129, "support": 16}, "accuracy": 0.819047619047619, "macro avg": {"precision": 0.8462891462891462, "recall": 0.8212509473285335, "f1-score": 0.8289690547755064, "support": 105}, "weighted avg": {"precision": 0.8387424158852731, "recall": 0.819047619047619, "f1-score": 0.8238382948060367, "support": 105}, "classificador": "KNeighborsClassifier", "mediaTempoClassificacaoCadaAudio": 0.05150158064705985, "desvioTempoClassificacaoCadaAudio": 0.038914148169135854}