{"casual": {"precision": 0.7, "recall": 0.7241379310344828, "f1-score": 0.711864406779661, "support": 29}, "explosion": {"precision": 0.9210526315789473, "recall": 0.8974358974358975, "f1-score": 0.9090909090909091, "support": 39}, "gunshot": {"precision": 1.0, "recall": 0.7142857142857143, "f1-score": 0.8333333333333333, "support": 21}, "siren": {"precision": 0.7272727272727273, "recall": 1.0, "f1-score": 0.8421052631578948, "support": 16}, "accuracy": 0.8285714285714286, "macro avg": {"precision": 0.8370813397129186, "recall": 0.8339648856890236, "f1-score": 0.8240984780904494, "support": 105}, "weighted avg": {"precision": 0.8462611073137389, "recall": 0.8285714285714286, "f1-score": 0.8292599758255423, "support": 105}, "classificador": "SVC", "mediaTempoClassificacaoCadaAudio": 0.014165694372994558, "desvioTempoClassificacaoCadaAudio": 0.008022691289768676}