{"casual": {"precision": 0.6052631578947368, "recall": 0.7931034482758621, "f1-score": 0.6865671641791046, "support": 29}, "explosion": {"precision": 0.8863636363636364, "recall": 1.0, "f1-score": 0.9397590361445783, "support": 39}, "gunshot": {"precision": 1.0, "recall": 0.3333333333333333, "f1-score": 0.5, "support": 21}, "siren": {"precision": 0.8125, "recall": 0.8125, "f1-score": 0.8125, "support": 16}, "accuracy": 0.780952380952381, "macro avg": {"precision": 0.8260316985645932, "recall": 0.7347341954022989, "f1-score": 0.7347065500809207, "support": 105}, "weighted avg": {"precision": 0.8201982228298017, "recall": 0.780952380952381, "f1-score": 0.7624861921031675, "support": 105}, "classificador": "DecisionTreeClassifier", "mediaTempoClassificacaoCadaAudio": 0.005049285434541248, "desvioTempoClassificacaoCadaAudio": 0.0032028517441535054}