{"casual": {"precision": 0.6190476190476191, "recall": 0.896551724137931, "f1-score": 0.732394366197183, "support": 29}, "explosion": {"precision": 0.9411764705882353, "recall": 0.8205128205128205, "f1-score": 0.8767123287671232, "support": 39}, "gunshot": {"precision": 1.0, "recall": 0.6666666666666666, "f1-score": 0.8, "support": 21}, "siren": {"precision": 0.9333333333333333, "recall": 0.875, "f1-score": 0.9032258064516129, "support": 16}, "accuracy": 0.819047619047619, "macro avg": {"precision": 0.8733893557422969, "recall": 0.8146828028293546, "f1-score": 0.8280831253539798, "support": 105}, "weighted avg": {"precision": 0.8627771108443377, "recall": 0.819047619047619, "f1-score": 0.825550765189161, "support": 105}, "classificador": "SGDClassifier", "mediaTempoClassificacaoCadaAudio": 0.005427247002011254, "desvioTempoClassificacaoCadaAudio": 0.003139067501730375}