{"casual": {"precision": 0.6451612903225806, "recall": 0.6896551724137931, "f1-score": 0.6666666666666667, "support": 29}, "explosion": {"precision": 0.9166666666666666, "recall": 0.8461538461538461, "f1-score": 0.8799999999999999, "support": 39}, "gunshot": {"precision": 0.875, "recall": 0.6666666666666666, "f1-score": 0.7567567567567567, "support": 21}, "siren": {"precision": 0.7272727272727273, "recall": 1.0, "f1-score": 0.8421052631578948, "support": 16}, "accuracy": 0.7904761904761904, "macro avg": {"precision": 0.7910251710654936, "recall": 0.8006189213085765, "f1-score": 0.7863821716453295, "support": 105}, "weighted avg": {"precision": 0.804486105292557, "recall": 0.7904761904761904, "f1-score": 0.7906562803404908, "support": 105}, "classificador": "Perceptron", "mediaTempoClassificacaoCadaAudio": 0.005456443060012091, "desvioTempoClassificacaoCadaAudio": 0.0026823498344756484}