{"casual": {"precision": 0.625, "recall": 0.8620689655172413, "f1-score": 0.7246376811594203, "support": 29}, "explosion": {"precision": 0.8888888888888888, "recall": 0.8205128205128205, "f1-score": 0.8533333333333333, "support": 39}, "gunshot": {"precision": 0.8823529411764706, "recall": 0.7142857142857143, "f1-score": 0.7894736842105262, "support": 21}, "siren": {"precision": 1.0, "recall": 0.75, "f1-score": 0.8571428571428571, "support": 16}, "accuracy": 0.8, "macro avg": {"precision": 0.8490604575163399, "recall": 0.7867168750789441, "f1-score": 0.8061468889615342, "support": 105}, "weighted avg": {"precision": 0.8316293183940242, "recall": 0.8, "f1-score": 0.8055973889174282, "support": 105}, "classificador": "KNeighborsClassifier", "mediaTempoClassificacaoCadaAudio": 0.04702738126118978, "desvioTempoClassificacaoCadaAudio": 0.03436489401250151}