{"casual": {"precision": 0.631578947368421, "recall": 0.8275862068965517, "f1-score": 0.716417910447761, "support": 29}, "explosion": {"precision": 0.9090909090909091, "recall": 0.7692307692307693, "f1-score": 0.8333333333333333, "support": 39}, "gunshot": {"precision": 1.0, "recall": 0.7142857142857143, "f1-score": 0.8333333333333333, "support": 21}, "siren": {"precision": 0.8421052631578947, "recall": 1.0, "f1-score": 0.9142857142857143, "support": 16}, "accuracy": 0.8095238095238095, "macro avg": {"precision": 0.8456937799043062, "recall": 0.8277756726032588, "f1-score": 0.8243425728500354, "support": 105}, "weighted avg": {"precision": 0.8404192298929141, "recall": 0.8095238095238095, "f1-score": 0.8133780079195858, "support": 105}, "classificador": "SGDClassifier", "mediaTempoClassificacaoCadaAudio": 0.0064805780138288225, "desvioTempoClassificacaoCadaAudio": 0.0044514710847838364}