{"casual": {"precision": 0.7931034482758621, "recall": 0.7931034482758621, "f1-score": 0.7931034482758621, "support": 29}, "explosion": {"precision": 0.9047619047619048, "recall": 0.9743589743589743, "f1-score": 0.9382716049382716, "support": 39}, "gunshot": {"precision": 1.0, "recall": 0.7619047619047619, "f1-score": 0.8648648648648648, "support": 21}, "siren": {"precision": 0.8888888888888888, "recall": 1.0, "f1-score": 0.9411764705882353, "support": 16}, "accuracy": 0.8857142857142857, "macro avg": {"precision": 0.8966885604816639, "recall": 0.8823417961348996, "f1-score": 0.8843540971668085, "support": 105}, "weighted avg": {"precision": 0.890551776266062, "recall": 0.8857142857142857, "f1-score": 0.8839388408015858, "support": 105}, "classificador": "SVC", "mediaTempoClassificacaoCadaAudio": 0.015719129925682432, "desvioTempoClassificacaoCadaAudio": 0.010180991138941015}