{"casual": {"precision": 0.6571428571428571, "recall": 0.7931034482758621, "f1-score": 0.71875, "support": 29}, "explosion": {"precision": 0.8888888888888888, "recall": 0.8205128205128205, "f1-score": 0.8533333333333333, "support": 39}, "gunshot": {"precision": 0.8888888888888888, "recall": 0.7619047619047619, "f1-score": 0.8205128205128205, "support": 21}, "siren": {"precision": 0.875, "recall": 0.875, "f1-score": 0.875, "support": 16}, "accuracy": 0.8095238095238095, "macro avg": {"precision": 0.8274801587301587, "recall": 0.8126302576733611, "f1-score": 0.8168990384615384, "support": 105}, "weighted avg": {"precision": 0.8227664399092971, "recall": 0.8095238095238095, "f1-score": 0.8129001831501831, "support": 105}, "classificador": "DecisionTreeClassifier", "mediaTempoClassificacaoCadaAudio": 0.005105286552792503, "desvioTempoClassificacaoCadaAudio": 0.002832389283296434}