{"casual": {"precision": 0.5897435897435898, "recall": 0.7931034482758621, "f1-score": 0.676470588235294, "support": 29}, "explosion": {"precision": 0.8823529411764706, "recall": 0.7692307692307693, "f1-score": 0.8219178082191781, "support": 39}, "gunshot": {"precision": 0.875, "recall": 0.6666666666666666, "f1-score": 0.7567567567567567, "support": 21}, "siren": {"precision": 0.9375, "recall": 0.9375, "f1-score": 0.9375, "support": 16}, "accuracy": 0.780952380952381, "macro avg": {"precision": 0.8211491327300151, "recall": 0.7916252210433244, "f1-score": 0.7981612883028072, "support": 105}, "weighted avg": {"precision": 0.8084697981756807, "recall": 0.780952380952381, "f1-score": 0.7863269854406035, "support": 105}, "classificador": "Perceptron"}