{"casual": {"precision": 0.525, "recall": 0.7241379310344828, "f1-score": 0.6086956521739131, "support": 29}, "explosion": {"precision": 0.8333333333333334, "recall": 0.6410256410256411, "f1-score": 0.7246376811594204, "support": 39}, "gunshot": {"precision": 0.7222222222222222, "recall": 0.6190476190476191, "f1-score": 0.6666666666666666, "support": 21}, "siren": {"precision": 0.7647058823529411, "recall": 0.8125, "f1-score": 0.787878787878788, "support": 16}, "accuracy": 0.6857142857142857, "macro avg": {"precision": 0.7113153594771242, "recall": 0.6991777977769358, "f1-score": 0.696969696969697, "support": 105}, "weighted avg": {"precision": 0.7154948646125117, "recall": 0.6857142857142857, "f1-score": 0.6906581341363951, "support": 105}, "classificador": "LinearDiscriminantAnalysis"}