{"casual": {"precision": 0.6578947368421053, "recall": 0.8620689655172413, "f1-score": 0.746268656716418, "support": 29}, "explosion": {"precision": 0.9714285714285714, "recall": 0.8717948717948718, "f1-score": 0.9189189189189189, "support": 39}, "gunshot": {"precision": 0.9230769230769231, "recall": 0.5714285714285714, "f1-score": 0.7058823529411765, "support": 21}, "siren": {"precision": 0.8421052631578947, "recall": 1.0, "f1-score": 0.9142857142857143, "support": 16}, "accuracy": 0.8285714285714286, "macro avg": {"precision": 0.8486263736263737, "recall": 0.8263231021851711, "f1-score": 0.8213389107155569, "support": 105}, "weighted avg": {"precision": 0.8554567738026385, "recall": 0.8285714285714286, "f1-score": 0.8279212354566676, "support": 105}, "classificador": "BaggingClassifier"}