{"casual": {"precision": 0.5, "recall": 0.6896551724137931, "f1-score": 0.5797101449275363, "support": 29}, "explosion": {"precision": 0.7714285714285715, "recall": 0.6923076923076923, "f1-score": 0.7297297297297296, "support": 39}, "gunshot": {"precision": 0.9166666666666666, "recall": 0.5238095238095238, "f1-score": 0.6666666666666667, "support": 21}, "siren": {"precision": 0.7777777777777778, "recall": 0.875, "f1-score": 0.823529411764706, "support": 16}, "accuracy": 0.6857142857142857, "macro avg": {"precision": 0.7414682539682539, "recall": 0.6951930971327523, "f1-score": 0.6999089882721596, "support": 105}, "weighted avg": {"precision": 0.7264777021919879, "recall": 0.6857142857142857, "f1-score": 0.6899764214342219, "support": 105}, "classificador": "Perceptron"}