{"casual": {"precision": 0.5, "recall": 0.6551724137931034, "f1-score": 0.5671641791044776, "support": 29}, "explosion": {"precision": 0.775, "recall": 0.7948717948717948, "f1-score": 0.7848101265822786, "support": 39}, "gunshot": {"precision": 1.0, "recall": 0.42857142857142855, "f1-score": 0.6, "support": 21}, "siren": {"precision": 0.7777777777777778, "recall": 0.875, "f1-score": 0.823529411764706, "support": 16}, "accuracy": 0.6952380952380952, "macro avg": {"precision": 0.7631944444444444, "recall": 0.6884039093090817, "f1-score": 0.6938759293628656, "support": 105}, "weighted avg": {"precision": 0.7444708994708994, "recall": 0.6952380952380952, "f1-score": 0.6936364449426097, "support": 105}, "classificador": "SGDClassifier"}