{"casual": {"precision": 0.6451612903225806, "recall": 0.6896551724137931, "f1-score": 0.6666666666666667, "support": 29}, "explosion": {"precision": 0.8888888888888888, "recall": 0.8205128205128205, "f1-score": 0.8533333333333333, "support": 39}, "gunshot": {"precision": 0.8421052631578947, "recall": 0.7619047619047619, "f1-score": 0.8, "support": 21}, "siren": {"precision": 0.7894736842105263, "recall": 0.9375, "f1-score": 0.8571428571428572, "support": 16}, "accuracy": 0.7904761904761904, "macro avg": {"precision": 0.7914072816449726, "recall": 0.8023931887078439, "f1-score": 0.7942857142857144, "support": 105}, "weighted avg": {"precision": 0.7970679386638639, "recall": 0.7904761904761904, "f1-score": 0.7916916099773242, "support": 105}, "classificador": "Perceptron"}