{"casual": {"precision": 0.5714285714285714, "recall": 0.8275862068965517, "f1-score": 0.676056338028169, "support": 29}, "explosion": {"precision": 0.8064516129032258, "recall": 0.6410256410256411, "f1-score": 0.7142857142857142, "support": 39}, "gunshot": {"precision": 0.9411764705882353, "recall": 0.7619047619047619, "f1-score": 0.8421052631578947, "support": 21}, "siren": {"precision": 0.9333333333333333, "recall": 0.875, "f1-score": 0.9032258064516129, "support": 16}, "accuracy": 0.7523809523809524, "macro avg": {"precision": 0.8130974970633416, "recall": 0.7763791524567387, "f1-score": 0.7839182804808478, "support": 105}, "weighted avg": {"precision": 0.7878198160984824, "recall": 0.7523809523809524, "f1-score": 0.7580819056142986, "support": 105}, "classificador": "SGDClassifier"}