{"classificador": "LinearSVC", "accuracy": 0.6571428571428571, "explosion": {"recall": 0.8205128205128205, "f1-score": 0.7441860465116279, "precision": 0.6808510638297872, "support": 39}, "siren": {"recall": 0.875, "f1-score": 0.875, "precision": 0.875, "support": 16}, "weighted avg": {"recall": 0.6571428571428571, "f1-score": 0.6126438441908615, "precision": 0.7312208713272543, "support": 105}, "gunshot": {"recall": 0.09523809523809523, "f1-score": 0.17391304347826084, "precision": 1.0, "support": 21}, "macro avg": {"recall": 0.6287222116963497, "f1-score": 0.6004486855409504, "precision": 0.7702127659574468, "support": 105}, "casual": {"recall": 0.7241379310344828, "f1-score": 0.6086956521739131, "precision": 0.525, "support": 29}}