{"classificador": "KNeighborsClassifier", "accuracy": 0.7714285714285715, "explosion": {"recall": 0.6923076923076923, "f1-score": 0.7941176470588235, "precision": 0.9310344827586207, "support": 39}, "siren": {"recall": 0.6875, "f1-score": 0.8148148148148148, "precision": 1.0, "support": 16}, "weighted avg": {"recall": 0.7714285714285715, "f1-score": 0.7734699392246133, "precision": 0.8144023578666721, "support": 105}, "gunshot": {"recall": 0.7142857142857143, "f1-score": 0.6976744186046512, "precision": 0.6818181818181818, "support": 21}, "macro avg": {"recall": 0.7649026619931792, "f1-score": 0.7710961645640169, "precision": 0.8160038638186192, "support": 105}, "casual": {"recall": 0.9655172413793104, "f1-score": 0.7777777777777779, "precision": 0.6511627906976745, "support": 29}}