{"classificador": "BaggingClassifier", "accuracy": 0.7904761904761904, "explosion": {"recall": 0.8717948717948718, "f1-score": 0.8831168831168831, "precision": 0.8947368421052632, "support": 39}, "siren": {"recall": 0.9375, "f1-score": 0.8333333333333334, "precision": 0.75, "support": 16}, "weighted avg": {"recall": 0.7904761904761904, "f1-score": 0.7920671298822559, "precision": 0.817204776647501, "support": 105}, "gunshot": {"recall": 0.6190476190476191, "f1-score": 0.7647058823529412, "precision": 1.0, "support": 21}, "macro avg": {"recall": 0.7881201054692434, "f1-score": 0.7869556913674561, "precision": 0.8155959752321982, "support": 105}, "casual": {"recall": 0.7241379310344828, "f1-score": 0.6666666666666667, "precision": 0.6176470588235294, "support": 29}}