{"classificador": "Perceptron", "accuracy": 0.7333333333333333, "explosion": {"recall": 0.6153846153846154, "f1-score": 0.7384615384615384, "precision": 0.9230769230769231, "support": 39}, "siren": {"recall": 0.9375, "f1-score": 0.75, "precision": 0.625, "support": 16}, "weighted avg": {"recall": 0.7333333333333333, "f1-score": 0.737568324627148, "precision": 0.788476800976801, "support": 105}, "gunshot": {"recall": 0.7142857142857143, "f1-score": 0.8108108108108109, "precision": 0.9375, "support": 21}, "macro avg": {"recall": 0.765068444486548, "f1-score": 0.7439357343769109, "precision": 0.7688301282051282, "support": 105}, "casual": {"recall": 0.7931034482758621, "f1-score": 0.676470588235294, "precision": 0.5897435897435898, "support": 29}}