{"classificador": "Perceptron", "accuracy": 0.6285714285714286, "explosion": {"recall": 0.7435897435897436, "f1-score": 0.7073170731707318, "precision": 0.6744186046511628, "support": 39}, "siren": {"recall": 0.9375, "f1-score": 0.8108108108108109, "precision": 0.7142857142857143, "support": 16}, "weighted avg": {"recall": 0.6285714285714286, "f1-score": 0.5938889412060144, "precision": 0.6251090720525937, "support": 105}, "gunshot": {"recall": 0.14285714285714285, "f1-score": 0.23076923076923073, "precision": 0.6, "support": 21}, "macro avg": {"recall": 0.6197798250599975, "f1-score": 0.5833781248415395, "precision": 0.6291205241786637, "support": 105}, "casual": {"recall": 0.6551724137931034, "f1-score": 0.5846153846153845, "precision": 0.5277777777777778, "support": 29}}