{"classificador": "BaggingClassifier", "accuracy": 0.7333333333333333, "explosion": {"recall": 0.7948717948717948, "f1-score": 0.8493150684931507, "precision": 0.9117647058823529, "support": 39}, "siren": {"recall": 0.875, "f1-score": 0.875, "precision": 0.875, "support": 16}, "weighted avg": {"recall": 0.7333333333333333, "f1-score": 0.7353310502283106, "precision": 0.7799974535268652, "support": 105}, "gunshot": {"recall": 0.42857142857142855, "f1-score": 0.5625, "precision": 0.8181818181818182, "support": 21}, "macro avg": {"recall": 0.7228866679297713, "f1-score": 0.7292380136986302, "precision": 0.781918449197861, "support": 105}, "casual": {"recall": 0.7931034482758621, "f1-score": 0.6301369863013699, "precision": 0.5227272727272727, "support": 29}}