{"classificador": "Perceptron", "accuracy": 0.7619047619047619, "explosion": {"recall": 0.8205128205128205, "f1-score": 0.810126582278481, "precision": 0.8, "support": 39}, "siren": {"recall": 0.875, "f1-score": 0.823529411764706, "precision": 0.7777777777777778, "support": 16}, "weighted avg": {"recall": 0.7619047619047619, "f1-score": 0.7634771522932357, "precision": 0.7724394094555385, "support": 105}, "gunshot": {"recall": 0.7142857142857143, "f1-score": 0.8108108108108109, "precision": 0.9375, "support": 21}, "macro avg": {"recall": 0.7662427371479096, "f1-score": 0.7694500345468328, "precision": 0.7820452508960574, "support": 105}, "casual": {"recall": 0.6551724137931034, "f1-score": 0.6333333333333333, "precision": 0.6129032258064516, "support": 29}}