{"classificador": "LinearSVC", "accuracy": 0.7714285714285715, "explosion": {"recall": 0.7435897435897436, "f1-score": 0.8055555555555556, "precision": 0.8787878787878788, "support": 39}, "siren": {"recall": 0.875, "f1-score": 0.7999999999999999, "precision": 0.7368421052631579, "support": 16}, "weighted avg": {"recall": 0.7714285714285715, "f1-score": 0.7774010897891495, "precision": 0.8058555479608112, "support": 105}, "gunshot": {"recall": 0.7142857142857143, "f1-score": 0.8333333333333333, "precision": 1.0, "support": 21}, "macro avg": {"recall": 0.78149472653783, "f1-score": 0.7813640132669983, "precision": 0.8052232854864434, "support": 105}, "casual": {"recall": 0.7931034482758621, "f1-score": 0.6865671641791046, "precision": 0.6052631578947368, "support": 29}}