{"classificador": "SGDClassifier", "accuracy": 0.7714285714285715, "explosion": {"recall": 0.6666666666666666, "f1-score": 0.7647058823529411, "precision": 0.896551724137931, "support": 39}, "siren": {"recall": 0.9375, "f1-score": 0.8823529411764706, "precision": 0.8333333333333334, "support": 16}, "weighted avg": {"recall": 0.7714285714285715, "f1-score": 0.7752258163539387, "precision": 0.8231925162959645, "support": 105}, "gunshot": {"recall": 0.6666666666666666, "f1-score": 0.8, "precision": 1.0, "support": 21}, "macro avg": {"recall": 0.791846264367816, "f1-score": 0.7898468976631748, "precision": 0.8301985370950888, "support": 105}, "casual": {"recall": 0.896551724137931, "f1-score": 0.7123287671232877, "precision": 0.5909090909090909, "support": 29}}