{"classificador": "BaggingClassifier", "accuracy": 0.8095238095238095, "explosion": {"recall": 0.8461538461538461, "f1-score": 0.8799999999999999, "precision": 0.9166666666666666, "support": 39}, "siren": {"recall": 0.8125, "f1-score": 0.8387096774193549, "precision": 0.8666666666666667, "support": 16}, "weighted avg": {"recall": 0.8095238095238095, "f1-score": 0.8147985484984082, "precision": 0.8451587301587302, "support": 105}, "gunshot": {"recall": 0.6666666666666666, "f1-score": 0.8, "precision": 1.0, "support": 21}, "macro avg": {"recall": 0.7968473695844385, "f1-score": 0.8108368396446939, "precision": 0.8520833333333333, "support": 105}, "casual": {"recall": 0.8620689655172413, "f1-score": 0.7246376811594203, "precision": 0.625, "support": 29}}