{"casual": {"precision": 0.4, "recall": 0.6896551724137931, "f1-score": 0.5063291139240508, "support": 29}, "explosion": {"precision": 0.8205128205128205, "recall": 0.8205128205128205, "f1-score": 0.8205128205128205, "support": 39}, "gunshot": {"precision": 1.0, "recall": 0.047619047619047616, "f1-score": 0.0909090909090909, "support": 21}, "siren": {"precision": 0.8666666666666667, "recall": 0.8125, "f1-score": 0.8387096774193549, "support": 16}, "accuracy": 0.6285714285714286, "macro avg": {"precision": 0.7717948717948718, "recall": 0.5925717601364153, "f1-score": 0.5641151756913293, "support": 105}, "weighted avg": {"precision": 0.7473015873015874, "recall": 0.6285714285714286, "f1-score": 0.5905903814437911, "support": 105}, "classificador": "BaggingClassifier"}