{"casual": {"precision": 0.4772727272727273, "recall": 0.7241379310344828, "f1-score": 0.5753424657534246, "support": 29}, "explosion": {"precision": 0.8076923076923077, "recall": 0.5384615384615384, "f1-score": 0.6461538461538461, "support": 39}, "gunshot": {"precision": 0.6428571428571429, "recall": 0.42857142857142855, "f1-score": 0.5142857142857143, "support": 21}, "siren": {"precision": 0.7142857142857143, "recall": 0.9375, "f1-score": 0.8108108108108109, "support": 16}, "accuracy": 0.6285714285714286, "macro avg": {"precision": 0.660526973026973, "recall": 0.6571677245168625, "f1-score": 0.636648209250949, "support": 105}, "weighted avg": {"precision": 0.6692331478045764, "recall": 0.6285714285714286, "f1-score": 0.6253133759983074, "support": 105}, "classificador": "SVC"}