{"casual": {"precision": 0.38181818181818183, "recall": 0.7241379310344828, "f1-score": 0.5000000000000001, "support": 29}, "explosion": {"precision": 0.8055555555555556, "recall": 0.7435897435897436, "f1-score": 0.7733333333333334, "support": 39}, "gunshot": {"precision": 1.0, "recall": 0.09523809523809523, "f1-score": 0.17391304347826084, "support": 21}, "siren": {"precision": 0.9166666666666666, "recall": 0.6875, "f1-score": 0.7857142857142857, "support": 16}, "accuracy": 0.6, "macro avg": {"precision": 0.7760101010101009, "recall": 0.5626164424655804, "f1-score": 0.5582401656314699, "support": 105}, "weighted avg": {"precision": 0.7443434343434343, "recall": 0.6, "f1-score": 0.5798438331854482, "support": 105}, "classificador": "BaggingClassifier"}