{"casual": {"precision": 0.5121951219512195, "recall": 0.7241379310344828, "f1-score": 0.6000000000000001, "support": 29}, "explosion": {"precision": 0.6842105263157895, "recall": 0.3333333333333333, "f1-score": 0.44827586206896547, "support": 39}, "gunshot": {"precision": 0.43333333333333335, "recall": 0.6190476190476191, "f1-score": 0.5098039215686274, "support": 21}, "siren": {"precision": 0.8, "recall": 0.75, "f1-score": 0.7741935483870969, "support": 16}, "accuracy": 0.5619047619047619, "macro avg": {"precision": 0.6074347454000856, "recall": 0.6066297208538588, "f1-score": 0.5830683330061724, "support": 105}, "weighted avg": {"precision": 0.6041701815514396, "recall": 0.5619047619047619, "f1-score": 0.5521498833126132, "support": 105}, "classificador": "LinearSVC"}