{"casual": {"precision": 0.5405405405405406, "recall": 0.6896551724137931, "f1-score": 0.6060606060606061, "support": 29}, "explosion": {"precision": 0.96, "recall": 0.6153846153846154, "f1-score": 0.7500000000000001, "support": 39}, "gunshot": {"precision": 0.42424242424242425, "recall": 0.6666666666666666, "f1-score": 0.5185185185185185, "support": 21}, "siren": {"precision": 0.9, "recall": 0.5625, "f1-score": 0.6923076923076923, "support": 16}, "accuracy": 0.638095238095238, "macro avg": {"precision": 0.7061957411957412, "recall": 0.6335516136162688, "f1-score": 0.6417217042217043, "support": 105}, "weighted avg": {"precision": 0.7278549198549199, "recall": 0.638095238095238, "f1-score": 0.6551578051578052, "support": 105}, "classificador": "KNeighborsClassifier"}