{"casual": {"precision": 0.6129032258064516, "recall": 0.6551724137931034, "f1-score": 0.6333333333333333, "support": 29}, "explosion": {"precision": 0.9117647058823529, "recall": 0.7948717948717948, "f1-score": 0.8493150684931507, "support": 39}, "gunshot": {"precision": 0.7222222222222222, "recall": 0.6190476190476191, "f1-score": 0.6666666666666666, "support": 21}, "siren": {"precision": 0.7272727272727273, "recall": 1.0, "f1-score": 0.8421052631578948, "support": 16}, "accuracy": 0.7523809523809524, "macro avg": {"precision": 0.7435407202959385, "recall": 0.7672729569281294, "f1-score": 0.7478550829127614, "support": 105}, "weighted avg": {"precision": 0.7632004512459921, "recall": 0.7523809523809524, "f1-score": 0.7520346528421511, "support": 105}, "classificador": "SVC"}