{"casual": {"precision": 0.6538461538461539, "recall": 0.5862068965517241, "f1-score": 0.6181818181818182, "support": 29}, "explosion": {"precision": 0.7804878048780488, "recall": 0.8205128205128205, "f1-score": 0.8, "support": 39}, "gunshot": {"precision": 0.5769230769230769, "recall": 0.7142857142857143, "f1-score": 0.6382978723404256, "support": 21}, "siren": {"precision": 0.8333333333333334, "recall": 0.625, "f1-score": 0.7142857142857143, "support": 16}, "accuracy": 0.7047619047619048, "macro avg": {"precision": 0.7111475922451532, "recall": 0.6865013578375647, "f1-score": 0.6926913512019895, "support": 105}, "weighted avg": {"precision": 0.7128502933380982, "recall": 0.7047619047619048, "f1-score": 0.704381899761839, "support": 105}, "classificador": "KNeighborsClassifier"}