{"casual": {"precision": 0.5609756097560976, "recall": 0.7931034482758621, "f1-score": 0.6571428571428573, "support": 29}, "explosion": {"precision": 0.8846153846153846, "recall": 0.5897435897435898, "f1-score": 0.7076923076923076, "support": 39}, "gunshot": {"precision": 0.9411764705882353, "recall": 0.7619047619047619, "f1-score": 0.8421052631578947, "support": 21}, "siren": {"precision": 0.7619047619047619, "recall": 1.0, "f1-score": 0.8648648648648648, "support": 16}, "accuracy": 0.7428571428571429, "macro avg": {"precision": 0.7871680567161199, "recall": 0.7861879499810535, "f1-score": 0.7679513232144811, "support": 105}, "weighted avg": {"precision": 0.7878426167214854, "recall": 0.7428571428571429, "f1-score": 0.7445637259171094, "support": 105}, "classificador": "Perceptron"}