{"casual": {"precision": 0.5853658536585366, "recall": 0.8275862068965517, "f1-score": 0.6857142857142856, "support": 29}, "explosion": {"precision": 0.8928571428571429, "recall": 0.6410256410256411, "f1-score": 0.746268656716418, "support": 39}, "gunshot": {"precision": 0.9444444444444444, "recall": 0.8095238095238095, "f1-score": 0.8717948717948718, "support": 21}, "siren": {"precision": 0.8888888888888888, "recall": 1.0, "f1-score": 0.9411764705882353, "support": 16}, "accuracy": 0.780952380952381, "macro avg": {"precision": 0.8278890824622532, "recall": 0.8195339143615006, "f1-score": 0.8112385712034527, "support": 105}, "weighted avg": {"precision": 0.8176437512674446, "recall": 0.780952380952381, "f1-score": 0.784349597473892, "support": 105}, "classificador": "SGDClassifier"}