{"casual": {"precision": 0.5365853658536586, "recall": 0.7586206896551724, "f1-score": 0.6285714285714286, "support": 29}, "explosion": {"precision": 0.8666666666666667, "recall": 0.6666666666666666, "f1-score": 0.7536231884057971, "support": 39}, "gunshot": {"precision": 0.9333333333333333, "recall": 0.6666666666666666, "f1-score": 0.7777777777777778, "support": 21}, "siren": {"precision": 0.8421052631578947, "recall": 1.0, "f1-score": 0.9142857142857143, "support": 16}, "accuracy": 0.7428571428571429, "macro avg": {"precision": 0.7946726572528884, "recall": 0.7729885057471264, "f1-score": 0.7685645272601794, "support": 105}, "weighted avg": {"precision": 0.785091998288404, "recall": 0.7428571428571429, "f1-score": 0.7483979098885931, "support": 105}, "classificador": "LinearDiscriminantAnalysis"}