{"casual": {"precision": 0.7241379310344828, "recall": 0.7241379310344828, "f1-score": 0.7241379310344829, "support": 29}, "explosion": {"precision": 0.8378378378378378, "recall": 0.7948717948717948, "f1-score": 0.8157894736842105, "support": 39}, "gunshot": {"precision": 0.8947368421052632, "recall": 0.8095238095238095, "f1-score": 0.8500000000000001, "support": 21}, "siren": {"precision": 0.8, "recall": 1.0, "f1-score": 0.888888888888889, "support": 16}, "accuracy": 0.8095238095238095, "macro avg": {"precision": 0.8141781527443959, "recall": 0.8321333838575218, "f1-score": 0.8197040734018955, "support": 105}, "weighted avg": {"precision": 0.8120490415227256, "recall": 0.8095238095238095, "f1-score": 0.808457254246728, "support": 105}, "classificador": "Perceptron"}