{"casual": {"precision": 0.625, "recall": 0.6896551724137931, "f1-score": 0.6557377049180328, "support": 29}, "explosion": {"precision": 0.8648648648648649, "recall": 0.8205128205128205, "f1-score": 0.8421052631578947, "support": 39}, "gunshot": {"precision": 0.8823529411764706, "recall": 0.7142857142857143, "f1-score": 0.7894736842105262, "support": 21}, "siren": {"precision": 0.8421052631578947, "recall": 1.0, "f1-score": 0.9142857142857143, "support": 16}, "accuracy": 0.7904761904761904, "macro avg": {"precision": 0.8035807672998075, "recall": 0.806113426803082, "f1-score": 0.800400591643042, "support": 105}, "weighted avg": {"precision": 0.7986459590948755, "recall": 0.7904761904761904, "f1-score": 0.7911049285978413, "support": 105}, "classificador": "SGDClassifier"}