{"casual": {"precision": 0.5526315789473685, "recall": 0.7241379310344828, "f1-score": 0.6268656716417911, "support": 29}, "explosion": {"precision": 0.8108108108108109, "recall": 0.7692307692307693, "f1-score": 0.7894736842105263, "support": 39}, "gunshot": {"precision": 1.0, "recall": 0.5714285714285714, "f1-score": 0.7272727272727273, "support": 21}, "siren": {"precision": 0.8333333333333334, "recall": 0.9375, "f1-score": 0.8823529411764706, "support": 16}, "accuracy": 0.7428571428571429, "macro avg": {"precision": 0.7991939307728783, "recall": 0.7505743179234559, "f1-score": 0.7564912560753788, "support": 105}, "weighted avg": {"precision": 0.7807740070897966, "recall": 0.7428571428571429, "f1-score": 0.7462757380321263, "support": 105}, "classificador": "Perceptron"}