{"casual": {"precision": 0.696969696969697, "recall": 0.7931034482758621, "f1-score": 0.7419354838709677, "support": 29}, "explosion": {"precision": 0.9166666666666666, "recall": 0.8461538461538461, "f1-score": 0.8799999999999999, "support": 39}, "gunshot": {"precision": 0.9411764705882353, "recall": 0.7619047619047619, "f1-score": 0.8421052631578947, "support": 21}, "siren": {"precision": 0.8421052631578947, "recall": 1.0, "f1-score": 0.9142857142857143, "support": 16}, "accuracy": 0.8380952380952381, "macro avg": {"precision": 0.8492295243456234, "recall": 0.8502905140836176, "f1-score": 0.8445816153286442, "support": 105}, "weighted avg": {"precision": 0.8495286790952427, "recall": 0.8380952380952381, "f1-score": 0.8395134379728122, "support": 105}, "classificador": "KNeighborsClassifier"}