{"casual": {"precision": 0.5483870967741935, "recall": 0.5862068965517241, "f1-score": 0.5666666666666665, "support": 29}, "explosion": {"precision": 0.8, "recall": 0.8205128205128205, "f1-score": 0.810126582278481, "support": 39}, "gunshot": {"precision": 0.9285714285714286, "recall": 0.6190476190476191, "f1-score": 0.742857142857143, "support": 21}, "siren": {"precision": 0.65, "recall": 0.8125, "f1-score": 0.7222222222222223, "support": 16}, "accuracy": 0.7142857142857143, "macro avg": {"precision": 0.7317396313364055, "recall": 0.7095668340280409, "f1-score": 0.7104681535061282, "support": 105}, "weighted avg": {"precision": 0.7333640552995393, "recall": 0.7142857142857143, "f1-score": 0.7160364342642823, "support": 105}, "classificador": "Perceptron"}