{"casual": {"precision": 0.5945945945945946, "recall": 0.7586206896551724, "f1-score": 0.6666666666666667, "support": 29}, "explosion": {"precision": 0.8709677419354839, "recall": 0.6923076923076923, "f1-score": 0.7714285714285716, "support": 39}, "gunshot": {"precision": 0.9444444444444444, "recall": 0.8095238095238095, "f1-score": 0.8717948717948718, "support": 21}, "siren": {"precision": 0.7894736842105263, "recall": 0.9375, "f1-score": 0.8571428571428572, "support": 16}, "accuracy": 0.7714285714285715, "macro avg": {"precision": 0.7998701162962623, "recall": 0.7994880478716686, "f1-score": 0.7917582417582418, "support": 105}, "weighted avg": {"precision": 0.7969133091374178, "recall": 0.7714285714285715, "f1-score": 0.7756288156288157, "support": 105}, "classificador": "Perceptron"}