{"casual": {"precision": 0.6578947368421053, "recall": 0.8620689655172413, "f1-score": 0.746268656716418, "support": 29}, "explosion": {"precision": 0.9375, "recall": 0.7692307692307693, "f1-score": 0.8450704225352113, "support": 39}, "gunshot": {"precision": 0.9444444444444444, "recall": 0.8095238095238095, "f1-score": 0.8717948717948718, "support": 21}, "siren": {"precision": 0.8823529411764706, "recall": 0.9375, "f1-score": 0.9090909090909091, "support": 16}, "accuracy": 0.8285714285714286, "macro avg": {"precision": 0.8555480306157551, "recall": 0.8445808860679551, "f1-score": 0.8430562150343526, "support": 105}, "weighted avg": {"precision": 0.8532612167674087, "recall": 0.8285714285714286, "f1-score": 0.8328827083504401, "support": 105}, "classificador": "SGDClassifier"}