{"casual": {"precision": 0.6, "recall": 0.7241379310344828, "f1-score": 0.65625, "support": 29}, "explosion": {"precision": 0.8620689655172413, "recall": 0.6410256410256411, "f1-score": 0.7352941176470588, "support": 39}, "gunshot": {"precision": 0.8095238095238095, "recall": 0.8095238095238095, "f1-score": 0.8095238095238095, "support": 21}, "siren": {"precision": 0.75, "recall": 0.9375, "f1-score": 0.8333333333333334, "support": 16}, "accuracy": 0.7428571428571429, "macro avg": {"precision": 0.7553981937602627, "recall": 0.7780468453959833, "f1-score": 0.7586003151260504, "support": 105}, "weighted avg": {"precision": 0.7621018062397373, "recall": 0.7428571428571429, "f1-score": 0.7432481325863678, "support": 105}, "classificador": "Perceptron"}