{"casual": {"precision": 0.6388888888888888, "recall": 0.7931034482758621, "f1-score": 0.7076923076923076, "support": 29}, "explosion": {"precision": 0.90625, "recall": 0.7435897435897436, "f1-score": 0.8169014084507042, "support": 39}, "gunshot": {"precision": 0.9444444444444444, "recall": 0.8095238095238095, "f1-score": 0.8717948717948718, "support": 21}, "siren": {"precision": 0.7894736842105263, "recall": 0.9375, "f1-score": 0.8571428571428572, "support": 16}, "accuracy": 0.8, "macro avg": {"precision": 0.8197642543859649, "recall": 0.8209292503473538, "f1-score": 0.8133828612701852, "support": 105}, "weighted avg": {"precision": 0.8222518100807574, "recall": 0.8, "f1-score": 0.8038496178536421, "support": 105}, "classificador": "Perceptron"}