{"casual": {"precision": 0.6341463414634146, "recall": 0.896551724137931, "f1-score": 0.7428571428571429, "support": 29}, "explosion": {"precision": 0.9333333333333333, "recall": 0.717948717948718, "f1-score": 0.8115942028985509, "support": 39}, "gunshot": {"precision": 0.9444444444444444, "recall": 0.8095238095238095, "f1-score": 0.8717948717948718, "support": 21}, "siren": {"precision": 0.9375, "recall": 0.9375, "f1-score": 0.9375, "support": 16}, "accuracy": 0.819047619047619, "macro avg": {"precision": 0.8623560298102981, "recall": 0.8403810629026147, "f1-score": 0.8409365543876414, "support": 105}, "weighted avg": {"precision": 0.8535578784359272, "recall": 0.819047619047619, "f1-score": 0.823835460605647, "support": 105}, "classificador": "SGDClassifier"}