{"casual": {"precision": 0.3548387096774194, "recall": 0.7586206896551724, "f1-score": 0.4835164835164835, "support": 29}, "explosion": {"precision": 0.6666666666666666, "recall": 0.46153846153846156, "f1-score": 0.5454545454545455, "support": 39}, "gunshot": {"precision": 0.0, "recall": 0.0, "f1-score": 0.0, "support": 21}, "siren": {"precision": 0.8, "recall": 0.75, "f1-score": 0.7741935483870969, "support": 16}, "accuracy": 0.49523809523809526, "macro avg": {"precision": 0.4553763440860215, "recall": 0.49253978779840846, "f1-score": 0.4507911443395315, "support": 105}, "weighted avg": {"precision": 0.4675268817204301, "recall": 0.49523809523809526, "f1-score": 0.45411240065617947, "support": 105}, "classificador": "SGDClassifier"}