{"casual": {"precision": 0.575, "recall": 0.7931034482758621, "f1-score": 0.6666666666666666, "support": 29}, "explosion": {"precision": 0.7916666666666666, "recall": 0.48717948717948717, "f1-score": 0.6031746031746031, "support": 39}, "gunshot": {"precision": 0.45161290322580644, "recall": 0.6666666666666666, "f1-score": 0.5384615384615384, "support": 21}, "siren": {"precision": 0.9, "recall": 0.5625, "f1-score": 0.6923076923076923, "support": 16}, "accuracy": 0.6190476190476191, "macro avg": {"precision": 0.6795698924731183, "recall": 0.627362400530504, "f1-score": 0.6251526251526252, "support": 105}, "weighted avg": {"precision": 0.6803225806451613, "recall": 0.6190476190476191, "f1-score": 0.6213500784929356, "support": 105}, "classificador": "KNeighborsClassifier"}