{"casual": {"precision": 0.4375, "recall": 0.7241379310344828, "f1-score": 0.5454545454545455, "support": 29}, "explosion": {"precision": 0.8235294117647058, "recall": 0.717948717948718, "f1-score": 0.767123287671233, "support": 39}, "gunshot": {"precision": 0.75, "recall": 0.14285714285714285, "f1-score": 0.24, "support": 21}, "siren": {"precision": 0.7894736842105263, "recall": 0.9375, "f1-score": 0.8571428571428572, "support": 16}, "accuracy": 0.638095238095238, "macro avg": {"precision": 0.700125773993808, "recall": 0.6306109479600859, "f1-score": 0.6024301725671589, "support": 105}, "weighted avg": {"precision": 0.697016438154209, "recall": 0.638095238095238, "f1-score": 0.6141931023966248, "support": 105}, "classificador": "SVC"}