{"casual": {"precision": 0.6, "recall": 0.8275862068965517, "f1-score": 0.6956521739130435, "support": 29}, "explosion": {"precision": 0.8260869565217391, "recall": 0.48717948717948717, "f1-score": 0.6129032258064516, "support": 39}, "gunshot": {"precision": 0.4, "recall": 0.5714285714285714, "f1-score": 0.47058823529411764, "support": 21}, "siren": {"precision": 1.0, "recall": 0.75, "f1-score": 0.8571428571428571, "support": 16}, "accuracy": 0.638095238095238, "macro avg": {"precision": 0.7065217391304348, "recall": 0.6590485663761525, "f1-score": 0.6590716230391175, "support": 105}, "weighted avg": {"precision": 0.7049275362318841, "recall": 0.638095238095238, "f1-score": 0.6445121667180196, "support": 105}, "classificador": "KNeighborsClassifier"}