{"casual": {"precision": 0.5789473684210527, "recall": 0.7586206896551724, "f1-score": 0.6567164179104478, "support": 29}, "explosion": {"precision": 0.8260869565217391, "recall": 0.48717948717948717, "f1-score": 0.6129032258064516, "support": 39}, "gunshot": {"precision": 0.4, "recall": 0.5714285714285714, "f1-score": 0.47058823529411764, "support": 21}, "siren": {"precision": 0.9285714285714286, "recall": 0.8125, "f1-score": 0.8666666666666666, "support": 16}, "accuracy": 0.6285714285714286, "macro avg": {"precision": 0.6834014383785552, "recall": 0.6574321870658077, "f1-score": 0.651718636419421, "support": 105}, "weighted avg": {"precision": 0.6882286461495354, "recall": 0.6285714285714286, "f1-score": 0.6352097288923594, "support": 105}, "classificador": "KNeighborsClassifier"}