{"casual": {"precision": 0.42857142857142855, "recall": 0.5172413793103449, "f1-score": 0.46875000000000006, "support": 29}, "explosion": {"precision": 0.6363636363636364, "recall": 0.717948717948718, "f1-score": 0.674698795180723, "support": 39}, "gunshot": {"precision": 1.0, "recall": 0.3333333333333333, "f1-score": 0.5, "support": 21}, "siren": {"precision": 0.7894736842105263, "recall": 0.9375, "f1-score": 0.8571428571428572, "support": 16}, "accuracy": 0.6190476190476191, "macro avg": {"precision": 0.7136021872863978, "recall": 0.6265058576480991, "f1-score": 0.625147913080895, "support": 105}, "weighted avg": {"precision": 0.6750317351821111, "recall": 0.6190476190476191, "f1-score": 0.6106789402507992, "support": 105}, "classificador": "Perceptron"}