{"casual": {"precision": 0.5135135135135135, "recall": 0.6551724137931034, "f1-score": 0.5757575757575758, "support": 29}, "explosion": {"precision": 0.7142857142857143, "recall": 0.5128205128205128, "f1-score": 0.5970149253731343, "support": 39}, "gunshot": {"precision": 0.5454545454545454, "recall": 0.5714285714285714, "f1-score": 0.5581395348837208, "support": 21}, "siren": {"precision": 0.7777777777777778, "recall": 0.875, "f1-score": 0.823529411764706, "support": 16}, "accuracy": 0.6190476190476191, "macro avg": {"precision": 0.6377578877578878, "recall": 0.6536053745105469, "f1-score": 0.6386103619447842, "support": 105}, "weighted avg": {"precision": 0.634743091885949, "recall": 0.6190476190476191, "f1-score": 0.617885262926813, "support": 105}, "classificador": "LinearSVC"}