{"casual": {"precision": 0.7222222222222222, "recall": 0.896551724137931, "f1-score": 0.7999999999999999, "support": 29}, "explosion": {"precision": 0.9736842105263158, "recall": 0.9487179487179487, "f1-score": 0.9610389610389611, "support": 39}, "gunshot": {"precision": 1.0, "recall": 0.6666666666666666, "f1-score": 0.8, "support": 21}, "siren": {"precision": 0.8823529411764706, "recall": 0.9375, "f1-score": 0.9090909090909091, "support": 16}, "accuracy": 0.8761904761904762, "macro avg": {"precision": 0.8945648434812522, "recall": 0.8623590848806366, "f1-score": 0.8675324675324676, "support": 105}, "weighted avg": {"precision": 0.8955788163218504, "recall": 0.8761904761904762, "f1-score": 0.8764378478664193, "support": 105}, "classificador": "BaggingClassifier"}