{"casual": {"precision": 0.6153846153846154, "recall": 0.8275862068965517, "f1-score": 0.7058823529411765, "support": 29}, "explosion": {"precision": 0.9393939393939394, "recall": 0.7948717948717948, "f1-score": 0.8611111111111112, "support": 39}, "gunshot": {"precision": 1.0, "recall": 0.6666666666666666, "f1-score": 0.8, "support": 21}, "siren": {"precision": 0.8421052631578947, "recall": 1.0, "f1-score": 0.9142857142857143, "support": 16}, "accuracy": 0.8095238095238095, "macro avg": {"precision": 0.8492209544841124, "recall": 0.8222811671087533, "f1-score": 0.8203197945845006, "support": 105}, "weighted avg": {"precision": 0.8472019208861316, "recall": 0.8095238095238095, "f1-score": 0.8141189809257037, "support": 105}, "classificador": "SGDClassifier"}