{"casual": {"precision": 0.5161290322580645, "recall": 0.5517241379310345, "f1-score": 0.5333333333333333, "support": 29}, "explosion": {"precision": 0.7837837837837838, "recall": 0.7435897435897436, "f1-score": 0.7631578947368421, "support": 39}, "gunshot": {"precision": 0.9285714285714286, "recall": 0.6190476190476191, "f1-score": 0.742857142857143, "support": 21}, "siren": {"precision": 0.6956521739130435, "recall": 1.0, "f1-score": 0.8205128205128205, "support": 16}, "accuracy": 0.7047619047619048, "macro avg": {"precision": 0.7310341046315801, "recall": 0.7285903751420992, "f1-score": 0.7149652978600347, "support": 105}, "weighted avg": {"precision": 0.7253880408158109, "recall": 0.7047619047619048, "f1-score": 0.7043621875200823, "support": 105}, "classificador": "Perceptron"}