{"casual": {"precision": 0.6428571428571429, "recall": 0.6206896551724138, "f1-score": 0.6315789473684211, "support": 29}, "explosion": {"precision": 0.84375, "recall": 0.6923076923076923, "f1-score": 0.7605633802816902, "support": 39}, "gunshot": {"precision": 0.64, "recall": 0.7619047619047619, "f1-score": 0.6956521739130435, "support": 21}, "siren": {"precision": 0.75, "recall": 0.9375, "f1-score": 0.8333333333333334, "support": 16}, "accuracy": 0.7238095238095238, "macro avg": {"precision": 0.7191517857142857, "recall": 0.753100527346217, "f1-score": 0.730281958724122, "support": 105}, "weighted avg": {"precision": 0.7332295918367348, "recall": 0.7238095238095238, "f1-score": 0.7230456218112131, "support": 105}, "classificador": "SGDClassifier"}