{"casual": {"precision": 0.5517241379310345, "recall": 0.5517241379310345, "f1-score": 0.5517241379310345, "support": 29}, "explosion": {"precision": 0.7941176470588235, "recall": 0.6923076923076923, "f1-score": 0.7397260273972601, "support": 39}, "gunshot": {"precision": 0.7619047619047619, "recall": 0.7619047619047619, "f1-score": 0.7619047619047619, "support": 21}, "siren": {"precision": 0.7142857142857143, "recall": 0.9375, "f1-score": 0.8108108108108109, "support": 16}, "accuracy": 0.7047619047619048, "macro avg": {"precision": 0.7055080652950836, "recall": 0.7358591480358722, "f1-score": 0.7160414345109668, "support": 105}, "weighted avg": {"precision": 0.708563425370148, "recall": 0.7047619047619048, "f1-score": 0.7030694099187248, "support": 105}, "classificador": "SGDClassifier"}