{"casual": {"precision": 0.4791666666666667, "recall": 0.7931034482758621, "f1-score": 0.5974025974025974, "support": 29}, "explosion": {"precision": 0.8181818181818182, "recall": 0.46153846153846156, "f1-score": 0.5901639344262295, "support": 39}, "gunshot": {"precision": 0.7692307692307693, "recall": 0.47619047619047616, "f1-score": 0.588235294117647, "support": 21}, "siren": {"precision": 0.6818181818181818, "recall": 0.9375, "f1-score": 0.7894736842105263, "support": 16}, "accuracy": 0.6285714285714286, "macro avg": {"precision": 0.6870993589743589, "recall": 0.6670830965012, "f1-score": 0.64131887753925, "support": 105}, "weighted avg": {"precision": 0.6939796314796315, "recall": 0.6285714285714286, "f1-score": 0.6221484656298789, "support": 105}, "classificador": "Perceptron"}