{"casual": {"precision": 0.7142857142857143, "recall": 0.8620689655172413, "f1-score": 0.7812500000000001, "support": 29}, "explosion": {"precision": 0.9428571428571428, "recall": 0.8461538461538461, "f1-score": 0.8918918918918919, "support": 39}, "gunshot": {"precision": 0.8333333333333334, "recall": 0.7142857142857143, "f1-score": 0.7692307692307692, "support": 21}, "siren": {"precision": 0.8823529411764706, "recall": 0.9375, "f1-score": 0.9090909090909091, "support": 16}, "accuracy": 0.8380952380952381, "macro avg": {"precision": 0.8432072829131653, "recall": 0.8400021314892004, "f1-score": 0.8378658925533926, "support": 105}, "weighted avg": {"precision": 0.8486034413765507, "recall": 0.8380952380952381, "f1-score": 0.8394222331722332, "support": 105}, "classificador": "KNeighborsClassifier"}