{"casual": {"precision": 0.47058823529411764, "recall": 0.8275862068965517, "f1-score": 0.6, "support": 29}, "explosion": {"precision": 0.8947368421052632, "recall": 0.4358974358974359, "f1-score": 0.5862068965517242, "support": 39}, "gunshot": {"precision": 0.8571428571428571, "recall": 0.5714285714285714, "f1-score": 0.6857142857142857, "support": 21}, "siren": {"precision": 0.5714285714285714, "recall": 0.75, "f1-score": 0.6486486486486486, "support": 16}, "accuracy": 0.6190476190476191, "macro avg": {"precision": 0.6984741264927024, "recall": 0.6462280535556397, "f1-score": 0.6301424577286646, "support": 105}, "weighted avg": {"precision": 0.7208062172237316, "recall": 0.6190476190476191, "f1-score": 0.619432831846625, "support": 105}, "classificador": "Perceptron"}