{"casual": {"precision": 0.8, "recall": 0.8275862068965517, "f1-score": 0.8135593220338982, "support": 29}, "explosion": {"precision": 0.9473684210526315, "recall": 0.9230769230769231, "f1-score": 0.935064935064935, "support": 39}, "gunshot": {"precision": 0.9444444444444444, "recall": 0.8095238095238095, "f1-score": 0.8717948717948718, "support": 21}, "siren": {"precision": 0.7894736842105263, "recall": 0.9375, "f1-score": 0.8571428571428572, "support": 16}, "accuracy": 0.8761904761904762, "macro avg": {"precision": 0.8703216374269007, "recall": 0.8744217348743211, "f1-score": 0.8693904965091406, "support": 105}, "weighted avg": {"precision": 0.8820217209690894, "recall": 0.8761904761904762, "f1-score": 0.8769783888427956, "support": 105}, "classificador": "KNeighborsClassifier"}