{"casual": {"precision": 0.6052631578947368, "recall": 0.7931034482758621, "f1-score": 0.6865671641791046, "support": 29}, "explosion": {"precision": 0.9230769230769231, "recall": 0.9230769230769231, "f1-score": 0.9230769230769231, "support": 39}, "gunshot": {"precision": 1.0, "recall": 0.47619047619047616, "f1-score": 0.6451612903225806, "support": 21}, "siren": {"precision": 0.8333333333333334, "recall": 0.9375, "f1-score": 0.8823529411764706, "support": 16}, "accuracy": 0.8, "macro avg": {"precision": 0.8404183535762484, "recall": 0.7824677118858153, "f1-score": 0.7842895796887697, "support": 105}, "weighted avg": {"precision": 0.8370091896407685, "recall": 0.8, "f1-score": 0.7959664944456357, "support": 105}, "classificador": "BaggingClassifier"}