{"casual": {"precision": 0.6571428571428571, "recall": 0.7931034482758621, "f1-score": 0.71875, "support": 29}, "explosion": {"precision": 0.918918918918919, "recall": 0.8717948717948718, "f1-score": 0.8947368421052632, "support": 39}, "gunshot": {"precision": 0.9411764705882353, "recall": 0.7619047619047619, "f1-score": 0.8421052631578947, "support": 21}, "siren": {"precision": 0.875, "recall": 0.875, "f1-score": 0.875, "support": 16}, "accuracy": 0.8285714285714286, "macro avg": {"precision": 0.8480595616625028, "recall": 0.8254507704938739, "f1-score": 0.8326480263157895, "support": 105}, "weighted avg": {"precision": 0.8443779674031776, "recall": 0.8285714285714286, "f1-score": 0.8325971177944861, "support": 105}, "classificador": "KNeighborsClassifier"}