{"casual": {"precision": 0.6153846153846154, "recall": 0.8275862068965517, "f1-score": 0.7058823529411765, "support": 29}, "explosion": {"precision": 0.9411764705882353, "recall": 0.8205128205128205, "f1-score": 0.8767123287671232, "support": 39}, "gunshot": {"precision": 1.0, "recall": 0.6666666666666666, "f1-score": 0.8, "support": 21}, "siren": {"precision": 0.8333333333333334, "recall": 0.9375, "f1-score": 0.8823529411764706, "support": 16}, "accuracy": 0.8095238095238095, "macro avg": {"precision": 0.847473604826546, "recall": 0.8130664235190097, "f1-score": 0.8162369057211926, "support": 105}, "weighted avg": {"precision": 0.84652732888027, "recall": 0.8095238095238095, "f1-score": 0.8150477725336709, "support": 105}, "classificador": "SGDClassifier"}