{"casual": {"precision": 0.45, "recall": 0.6206896551724138, "f1-score": 0.5217391304347826, "support": 29}, "explosion": {"precision": 0.9130434782608695, "recall": 0.5384615384615384, "f1-score": 0.6774193548387096, "support": 39}, "gunshot": {"precision": 0.7894736842105263, "recall": 0.7142857142857143, "f1-score": 0.7500000000000001, "support": 21}, "siren": {"precision": 0.6956521739130435, "recall": 1.0, "f1-score": 0.8205128205128205, "support": 16}, "accuracy": 0.6666666666666666, "macro avg": {"precision": 0.7120423340961098, "recall": 0.7183592269799166, "f1-score": 0.6924178264465781, "support": 105}, "weighted avg": {"precision": 0.7273150266971778, "recall": 0.6666666666666666, "f1-score": 0.670742807138319, "support": 105}, "classificador": "Perceptron"}