{"casual": {"precision": 0.55, "recall": 0.7586206896551724, "f1-score": 0.6376811594202898, "support": 29}, "explosion": {"precision": 0.8055555555555556, "recall": 0.7435897435897436, "f1-score": 0.7733333333333334, "support": 39}, "gunshot": {"precision": 0.9166666666666666, "recall": 0.5238095238095238, "f1-score": 0.6666666666666667, "support": 21}, "siren": {"precision": 0.8823529411764706, "recall": 0.9375, "f1-score": 0.9090909090909091, "support": 16}, "accuracy": 0.7333333333333333, "macro avg": {"precision": 0.7886437908496732, "recall": 0.74087998926361, "f1-score": 0.7466930171277998, "support": 105}, "weighted avg": {"precision": 0.7688982259570496, "recall": 0.7333333333333333, "f1-score": 0.7352210301775519, "support": 105}, "classificador": "LinearSVC"}