{"casual": {"precision": 0.5428571428571428, "recall": 0.6551724137931034, "f1-score": 0.5937499999999999, "support": 29}, "explosion": {"precision": 0.8157894736842105, "recall": 0.7948717948717948, "f1-score": 0.8051948051948051, "support": 39}, "gunshot": {"precision": 0.8666666666666667, "recall": 0.6190476190476191, "f1-score": 0.7222222222222222, "support": 21}, "siren": {"precision": 0.8823529411764706, "recall": 0.9375, "f1-score": 0.9090909090909091, "support": 16}, "accuracy": 0.7428571428571429, "macro avg": {"precision": 0.7769165560961226, "recall": 0.7516479569281294, "f1-score": 0.7575644841269841, "support": 105}, "weighted avg": {"precision": 0.7607266064320465, "recall": 0.7428571428571429, "f1-score": 0.7460330344258914, "support": 105}, "classificador": "LinearSVC"}