{"classificador": "Perceptron", "accuracy": 0.6190476190476191, "explosion": {"recall": 0.6153846153846154, "f1-score": 0.6153846153846154, "precision": 0.6153846153846154, "support": 39}, "siren": {"recall": 1.0, "f1-score": 0.8648648648648648, "precision": 0.7619047619047619, "support": 16}, "weighted avg": {"recall": 0.6190476190476191, "f1-score": 0.5968994204288323, "precision": 0.6529740101168673, "support": 105}, "gunshot": {"recall": 0.23809523809523808, "f1-score": 0.37037037037037035, "precision": 0.8333333333333334, "support": 21}, "macro avg": {"recall": 0.6357837564734117, "f1-score": 0.6097137861843744, "precision": 0.6808608058608059, "support": 105}, "casual": {"recall": 0.6896551724137931, "f1-score": 0.5882352941176471, "precision": 0.5128205128205128, "support": 29}}