{"classificador": "BaggingClassifier", "accuracy": 0.780952380952381, "explosion": {"recall": 0.7948717948717948, "f1-score": 0.8266666666666667, "precision": 0.8611111111111112, "support": 39}, "siren": {"recall": 0.8125, "f1-score": 0.8387096774193549, "precision": 0.8666666666666667, "support": 16}, "weighted avg": {"recall": 0.780952380952381, "f1-score": 0.7866364726374356, "precision": 0.8065726817042608, "support": 105}, "gunshot": {"recall": 0.7142857142857143, "f1-score": 0.8108108108108109, "precision": 0.9375, "support": 21}, "macro avg": {"recall": 0.7786902393583428, "f1-score": 0.7906885797689843, "precision": 0.8176352339181286, "support": 105}, "casual": {"recall": 0.7931034482758621, "f1-score": 0.6865671641791046, "precision": 0.6052631578947368, "support": 29}}