{"classificador": "SGDClassifier", "accuracy": 0.7619047619047619, "explosion": {"recall": 0.8461538461538461, "f1-score": 0.8461538461538461, "precision": 0.8461538461538461, "support": 39}, "siren": {"recall": 0.6875, "f1-score": 0.6875, "precision": 0.6875, "support": 16}, "weighted avg": {"recall": 0.7619047619047619, "f1-score": 0.7669642857142858, "precision": 0.7847619047619048, "support": 105}, "gunshot": {"recall": 0.7142857142857143, "f1-score": 0.8333333333333333, "precision": 1.0, "support": 21}, "macro avg": {"recall": 0.7430193728685108, "f1-score": 0.7558092948717949, "precision": 0.7834134615384616, "support": 105}, "casual": {"recall": 0.7241379310344828, "f1-score": 0.65625, "precision": 0.6, "support": 29}}