{"classificador": "LinearSVC", "accuracy": 0.6857142857142857, "explosion": {"recall": 0.7948717948717948, "f1-score": 0.738095238095238, "precision": 0.6888888888888889, "support": 39}, "siren": {"recall": 0.9375, "f1-score": 0.8823529411764706, "precision": 0.8333333333333334, "support": 16}, "weighted avg": {"recall": 0.6857142857142857, "f1-score": 0.661282012805122, "precision": 0.6914285714285714, "support": 105}, "gunshot": {"recall": 0.23809523809523808, "f1-score": 0.35714285714285715, "precision": 0.7142857142857143, "support": 21}, "macro avg": {"recall": 0.673651241000379, "f1-score": 0.6584602591036415, "precision": 0.7091269841269842, "support": 105}, "casual": {"recall": 0.7241379310344828, "f1-score": 0.65625, "precision": 0.6, "support": 29}}