{"classificador": "KNeighborsClassifier", "accuracy": 0.8857142857142857, "explosion": {"recall": 0.9743589743589743, "f1-score": 0.9500000000000001, "precision": 0.926829268292683, "support": 39}, "siren": {"recall": 0.875, "f1-score": 0.9032258064516129, "precision": 0.9333333333333333, "support": 16}, "weighted avg": {"recall": 0.8857142857142857, "f1-score": 0.8861987794245859, "precision": 0.8957083025375709, "support": 105}, "gunshot": {"recall": 0.7619047619047619, "f1-score": 0.8648648648648648, "precision": 1.0, "support": 21}, "macro avg": {"recall": 0.8683331754452444, "f1-score": 0.8811355710549259, "precision": 0.9044345898004436, "support": 105}, "casual": {"recall": 0.8620689655172413, "f1-score": 0.8064516129032258, "precision": 0.7575757575757576, "support": 29}}