{"classificador": "SGDClassifier", "accuracy": 0.8380952380952381, "explosion": {"recall": 0.8717948717948718, "f1-score": 0.9189189189189189, "precision": 0.9714285714285714, "support": 39}, "siren": {"recall": 0.875, "f1-score": 0.8484848484848485, "precision": 0.8235294117647058, "support": 16}, "weighted avg": {"recall": 0.8380952380952381, "f1-score": 0.8433846329368717, "precision": 0.8680107832606727, "support": 105}, "gunshot": {"recall": 0.7142857142857143, "f1-score": 0.8333333333333333, "precision": 1.0, "support": 21}, "macro avg": {"recall": 0.8307873878994568, "f1-score": 0.8367514393633797, "precision": 0.8632131800088456, "support": 105}, "casual": {"recall": 0.8620689655172413, "f1-score": 0.746268656716418, "precision": 0.6578947368421053, "support": 29}}