{"classificador": "LinearSVC", "accuracy": 0.7047619047619048, "explosion": {"recall": 0.7948717948717948, "f1-score": 0.7749999999999999, "precision": 0.7560975609756098, "support": 39}, "siren": {"recall": 0.9375, "f1-score": 0.8333333333333334, "precision": 0.75, "support": 16}, "weighted avg": {"recall": 0.7047619047619048, "f1-score": 0.685108978914949, "precision": 0.7550217005929458, "support": 105}, "gunshot": {"recall": 0.2857142857142857, "f1-score": 0.4444444444444445, "precision": 1.0, "support": 21}, "macro avg": {"recall": 0.6941766925603132, "f1-score": 0.6773735489220564, "precision": 0.7712612323491657, "support": 105}, "casual": {"recall": 0.7586206896551724, "f1-score": 0.6567164179104478, "precision": 0.5789473684210527, "support": 29}}