{"classificador": "Perceptron", "accuracy": 0.819047619047619, "explosion": {"recall": 0.8205128205128205, "f1-score": 0.8648648648648648, "precision": 0.9142857142857143, "support": 39}, "siren": {"recall": 0.9375, "f1-score": 0.8823529411764706, "precision": 0.8333333333333334, "support": 16}, "weighted avg": {"recall": 0.819047619047619, "f1-score": 0.8218015984126606, "precision": 0.8482802243704499, "support": 105}, "gunshot": {"recall": 0.6666666666666666, "f1-score": 0.8, "precision": 1.0, "support": 21}, "macro avg": {"recall": 0.8216871131741821, "f1-score": 0.8233716156894383, "precision": 0.8513784461152882, "support": 105}, "casual": {"recall": 0.8620689655172413, "f1-score": 0.746268656716418, "precision": 0.6578947368421053, "support": 29}}