{"classificador": "KNeighborsClassifier", "accuracy": 0.8571428571428571, "explosion": {"recall": 0.9230769230769231, "f1-score": 0.9113924050632911, "precision": 0.9, "support": 39}, "siren": {"recall": 0.8125, "f1-score": 0.8666666666666666, "precision": 0.9285714285714286, "support": 16}, "weighted avg": {"recall": 0.8571428571428571, "f1-score": 0.8587645302386011, "precision": 0.8655370026798598, "support": 105}, "gunshot": {"recall": 0.8095238095238095, "f1-score": 0.8717948717948718, "precision": 0.9444444444444444, "support": 21}, "macro avg": {"recall": 0.8431717348743211, "f1-score": 0.8560118729779816, "precision": 0.8750721500721501, "support": 105}, "casual": {"recall": 0.8275862068965517, "f1-score": 0.7741935483870968, "precision": 0.7272727272727273, "support": 29}}