{"classificador": "BaggingClassifier", "accuracy": 0.8380952380952381, "explosion": {"recall": 0.8717948717948718, "f1-score": 0.9189189189189189, "precision": 0.9714285714285714, "support": 39}, "siren": {"recall": 0.8125, "f1-score": 0.8125, "precision": 0.8125, "support": 16}, "weighted avg": {"recall": 0.8380952380952381, "f1-score": 0.8442075337597725, "precision": 0.8663301109917652, "support": 105}, "gunshot": {"recall": 0.7619047619047619, "f1-score": 0.8648648648648648, "precision": 1.0, "support": 21}, "macro avg": {"recall": 0.8270671498042188, "f1-score": 0.8356381101250504, "precision": 0.8604558270676692, "support": 105}, "casual": {"recall": 0.8620689655172413, "f1-score": 0.746268656716418, "precision": 0.6578947368421053, "support": 29}}