{"classificador": "SGDClassifier", "accuracy": 0.7904761904761904, "explosion": {"recall": 0.7692307692307693, "f1-score": 0.8333333333333333, "precision": 0.9090909090909091, "support": 39}, "siren": {"recall": 1.0, "f1-score": 0.9411764705882353, "precision": 0.8888888888888888, "support": 16}, "weighted avg": {"recall": 0.7904761904761904, "f1-score": 0.7928960572705395, "precision": 0.8375111660825946, "support": 105}, "gunshot": {"recall": 0.5714285714285714, "f1-score": 0.7272727272727273, "precision": 1.0, "support": 21}, "macro avg": {"recall": 0.8006820765441456, "f1-score": 0.801501970826743, "precision": 0.8483044733044732, "support": 105}, "casual": {"recall": 0.8620689655172413, "f1-score": 0.7042253521126761, "precision": 0.5952380952380952, "support": 29}}