{"classificador": "SGDClassifier", "accuracy": 0.8285714285714286, "explosion": {"recall": 0.8461538461538461, "f1-score": 0.8918918918918919, "precision": 0.9428571428571428, "support": 39}, "siren": {"recall": 0.875, "f1-score": 0.8484848484848485, "precision": 0.8235294117647058, "support": 16}, "weighted avg": {"recall": 0.8285714285714286, "f1-score": 0.8333460228982618, "precision": 0.8573985383627135, "support": 105}, "gunshot": {"recall": 0.7142857142857143, "f1-score": 0.8333333333333333, "precision": 1.0, "support": 21}, "macro avg": {"recall": 0.8243771314892004, "f1-score": 0.8299946826066229, "precision": 0.8560703228659885, "support": 105}, "casual": {"recall": 0.8620689655172413, "f1-score": 0.746268656716418, "precision": 0.6578947368421053, "support": 29}}