{"classificador": "SGDClassifier", "accuracy": 0.8095238095238095, "explosion": {"recall": 0.7948717948717948, "f1-score": 0.8611111111111112, "precision": 0.9393939393939394, "support": 39}, "siren": {"recall": 0.9375, "f1-score": 0.9090909090909091, "precision": 0.8823529411764706, "support": 16}, "weighted avg": {"recall": 0.8095238095238095, "f1-score": 0.8135909335992186, "precision": 0.8543465871196965, "support": 105}, "gunshot": {"recall": 0.6190476190476191, "f1-score": 0.7647058823529412, "precision": 1.0, "support": 21}, "macro avg": {"recall": 0.8119927845143362, "f1-score": 0.8168255671880361, "precision": 0.8601986249045073, "support": 105}, "casual": {"recall": 0.896551724137931, "f1-score": 0.732394366197183, "precision": 0.6190476190476191, "support": 29}}