{"classificador": "SGDClassifier", "accuracy": 0.8, "explosion": {"recall": 0.8461538461538461, "f1-score": 0.8799999999999999, "precision": 0.9166666666666666, "support": 39}, "siren": {"recall": 0.875, "f1-score": 0.875, "precision": 0.875, "support": 16}, "weighted avg": {"recall": 0.8, "f1-score": 0.8052641578370479, "precision": 0.8395238095238096, "support": 105}, "gunshot": {"recall": 0.6190476190476191, "f1-score": 0.7647058823529412, "precision": 1.0, "support": 21}, "macro avg": {"recall": 0.7919469180245042, "f1-score": 0.8038395140664961, "precision": 0.8479166666666667, "support": 105}, "casual": {"recall": 0.8275862068965517, "f1-score": 0.6956521739130435, "precision": 0.6, "support": 29}}