{"classificador": "SGDClassifier", "accuracy": 0.7047619047619048, "explosion": {"recall": 0.7948717948717948, "f1-score": 0.8266666666666667, "precision": 0.8611111111111112, "support": 39}, "siren": {"recall": 0.875, "f1-score": 0.7777777777777777, "precision": 0.7, "support": 16}, "weighted avg": {"recall": 0.7047619047619048, "f1-score": 0.7041601558185998, "precision": 0.7481440781440782, "support": 105}, "gunshot": {"recall": 0.42857142857142855, "f1-score": 0.5806451612903225, "precision": 0.9, "support": 21}, "macro avg": {"recall": 0.6970245989642541, "f1-score": 0.6933312249631035, "precision": 0.743482905982906, "support": 105}, "casual": {"recall": 0.6896551724137931, "f1-score": 0.5882352941176471, "precision": 0.5128205128205128, "support": 29}}