{"classificador": "BaggingClassifier", "accuracy": 0.780952380952381, "explosion": {"recall": 0.8461538461538461, "f1-score": 0.8571428571428572, "precision": 0.868421052631579, "support": 39}, "siren": {"recall": 0.6875, "f1-score": 0.7857142857142857, "precision": 0.9166666666666666, "support": 16}, "weighted avg": {"recall": 0.780952380952381, "f1-score": 0.7855367499112321, "precision": 0.826638023630505, "support": 105}, "gunshot": {"recall": 0.6190476190476191, "f1-score": 0.7647058823529412, "precision": 1.0, "support": 21}, "macro avg": {"recall": 0.7536926076796766, "f1-score": 0.77794709433069, "precision": 0.8450814536340852, "support": 105}, "casual": {"recall": 0.8620689655172413, "f1-score": 0.7042253521126761, "precision": 0.5952380952380952, "support": 29}}