{"classificador": "BaggingClassifier", "accuracy": 0.8571428571428571, "explosion": {"recall": 0.8974358974358975, "f1-score": 0.9090909090909091, "precision": 0.9210526315789473, "support": 39}, "siren": {"recall": 1.0, "f1-score": 0.9142857142857143, "precision": 0.8421052631578947, "support": 16}, "weighted avg": {"recall": 0.8571428571428571, "f1-score": 0.8574736170127876, "precision": 0.8712918660287081, "support": 105}, "gunshot": {"recall": 0.7142857142857143, "f1-score": 0.8333333333333333, "precision": 1.0, "support": 21}, "macro avg": {"recall": 0.8598269546545408, "f1-score": 0.8577258762742633, "precision": 0.8726076555023923, "support": 105}, "casual": {"recall": 0.8275862068965517, "f1-score": 0.7741935483870968, "precision": 0.7272727272727273, "support": 29}}