{"classificador": "Perceptron", "accuracy": 0.6857142857142857, "explosion": {"recall": 0.8205128205128205, "f1-score": 0.7191011235955057, "precision": 0.64, "support": 39}, "siren": {"recall": 1.0, "f1-score": 0.9142857142857143, "precision": 0.8421052631578947, "support": 16}, "weighted avg": {"recall": 0.6857142857142857, "f1-score": 0.6515229399182771, "precision": 0.7386541353383459, "support": 105}, "gunshot": {"recall": 0.19047619047619047, "f1-score": 0.32, "precision": 1.0, "support": 21}, "macro avg": {"recall": 0.675161045850701, "f1-score": 0.6522811356998133, "precision": 0.7767763157894737, "support": 105}, "casual": {"recall": 0.6896551724137931, "f1-score": 0.6557377049180328, "precision": 0.625, "support": 29}}