{"casual": {"precision": 0.6216216216216216, "recall": 0.7931034482758621, "f1-score": 0.696969696969697, "support": 29}, "explosion": {"precision": 0.90625, "recall": 0.7435897435897436, "f1-score": 0.8169014084507042, "support": 39}, "gunshot": {"precision": 0.8888888888888888, "recall": 0.7619047619047619, "f1-score": 0.8205128205128205, "support": 21}, "siren": {"precision": 0.8333333333333334, "recall": 0.9375, "f1-score": 0.8823529411764706, "support": 16}, "accuracy": 0.7904761904761904, "macro avg": {"precision": 0.812523460960961, "recall": 0.8090244884425919, "f1-score": 0.804184216777423, "support": 105}, "weighted avg": {"precision": 0.8130550193050192, "recall": 0.7904761904761904, "f1-score": 0.7944732612503945, "support": 105}, "classificador": "SGDClassifier"}