{"casual": {"precision": 0.6176470588235294, "recall": 0.7241379310344828, "f1-score": 0.6666666666666667, "support": 29}, "explosion": {"precision": 0.868421052631579, "recall": 0.8461538461538461, "f1-score": 0.8571428571428572, "support": 39}, "gunshot": {"precision": 1.0, "recall": 0.7142857142857143, "f1-score": 0.8333333333333333, "support": 21}, "siren": {"precision": 0.8333333333333334, "recall": 0.9375, "f1-score": 0.8823529411764706, "support": 16}, "accuracy": 0.8, "macro avg": {"precision": 0.8298503611971105, "recall": 0.8055193728685108, "f1-score": 0.8098739495798319, "support": 105}, "weighted avg": {"precision": 0.8201287532556882, "recall": 0.8, "f1-score": 0.8036147792450313, "support": 105}, "classificador": "Perceptron"}