{"casual": {"precision": 0.78125, "recall": 0.8620689655172413, "f1-score": 0.8196721311475409, "support": 29}, "explosion": {"precision": 0.9, "recall": 0.9230769230769231, "f1-score": 0.9113924050632911, "support": 39}, "gunshot": {"precision": 1.0, "recall": 0.7142857142857143, "f1-score": 0.8333333333333333, "support": 21}, "siren": {"precision": 0.8888888888888888, "recall": 1.0, "f1-score": 0.9411764705882353, "support": 16}, "accuracy": 0.8761904761904762, "macro avg": {"precision": 0.8925347222222222, "recall": 0.8748579007199697, "f1-score": 0.8763935850331002, "support": 105}, "weighted avg": {"precision": 0.8855092592592593, "recall": 0.8761904761904762, "f1-score": 0.8749868488586553, "support": 105}, "classificador": "KNeighborsClassifier"}