{"casual": {"precision": 0.5806451612903226, "recall": 0.6206896551724138, "f1-score": 0.6000000000000001, "support": 29}, "explosion": {"precision": 0.7894736842105263, "recall": 0.7692307692307693, "f1-score": 0.7792207792207793, "support": 39}, "gunshot": {"precision": 0.8333333333333334, "recall": 0.7142857142857143, "f1-score": 0.7692307692307692, "support": 21}, "siren": {"precision": 0.8333333333333334, "recall": 0.9375, "f1-score": 0.8823529411764706, "support": 16}, "accuracy": 0.7428571428571429, "macro avg": {"precision": 0.759196378041879, "recall": 0.7604265346722243, "f1-score": 0.7577011224070048, "support": 105}, "weighted avg": {"precision": 0.7472525399520306, "recall": 0.7428571428571429, "f1-score": 0.7434390819264769, "support": 105}, "classificador": "LinearDiscriminantAnalysis"}