{"casual": {"precision": 0.5945945945945946, "recall": 0.7586206896551724, "f1-score": 0.6666666666666667, "support": 29}, "explosion": {"precision": 0.875, "recall": 0.717948717948718, "f1-score": 0.7887323943661971, "support": 39}, "gunshot": {"precision": 0.8888888888888888, "recall": 0.7619047619047619, "f1-score": 0.8205128205128205, "support": 21}, "siren": {"precision": 0.7777777777777778, "recall": 0.875, "f1-score": 0.823529411764706, "support": 16}, "accuracy": 0.7619047619047619, "macro avg": {"precision": 0.7840653153153153, "recall": 0.778368542377163, "f1-score": 0.7748603233275976, "support": 105}, "weighted avg": {"precision": 0.7855176605176606, "recall": 0.7619047619047619, "f1-score": 0.7666774907868528, "support": 105}, "classificador": "SGDClassifier"}