{"casual": {"precision": 0.6046511627906976, "recall": 0.896551724137931, "f1-score": 0.7222222222222221, "support": 29}, "explosion": {"precision": 0.9333333333333333, "recall": 0.717948717948718, "f1-score": 0.8115942028985509, "support": 39}, "gunshot": {"precision": 0.9333333333333333, "recall": 0.6666666666666666, "f1-score": 0.7777777777777778, "support": 21}, "siren": {"precision": 0.8235294117647058, "recall": 0.875, "f1-score": 0.8484848484848485, "support": 16}, "accuracy": 0.780952380952381, "macro avg": {"precision": 0.8237118103055174, "recall": 0.7890417771883289, "f1-score": 0.7900197628458498, "support": 105}, "weighted avg": {"precision": 0.8258224219920525, "recall": 0.780952380952381, "f1-score": 0.7857686596817032, "support": 105}, "classificador": "Perceptron"}