{"casual": {"precision": 0.2909090909090909, "recall": 0.5517241379310345, "f1-score": 0.38095238095238093, "support": 29}, "explosion": {"precision": 0.7878787878787878, "recall": 0.6666666666666666, "f1-score": 0.7222222222222221, "support": 39}, "gunshot": {"precision": 1.0, "recall": 0.047619047619047616, "f1-score": 0.0909090909090909, "support": 21}, "siren": {"precision": 0.625, "recall": 0.625, "f1-score": 0.625, "support": 16}, "accuracy": 0.5047619047619047, "macro avg": {"precision": 0.6759469696969697, "recall": 0.4727524630541872, "f1-score": 0.45477092352092346, "support": 105}, "weighted avg": {"precision": 0.6682251082251082, "recall": 0.5047619047619047, "f1-score": 0.4868893011750154, "support": 105}, "classificador": "LinearDiscriminantAnalysis"}