{"casual": {"precision": 0.47058823529411764, "recall": 0.5517241379310345, "f1-score": 0.507936507936508, "support": 29}, "explosion": {"precision": 0.6140350877192983, "recall": 0.8974358974358975, "f1-score": 0.7291666666666667, "support": 39}, "gunshot": {"precision": 0.0, "recall": 0.0, "f1-score": 0.0, "support": 21}, "siren": {"precision": 0.8571428571428571, "recall": 0.75, "f1-score": 0.7999999999999999, "support": 16}, "accuracy": 0.6, "macro avg": {"precision": 0.4854415450390682, "recall": 0.549790008841733, "f1-score": 0.5092757936507937, "support": 105}, "weighted avg": {"precision": 0.48865440913207386, "recall": 0.6, "f1-score": 0.533025321239607, "support": 105}, "classificador": "SGDClassifier"}