{"casual": {"precision": 0.475, "recall": 0.6551724137931034, "f1-score": 0.5507246376811594, "support": 29}, "explosion": {"precision": 0.6226415094339622, "recall": 0.8461538461538461, "f1-score": 0.7173913043478259, "support": 39}, "gunshot": {"precision": 0.0, "recall": 0.0, "f1-score": 0.0, "support": 21}, "siren": {"precision": 0.9166666666666666, "recall": 0.6875, "f1-score": 0.7857142857142857, "support": 16}, "accuracy": 0.6, "macro avg": {"precision": 0.5035770440251572, "recall": 0.5472065649867374, "f1-score": 0.5134575569358177, "support": 105}, "weighted avg": {"precision": 0.5021398622342018, "recall": 0.6, "f1-score": 0.538292418416642, "support": 105}, "classificador": "SGDClassifier"}