{"casual": {"precision": 0.3225806451612903, "recall": 0.6896551724137931, "f1-score": 0.4395604395604396, "support": 29}, "explosion": {"precision": 0.8214285714285714, "recall": 0.5897435897435898, "f1-score": 0.6865671641791046, "support": 39}, "gunshot": {"precision": 1.0, "recall": 0.09523809523809523, "f1-score": 0.17391304347826084, "support": 21}, "siren": {"precision": 0.5384615384615384, "recall": 0.4375, "f1-score": 0.4827586206896552, "support": 16}, "accuracy": 0.49523809523809526, "macro avg": {"precision": 0.67061768876285, "recall": 0.4530342143488696, "f1-score": 0.44569981697686506, "support": 105}, "weighted avg": {"precision": 0.6762470248645364, "recall": 0.49523809523809526, "f1-score": 0.48475889518395987, "support": 105}, "classificador": "SVC"}