{"casual": {"precision": 0.47058823529411764, "recall": 0.5517241379310345, "f1-score": 0.507936507936508, "support": 29}, "explosion": {"precision": 0.7435897435897436, "recall": 0.7435897435897436, "f1-score": 0.7435897435897437, "support": 39}, "gunshot": {"precision": 0.7857142857142857, "recall": 0.5238095238095238, "f1-score": 0.6285714285714286, "support": 21}, "siren": {"precision": 0.8333333333333334, "recall": 0.9375, "f1-score": 0.8823529411764706, "support": 16}, "accuracy": 0.6761904761904762, "macro avg": {"precision": 0.7083063994828701, "recall": 0.6891558513325755, "f1-score": 0.6906126553185377, "support": 105}, "weighted avg": {"precision": 0.6902894491129785, "recall": 0.6761904761904762, "f1-score": 0.6766457694188787, "support": 105}, "classificador": "Perceptron"}