{"casual": {"precision": 0.5909090909090909, "recall": 0.896551724137931, "f1-score": 0.7123287671232877, "support": 29}, "explosion": {"precision": 0.9333333333333333, "recall": 0.717948717948718, "f1-score": 0.8115942028985509, "support": 39}, "gunshot": {"precision": 1.0, "recall": 0.6666666666666666, "f1-score": 0.8, "support": 21}, "siren": {"precision": 0.9411764705882353, "recall": 1.0, "f1-score": 0.9696969696969697, "support": 16}, "accuracy": 0.8, "macro avg": {"precision": 0.866354723707665, "recall": 0.8202917771883289, "f1-score": 0.823404984929702, "support": 105}, "weighted avg": {"precision": 0.8532874968169085, "recall": 0.8, "f1-score": 0.8059510445216224, "support": 105}, "classificador": "SGDClassifier"}