{"casual": {"precision": 0.5909090909090909, "recall": 0.896551724137931, "f1-score": 0.7123287671232877, "support": 29}, "explosion": {"precision": 0.9375, "recall": 0.7692307692307693, "f1-score": 0.8450704225352113, "support": 39}, "gunshot": {"precision": 1.0, "recall": 0.6190476190476191, "f1-score": 0.7647058823529412, "support": 21}, "siren": {"precision": 0.9375, "recall": 0.9375, "f1-score": 0.9375, "support": 16}, "accuracy": 0.8, "macro avg": {"precision": 0.8664772727272727, "recall": 0.8055825281040798, "f1-score": 0.81490126800286, "support": 105}, "weighted avg": {"precision": 0.8542748917748918, "recall": 0.8, "f1-score": 0.8064200405224795, "support": 105}, "classificador": "SGDClassifier"}