{"casual": {"precision": 0.7142857142857143, "recall": 0.6896551724137931, "f1-score": 0.7017543859649122, "support": 29}, "explosion": {"precision": 0.8717948717948718, "recall": 0.8717948717948718, "f1-score": 0.8717948717948718, "support": 39}, "gunshot": {"precision": 0.9411764705882353, "recall": 0.7619047619047619, "f1-score": 0.8421052631578947, "support": 21}, "siren": {"precision": 0.7619047619047619, "recall": 1.0, "f1-score": 0.8648648648648648, "support": 16}, "accuracy": 0.819047619047619, "macro avg": {"precision": 0.8222904546433958, "recall": 0.8308387015283567, "f1-score": 0.8201298464456359, "support": 105}, "weighted avg": {"precision": 0.825423502734427, "recall": 0.819047619047619, "f1-score": 0.8178373862584389, "support": 105}, "classificador": "SVC", "mediaTempoClassificacaoCadaAudio": 0.009455506006876628, "desvioTempoClassificacaoCadaAudio": 0.004267804260201177}