{"casual": {"precision": 0.6875, "recall": 0.7586206896551724, "f1-score": 0.7213114754098361, "support": 29}, "explosion": {"precision": 0.8974358974358975, "recall": 0.8974358974358975, "f1-score": 0.8974358974358975, "support": 39}, "gunshot": {"precision": 1.0, "recall": 0.6666666666666666, "f1-score": 0.8, "support": 21}, "siren": {"precision": 0.75, "recall": 0.9375, "f1-score": 0.8333333333333334, "support": 16}, "accuracy": 0.819047619047619, "macro avg": {"precision": 0.8337339743589743, "recall": 0.8150558134394341, "f1-score": 0.8130201765447668, "support": 105}, "weighted avg": {"precision": 0.8375, "recall": 0.819047619047619, "f1-score": 0.8195368201925578, "support": 105}, "classificador": "SVC"}