{"casual": {"precision": 0.6571428571428571, "recall": 0.7931034482758621, "f1-score": 0.71875, "support": 29}, "explosion": {"precision": 0.8974358974358975, "recall": 0.8974358974358975, "f1-score": 0.8974358974358975, "support": 39}, "gunshot": {"precision": 0.8888888888888888, "recall": 0.7619047619047619, "f1-score": 0.8205128205128205, "support": 21}, "siren": {"precision": 0.9230769230769231, "recall": 0.75, "f1-score": 0.8275862068965517, "support": 16}, "accuracy": 0.819047619047619, "macro avg": {"precision": 0.8416361416361418, "recall": 0.8006110269041303, "f1-score": 0.8160712312113174, "support": 105}, "weighted avg": {"precision": 0.8332670504099076, "recall": 0.819047619047619, "f1-score": 0.8220561765820386, "support": 105}, "classificador": "KNeighborsClassifier"}