{"casual": {"precision": 0.625, "recall": 0.6896551724137931, "f1-score": 0.6557377049180328, "support": 29}, "explosion": {"precision": 0.8461538461538461, "recall": 0.8461538461538461, "f1-score": 0.8461538461538461, "support": 39}, "gunshot": {"precision": 0.9285714285714286, "recall": 0.6190476190476191, "f1-score": 0.742857142857143, "support": 21}, "siren": {"precision": 0.8, "recall": 1.0, "f1-score": 0.888888888888889, "support": 16}, "accuracy": 0.780952380952381, "macro avg": {"precision": 0.7999313186813186, "recall": 0.7887141594038146, "f1-score": 0.7834093957044777, "support": 105}, "weighted avg": {"precision": 0.7945238095238095, "recall": 0.780952380952381, "f1-score": 0.77941538728424, "support": 105}, "classificador": "SVC", "mediaTempoClassificacaoCadaAudio": 0.01040168943859282, "desvioTempoClassificacaoCadaAudio": 0.005034852757984919}