{"casual": {"precision": 0.5277777777777778, "recall": 0.6551724137931034, "f1-score": 0.5846153846153845, "support": 29}, "explosion": {"precision": 0.7941176470588235, "recall": 0.6923076923076923, "f1-score": 0.7397260273972601, "support": 39}, "gunshot": {"precision": 0.8571428571428571, "recall": 0.5714285714285714, "f1-score": 0.6857142857142857, "support": 21}, "siren": {"precision": 0.7619047619047619, "recall": 1.0, "f1-score": 0.8648648648648648, "support": 16}, "accuracy": 0.7047619047619048, "macro avg": {"precision": 0.735235760971055, "recall": 0.7297271693823417, "f1-score": 0.7187301406479488, "support": 105}, "weighted avg": {"precision": 0.7282535236316748, "recall": 0.7047619047619048, "f1-score": 0.7051523720016869, "support": 105}, "classificador": "SVC", "mediaTempoClassificacaoCadaAudio": 0.010896975653512136, "desvioTempoClassificacaoCadaAudio": 0.0053194425845768155}