{"casual": {"precision": 0.6333333333333333, "recall": 0.6551724137931034, "f1-score": 0.6440677966101694, "support": 29}, "explosion": {"precision": 0.8333333333333334, "recall": 0.7692307692307693, "f1-score": 0.8, "support": 39}, "gunshot": {"precision": 0.8, "recall": 0.7619047619047619, "f1-score": 0.7804878048780488, "support": 21}, "siren": {"precision": 0.7894736842105263, "recall": 0.9375, "f1-score": 0.8571428571428572, "support": 16}, "accuracy": 0.7619047619047619, "macro avg": {"precision": 0.7640350877192983, "recall": 0.7809519862321587, "f1-score": 0.7704246146577688, "support": 105}, "weighted avg": {"precision": 0.7647451963241437, "recall": 0.7619047619047619, "f1-score": 0.7617380544611397, "support": 105}, "classificador": "Perceptron", "mediaTempoClassificacaoCadaAudio": 0.0024330048334030878, "desvioTempoClassificacaoCadaAudio": 0.0004943464645257693}