{"casual": {"precision": 0.6538461538461539, "recall": 0.5862068965517241, "f1-score": 0.6181818181818182, "support": 29}, "explosion": {"precision": 0.7872340425531915, "recall": 0.9487179487179487, "f1-score": 0.8604651162790696, "support": 39}, "gunshot": {"precision": 0.8, "recall": 0.5714285714285714, "f1-score": 0.6666666666666666, "support": 21}, "siren": {"precision": 0.8235294117647058, "recall": 0.875, "f1-score": 0.8484848484848485, "support": 16}, "accuracy": 0.7619047619047619, "macro avg": {"precision": 0.7661524020410129, "recall": 0.7453383541745611, "f1-score": 0.7484496124031007, "support": 105}, "weighted avg": {"precision": 0.7584774924699831, "recall": 0.7619047619047619, "f1-score": 0.7529635222658478, "support": 105}, "classificador": "DecisionTreeClassifier", "mediaTempoClassificacaoCadaAudio": 0.0029785133543468656, "desvioTempoClassificacaoCadaAudio": 0.0012645297914379936}