{"casual": {"precision": 0.64, "recall": 0.5517241379310345, "f1-score": 0.5925925925925927, "support": 29}, "explosion": {"precision": 0.8181818181818182, "recall": 0.6923076923076923, "f1-score": 0.7500000000000001, "support": 39}, "gunshot": {"precision": 0.5172413793103449, "recall": 0.7142857142857143, "f1-score": 0.6000000000000001, "support": 21}, "siren": {"precision": 0.8333333333333334, "recall": 0.9375, "f1-score": 0.8823529411764706, "support": 16}, "accuracy": 0.6952380952380952, "macro avg": {"precision": 0.7021891327063742, "recall": 0.7239543861311103, "f1-score": 0.7062363834422658, "support": 105}, "weighted avg": {"precision": 0.7110904115042045, "recall": 0.6952380952380952, "f1-score": 0.6966936404191306, "support": 105}, "classificador": "LinearDiscriminantAnalysis", "mediaTempoClassificacaoCadaAudio": 0.0023525805700392952, "desvioTempoClassificacaoCadaAudio": 0.0004354360815079583}