{"casual": {"precision": 0.6785714285714286, "recall": 0.6551724137931034, "f1-score": 0.6666666666666666, "support": 29}, "explosion": {"precision": 0.8461538461538461, "recall": 0.8461538461538461, "f1-score": 0.8461538461538461, "support": 39}, "gunshot": {"precision": 0.8421052631578947, "recall": 0.7619047619047619, "f1-score": 0.8, "support": 21}, "siren": {"precision": 0.8421052631578947, "recall": 1.0, "f1-score": 0.9142857142857143, "support": 16}, "accuracy": 0.8, "macro avg": {"precision": 0.802233950260266, "recall": 0.8158077554629278, "f1-score": 0.8067765567765567, "support": 105}, "weighted avg": {"precision": 0.7984425349087004, "recall": 0.8, "f1-score": 0.7977324263038549, "support": 105}, "classificador": "SGDClassifier", "mediaTempoClassificacaoCadaAudio": 0.002678505579630534, "desvioTempoClassificacaoCadaAudio": 0.0007122645503185535}