{"casual": {"precision": 0.5833333333333334, "recall": 0.4827586206896552, "f1-score": 0.5283018867924529, "support": 29}, "explosion": {"precision": 0.8235294117647058, "recall": 0.717948717948718, "f1-score": 0.767123287671233, "support": 39}, "gunshot": {"precision": 0.5172413793103449, "recall": 0.7142857142857143, "f1-score": 0.6000000000000001, "support": 21}, "siren": {"precision": 0.7777777777777778, "recall": 0.875, "f1-score": 0.823529411764706, "support": 16}, "accuracy": 0.6761904761904762, "macro avg": {"precision": 0.6754704755465404, "recall": 0.6974982632310218, "f1-score": 0.679738646557098, "support": 105}, "weighted avg": {"precision": 0.688960258432875, "recall": 0.6761904761904762, "f1-score": 0.676333652613281, "support": 105}, "classificador": "LinearDiscriminantAnalysis", "mediaTempoClassificacaoCadaAudio": 0.0028894447145007907, "desvioTempoClassificacaoCadaAudio": 0.0008794075812909105}