{"casual": {"precision": 0.6428571428571429, "recall": 0.6206896551724138, "f1-score": 0.6315789473684211, "support": 29}, "explosion": {"precision": 0.8378378378378378, "recall": 0.7948717948717948, "f1-score": 0.8157894736842105, "support": 39}, "gunshot": {"precision": 0.7272727272727273, "recall": 0.7619047619047619, "f1-score": 0.7441860465116279, "support": 21}, "siren": {"precision": 0.8333333333333334, "recall": 0.9375, "f1-score": 0.8823529411764706, "support": 16}, "accuracy": 0.7619047619047619, "macro avg": {"precision": 0.7603252603252604, "recall": 0.7787415529872426, "f1-score": 0.7684768521851825, "support": 105}, "weighted avg": {"precision": 0.7611866040437469, "recall": 0.7619047619047619, "f1-score": 0.7607345998374869, "support": 105}, "classificador": "SGDClassifier", "mediaTempoClassificacaoCadaAudio": 0.0024158727555047897, "desvioTempoClassificacaoCadaAudio": 0.0005418124363161293}