{"casual": {"precision": 0.5714285714285714, "recall": 0.6896551724137931, "f1-score": 0.625, "support": 29}, "explosion": {"precision": 0.8055555555555556, "recall": 0.7435897435897436, "f1-score": 0.7733333333333334, "support": 39}, "gunshot": {"precision": 0.8, "recall": 0.5714285714285714, "f1-score": 0.6666666666666666, "support": 21}, "siren": {"precision": 0.8421052631578947, "recall": 1.0, "f1-score": 0.9142857142857143, "support": 16}, "accuracy": 0.7333333333333333, "macro avg": {"precision": 0.7547723475355055, "recall": 0.7511683718580271, "f1-score": 0.7448214285714285, "support": 105}, "weighted avg": {"precision": 0.7453502804630624, "recall": 0.7333333333333333, "f1-score": 0.7325102040816327, "support": 105}, "classificador": "DecisionTreeClassifier", "mediaTempoClassificacaoCadaAudio": 0.0036676565806070963, "desvioTempoClassificacaoCadaAudio": 0.0015460460966293427}