{"casual": {"precision": 0.6764705882352942, "recall": 0.7931034482758621, "f1-score": 0.7301587301587301, "support": 29}, "explosion": {"precision": 0.8611111111111112, "recall": 0.7948717948717948, "f1-score": 0.8266666666666667, "support": 39}, "gunshot": {"precision": 0.75, "recall": 0.5714285714285714, "f1-score": 0.6486486486486486, "support": 21}, "siren": {"precision": 0.8421052631578947, "recall": 1.0, "f1-score": 0.9142857142857143, "support": 16}, "accuracy": 0.780952380952381, "macro avg": {"precision": 0.782421740626075, "recall": 0.789850953644057, "f1-score": 0.7799399399399399, "support": 105}, "weighted avg": {"precision": 0.7849968057398398, "recall": 0.780952380952381, "f1-score": 0.7777599640456783, "support": 105}, "classificador": "DecisionTreeClassifier", "mediaTempoClassificacaoCadaAudio": 0.0025765623365129743, "desvioTempoClassificacaoCadaAudio": 0.0007900094515906301}