{"casual": {"precision": 0.6451612903225806, "recall": 0.6896551724137931, "f1-score": 0.6666666666666667, "support": 29}, "explosion": {"precision": 0.631578947368421, "recall": 0.9230769230769231, "f1-score": 0.7499999999999999, "support": 39}, "gunshot": {"precision": 0.0, "recall": 0.0, "f1-score": 0.0, "support": 21}, "siren": {"precision": 0.8823529411764706, "recall": 0.9375, "f1-score": 0.9090909090909091, "support": 16}, "accuracy": 0.6761904761904762, "macro avg": {"precision": 0.5397732947168681, "recall": 0.637558023872679, "f1-score": 0.5814393939393939, "support": 105}, "weighted avg": {"precision": 0.5472276516718741, "recall": 0.6761904761904762, "f1-score": 0.6012265512265512, "support": 105}, "classificador": "QuadraticDiscriminantAnalysis", "mediaTempoClassificacaoCadaAudio": 0.006555718467349098, "desvioTempoClassificacaoCadaAudio": 0.002446144960275319}