{"casual": {"precision": 0.6363636363636364, "recall": 0.7241379310344828, "f1-score": 0.6774193548387097, "support": 29}, "explosion": {"precision": 0.9, "recall": 0.9230769230769231, "f1-score": 0.9113924050632911, "support": 39}, "gunshot": {"precision": 0.9090909090909091, "recall": 0.47619047619047616, "f1-score": 0.6249999999999999, "support": 21}, "siren": {"precision": 0.7619047619047619, "recall": 1.0, "f1-score": 0.8648648648648648, "support": 16}, "accuracy": 0.7904761904761904, "macro avg": {"precision": 0.8018398268398268, "recall": 0.7808513325754706, "f1-score": 0.7696691561917164, "support": 105}, "weighted avg": {"precision": 0.8079612451041022, "recall": 0.7904761904761904, "f1-score": 0.7824028850059883, "support": 105}, "classificador": "DecisionTreeClassifier", "mediaTempoClassificacaoCadaAudio": 0.005061181386311849, "desvioTempoClassificacaoCadaAudio": 0.0023589221221284942}