{"casual": {"precision": 0.5806451612903226, "recall": 0.6206896551724138, "f1-score": 0.6000000000000001, "support": 29}, "explosion": {"precision": 0.6363636363636364, "recall": 0.8974358974358975, "f1-score": 0.7446808510638298, "support": 39}, "gunshot": {"precision": 0.0, "recall": 0.0, "f1-score": 0.0, "support": 21}, "siren": {"precision": 0.7894736842105263, "recall": 0.9375, "f1-score": 0.8571428571428572, "support": 16}, "accuracy": 0.6476190476190476, "macro avg": {"precision": 0.5016206204661213, "recall": 0.6139063881520779, "f1-score": 0.5504559270516718, "support": 105}, "weighted avg": {"precision": 0.5170330518378057, "recall": 0.6476190476190476, "f1-score": 0.572922275293096, "support": 105}, "classificador": "QuadraticDiscriminantAnalysis", "mediaTempoClassificacaoCadaAudio": 0.004390664327712286, "desvioTempoClassificacaoCadaAudio": 0.00139563692079212}