{"casual": {"precision": 0.6666666666666666, "recall": 0.6206896551724138, "f1-score": 0.6428571428571429, "support": 29}, "explosion": {"precision": 0.8285714285714286, "recall": 0.7435897435897436, "f1-score": 0.7837837837837838, "support": 39}, "gunshot": {"precision": 0.5555555555555556, "recall": 0.7142857142857143, "f1-score": 0.6250000000000001, "support": 21}, "siren": {"precision": 0.9375, "recall": 0.9375, "f1-score": 0.9375, "support": 16}, "accuracy": 0.7333333333333333, "macro avg": {"precision": 0.7470734126984127, "recall": 0.7540162782619679, "f1-score": 0.7472852316602316, "support": 105}, "weighted avg": {"precision": 0.7458503401360544, "recall": 0.7333333333333333, "f1-score": 0.7365278543849973, "support": 105}, "classificador": "LinearDiscriminantAnalysis", "mediaTempoClassificacaoCadaAudio": 0.004520314080374581, "desvioTempoClassificacaoCadaAudio": 0.002671000953131718}