{"casual": {"precision": 0.7777777777777778, "recall": 0.7241379310344828, "f1-score": 0.75, "support": 29}, "explosion": {"precision": 0.8974358974358975, "recall": 0.8974358974358975, "f1-score": 0.8974358974358975, "support": 39}, "gunshot": {"precision": 0.85, "recall": 0.8095238095238095, "f1-score": 0.8292682926829269, "support": 21}, "siren": {"precision": 0.7894736842105263, "recall": 0.9375, "f1-score": 0.8571428571428572, "support": 16}, "accuracy": 0.8380952380952381, "macro avg": {"precision": 0.8286718398560504, "recall": 0.8421494094985474, "f1-score": 0.8334617618154204, "support": 105}, "weighted avg": {"precision": 0.8384489000278474, "recall": 0.8380952380952381, "f1-score": 0.836942093910735, "support": 105}, "classificador": "SVC", "mediaTempoClassificacaoCadaAudio": 0.04679763884771438, "desvioTempoClassificacaoCadaAudio": 0.03400542300645941}