{"casual": {"precision": 0.6774193548387096, "recall": 0.7241379310344828, "f1-score": 0.7, "support": 29}, "explosion": {"precision": 0.9117647058823529, "recall": 0.7948717948717948, "f1-score": 0.8493150684931507, "support": 39}, "gunshot": {"precision": 0.7619047619047619, "recall": 0.7619047619047619, "f1-score": 0.7619047619047619, "support": 21}, "siren": {"precision": 0.7894736842105263, "recall": 0.9375, "f1-score": 0.8571428571428572, "support": 16}, "accuracy": 0.7904761904761904, "macro avg": {"precision": 0.7851406267090877, "recall": 0.8046036219527599, "f1-score": 0.7920906718851924, "support": 105}, "weighted avg": {"precision": 0.798433940639074, "recall": 0.7904761904761904, "f1-score": 0.7917864131954153, "support": 105}, "classificador": "KNeighborsClassifier", "mediaTempoClassificacaoCadaAudio": 0.2679208891732352, "desvioTempoClassificacaoCadaAudio": 0.20881367585581279}