{"casual": {"precision": 0.7096774193548387, "recall": 0.7586206896551724, "f1-score": 0.7333333333333333, "support": 29}, "explosion": {"precision": 0.9411764705882353, "recall": 0.8205128205128205, "f1-score": 0.8767123287671232, "support": 39}, "gunshot": {"precision": 0.7142857142857143, "recall": 0.7142857142857143, "f1-score": 0.7142857142857143, "support": 21}, "siren": {"precision": 0.7894736842105263, "recall": 0.9375, "f1-score": 0.8571428571428572, "support": 16}, "accuracy": 0.8, "macro avg": {"precision": 0.7886533221098286, "recall": 0.8077298061134268, "f1-score": 0.7953685583822571, "support": 105}, "weighted avg": {"precision": 0.8087438710628564, "recall": 0.8, "f1-score": 0.8016450781225731, "support": 105}, "classificador": "KNeighborsClassifier", "mediaTempoClassificacaoCadaAudio": 0.27414292153858005, "desvioTempoClassificacaoCadaAudio": 0.22846063497186672}