{"casual": {"precision": 0.7096774193548387, "recall": 0.7586206896551724, "f1-score": 0.7333333333333333, "support": 29}, "explosion": {"precision": 0.9210526315789473, "recall": 0.8974358974358975, "f1-score": 0.9090909090909091, "support": 39}, "gunshot": {"precision": 0.9411764705882353, "recall": 0.7619047619047619, "f1-score": 0.8421052631578947, "support": 21}, "siren": {"precision": 0.7894736842105263, "recall": 0.9375, "f1-score": 0.8571428571428572, "support": 16}, "accuracy": 0.8380952380952381, "macro avg": {"precision": 0.840345051433137, "recall": 0.838865337248958, "f1-score": 0.8354180906812486, "support": 105}, "weighted avg": {"precision": 0.8466474535484823, "recall": 0.8380952380952381, "f1-score": 0.8392353177315584, "support": 105}, "classificador": "SVC"}