{"casual": {"precision": 0.7333333333333333, "recall": 0.7586206896551724, "f1-score": 0.7457627118644068, "support": 29}, "explosion": {"precision": 0.9210526315789473, "recall": 0.8974358974358975, "f1-score": 0.9090909090909091, "support": 39}, "gunshot": {"precision": 0.9444444444444444, "recall": 0.8095238095238095, "f1-score": 0.8717948717948718, "support": 21}, "siren": {"precision": 0.8421052631578947, "recall": 1.0, "f1-score": 0.9142857142857143, "support": 16}, "accuracy": 0.8571428571428571, "macro avg": {"precision": 0.8602339181286549, "recall": 0.8663950991537199, "f1-score": 0.8602335517589754, "support": 105}, "weighted avg": {"precision": 0.8618546365914787, "recall": 0.8571428571428571, "f1-score": 0.8573135984273998, "support": 105}, "classificador": "KNeighborsClassifier"}