{"casual": {"precision": 0.7272727272727273, "recall": 0.8275862068965517, "f1-score": 0.7741935483870968, "support": 29}, "explosion": {"precision": 0.9210526315789473, "recall": 0.8974358974358975, "f1-score": 0.9090909090909091, "support": 39}, "gunshot": {"precision": 0.9375, "recall": 0.7142857142857143, "f1-score": 0.8108108108108109, "support": 21}, "siren": {"precision": 0.8888888888888888, "recall": 1.0, "f1-score": 0.9411764705882353, "support": 16}, "accuracy": 0.8571428571428571, "macro avg": {"precision": 0.8686785619351408, "recall": 0.8598269546545408, "f1-score": 0.858817934719263, "support": 105}, "weighted avg": {"precision": 0.865920799473431, "recall": 0.8571428571428571, "f1-score": 0.8570667515639053, "support": 105}, "classificador": "KNeighborsClassifier"}