{"casual": {"precision": 0.6060606060606061, "recall": 0.6896551724137931, "f1-score": 0.6451612903225807, "support": 29}, "explosion": {"precision": 0.8611111111111112, "recall": 0.7948717948717948, "f1-score": 0.8266666666666667, "support": 39}, "gunshot": {"precision": 0.9375, "recall": 0.7142857142857143, "f1-score": 0.8108108108108109, "support": 21}, "siren": {"precision": 0.75, "recall": 0.9375, "f1-score": 0.8333333333333334, "support": 16}, "accuracy": 0.7714285714285715, "macro avg": {"precision": 0.7886679292929293, "recall": 0.7840781703928256, "f1-score": 0.7789930252833479, "support": 105}, "weighted avg": {"precision": 0.7890151515151514, "recall": 0.7714285714285715, "f1-score": 0.7743813121877638, "support": 105}, "classificador": "SVC", "mediaTempoClassificacaoCadaAudio": 0.012655900773547944, "desvioTempoClassificacaoCadaAudio": 0.006545372019145259}