{"casual": {"precision": 0.5238095238095238, "recall": 0.7586206896551724, "f1-score": 0.6197183098591549, "support": 29}, "explosion": {"precision": 0.8787878787878788, "recall": 0.7435897435897436, "f1-score": 0.8055555555555556, "support": 39}, "gunshot": {"precision": 0.9090909090909091, "recall": 0.47619047619047616, "f1-score": 0.6249999999999999, "support": 21}, "siren": {"precision": 0.7894736842105263, "recall": 0.9375, "f1-score": 0.8571428571428572, "support": 16}, "accuracy": 0.7238095238095238, "macro avg": {"precision": 0.7752904989747096, "recall": 0.728975227358848, "f1-score": 0.7268541806393919, "support": 105}, "weighted avg": {"precision": 0.7731970619188664, "recall": 0.7238095238095238, "f1-score": 0.7259788892082654, "support": 105}, "classificador": "SVC", "mediaTempoClassificacaoCadaAudio": 0.012938395000639416, "desvioTempoClassificacaoCadaAudio": 0.007383314984701774}