{"casual": {"precision": 0.6388888888888888, "recall": 0.7931034482758621, "f1-score": 0.7076923076923076, "support": 29}, "explosion": {"precision": 0.8857142857142857, "recall": 0.7948717948717948, "f1-score": 0.8378378378378378, "support": 39}, "gunshot": {"precision": 0.9375, "recall": 0.7142857142857143, "f1-score": 0.8108108108108109, "support": 21}, "siren": {"precision": 0.8333333333333334, "recall": 0.9375, "f1-score": 0.8823529411764706, "support": 16}, "accuracy": 0.8, "macro avg": {"precision": 0.823859126984127, "recall": 0.8099402393583428, "f1-score": 0.8096734743793568, "support": 105}, "weighted avg": {"precision": 0.819918745275888, "recall": 0.8, "f1-score": 0.8032707303295538, "support": 105}, "classificador": "SGDClassifier"}