{"casual": {"precision": 0.5476190476190477, "recall": 0.7931034482758621, "f1-score": 0.647887323943662, "support": 29}, "explosion": {"precision": 0.9259259259259259, "recall": 0.6410256410256411, "f1-score": 0.7575757575757577, "support": 39}, "gunshot": {"precision": 1.0, "recall": 0.6666666666666666, "f1-score": 0.8, "support": 21}, "siren": {"precision": 0.6818181818181818, "recall": 0.9375, "f1-score": 0.7894736842105263, "support": 16}, "accuracy": 0.7333333333333333, "macro avg": {"precision": 0.7888407888407888, "recall": 0.7595739389920424, "f1-score": 0.7487341914324865, "support": 105}, "weighted avg": {"precision": 0.7990586133443276, "recall": 0.7333333333333333, "f1-score": 0.7406263417827541, "support": 105}, "classificador": "Perceptron"}