{"casual": {"precision": 0.631578947368421, "recall": 0.8275862068965517, "f1-score": 0.716417910447761, "support": 29}, "explosion": {"precision": 0.9, "recall": 0.6923076923076923, "f1-score": 0.7826086956521738, "support": 39}, "gunshot": {"precision": 0.8421052631578947, "recall": 0.7619047619047619, "f1-score": 0.8, "support": 21}, "siren": {"precision": 0.8333333333333334, "recall": 0.9375, "f1-score": 0.8823529411764706, "support": 16}, "accuracy": 0.780952380952381, "macro avg": {"precision": 0.8017543859649123, "recall": 0.8048246652772515, "f1-score": 0.7953448868191014, "support": 105}, "weighted avg": {"precision": 0.804126984126984, "recall": 0.780952380952381, "f1-score": 0.7830048151642226, "support": 105}, "classificador": "Perceptron"}