{"casual": {"precision": 0.6, "recall": 0.7241379310344828, "f1-score": 0.65625, "support": 29}, "explosion": {"precision": 0.8484848484848485, "recall": 0.717948717948718, "f1-score": 0.7777777777777778, "support": 39}, "gunshot": {"precision": 0.8823529411764706, "recall": 0.7142857142857143, "f1-score": 0.7894736842105262, "support": 21}, "siren": {"precision": 0.75, "recall": 0.9375, "f1-score": 0.8333333333333334, "support": 16}, "accuracy": 0.7523809523809524, "macro avg": {"precision": 0.7702094474153298, "recall": 0.7734680908172288, "f1-score": 0.7642086988304093, "support": 105}, "weighted avg": {"precision": 0.7716221033868093, "recall": 0.7523809523809524, "f1-score": 0.7550177527151211, "support": 105}, "classificador": "SGDClassifier"}