{"casual": {"precision": 0.29508196721311475, "recall": 0.6206896551724138, "f1-score": 0.4, "support": 29}, "explosion": {"precision": 0.7333333333333333, "recall": 0.5641025641025641, "f1-score": 0.6376811594202899, "support": 39}, "gunshot": {"precision": 0.5, "recall": 0.047619047619047616, "f1-score": 0.08695652173913042, "support": 21}, "siren": {"precision": 0.8333333333333334, "recall": 0.625, "f1-score": 0.7142857142857143, "support": 16}, "accuracy": 0.4857142857142857, "macro avg": {"precision": 0.5904371584699454, "recall": 0.4643528167235064, "f1-score": 0.4597308488612837, "support": 105}, "weighted avg": {"precision": 0.580863908404892, "recall": 0.4857142857142857, "f1-score": 0.473564034309376, "support": 105}, "classificador": "BaggingClassifier"}