{"casual": {"precision": 0.6578947368421053, "recall": 0.8620689655172413, "f1-score": 0.746268656716418, "support": 29}, "explosion": {"precision": 0.9142857142857143, "recall": 0.8205128205128205, "f1-score": 0.8648648648648648, "support": 39}, "gunshot": {"precision": 1.0, "recall": 0.7142857142857143, "f1-score": 0.8333333333333333, "support": 21}, "siren": {"precision": 0.8823529411764706, "recall": 0.9375, "f1-score": 0.9090909090909091, "support": 16}, "accuracy": 0.8285714285714286, "macro avg": {"precision": 0.8636333480760725, "recall": 0.8335918750789441, "f1-score": 0.8383894410013812, "support": 105}, "weighted avg": {"precision": 0.8557498788989281, "recall": 0.8285714285714286, "f1-score": 0.832542622094861, "support": 105}, "classificador": "LinearSVC"}