{"casual": {"precision": 0.5405405405405406, "recall": 0.6896551724137931, "f1-score": 0.6060606060606061, "support": 29}, "explosion": {"precision": 0.9354838709677419, "recall": 0.7435897435897436, "f1-score": 0.8285714285714285, "support": 39}, "gunshot": {"precision": 0.9375, "recall": 0.7142857142857143, "f1-score": 0.8108108108108109, "support": 21}, "siren": {"precision": 0.7142857142857143, "recall": 0.9375, "f1-score": 0.8108108108108109, "support": 16}, "accuracy": 0.7523809523809524, "macro avg": {"precision": 0.7819525314484992, "recall": 0.7712576575723128, "f1-score": 0.7640634140634142, "support": 105}, "weighted avg": {"precision": 0.7931011244951337, "recall": 0.7523809523809524, "f1-score": 0.7608575551432694, "support": 105}, "classificador": "LinearDiscriminantAnalysis"}