{"casual": {"precision": 0.6, "recall": 0.8275862068965517, "f1-score": 0.6956521739130435, "support": 29}, "explosion": {"precision": 0.9090909090909091, "recall": 0.7692307692307693, "f1-score": 0.8333333333333333, "support": 39}, "gunshot": {"precision": 0.9444444444444444, "recall": 0.8095238095238095, "f1-score": 0.8717948717948718, "support": 21}, "siren": {"precision": 0.9285714285714286, "recall": 0.8125, "f1-score": 0.8666666666666666, "support": 16}, "accuracy": 0.8, "macro avg": {"precision": 0.8455266955266956, "recall": 0.8047101964127826, "f1-score": 0.8168617614269787, "support": 105}, "weighted avg": {"precision": 0.8337621109049681, "recall": 0.8, "f1-score": 0.8080787811222594, "support": 105}, "classificador": "Perceptron"}