{"casual": {"precision": 0.5945945945945946, "recall": 0.7586206896551724, "f1-score": 0.6666666666666667, "support": 29}, "explosion": {"precision": 0.8333333333333334, "recall": 0.7692307692307693, "f1-score": 0.8, "support": 39}, "gunshot": {"precision": 0.8571428571428571, "recall": 0.5714285714285714, "f1-score": 0.6857142857142857, "support": 21}, "siren": {"precision": 0.8888888888888888, "recall": 1.0, "f1-score": 0.9411764705882353, "support": 16}, "accuracy": 0.7619047619047619, "macro avg": {"precision": 0.7934899184899185, "recall": 0.7748200075786282, "f1-score": 0.7733893557422971, "support": 105}, "weighted avg": {"precision": 0.7806234806234805, "recall": 0.7619047619047619, "f1-score": 0.7618300653594772, "support": 105}, "classificador": "LinearSVC"}