{"casual": {"precision": 0.5757575757575758, "recall": 0.6551724137931034, "f1-score": 0.6129032258064515, "support": 29}, "explosion": {"precision": 0.7619047619047619, "recall": 0.8205128205128205, "f1-score": 0.7901234567901233, "support": 39}, "gunshot": {"precision": 0.9333333333333333, "recall": 0.6666666666666666, "f1-score": 0.7777777777777778, "support": 21}, "siren": {"precision": 0.8666666666666667, "recall": 0.8125, "f1-score": 0.8387096774193549, "support": 16}, "accuracy": 0.7428571428571429, "macro avg": {"precision": 0.7844155844155843, "recall": 0.7387129752431476, "f1-score": 0.7548785344484269, "support": 105}, "weighted avg": {"precision": 0.7607421150278293, "recall": 0.7428571428571429, "f1-score": 0.746111395573761, "support": 105}, "classificador": "Perceptron"}