{"casual": {"precision": 0.5853658536585366, "recall": 0.8275862068965517, "f1-score": 0.6857142857142856, "support": 29}, "explosion": {"precision": 0.9666666666666667, "recall": 0.7435897435897436, "f1-score": 0.8405797101449275, "support": 39}, "gunshot": {"precision": 0.9375, "recall": 0.7142857142857143, "f1-score": 0.8108108108108109, "support": 21}, "siren": {"precision": 0.8333333333333334, "recall": 0.9375, "f1-score": 0.8823529411764706, "support": 16}, "accuracy": 0.7904761904761904, "macro avg": {"precision": 0.8307164634146341, "recall": 0.8057404161930024, "f1-score": 0.8048644369616237, "support": 105}, "weighted avg": {"precision": 0.8352042198993418, "recall": 0.7904761904761904, "f1-score": 0.7982190196877812, "support": 105}, "classificador": "LinearSVC"}