{"casual": {"precision": 0.5476190476190477, "recall": 0.7931034482758621, "f1-score": 0.647887323943662, "support": 29}, "explosion": {"precision": 0.8787878787878788, "recall": 0.7435897435897436, "f1-score": 0.8055555555555556, "support": 39}, "gunshot": {"precision": 1.0, "recall": 0.5714285714285714, "f1-score": 0.7272727272727273, "support": 21}, "siren": {"precision": 0.8333333333333334, "recall": 0.9375, "f1-score": 0.8823529411764706, "support": 16}, "accuracy": 0.7523809523809524, "macro avg": {"precision": 0.814935064935065, "recall": 0.7614054408235442, "f1-score": 0.7657671369871039, "support": 105}, "weighted avg": {"precision": 0.8046382189239333, "recall": 0.7523809523809524, "f1-score": 0.7580549846912732, "support": 105}, "classificador": "LinearDiscriminantAnalysis"}