{"casual": {"precision": 0.6111111111111112, "recall": 0.7586206896551724, "f1-score": 0.676923076923077, "support": 29}, "explosion": {"precision": 0.9142857142857143, "recall": 0.8205128205128205, "f1-score": 0.8648648648648648, "support": 39}, "gunshot": {"precision": 1.0, "recall": 0.7142857142857143, "f1-score": 0.8333333333333333, "support": 21}, "siren": {"precision": 0.7894736842105263, "recall": 0.9375, "f1-score": 0.8571428571428572, "support": 16}, "accuracy": 0.8, "macro avg": {"precision": 0.828717627401838, "recall": 0.8077298061134268, "f1-score": 0.8080660330660331, "support": 105}, "weighted avg": {"precision": 0.828675657397462, "recall": 0.8, "f1-score": 0.8054741397598539, "support": 105}, "classificador": "LinearDiscriminantAnalysis"}