{"casual": {"precision": 0.6666666666666666, "recall": 0.6896551724137931, "f1-score": 0.6779661016949153, "support": 29}, "explosion": {"precision": 0.9210526315789473, "recall": 0.8974358974358975, "f1-score": 0.9090909090909091, "support": 39}, "gunshot": {"precision": 0.9333333333333333, "recall": 0.6666666666666666, "f1-score": 0.7777777777777778, "support": 21}, "siren": {"precision": 0.6818181818181818, "recall": 0.9375, "f1-score": 0.7894736842105263, "support": 16}, "accuracy": 0.8, "macro avg": {"precision": 0.8007177033492823, "recall": 0.7978144341290893, "f1-score": 0.7885771181935322, "support": 105}, "weighted avg": {"precision": 0.8167950178476493, "recall": 0.8, "f1-score": 0.8007664255657119, "support": 105}, "classificador": "Perceptron"}