{"casual": {"precision": 0.6, "recall": 0.7241379310344828, "f1-score": 0.65625, "support": 29}, "explosion": {"precision": 0.9142857142857143, "recall": 0.8205128205128205, "f1-score": 0.8648648648648648, "support": 39}, "gunshot": {"precision": 1.0, "recall": 0.7142857142857143, "f1-score": 0.8333333333333333, "support": 21}, "siren": {"precision": 0.75, "recall": 0.9375, "f1-score": 0.8333333333333334, "support": 16}, "accuracy": 0.7904761904761904, "macro avg": {"precision": 0.8160714285714286, "recall": 0.7991091164582544, "f1-score": 0.7969453828828829, "support": 105}, "weighted avg": {"precision": 0.8195918367346938, "recall": 0.7904761904761904, "f1-score": 0.7961363148863148, "support": 105}, "classificador": "LinearDiscriminantAnalysis"}