{"casual": {"precision": 0.6388888888888888, "recall": 0.7931034482758621, "f1-score": 0.7076923076923076, "support": 29}, "explosion": {"precision": 0.8947368421052632, "recall": 0.8717948717948718, "f1-score": 0.8831168831168831, "support": 39}, "gunshot": {"precision": 0.9411764705882353, "recall": 0.7619047619047619, "f1-score": 0.8421052631578947, "support": 21}, "siren": {"precision": 0.9285714285714286, "recall": 0.8125, "f1-score": 0.8666666666666666, "support": 16}, "accuracy": 0.819047619047619, "macro avg": {"precision": 0.8508434075384541, "recall": 0.8098257704938739, "f1-score": 0.824895280158438, "support": 105}, "weighted avg": {"precision": 0.8385177462797985, "recall": 0.819047619047619, "f1-score": 0.823957262453503, "support": 105}, "classificador": "KNeighborsClassifier"}