{"casual": {"precision": 0.4791666666666667, "recall": 0.7931034482758621, "f1-score": 0.5974025974025974, "support": 29}, "explosion": {"precision": 0.72, "recall": 0.46153846153846156, "f1-score": 0.5625, "support": 39}, "gunshot": {"precision": 0.625, "recall": 0.47619047619047616, "f1-score": 0.5405405405405405, "support": 21}, "siren": {"precision": 0.8125, "recall": 0.8125, "f1-score": 0.8125, "support": 16}, "accuracy": 0.6095238095238096, "macro avg": {"precision": 0.6591666666666667, "recall": 0.6358330965012, "f1-score": 0.6282357844857844, "support": 105}, "weighted avg": {"precision": 0.648579365079365, "recall": 0.6095238095238096, "f1-score": 0.605843111200254, "support": 105}, "classificador": "LinearSVC"}