{"casual": {"precision": 0.5588235294117647, "recall": 0.6551724137931034, "f1-score": 0.6031746031746031, "support": 29}, "explosion": {"precision": 0.8181818181818182, "recall": 0.6923076923076923, "f1-score": 0.7500000000000001, "support": 39}, "gunshot": {"precision": 0.6842105263157895, "recall": 0.6190476190476191, "f1-score": 0.6500000000000001, "support": 21}, "siren": {"precision": 0.7894736842105263, "recall": 0.9375, "f1-score": 0.8571428571428572, "support": 16}, "accuracy": 0.7047619047619048, "macro avg": {"precision": 0.7126723895299747, "recall": 0.7260069312871037, "f1-score": 0.7150793650793651, "support": 105}, "weighted avg": {"precision": 0.715380697733639, "recall": 0.7047619047619048, "f1-score": 0.7057747543461831, "support": 105}, "classificador": "SVC"}