{"casual": {"precision": 0.525, "recall": 0.7241379310344828, "f1-score": 0.6086956521739131, "support": 29}, "explosion": {"precision": 0.8181818181818182, "recall": 0.46153846153846156, "f1-score": 0.5901639344262295, "support": 39}, "gunshot": {"precision": 0.5652173913043478, "recall": 0.6190476190476191, "f1-score": 0.5909090909090909, "support": 21}, "siren": {"precision": 0.75, "recall": 0.9375, "f1-score": 0.8333333333333334, "support": 16}, "accuracy": 0.638095238095238, "macro avg": {"precision": 0.6645998023715415, "recall": 0.6855560029051408, "f1-score": 0.6557755027106418, "support": 105}, "weighted avg": {"precision": 0.6762252964426877, "recall": 0.638095238095238, "f1-score": 0.6324856342675301, "support": 105}, "classificador": "Perceptron"}