{"casual": {"precision": 0.5, "recall": 0.9310344827586207, "f1-score": 0.6506024096385543, "support": 29}, "explosion": {"precision": 0.7777777777777778, "recall": 0.5384615384615384, "f1-score": 0.6363636363636364, "support": 39}, "gunshot": {"precision": 1.0, "recall": 0.3333333333333333, "f1-score": 0.5, "support": 21}, "siren": {"precision": 0.8823529411764706, "recall": 0.9375, "f1-score": 0.9090909090909091, "support": 16}, "accuracy": 0.6666666666666666, "macro avg": {"precision": 0.7900326797385621, "recall": 0.6850823386383731, "f1-score": 0.6740142387732749, "support": 105}, "weighted avg": {"precision": 0.7614379084967319, "recall": 0.6666666666666666, "f1-score": 0.6545819642205185, "support": 105}, "classificador": "SGDClassifier"}