{"casual": {"precision": 0.6578947368421053, "recall": 0.8620689655172413, "f1-score": 0.746268656716418, "support": 29}, "explosion": {"precision": 0.8620689655172413, "recall": 0.6410256410256411, "f1-score": 0.7352941176470588, "support": 39}, "gunshot": {"precision": 0.5769230769230769, "recall": 0.7142857142857143, "f1-score": 0.6382978723404256, "support": 21}, "siren": {"precision": 1.0, "recall": 0.75, "f1-score": 0.8571428571428571, "support": 16}, "accuracy": 0.7333333333333333, "macro avg": {"precision": 0.7742216948206059, "recall": 0.7418450802071492, "f1-score": 0.7442508759616898, "support": 105}, "weighted avg": {"precision": 0.7696668727521722, "recall": 0.7333333333333333, "f1-score": 0.7374933587280578, "support": 105}, "classificador": "KNeighborsClassifier"}