{"casual": {"precision": 0.5142857142857142, "recall": 0.6206896551724138, "f1-score": 0.5625, "support": 29}, "explosion": {"precision": 0.7948717948717948, "recall": 0.7948717948717948, "f1-score": 0.7948717948717948, "support": 39}, "gunshot": {"precision": 0.9230769230769231, "recall": 0.5714285714285714, "f1-score": 0.7058823529411765, "support": 21}, "siren": {"precision": 0.7777777777777778, "recall": 0.875, "f1-score": 0.823529411764706, "support": 16}, "accuracy": 0.7142857142857143, "macro avg": {"precision": 0.7525030525030525, "recall": 0.715497505368195, "f1-score": 0.7216958898944194, "support": 105}, "weighted avg": {"precision": 0.7404128146985289, "recall": 0.7142857142857143, "f1-score": 0.7172619047619048, "support": 105}, "classificador": "LinearSVC"}