{"casual": {"precision": 0.5833333333333334, "recall": 0.7241379310344828, "f1-score": 0.6461538461538462, "support": 29}, "explosion": {"precision": 0.7272727272727273, "recall": 0.6153846153846154, "f1-score": 0.6666666666666667, "support": 39}, "gunshot": {"precision": 0.5263157894736842, "recall": 0.47619047619047616, "f1-score": 0.5, "support": 21}, "siren": {"precision": 0.8235294117647058, "recall": 0.875, "f1-score": 0.8484848484848485, "support": 16}, "accuracy": 0.6571428571428571, "macro avg": {"precision": 0.6651128154611126, "recall": 0.6726782556523936, "f1-score": 0.6653263403263404, "support": 105}, "weighted avg": {"precision": 0.6619943352141494, "recall": 0.6571428571428571, "f1-score": 0.6553735153735154, "support": 105}, "classificador": "Perceptron"}