{"casual": {"precision": 0.44680851063829785, "recall": 0.7241379310344828, "f1-score": 0.5526315789473684, "support": 29}, "explosion": {"precision": 0.76, "recall": 0.48717948717948717, "f1-score": 0.59375, "support": 39}, "gunshot": {"precision": 0.4375, "recall": 0.3333333333333333, "f1-score": 0.37837837837837834, "support": 21}, "siren": {"precision": 0.7058823529411765, "recall": 0.75, "f1-score": 0.7272727272727272, "support": 16}, "accuracy": 0.5619047619047619, "macro avg": {"precision": 0.5875477158948686, "recall": 0.5736626878868258, "f1-score": 0.5630081711496184, "support": 105}, "weighted avg": {"precision": 0.6007529948149473, "recall": 0.5619047619047619, "f1-score": 0.5596654797312691, "support": 105}, "classificador": "LinearDiscriminantAnalysis"}