{"casual": {"precision": 0.48484848484848486, "recall": 0.5517241379310345, "f1-score": 0.5161290322580646, "support": 29}, "explosion": {"precision": 0.6078431372549019, "recall": 0.7948717948717948, "f1-score": 0.6888888888888889, "support": 39}, "gunshot": {"precision": 1.0, "recall": 0.09523809523809523, "f1-score": 0.17391304347826084, "support": 21}, "siren": {"precision": 0.7894736842105263, "recall": 0.9375, "f1-score": 0.8571428571428572, "support": 16}, "accuracy": 0.6095238095238096, "macro avg": {"precision": 0.7205413265784784, "recall": 0.5948335070102312, "f1-score": 0.5590184554420179, "support": 105}, "weighted avg": {"precision": 0.6799815939134825, "recall": 0.6095238095238096, "f1-score": 0.5638177926617117, "support": 105}, "classificador": "SGDClassifier"}