{"casual": {"precision": 0.6451612903225806, "recall": 0.6896551724137931, "f1-score": 0.6666666666666667, "support": 29}, "explosion": {"precision": 0.8333333333333334, "recall": 0.8974358974358975, "f1-score": 0.8641975308641975, "support": 39}, "gunshot": {"precision": 0.8666666666666667, "recall": 0.6190476190476191, "f1-score": 0.7222222222222222, "support": 21}, "siren": {"precision": 0.8823529411764706, "recall": 0.9375, "f1-score": 0.9090909090909091, "support": 16}, "accuracy": 0.7904761904761904, "macro avg": {"precision": 0.8068785578747628, "recall": 0.7859096722243274, "f1-score": 0.790544332210999, "support": 105}, "weighted avg": {"precision": 0.7954983283636036, "recall": 0.7904761904761904, "f1-score": 0.7880872214205549, "support": 105}, "classificador": "BaggingClassifier"}