{"casual": {"precision": 0.5641025641025641, "recall": 0.7586206896551724, "f1-score": 0.6470588235294118, "support": 29}, "explosion": {"precision": 0.8648648648648649, "recall": 0.8205128205128205, "f1-score": 0.8421052631578947, "support": 39}, "gunshot": {"precision": 0.9230769230769231, "recall": 0.5714285714285714, "f1-score": 0.7058823529411765, "support": 21}, "siren": {"precision": 0.75, "recall": 0.75, "f1-score": 0.75, "support": 16}, "accuracy": 0.7428571428571429, "macro avg": {"precision": 0.775511088011088, "recall": 0.725140520399141, "f1-score": 0.7362616099071208, "support": 105}, "weighted avg": {"precision": 0.775936375936376, "recall": 0.7428571428571429, "f1-score": 0.7469556243550052, "support": 105}, "classificador": "BaggingClassifier"}