{"casual": {"precision": 0.45454545454545453, "recall": 0.5172413793103449, "f1-score": 0.4838709677419355, "support": 29}, "explosion": {"precision": 0.75, "recall": 0.7692307692307693, "f1-score": 0.7594936708860761, "support": 39}, "gunshot": {"precision": 1.0, "recall": 0.6190476190476191, "f1-score": 0.7647058823529412, "support": 21}, "siren": {"precision": 0.7894736842105263, "recall": 0.9375, "f1-score": 0.8571428571428572, "support": 16}, "accuracy": 0.6952380952380952, "macro avg": {"precision": 0.7485047846889952, "recall": 0.7107549418971832, "f1-score": 0.7163033445309525, "support": 105}, "weighted avg": {"precision": 0.7244133059922533, "recall": 0.6952380952380952, "f1-score": 0.6992916235501961, "support": 105}, "classificador": "LinearDiscriminantAnalysis"}