{"casual": {"precision": 0.575, "recall": 0.7931034482758621, "f1-score": 0.6666666666666666, "support": 29}, "explosion": {"precision": 0.8620689655172413, "recall": 0.6410256410256411, "f1-score": 0.7352941176470588, "support": 39}, "gunshot": {"precision": 0.8888888888888888, "recall": 0.7619047619047619, "f1-score": 0.8205128205128205, "support": 21}, "siren": {"precision": 0.8333333333333334, "recall": 0.9375, "f1-score": 0.8823529411764706, "support": 16}, "accuracy": 0.7523809523809524, "macro avg": {"precision": 0.7898227969348659, "recall": 0.7833834628015662, "f1-score": 0.7762066365007542, "support": 105}, "weighted avg": {"precision": 0.783768472906404, "recall": 0.7523809523809524, "f1-score": 0.7557925734396322, "support": 105}, "classificador": "Perceptron"}