{"casual": {"precision": 0.6, "recall": 0.7241379310344828, "f1-score": 0.65625, "support": 29}, "explosion": {"precision": 0.8484848484848485, "recall": 0.717948717948718, "f1-score": 0.7777777777777778, "support": 39}, "gunshot": {"precision": 0.9444444444444444, "recall": 0.8095238095238095, "f1-score": 0.8717948717948718, "support": 21}, "siren": {"precision": 0.7894736842105263, "recall": 0.9375, "f1-score": 0.8571428571428572, "support": 16}, "accuracy": 0.7714285714285715, "macro avg": {"precision": 0.7956007442849549, "recall": 0.7972776146267526, "f1-score": 0.7907413766788767, "support": 105}, "weighted avg": {"precision": 0.7900554416343891, "recall": 0.7714285714285715, "f1-score": 0.7751101081458225, "support": 105}, "classificador": "Perceptron"}