{"casual": {"precision": 0.6, "recall": 0.8275862068965517, "f1-score": 0.6956521739130435, "support": 29}, "explosion": {"precision": 0.8709677419354839, "recall": 0.6923076923076923, "f1-score": 0.7714285714285716, "support": 39}, "gunshot": {"precision": 0.8823529411764706, "recall": 0.7142857142857143, "f1-score": 0.7894736842105262, "support": 21}, "siren": {"precision": 0.9411764705882353, "recall": 1.0, "f1-score": 0.9696969696969697, "support": 16}, "accuracy": 0.780952380952381, "macro avg": {"precision": 0.8236242884250475, "recall": 0.8085449033724896, "f1-score": 0.8065628498122778, "support": 105}, "weighted avg": {"precision": 0.809104545043824, "recall": 0.780952380952381, "f1-score": 0.7843212020263345, "support": 105}, "classificador": "LinearDiscriminantAnalysis"}