{"casual": {"precision": 0.6285714285714286, "recall": 0.7586206896551724, "f1-score": 0.6875, "support": 29}, "explosion": {"precision": 0.9411764705882353, "recall": 0.8205128205128205, "f1-score": 0.8767123287671232, "support": 39}, "gunshot": {"precision": 0.8888888888888888, "recall": 0.7619047619047619, "f1-score": 0.8205128205128205, "support": 21}, "siren": {"precision": 0.8333333333333334, "recall": 0.9375, "f1-score": 0.8823529411764706, "support": 16}, "accuracy": 0.8095238095238095, "macro avg": {"precision": 0.8229925303454716, "recall": 0.8196345680181887, "f1-score": 0.8167695226141035, "support": 105}, "weighted avg": {"precision": 0.8279471788715486, "recall": 0.8095238095238095, "f1-score": 0.8140733058239101, "support": 105}, "classificador": "Perceptron"}