{"casual": {"precision": 0.5526315789473685, "recall": 0.7241379310344828, "f1-score": 0.6268656716417911, "support": 29}, "explosion": {"precision": 0.8648648648648649, "recall": 0.8205128205128205, "f1-score": 0.8421052631578947, "support": 39}, "gunshot": {"precision": 1.0, "recall": 0.6190476190476191, "f1-score": 0.7647058823529412, "support": 21}, "siren": {"precision": 0.8235294117647058, "recall": 0.875, "f1-score": 0.8484848484848485, "support": 16}, "accuracy": 0.7619047619047619, "macro avg": {"precision": 0.8102564638942349, "recall": 0.7596745926487306, "f1-score": 0.7705404164093689, "support": 105}, "weighted avg": {"precision": 0.799357296261321, "recall": 0.7619047619047619, "f1-score": 0.7681503890089446, "support": 105}, "classificador": "SGDClassifier"}