{"casual": {"precision": 0.6857142857142857, "recall": 0.8275862068965517, "f1-score": 0.75, "support": 29}, "explosion": {"precision": 0.9459459459459459, "recall": 0.8974358974358975, "f1-score": 0.9210526315789475, "support": 39}, "gunshot": {"precision": 1.0, "recall": 0.7142857142857143, "f1-score": 0.8333333333333333, "support": 21}, "siren": {"precision": 0.8333333333333334, "recall": 0.9375, "f1-score": 0.8823529411764706, "support": 16}, "accuracy": 0.8476190476190476, "macro avg": {"precision": 0.8662483912483913, "recall": 0.8442019546545408, "f1-score": 0.8466847265221878, "support": 105}, "weighted avg": {"precision": 0.8677232334375191, "recall": 0.8476190476190476, "f1-score": 0.8503685684800237, "support": 105}, "classificador": "BaggingClassifier"}