{"casual": {"precision": 0.71875, "recall": 0.7931034482758621, "f1-score": 0.7540983606557378, "support": 29}, "explosion": {"precision": 0.9210526315789473, "recall": 0.8974358974358975, "f1-score": 0.9090909090909091, "support": 39}, "gunshot": {"precision": 1.0, "recall": 0.7619047619047619, "f1-score": 0.8648648648648648, "support": 21}, "siren": {"precision": 0.8421052631578947, "recall": 1.0, "f1-score": 0.9142857142857143, "support": 16}, "accuracy": 0.8571428571428571, "macro avg": {"precision": 0.8704769736842105, "recall": 0.8631110269041303, "f1-score": 0.8605849622243065, "support": 105}, "weighted avg": {"precision": 0.868937969924812, "recall": 0.8571428571428571, "f1-score": 0.8582298238504328, "support": 105}, "classificador": "LinearSVC"}