{"casual": {"precision": 0.6451612903225806, "recall": 0.6896551724137931, "f1-score": 0.6666666666666667, "support": 29}, "explosion": {"precision": 0.8648648648648649, "recall": 0.8205128205128205, "f1-score": 0.8421052631578947, "support": 39}, "gunshot": {"precision": 0.8823529411764706, "recall": 0.7142857142857143, "f1-score": 0.7894736842105262, "support": 21}, "siren": {"precision": 0.8, "recall": 1.0, "f1-score": 0.888888888888889, "support": 16}, "accuracy": 0.7904761904761904, "macro avg": {"precision": 0.798094774090979, "recall": 0.806113426803082, "f1-score": 0.7967836257309941, "support": 105}, "weighted avg": {"precision": 0.7977982753694329, "recall": 0.7904761904761904, "f1-score": 0.7902534113060429, "support": 105}, "classificador": "SGDClassifier"}