{"casual": {"precision": 0.78125, "recall": 0.8620689655172413, "f1-score": 0.8196721311475409, "support": 29}, "explosion": {"precision": 0.918918918918919, "recall": 0.8717948717948718, "f1-score": 0.8947368421052632, "support": 39}, "gunshot": {"precision": 0.8947368421052632, "recall": 0.8095238095238095, "f1-score": 0.8500000000000001, "support": 21}, "siren": {"precision": 0.9411764705882353, "recall": 1.0, "f1-score": 0.9696969696969697, "support": 16}, "accuracy": 0.8761904761904762, "macro avg": {"precision": 0.8840205579031044, "recall": 0.8858469117089807, "f1-score": 0.8835264857374434, "support": 105}, "weighted avg": {"precision": 0.8794512862043822, "recall": 0.8761904761904762, "f1-score": 0.8764798110527188, "support": 105}, "classificador": "KNeighborsClassifier"}