{"casual": {"precision": 0.5319148936170213, "recall": 0.8620689655172413, "f1-score": 0.6578947368421053, "support": 29}, "explosion": {"precision": 0.9, "recall": 0.6923076923076923, "f1-score": 0.7826086956521738, "support": 39}, "gunshot": {"precision": 0.75, "recall": 0.42857142857142855, "f1-score": 0.5454545454545454, "support": 21}, "siren": {"precision": 0.6875, "recall": 0.6875, "f1-score": 0.6875, "support": 16}, "accuracy": 0.6857142857142857, "macro avg": {"precision": 0.7173537234042553, "recall": 0.6676120215990906, "f1-score": 0.6683644944872061, "support": 105}, "weighted avg": {"precision": 0.7359574468085106, "recall": 0.6857142857142857, "f1-score": 0.6862403043181076, "support": 105}, "classificador": "Perceptron"}