{"casual": {"precision": 0.5641025641025641, "recall": 0.7586206896551724, "f1-score": 0.6470588235294118, "support": 29}, "explosion": {"precision": 0.9, "recall": 0.6923076923076923, "f1-score": 0.7826086956521738, "support": 39}, "gunshot": {"precision": 0.7857142857142857, "recall": 0.5238095238095238, "f1-score": 0.6285714285714286, "support": 21}, "siren": {"precision": 0.6818181818181818, "recall": 0.9375, "f1-score": 0.7894736842105263, "support": 16}, "accuracy": 0.7142857142857143, "macro avg": {"precision": 0.7329087579087579, "recall": 0.7280594764430971, "f1-score": 0.7119281579908852, "support": 105}, "weighted avg": {"precision": 0.7511244311244311, "recall": 0.7142857142857143, "f1-score": 0.7154097520014872, "support": 105}, "classificador": "SGDClassifier"}