{"casual": {"precision": 0.7352941176470589, "recall": 0.8620689655172413, "f1-score": 0.7936507936507937, "support": 29}, "explosion": {"precision": 0.8717948717948718, "recall": 0.8717948717948718, "f1-score": 0.8717948717948718, "support": 39}, "gunshot": {"precision": 0.9285714285714286, "recall": 0.6190476190476191, "f1-score": 0.742857142857143, "support": 21}, "siren": {"precision": 0.8888888888888888, "recall": 1.0, "f1-score": 0.9411764705882353, "support": 16}, "accuracy": 0.8380952380952381, "macro avg": {"precision": 0.856137326725562, "recall": 0.838227864089933, "f1-score": 0.837369819722761, "support": 105}, "weighted avg": {"precision": 0.8480547774665421, "recall": 0.8380952380952381, "f1-score": 0.8349971099550932, "support": 105}, "classificador": "SVC"}