{"casual": {"precision": 0.5555555555555556, "recall": 0.8620689655172413, "f1-score": 0.6756756756756757, "support": 29}, "explosion": {"precision": 0.9583333333333334, "recall": 0.5897435897435898, "f1-score": 0.7301587301587301, "support": 39}, "gunshot": {"precision": 0.9444444444444444, "recall": 0.8095238095238095, "f1-score": 0.8717948717948718, "support": 21}, "siren": {"precision": 0.8333333333333334, "recall": 0.9375, "f1-score": 0.8823529411764706, "support": 16}, "accuracy": 0.7619047619047619, "macro avg": {"precision": 0.8229166666666666, "recall": 0.7997090911961602, "f1-score": 0.789995554701437, "support": 105}, "weighted avg": {"precision": 0.8252645502645503, "recall": 0.7619047619047619, "f1-score": 0.7666297565457227, "support": 105}, "classificador": "Perceptron"}