{"casual": {"precision": 0.6551724137931034, "recall": 0.6551724137931034, "f1-score": 0.6551724137931034, "support": 29}, "explosion": {"precision": 0.9393939393939394, "recall": 0.7948717948717948, "f1-score": 0.8611111111111112, "support": 39}, "gunshot": {"precision": 0.7, "recall": 0.6666666666666666, "f1-score": 0.6829268292682926, "support": 21}, "siren": {"precision": 0.6956521739130435, "recall": 1.0, "f1-score": 0.8205128205128205, "support": 16}, "accuracy": 0.7619047619047619, "macro avg": {"precision": 0.7475546317750216, "recall": 0.7791777188328912, "f1-score": 0.7549307936713319, "support": 105}, "weighted avg": {"precision": 0.7758742706568793, "recall": 0.7619047619047619, "f1-score": 0.7624095416778343, "support": 105}, "classificador": "SVC"}