{"casual": {"precision": 0.5333333333333333, "recall": 0.5517241379310345, "f1-score": 0.5423728813559322, "support": 29}, "explosion": {"precision": 0.8235294117647058, "recall": 0.717948717948718, "f1-score": 0.767123287671233, "support": 39}, "gunshot": {"precision": 0.7142857142857143, "recall": 0.47619047619047616, "f1-score": 0.5714285714285714, "support": 21}, "siren": {"precision": 0.5925925925925926, "recall": 1.0, "f1-score": 0.7441860465116279, "support": 16}, "accuracy": 0.6666666666666666, "macro avg": {"precision": 0.6659352629940866, "recall": 0.6864658330175571, "f1-score": 0.6562776967418411, "support": 105}, "weighted avg": {"precision": 0.6863409067330636, "recall": 0.6666666666666666, "f1-score": 0.6624152240255826, "support": 105}, "classificador": "Perceptron"}