{"casual": {"precision": 0.5333333333333333, "recall": 0.5517241379310345, "f1-score": 0.5423728813559322, "support": 29}, "explosion": {"precision": 0.8333333333333334, "recall": 0.7692307692307693, "f1-score": 0.8, "support": 39}, "gunshot": {"precision": 0.8125, "recall": 0.6190476190476191, "f1-score": 0.7027027027027026, "support": 21}, "siren": {"precision": 0.6521739130434783, "recall": 0.9375, "f1-score": 0.7692307692307693, "support": 16}, "accuracy": 0.7047619047619048, "macro avg": {"precision": 0.7078351449275362, "recall": 0.7193756315523557, "f1-score": 0.703576588322351, "support": 105}, "weighted avg": {"precision": 0.7187042788129745, "recall": 0.7047619047619048, "f1-score": 0.7046977392740105, "support": 105}, "classificador": "Perceptron"}