{"casual": {"precision": 0.6666666666666666, "recall": 0.6206896551724138, "f1-score": 0.6428571428571429, "support": 29}, "explosion": {"precision": 0.9428571428571428, "recall": 0.8461538461538461, "f1-score": 0.8918918918918919, "support": 39}, "gunshot": {"precision": 0.6666666666666666, "recall": 0.6666666666666666, "f1-score": 0.6666666666666666, "support": 21}, "siren": {"precision": 0.7272727272727273, "recall": 1.0, "f1-score": 0.8421052631578948, "support": 16}, "accuracy": 0.7714285714285715, "macro avg": {"precision": 0.7508658008658009, "recall": 0.7833775419982316, "f1-score": 0.760880241143399, "support": 105}, "weighted avg": {"precision": 0.7784869099154813, "recall": 0.7714285714285715, "f1-score": 0.7704792870206404, "support": 105}, "classificador": "SVC"}