{"casual": {"precision": 0.5294117647058824, "recall": 0.6206896551724138, "f1-score": 0.5714285714285715, "support": 29}, "explosion": {"precision": 0.8148148148148148, "recall": 0.5641025641025641, "f1-score": 0.6666666666666667, "support": 39}, "gunshot": {"precision": 0.7777777777777778, "recall": 0.6666666666666666, "f1-score": 0.717948717948718, "support": 21}, "siren": {"precision": 0.6153846153846154, "recall": 1.0, "f1-score": 0.761904761904762, "support": 16}, "accuracy": 0.6666666666666666, "macro avg": {"precision": 0.6843472431707726, "recall": 0.7128647214854111, "f1-score": 0.6794871794871795, "support": 105}, "weighted avg": {"precision": 0.6981924393689098, "recall": 0.6666666666666666, "f1-score": 0.6651316937031223, "support": 105}, "classificador": "Perceptron"}