{"casual": {"precision": 0.5172413793103449, "recall": 0.5172413793103449, "f1-score": 0.5172413793103449, "support": 29}, "explosion": {"precision": 0.8, "recall": 0.717948717948718, "f1-score": 0.7567567567567569, "support": 39}, "gunshot": {"precision": 0.631578947368421, "recall": 0.5714285714285714, "f1-score": 0.6, "support": 21}, "siren": {"precision": 0.6818181818181818, "recall": 0.9375, "f1-score": 0.7894736842105263, "support": 16}, "accuracy": 0.6666666666666666, "macro avg": {"precision": 0.657659627124237, "recall": 0.6860296671719086, "f1-score": 0.6658679550694071, "support": 105}, "weighted avg": {"precision": 0.6702118933697881, "recall": 0.6666666666666666, "f1-score": 0.6642389758179233, "support": 105}, "classificador": "SGDClassifier"}