{"casual": {"precision": 0.6086956521739131, "recall": 0.4827586206896552, "f1-score": 0.5384615384615384, "support": 29}, "explosion": {"precision": 0.7931034482758621, "recall": 0.5897435897435898, "f1-score": 0.676470588235294, "support": 39}, "gunshot": {"precision": 0.41025641025641024, "recall": 0.7619047619047619, "f1-score": 0.5333333333333333, "support": 21}, "siren": {"precision": 0.7142857142857143, "recall": 0.625, "f1-score": 0.6666666666666666, "support": 16}, "accuracy": 0.6, "macro avg": {"precision": 0.6315853062479749, "recall": 0.6148517430845017, "f1-score": 0.6037330316742081, "support": 105}, "weighted avg": {"precision": 0.653592042283411, "recall": 0.6, "f1-score": 0.6082324211735975, "support": 105}, "classificador": "LinearDiscriminantAnalysis"}