{"casual": {"precision": 0.5483870967741935, "recall": 0.5862068965517241, "f1-score": 0.5666666666666665, "support": 29}, "explosion": {"precision": 0.8421052631578947, "recall": 0.8205128205128205, "f1-score": 0.8311688311688312, "support": 39}, "gunshot": {"precision": 0.9090909090909091, "recall": 0.47619047619047616, "f1-score": 0.6249999999999999, "support": 21}, "siren": {"precision": 0.64, "recall": 1.0, "f1-score": 0.7804878048780487, "support": 16}, "accuracy": 0.7142857142857143, "macro avg": {"precision": 0.7348958172557494, "recall": 0.7207275483137552, "f1-score": 0.7008308256783866, "support": 105}, "weighted avg": {"precision": 0.7435832396239866, "recall": 0.7142857142857143, "f1-score": 0.709159263113967, "support": 105}, "classificador": "SGDClassifier"}