{"casual": {"precision": 0.5833333333333334, "recall": 0.4827586206896552, "f1-score": 0.5283018867924529, "support": 29}, "explosion": {"precision": 0.7857142857142857, "recall": 0.5641025641025641, "f1-score": 0.6567164179104477, "support": 39}, "gunshot": {"precision": 0.43243243243243246, "recall": 0.7619047619047619, "f1-score": 0.5517241379310345, "support": 21}, "siren": {"precision": 0.6875, "recall": 0.6875, "f1-score": 0.6875, "support": 16}, "accuracy": 0.6, "macro avg": {"precision": 0.6222450128700129, "recall": 0.6240664866742454, "f1-score": 0.6060606106584838, "support": 105}, "weighted avg": {"precision": 0.6441962370533799, "recall": 0.6, "f1-score": 0.6049419229718125, "support": 105}, "classificador": "LinearDiscriminantAnalysis"}