{"casual": {"precision": 0.5151515151515151, "recall": 0.5862068965517241, "f1-score": 0.5483870967741935, "support": 29}, "explosion": {"precision": 0.8333333333333334, "recall": 0.7692307692307693, "f1-score": 0.8, "support": 39}, "gunshot": {"precision": 1.0, "recall": 0.47619047619047616, "f1-score": 0.6451612903225806, "support": 21}, "siren": {"precision": 0.6153846153846154, "recall": 1.0, "f1-score": 0.761904761904762, "support": 16}, "accuracy": 0.6952380952380952, "macro avg": {"precision": 0.740967365967366, "recall": 0.7079070354932424, "f1-score": 0.688863287250384, "support": 105}, "weighted avg": {"precision": 0.7455766455766455, "recall": 0.6952380952380952, "f1-score": 0.693734181844781, "support": 105}, "classificador": "SGDClassifier"}