{"casual": {"precision": 0.64, "recall": 0.5517241379310345, "f1-score": 0.5925925925925927, "support": 29}, "explosion": {"precision": 0.8, "recall": 0.8205128205128205, "f1-score": 0.810126582278481, "support": 39}, "gunshot": {"precision": 0.5555555555555556, "recall": 0.7142857142857143, "f1-score": 0.6250000000000001, "support": 21}, "siren": {"precision": 0.7692307692307693, "recall": 0.625, "f1-score": 0.6896551724137931, "support": 16}, "accuracy": 0.6952380952380952, "macro avg": {"precision": 0.6911965811965812, "recall": 0.6778806681823923, "f1-score": 0.6793435868212168, "support": 105}, "weighted avg": {"precision": 0.7022319902319903, "recall": 0.6952380952380952, "f1-score": 0.694662901453968, "support": 105}, "classificador": "KNeighborsClassifier"}