{"casual": {"precision": 0.71875, "recall": 0.7931034482758621, "f1-score": 0.7540983606557378, "support": 29}, "explosion": {"precision": 0.875, "recall": 0.8974358974358975, "f1-score": 0.8860759493670887, "support": 39}, "gunshot": {"precision": 0.7222222222222222, "recall": 0.6190476190476191, "f1-score": 0.6666666666666666, "support": 21}, "siren": {"precision": 0.8666666666666667, "recall": 0.8125, "f1-score": 0.8387096774193549, "support": 16}, "accuracy": 0.8, "macro avg": {"precision": 0.7956597222222223, "recall": 0.7805217411898446, "f1-score": 0.786387663527212, "support": 105}, "weighted avg": {"precision": 0.8000198412698413, "recall": 0.8, "f1-score": 0.7985254221242145, "support": 105}, "classificador": "KNeighborsClassifier"}