{"casual": {"precision": 0.7407407407407407, "recall": 0.6896551724137931, "f1-score": 0.7142857142857143, "support": 29}, "explosion": {"precision": 0.9444444444444444, "recall": 0.8717948717948718, "f1-score": 0.9066666666666667, "support": 39}, "gunshot": {"precision": 0.7619047619047619, "recall": 0.7619047619047619, "f1-score": 0.7619047619047619, "support": 21}, "siren": {"precision": 0.7142857142857143, "recall": 0.9375, "f1-score": 0.8108108108108109, "support": 16}, "accuracy": 0.8095238095238095, "macro avg": {"precision": 0.7903439153439153, "recall": 0.8152137015283567, "f1-score": 0.7984169884169885, "support": 105}, "weighted avg": {"precision": 0.8166036785084404, "recall": 0.8095238095238095, "f1-score": 0.8099738922596065, "support": 105}, "classificador": "SVC"}