{"casual": {"precision": 0.5862068965517241, "recall": 0.5862068965517241, "f1-score": 0.5862068965517241, "support": 29}, "explosion": {"precision": 0.7567567567567568, "recall": 0.717948717948718, "f1-score": 0.736842105263158, "support": 39}, "gunshot": {"precision": 0.75, "recall": 0.42857142857142855, "f1-score": 0.5454545454545454, "support": 21}, "siren": {"precision": 0.5185185185185185, "recall": 0.875, "f1-score": 0.6511627906976744, "support": 16}, "accuracy": 0.6476190476190476, "macro avg": {"precision": 0.6528705429567498, "recall": 0.6519317607679677, "f1-score": 0.6299165844917755, "support": 105}, "weighted avg": {"precision": 0.6719981886648553, "recall": 0.6476190476190476, "f1-score": 0.6439046877235373, "support": 105}, "classificador": "Perceptron"}