{"casual": {"precision": 0.5142857142857142, "recall": 0.6206896551724138, "f1-score": 0.5625, "support": 29}, "explosion": {"precision": 0.7714285714285715, "recall": 0.6923076923076923, "f1-score": 0.7297297297297296, "support": 39}, "gunshot": {"precision": 0.8461538461538461, "recall": 0.5238095238095238, "f1-score": 0.6470588235294118, "support": 21}, "siren": {"precision": 0.5909090909090909, "recall": 0.8125, "f1-score": 0.6842105263157896, "support": 16}, "accuracy": 0.6571428571428571, "macro avg": {"precision": 0.6806943056943057, "recall": 0.6623267178224075, "f1-score": 0.6558747698937328, "support": 105}, "weighted avg": {"precision": 0.6878454878454878, "recall": 0.6571428571428571, "f1-score": 0.660072030234569, "support": 105}, "classificador": "SGDClassifier"}