{"casual": {"precision": 0.8333333333333334, "recall": 0.8620689655172413, "f1-score": 0.847457627118644, "support": 29}, "explosion": {"precision": 1.0, "recall": 0.8974358974358975, "f1-score": 0.945945945945946, "support": 39}, "gunshot": {"precision": 0.75, "recall": 0.8571428571428571, "f1-score": 0.7999999999999999, "support": 21}, "siren": {"precision": 0.9375, "recall": 0.9375, "f1-score": 0.9375, "support": 16}, "accuracy": 0.8857142857142857, "macro avg": {"precision": 0.8802083333333334, "recall": 0.888536930023999, "f1-score": 0.8827258932661475, "support": 105}, "weighted avg": {"precision": 0.8944444444444445, "recall": 0.8857142857142857, "f1-score": 0.8882682197936436, "support": 105}, "classificador": "KNeighborsClassifier"}