{"casual": {"precision": 0.7333333333333333, "recall": 0.7586206896551724, "f1-score": 0.7457627118644068, "support": 29}, "explosion": {"precision": 0.9444444444444444, "recall": 0.8717948717948718, "f1-score": 0.9066666666666667, "support": 39}, "gunshot": {"precision": 0.8, "recall": 0.7619047619047619, "f1-score": 0.7804878048780488, "support": 21}, "siren": {"precision": 0.7894736842105263, "recall": 0.9375, "f1-score": 0.8571428571428572, "support": 16}, "accuracy": 0.8285714285714286, "macro avg": {"precision": 0.8168128654970761, "recall": 0.8324550808387015, "f1-score": 0.8225150101379949, "support": 105}, "weighted avg": {"precision": 0.8336340852130326, "recall": 0.8285714285714286, "f1-score": 0.8294442691504051, "support": 105}, "classificador": "SVC"}