{"casual": {"precision": 0.7647058823529411, "recall": 0.896551724137931, "f1-score": 0.8253968253968255, "support": 29}, "explosion": {"precision": 1.0, "recall": 0.8717948717948718, "f1-score": 0.9315068493150686, "support": 39}, "gunshot": {"precision": 0.9444444444444444, "recall": 0.8095238095238095, "f1-score": 0.8717948717948718, "support": 21}, "siren": {"precision": 0.8421052631578947, "recall": 1.0, "f1-score": 0.9142857142857143, "support": 16}, "accuracy": 0.8857142857142857, "macro avg": {"precision": 0.8878138974888201, "recall": 0.894467601364153, "f1-score": 0.88574606519812, "support": 105}, "weighted avg": {"precision": 0.8998427441151898, "recall": 0.8857142857142857, "f1-score": 0.8876337028196128, "support": 105}, "classificador": "SVC", "mediaTempoClassificacaoCadaAudio": 0.05543724468776158, "desvioTempoClassificacaoCadaAudio": 0.04033721054447158}