{"casual": {"precision": 0.6, "recall": 0.5172413793103449, "f1-score": 0.5555555555555556, "support": 29}, "explosion": {"precision": 0.7446808510638298, "recall": 0.8974358974358975, "f1-score": 0.813953488372093, "support": 39}, "gunshot": {"precision": 1.0, "recall": 0.7142857142857143, "f1-score": 0.8333333333333333, "support": 21}, "siren": {"precision": 0.8333333333333334, "recall": 0.9375, "f1-score": 0.8823529411764706, "support": 16}, "accuracy": 0.7619047619047619, "macro avg": {"precision": 0.7945035460992907, "recall": 0.7666157477579891, "f1-score": 0.7712988296093631, "support": 105}, "weighted avg": {"precision": 0.7692941573792638, "recall": 0.7619047619047619, "f1-score": 0.756885183013774, "support": 105}, "classificador": "QuadraticDiscriminantAnalysis", "mediaTempoClassificacaoCadaAudio": 0.004519060679844447, "desvioTempoClassificacaoCadaAudio": 0.0025922540906875994}