{"casual": {"precision": 0.6857142857142857, "recall": 0.8275862068965517, "f1-score": 0.75, "support": 29}, "explosion": {"precision": 0.9393939393939394, "recall": 0.7948717948717948, "f1-score": 0.8611111111111112, "support": 39}, "gunshot": {"precision": 0.9444444444444444, "recall": 0.8095238095238095, "f1-score": 0.8717948717948718, "support": 21}, "siren": {"precision": 0.7894736842105263, "recall": 0.9375, "f1-score": 0.8571428571428572, "support": 16}, "accuracy": 0.8285714285714286, "macro avg": {"precision": 0.8397565884407989, "recall": 0.842370452823039, "f1-score": 0.83501221001221, "support": 105}, "weighted avg": {"precision": 0.847495144788378, "recall": 0.8285714285714286, "f1-score": 0.8319553462410606, "support": 105}, "classificador": "KNeighborsClassifier", "mediaTempoClassificacaoCadaAudio": 0.2658292702266148, "desvioTempoClassificacaoCadaAudio": 0.20619174256631037}