{"casual": {"precision": 0.5675675675675675, "recall": 0.7241379310344828, "f1-score": 0.6363636363636365, "support": 29}, "explosion": {"precision": 0.8378378378378378, "recall": 0.7948717948717948, "f1-score": 0.8157894736842105, "support": 39}, "gunshot": {"precision": 0.8571428571428571, "recall": 0.5714285714285714, "f1-score": 0.6857142857142857, "support": 21}, "siren": {"precision": 0.8235294117647058, "recall": 0.875, "f1-score": 0.8484848484848485, "support": 16}, "accuracy": 0.7428571428571429, "macro avg": {"precision": 0.7715194185782421, "recall": 0.7413595743337122, "f1-score": 0.7465880610617452, "support": 105}, "weighted avg": {"precision": 0.7648724354606706, "recall": 0.7428571428571429, "f1-score": 0.7452008809903546, "support": 105}, "classificador": "SVC", "mediaTempoClassificacaoCadaAudio": 0.011054683866954984, "desvioTempoClassificacaoCadaAudio": 0.005776671901099644}