{"casual": {"precision": 0.5454545454545454, "recall": 0.6206896551724138, "f1-score": 0.5806451612903226, "support": 29}, "explosion": {"precision": 0.8108108108108109, "recall": 0.7692307692307693, "f1-score": 0.7894736842105263, "support": 39}, "gunshot": {"precision": 0.7647058823529411, "recall": 0.6190476190476191, "f1-score": 0.6842105263157895, "support": 21}, "siren": {"precision": 0.7777777777777778, "recall": 0.875, "f1-score": 0.823529411764706, "support": 16}, "accuracy": 0.7142857142857143, "macro avg": {"precision": 0.7246872540990188, "recall": 0.7209920108627006, "f1-score": 0.7194646958953361, "support": 105}, "weighted avg": {"precision": 0.7232673467967586, "recall": 0.7142857142857143, "f1-score": 0.7159340476428261, "support": 105}, "classificador": "SVC", "mediaTempoClassificacaoCadaAudio": 0.010422404607137043, "desvioTempoClassificacaoCadaAudio": 0.005571102486119679}