{"casual": {"precision": 0.37037037037037035, "recall": 0.6896551724137931, "f1-score": 0.48192771084337355, "support": 29}, "explosion": {"precision": 0.6944444444444444, "recall": 0.6410256410256411, "f1-score": 0.6666666666666666, "support": 39}, "gunshot": {"precision": 0.0, "recall": 0.0, "f1-score": 0.0, "support": 21}, "siren": {"precision": 0.8, "recall": 0.75, "f1-score": 0.7741935483870969, "support": 16}, "accuracy": 0.5428571428571428, "macro avg": {"precision": 0.46620370370370373, "recall": 0.5201702033598585, "f1-score": 0.4806969814742843, "support": 105}, "weighted avg": {"precision": 0.48213403880070543, "recall": 0.5428571428571428, "f1-score": 0.49869524179667984, "support": 105}, "classificador": "SGDClassifier"}