{"casual": {"precision": 0.5, "recall": 0.41379310344827586, "f1-score": 0.4528301886792453, "support": 29}, "explosion": {"precision": 0.7692307692307693, "recall": 0.7692307692307693, "f1-score": 0.7692307692307693, "support": 39}, "gunshot": {"precision": 0.6190476190476191, "recall": 0.6190476190476191, "f1-score": 0.6190476190476191, "support": 21}, "siren": {"precision": 0.6190476190476191, "recall": 0.8125, "f1-score": 0.7027027027027026, "support": 16}, "accuracy": 0.6476190476190476, "macro avg": {"precision": 0.6268315018315018, "recall": 0.6536428729316661, "f1-score": 0.6359528199150841, "support": 105}, "weighted avg": {"precision": 0.6419501133786848, "recall": 0.6476190476190476, "f1-score": 0.6416697020470605, "support": 105}, "classificador": "Perceptron"}