{"casual": {"precision": 0.48717948717948717, "recall": 0.6551724137931034, "f1-score": 0.5588235294117647, "support": 29}, "explosion": {"precision": 0.7575757575757576, "recall": 0.6410256410256411, "f1-score": 0.6944444444444444, "support": 39}, "gunshot": {"precision": 0.8, "recall": 0.5714285714285714, "f1-score": 0.6666666666666666, "support": 21}, "siren": {"precision": 0.7777777777777778, "recall": 0.875, "f1-score": 0.823529411764706, "support": 16}, "accuracy": 0.6666666666666666, "macro avg": {"precision": 0.7056332556332556, "recall": 0.685656656561829, "f1-score": 0.6858660130718954, "support": 105}, "weighted avg": {"precision": 0.6944581344581344, "recall": 0.6666666666666666, "f1-score": 0.6711017740429506, "support": 105}, "classificador": "Perceptron"}