{"casual": {"precision": 0.575, "recall": 0.7931034482758621, "f1-score": 0.6666666666666666, "support": 29}, "explosion": {"precision": 0.9130434782608695, "recall": 0.5384615384615384, "f1-score": 0.6774193548387096, "support": 39}, "gunshot": {"precision": 0.42857142857142855, "recall": 0.7142857142857143, "f1-score": 0.5357142857142858, "support": 21}, "siren": {"precision": 1.0, "recall": 0.4375, "f1-score": 0.6086956521739131, "support": 16}, "accuracy": 0.6285714285714286, "macro avg": {"precision": 0.7291537267080745, "recall": 0.6208376752557787, "f1-score": 0.6221239898483938, "support": 105}, "weighted avg": {"precision": 0.7360351966873706, "recall": 0.6285714285714286, "f1-score": 0.6356363676840535, "support": 105}, "classificador": "KNeighborsClassifier"}