{"casual": {"precision": 0.3953488372093023, "recall": 0.5862068965517241, "f1-score": 0.4722222222222222, "support": 29}, "explosion": {"precision": 0.78125, "recall": 0.6410256410256411, "f1-score": 0.7042253521126761, "support": 39}, "gunshot": {"precision": 0.8181818181818182, "recall": 0.42857142857142855, "f1-score": 0.5625, "support": 21}, "siren": {"precision": 0.631578947368421, "recall": 0.75, "f1-score": 0.6857142857142857, "support": 16}, "accuracy": 0.6, "macro avg": {"precision": 0.6565899006898854, "recall": 0.6014509915371984, "f1-score": 0.6061654650122961, "support": 105}, "weighted avg": {"precision": 0.6592471201788828, "recall": 0.6, "f1-score": 0.6089824928406418, "support": 105}, "classificador": "SVC"}