{"casual": {"precision": 0.3103448275862069, "recall": 0.6206896551724138, "f1-score": 0.41379310344827586, "support": 29}, "explosion": {"precision": 0.7931034482758621, "recall": 0.5897435897435898, "f1-score": 0.676470588235294, "support": 39}, "gunshot": {"precision": 0.0, "recall": 0.0, "f1-score": 0.0, "support": 21}, "siren": {"precision": 0.6666666666666666, "recall": 0.75, "f1-score": 0.7058823529411765, "support": 16}, "accuracy": 0.5047619047619047, "macro avg": {"precision": 0.44252873563218387, "recall": 0.4901083112290009, "f1-score": 0.4490365111561866, "support": 105}, "weighted avg": {"precision": 0.4818828680897646, "recall": 0.5047619047619047, "f1-score": 0.473109243697479, "support": 105}, "classificador": "LinearDiscriminantAnalysis"}