{"casual": {"precision": 0.3220338983050847, "recall": 0.6551724137931034, "f1-score": 0.43181818181818177, "support": 29}, "explosion": {"precision": 0.8214285714285714, "recall": 0.5897435897435898, "f1-score": 0.6865671641791046, "support": 39}, "gunshot": {"precision": 0.0, "recall": 0.0, "f1-score": 0.0, "support": 21}, "siren": {"precision": 0.5882352941176471, "recall": 0.625, "f1-score": 0.6060606060606061, "support": 16}, "accuracy": 0.49523809523809526, "macro avg": {"precision": 0.4329244409628258, "recall": 0.46747900088417327, "f1-score": 0.4311114880144731, "support": 105}, "weighted avg": {"precision": 0.4836805908804199, "recall": 0.49523809523809526, "f1-score": 0.46662682259697186, "support": 105}, "classificador": "SVC"}