{"casual": {"precision": 0.5142857142857142, "recall": 0.6206896551724138, "f1-score": 0.5625, "support": 29}, "explosion": {"precision": 0.8157894736842105, "recall": 0.7948717948717948, "f1-score": 0.8051948051948051, "support": 39}, "gunshot": {"precision": 0.8181818181818182, "recall": 0.42857142857142855, "f1-score": 0.5625, "support": 21}, "siren": {"precision": 0.7142857142857143, "recall": 0.9375, "f1-score": 0.8108108108108109, "support": 16}, "accuracy": 0.6952380952380952, "macro avg": {"precision": 0.7156356801093644, "recall": 0.6954082196539093, "f1-score": 0.685251404001404, "support": 105}, "weighted avg": {"precision": 0.7175282361748527, "recall": 0.6952380952380952, "f1-score": 0.6904816226244798, "support": 105}, "classificador": "LinearSVC"}