{"casual": {"precision": 0.5, "recall": 0.6206896551724138, "f1-score": 0.5538461538461539, "support": 29}, "explosion": {"precision": 0.8048780487804879, "recall": 0.8461538461538461, "f1-score": 0.8250000000000001, "support": 39}, "gunshot": {"precision": 0.6923076923076923, "recall": 0.42857142857142855, "f1-score": 0.5294117647058824, "support": 21}, "siren": {"precision": 0.8, "recall": 0.75, "f1-score": 0.7741935483870969, "support": 16}, "accuracy": 0.6857142857142857, "macro avg": {"precision": 0.699296435272045, "recall": 0.6613537324744221, "f1-score": 0.6706128667347833, "support": 105}, "weighted avg": {"precision": 0.6974162422942911, "recall": 0.6857142857142857, "f1-score": 0.6832503075671956, "support": 105}, "classificador": "LinearSVC"}