{"casual": {"precision": 0.5555555555555556, "recall": 0.6896551724137931, "f1-score": 0.6153846153846154, "support": 29}, "explosion": {"precision": 0.9166666666666666, "recall": 0.5641025641025641, "f1-score": 0.6984126984126983, "support": 39}, "gunshot": {"precision": 0.4444444444444444, "recall": 0.7619047619047619, "f1-score": 0.5614035087719298, "support": 21}, "siren": {"precision": 0.8888888888888888, "recall": 0.5, "f1-score": 0.64, "support": 16}, "accuracy": 0.6285714285714286, "macro avg": {"precision": 0.7013888888888888, "recall": 0.6289156246052798, "f1-score": 0.6288002056423109, "support": 105}, "weighted avg": {"precision": 0.7182539682539681, "recall": 0.6285714285714286, "f1-score": 0.6391783120805677, "support": 105}, "classificador": "KNeighborsClassifier"}