{"casual": {"precision": 0.3492063492063492, "recall": 0.7586206896551724, "f1-score": 0.47826086956521746, "support": 29}, "explosion": {"precision": 0.8125, "recall": 0.6666666666666666, "f1-score": 0.7323943661971831, "support": 39}, "gunshot": {"precision": 1.0, "recall": 0.047619047619047616, "f1-score": 0.0909090909090909, "support": 21}, "siren": {"precision": 0.8888888888888888, "recall": 0.5, "f1-score": 0.64, "support": 16}, "accuracy": 0.5428571428571428, "macro avg": {"precision": 0.7626488095238095, "recall": 0.4932266009852217, "f1-score": 0.4853910816678728, "support": 105}, "weighted avg": {"precision": 0.7336829176114891, "recall": 0.5428571428571428, "f1-score": 0.5198289181730701, "support": 105}, "classificador": "BaggingClassifier"}