{"casual": {"precision": 0.425, "recall": 0.5862068965517241, "f1-score": 0.4927536231884058, "support": 29}, "explosion": {"precision": 0.58, "recall": 0.7435897435897436, "f1-score": 0.6516853932584269, "support": 39}, "gunshot": {"precision": 0.0, "recall": 0.0, "f1-score": 0.0, "support": 21}, "siren": {"precision": 0.8, "recall": 0.75, "f1-score": 0.7741935483870969, "support": 16}, "accuracy": 0.5523809523809524, "macro avg": {"precision": 0.45125, "recall": 0.519949160035367, "f1-score": 0.4796581412084824, "support": 105}, "weighted avg": {"precision": 0.4547142857142856, "recall": 0.5523809523809524, "f1-score": 0.49612078270224735, "support": 105}, "classificador": "SGDClassifier"}