{"casual": {"precision": 0.45714285714285713, "recall": 0.5517241379310345, "f1-score": 0.5, "support": 29}, "explosion": {"precision": 0.6756756756756757, "recall": 0.6410256410256411, "f1-score": 0.6578947368421052, "support": 39}, "gunshot": {"precision": 0.5, "recall": 0.23809523809523808, "f1-score": 0.3225806451612903, "support": 21}, "siren": {"precision": 0.6086956521739131, "recall": 0.875, "f1-score": 0.717948717948718, "support": 16}, "accuracy": 0.5714285714285714, "macro avg": {"precision": 0.5603785462481115, "recall": 0.5764612542629785, "f1-score": 0.5496060249880284, "support": 105}, "weighted avg": {"precision": 0.5699773775550173, "recall": 0.5714285714285714, "f1-score": 0.5563739787848446, "support": 105}, "classificador": "Perceptron"}