{"casual": {"precision": 0.4186046511627907, "recall": 0.6206896551724138, "f1-score": 0.5, "support": 29}, "explosion": {"precision": 0.7714285714285715, "recall": 0.6923076923076923, "f1-score": 0.7297297297297296, "support": 39}, "gunshot": {"precision": 0.4444444444444444, "recall": 0.19047619047619047, "f1-score": 0.26666666666666666, "support": 21}, "siren": {"precision": 0.7222222222222222, "recall": 0.8125, "f1-score": 0.7647058823529411, "support": 16}, "accuracy": 0.5904761904761905, "macro avg": {"precision": 0.5891749723145072, "recall": 0.5789933844890742, "f1-score": 0.5652755696873344, "support": 105}, "weighted avg": {"precision": 0.6010870291268962, "recall": 0.5904761904761905, "f1-score": 0.5789976531153002, "support": 105}, "classificador": "LinearSVC"}