{"casual": {"precision": 0.3125, "recall": 0.8620689655172413, "f1-score": 0.4587155963302752, "support": 29}, "explosion": {"precision": 0.85, "recall": 0.4358974358974359, "f1-score": 0.5762711864406781, "support": 39}, "gunshot": {"precision": 0.0, "recall": 0.0, "f1-score": 0.0, "support": 21}, "siren": {"precision": 0.6, "recall": 0.1875, "f1-score": 0.2857142857142857, "support": 16}, "accuracy": 0.42857142857142855, "macro avg": {"precision": 0.44062500000000004, "recall": 0.3713666003536693, "f1-score": 0.33017526712130973, "support": 105}, "weighted avg": {"precision": 0.493452380952381, "recall": 0.42857142857142855, "f1-score": 0.3842738774875524, "support": 105}, "classificador": "BaggingClassifier"}