{"casual": {"precision": 0.3958333333333333, "recall": 0.6551724137931034, "f1-score": 0.49350649350649356, "support": 29}, "explosion": {"precision": 0.6410256410256411, "recall": 0.6410256410256411, "f1-score": 0.6410256410256411, "support": 39}, "gunshot": {"precision": 0.0, "recall": 0.0, "f1-score": 0.0, "support": 21}, "siren": {"precision": 0.7222222222222222, "recall": 0.8125, "f1-score": 0.7647058823529411, "support": 16}, "accuracy": 0.5428571428571428, "macro avg": {"precision": 0.4397702991452992, "recall": 0.5271745137046862, "f1-score": 0.47480950422126894, "support": 105}, "weighted avg": {"precision": 0.45747354497354503, "recall": 0.5428571428571428, "f1-score": 0.4909236421841464, "support": 105}, "classificador": "SGDClassifier"}