{"casual": {"precision": 0.3235294117647059, "recall": 0.7586206896551724, "f1-score": 0.45360824742268047, "support": 29}, "explosion": {"precision": 0.8620689655172413, "recall": 0.6410256410256411, "f1-score": 0.7352941176470588, "support": 39}, "gunshot": {"precision": 0.0, "recall": 0.0, "f1-score": 0.0, "support": 21}, "siren": {"precision": 0.625, "recall": 0.3125, "f1-score": 0.4166666666666667, "support": 16}, "accuracy": 0.49523809523809526, "macro avg": {"precision": 0.4526495943204868, "recall": 0.4280365826702034, "f1-score": 0.4013922579341015, "support": 105}, "weighted avg": {"precision": 0.5047908818699893, "recall": 0.49523809523809526, "f1-score": 0.4618835850491399, "support": 105}, "classificador": "LinearDiscriminantAnalysis"}