{"casual": {"precision": 0.32727272727272727, "recall": 0.6206896551724138, "f1-score": 0.42857142857142855, "support": 29}, "explosion": {"precision": 0.8571428571428571, "recall": 0.7692307692307693, "f1-score": 0.8108108108108107, "support": 39}, "gunshot": {"precision": 0.0, "recall": 0.0, "f1-score": 0.0, "support": 21}, "siren": {"precision": 0.5714285714285714, "recall": 0.5, "f1-score": 0.5333333333333333, "support": 16}, "accuracy": 0.5333333333333333, "macro avg": {"precision": 0.43896103896103894, "recall": 0.47248010610079577, "f1-score": 0.44317889317889314, "support": 105}, "weighted avg": {"precision": 0.4958317872603586, "recall": 0.5333333333333333, "f1-score": 0.5007954893669179, "support": 105}, "classificador": "LinearDiscriminantAnalysis"}