{"casual": {"precision": 0.5483870967741935, "recall": 0.5862068965517241, "f1-score": 0.5666666666666665, "support": 29}, "explosion": {"precision": 0.8157894736842105, "recall": 0.7948717948717948, "f1-score": 0.8051948051948051, "support": 39}, "gunshot": {"precision": 0.5652173913043478, "recall": 0.6190476190476191, "f1-score": 0.5909090909090909, "support": 21}, "siren": {"precision": 0.8461538461538461, "recall": 0.6875, "f1-score": 0.7586206896551724, "support": 16}, "accuracy": 0.6857142857142857, "macro avg": {"precision": 0.6938869519791495, "recall": 0.6719065776177845, "f1-score": 0.6803478131064338, "support": 105}, "weighted avg": {"precision": 0.6964480193903683, "recall": 0.6857142857142857, "f1-score": 0.6893614540905181, "support": 105}, "classificador": "KNeighborsClassifier"}