{"casual": {"precision": 0.5454545454545454, "recall": 0.6206896551724138, "f1-score": 0.5806451612903226, "support": 29}, "explosion": {"precision": 0.8928571428571429, "recall": 0.6410256410256411, "f1-score": 0.746268656716418, "support": 39}, "gunshot": {"precision": 1.0, "recall": 0.047619047619047616, "f1-score": 0.0909090909090909, "support": 21}, "siren": {"precision": 0.37209302325581395, "recall": 1.0, "f1-score": 0.5423728813559322, "support": 16}, "accuracy": 0.5714285714285714, "macro avg": {"precision": 0.7026011778918755, "recall": 0.5773335859542756, "f1-score": 0.49004894756794093, "support": 105}, "weighted avg": {"precision": 0.738981892968604, "recall": 0.5714285714285714, "f1-score": 0.5383832790490045, "support": 105}, "classificador": "SVC"}