{"casual": {"precision": 0.43243243243243246, "recall": 0.5517241379310345, "f1-score": 0.48484848484848486, "support": 29}, "explosion": {"precision": 0.6122448979591837, "recall": 0.7692307692307693, "f1-score": 0.6818181818181818, "support": 39}, "gunshot": {"precision": 0.0, "recall": 0.0, "f1-score": 0.0, "support": 21}, "siren": {"precision": 0.7894736842105263, "recall": 0.9375, "f1-score": 0.8571428571428572, "support": 16}, "accuracy": 0.580952380952381, "macro avg": {"precision": 0.4585377536505356, "recall": 0.564613726790451, "f1-score": 0.5059523809523809, "support": 105}, "weighted avg": {"precision": 0.4671397191268297, "recall": 0.580952380952381, "f1-score": 0.5177695320552463, "support": 105}, "classificador": "SGDClassifier"}