{"casual": {"precision": 0.30666666666666664, "recall": 0.7931034482758621, "f1-score": 0.4423076923076923, "support": 29}, "explosion": {"precision": 0.8095238095238095, "recall": 0.4358974358974359, "f1-score": 0.5666666666666667, "support": 39}, "gunshot": {"precision": 0.0, "recall": 0.0, "f1-score": 0.0, "support": 21}, "siren": {"precision": 0.6666666666666666, "recall": 0.375, "f1-score": 0.4800000000000001, "support": 16}, "accuracy": 0.4380952380952381, "macro avg": {"precision": 0.44571428571428573, "recall": 0.4010002210433245, "f1-score": 0.37224358974358973, "support": 105}, "weighted avg": {"precision": 0.48696598639455785, "recall": 0.4380952380952381, "f1-score": 0.4057802197802198, "support": 105}, "classificador": "BaggingClassifier"}