{"casual": {"precision": 0.3150684931506849, "recall": 0.7931034482758621, "f1-score": 0.45098039215686275, "support": 29}, "explosion": {"precision": 0.8148148148148148, "recall": 0.5641025641025641, "f1-score": 0.6666666666666667, "support": 39}, "gunshot": {"precision": 0.0, "recall": 0.0, "f1-score": 0.0, "support": 21}, "siren": {"precision": 0.6, "recall": 0.1875, "f1-score": 0.2857142857142857, "support": 16}, "accuracy": 0.45714285714285713, "macro avg": {"precision": 0.43247082699137496, "recall": 0.38617650309460655, "f1-score": 0.35084033613445376, "support": 105}, "weighted avg": {"precision": 0.4810929912299775, "recall": 0.45714285714285713, "f1-score": 0.4157129518474056, "support": 105}, "classificador": "BaggingClassifier"}