{"casual": {"precision": 0.31666666666666665, "recall": 0.6551724137931034, "f1-score": 0.42696629213483145, "support": 29}, "explosion": {"precision": 0.8, "recall": 0.6153846153846154, "f1-score": 0.6956521739130435, "support": 39}, "gunshot": {"precision": 1.0, "recall": 0.09523809523809523, "f1-score": 0.17391304347826084, "support": 21}, "siren": {"precision": 0.5384615384615384, "recall": 0.4375, "f1-score": 0.4827586206896552, "support": 16}, "accuracy": 0.49523809523809526, "macro avg": {"precision": 0.6637820512820513, "recall": 0.4508237811039535, "f1-score": 0.4448225325539477, "support": 105}, "weighted avg": {"precision": 0.6666544566544567, "recall": 0.49523809523809526, "f1-score": 0.4846549437961597, "support": 105}, "classificador": "LinearDiscriminantAnalysis"}