{"casual": {"precision": 0.3333333333333333, "recall": 0.6206896551724138, "f1-score": 0.4337349397590361, "support": 29}, "explosion": {"precision": 0.7878787878787878, "recall": 0.6666666666666666, "f1-score": 0.7222222222222221, "support": 39}, "gunshot": {"precision": 0.0, "recall": 0.0, "f1-score": 0.0, "support": 21}, "siren": {"precision": 0.5555555555555556, "recall": 0.625, "f1-score": 0.5882352941176471, "support": 16}, "accuracy": 0.5142857142857142, "macro avg": {"precision": 0.41919191919191917, "recall": 0.4780890804597701, "f1-score": 0.4360481140247263, "support": 105}, "weighted avg": {"precision": 0.4693602693602693, "recall": 0.5142857142857142, "f1-score": 0.47768328214820055, "support": 105}, "classificador": "LinearDiscriminantAnalysis"}