{"casual": {"precision": 0.2923076923076923, "recall": 0.6551724137931034, "f1-score": 0.40425531914893614, "support": 29}, "explosion": {"precision": 0.7857142857142857, "recall": 0.5641025641025641, "f1-score": 0.6567164179104477, "support": 39}, "gunshot": {"precision": 0.0, "recall": 0.0, "f1-score": 0.0, "support": 21}, "siren": {"precision": 0.5833333333333334, "recall": 0.4375, "f1-score": 0.5, "support": 16}, "accuracy": 0.45714285714285713, "macro avg": {"precision": 0.4153388278388278, "recall": 0.4141937444739169, "f1-score": 0.39024293426484596, "support": 105}, "weighted avg": {"precision": 0.46145822431536715, "recall": 0.45714285714285713, "f1-score": 0.43176518622692006, "support": 105}, "classificador": "LinearDiscriminantAnalysis"}