{"casual": {"precision": 0.5227272727272727, "recall": 0.7931034482758621, "f1-score": 0.6301369863013699, "support": 29}, "explosion": {"precision": 0.8064516129032258, "recall": 0.6410256410256411, "f1-score": 0.7142857142857142, "support": 39}, "gunshot": {"precision": 0.75, "recall": 0.42857142857142855, "f1-score": 0.5454545454545454, "support": 21}, "siren": {"precision": 0.7222222222222222, "recall": 0.8125, "f1-score": 0.7647058823529411, "support": 16}, "accuracy": 0.6666666666666666, "macro avg": {"precision": 0.7003502769631802, "recall": 0.6688001294682329, "f1-score": 0.6636457820986427, "support": 105}, "weighted avg": {"precision": 0.7039643749321168, "recall": 0.6666666666666666, "f1-score": 0.6649614764959533, "support": 105}, "classificador": "SGDClassifier"}