{"casual": {"precision": 0.6206896551724138, "recall": 0.6206896551724138, "f1-score": 0.6206896551724138, "support": 29}, "explosion": {"precision": 0.8157894736842105, "recall": 0.7948717948717948, "f1-score": 0.8051948051948051, "support": 39}, "gunshot": {"precision": 0.8333333333333334, "recall": 0.7142857142857143, "f1-score": 0.7692307692307692, "support": 21}, "siren": {"precision": 0.8, "recall": 1.0, "f1-score": 0.888888888888889, "support": 16}, "accuracy": 0.7619047619047619, "macro avg": {"precision": 0.7674531155474895, "recall": 0.7824617910824807, "f1-score": 0.7710010296217192, "support": 105}, "weighted avg": {"precision": 0.7630075187969924, "recall": 0.7619047619047619, "f1-score": 0.7597968169396742, "support": 105}, "classificador": "Perceptron"}