{"casual": {"precision": 0.5, "recall": 0.6896551724137931, "f1-score": 0.5797101449275363, "support": 29}, "explosion": {"precision": 0.7857142857142857, "recall": 0.5641025641025641, "f1-score": 0.6567164179104477, "support": 39}, "gunshot": {"precision": 0.5625, "recall": 0.42857142857142855, "f1-score": 0.4864864864864864, "support": 21}, "siren": {"precision": 0.6666666666666666, "recall": 0.875, "f1-score": 0.7567567567567567, "support": 16}, "accuracy": 0.6190476190476191, "macro avg": {"precision": 0.628720238095238, "recall": 0.6393322912719465, "f1-score": 0.6199174515203068, "support": 105}, "weighted avg": {"precision": 0.6440192743764173, "recall": 0.6190476190476191, "f1-score": 0.616646274530765, "support": 105}, "classificador": "SGDClassifier"}