{"casual": {"precision": 0.5526315789473685, "recall": 0.7241379310344828, "f1-score": 0.6268656716417911, "support": 29}, "explosion": {"precision": 0.9032258064516129, "recall": 0.717948717948718, "f1-score": 0.8, "support": 39}, "gunshot": {"precision": 0.7058823529411765, "recall": 0.5714285714285714, "f1-score": 0.6315789473684211, "support": 21}, "siren": {"precision": 0.7894736842105263, "recall": 0.9375, "f1-score": 0.8571428571428572, "support": 16}, "accuracy": 0.7238095238095238, "macro avg": {"precision": 0.7378033556376711, "recall": 0.7377538051029431, "f1-score": 0.7288968690382673, "support": 105}, "weighted avg": {"precision": 0.749592672383045, "recall": 0.7238095238095238, "f1-score": 0.7272052198727096, "support": 105}, "classificador": "SVC"}