{"casual": {"precision": 0.575, "recall": 0.7931034482758621, "f1-score": 0.6666666666666666, "support": 29}, "explosion": {"precision": 0.88, "recall": 0.5641025641025641, "f1-score": 0.6875, "support": 39}, "gunshot": {"precision": 0.5555555555555556, "recall": 0.7142857142857143, "f1-score": 0.6250000000000001, "support": 21}, "siren": {"precision": 0.8461538461538461, "recall": 0.6875, "f1-score": 0.7586206896551724, "support": 16}, "accuracy": 0.6761904761904762, "macro avg": {"precision": 0.7141773504273504, "recall": 0.6897479316660351, "f1-score": 0.6844468390804597, "support": 105}, "weighted avg": {"precision": 0.7257155067155067, "recall": 0.6761904761904762, "f1-score": 0.6800834701696771, "support": 105}, "classificador": "KNeighborsClassifier"}