{"casual": {"precision": 0.5, "recall": 0.8620689655172413, "f1-score": 0.6329113924050632, "support": 29}, "explosion": {"precision": 0.9230769230769231, "recall": 0.6153846153846154, "f1-score": 0.7384615384615384, "support": 39}, "gunshot": {"precision": 1.0, "recall": 0.5238095238095238, "f1-score": 0.6875000000000001, "support": 21}, "siren": {"precision": 0.8333333333333334, "recall": 0.9375, "f1-score": 0.8823529411764706, "support": 16}, "accuracy": 0.7142857142857143, "macro avg": {"precision": 0.8141025641025642, "recall": 0.7346907761778452, "f1-score": 0.735306468010768, "support": 105}, "weighted avg": {"precision": 0.8079365079365078, "recall": 0.7142857142857143, "f1-score": 0.7210435946530511, "support": 105}, "classificador": "BaggingClassifier"}