{"casual": {"precision": 0.5384615384615384, "recall": 0.7241379310344828, "f1-score": 0.6176470588235294, "support": 29}, "explosion": {"precision": 0.5384615384615384, "recall": 0.358974358974359, "f1-score": 0.4307692307692308, "support": 39}, "gunshot": {"precision": 0.2857142857142857, "recall": 0.2857142857142857, "f1-score": 0.2857142857142857, "support": 21}, "siren": {"precision": 0.7894736842105263, "recall": 0.9375, "f1-score": 0.8571428571428572, "support": 16}, "accuracy": 0.5333333333333333, "macro avg": {"precision": 0.5380277617119722, "recall": 0.5765816439307818, "f1-score": 0.5478183581124758, "support": 105}, "weighted avg": {"precision": 0.5261615577405051, "recall": 0.5333333333333333, "f1-score": 0.5183433373349341, "support": 105}, "classificador": "LinearSVC"}