{"casual": {"precision": 0.5454545454545454, "recall": 0.8275862068965517, "f1-score": 0.6575342465753425, "support": 29}, "explosion": {"precision": 0.85, "recall": 0.4358974358974359, "f1-score": 0.5762711864406781, "support": 39}, "gunshot": {"precision": 0.4827586206896552, "recall": 0.6666666666666666, "f1-score": 0.56, "support": 21}, "siren": {"precision": 0.9166666666666666, "recall": 0.6875, "f1-score": 0.7857142857142857, "support": 16}, "accuracy": 0.6285714285714286, "macro avg": {"precision": 0.6987199582027168, "recall": 0.6544125773651636, "f1-score": 0.6448799296825766, "support": 105}, "weighted avg": {"precision": 0.7025979001841072, "recall": 0.6285714285714286, "f1-score": 0.6273761713647614, "support": 105}, "classificador": "KNeighborsClassifier"}