{"casual": {"precision": 0.5238095238095238, "recall": 0.7586206896551724, "f1-score": 0.6197183098591549, "support": 29}, "explosion": {"precision": 0.5909090909090909, "recall": 0.6666666666666666, "f1-score": 0.6265060240963856, "support": 39}, "gunshot": {"precision": 1.0, "recall": 0.09523809523809523, "f1-score": 0.17391304347826084, "support": 21}, "siren": {"precision": 0.8823529411764706, "recall": 0.9375, "f1-score": 0.9090909090909091, "support": 16}, "accuracy": 0.6190476190476191, "macro avg": {"precision": 0.7492678889737713, "recall": 0.6145063628899836, "f1-score": 0.5823070716311776, "support": 105}, "weighted avg": {"precision": 0.6986055028071836, "recall": 0.6190476190476191, "f1-score": 0.5771732798492624, "support": 105}, "classificador": "SGDClassifier"}