{"casual": {"precision": 0.575, "recall": 0.7931034482758621, "f1-score": 0.6666666666666666, "support": 29}, "explosion": {"precision": 0.9565217391304348, "recall": 0.5641025641025641, "f1-score": 0.7096774193548387, "support": 39}, "gunshot": {"precision": 0.5, "recall": 0.7142857142857143, "f1-score": 0.588235294117647, "support": 21}, "siren": {"precision": 1.0, "recall": 0.75, "f1-score": 0.8571428571428571, "support": 16}, "accuracy": 0.6857142857142857, "macro avg": {"precision": 0.7578804347826087, "recall": 0.7053729316660351, "f1-score": 0.7054305593205024, "support": 105}, "weighted avg": {"precision": 0.7664699792960662, "recall": 0.6857142857142857, "f1-score": 0.6959807578945557, "support": 105}, "classificador": "KNeighborsClassifier"}