{"casual": {"precision": 0.5319148936170213, "recall": 0.8620689655172413, "f1-score": 0.6578947368421053, "support": 29}, "explosion": {"precision": 0.9230769230769231, "recall": 0.6153846153846154, "f1-score": 0.7384615384615384, "support": 39}, "gunshot": {"precision": 0.6153846153846154, "recall": 0.38095238095238093, "f1-score": 0.47058823529411764, "support": 21}, "siren": {"precision": 0.7368421052631579, "recall": 0.875, "f1-score": 0.7999999999999999, "support": 16}, "accuracy": 0.6761904761904762, "macro avg": {"precision": 0.7018046343354295, "recall": 0.6833514904635594, "f1-score": 0.6667361276494403, "support": 105}, "weighted avg": {"precision": 0.7251245954493435, "recall": 0.6761904761904762, "f1-score": 0.6720123839009289, "support": 105}, "classificador": "Perceptron"}