{"casual": {"precision": 0.7741935483870968, "recall": 0.8275862068965517, "f1-score": 0.7999999999999999, "support": 29}, "explosion": {"precision": 0.9459459459459459, "recall": 0.8974358974358975, "f1-score": 0.9210526315789475, "support": 39}, "gunshot": {"precision": 0.8421052631578947, "recall": 0.7619047619047619, "f1-score": 0.8, "support": 21}, "siren": {"precision": 0.8888888888888888, "recall": 1.0, "f1-score": 0.9411764705882353, "support": 16}, "accuracy": 0.8666666666666667, "macro avg": {"precision": 0.8627834115949565, "recall": 0.8717317165593028, "f1-score": 0.8655572755417957, "support": 105}, "weighted avg": {"precision": 0.8690470242252925, "recall": 0.8666666666666667, "f1-score": 0.8664750110570544, "support": 105}, "classificador": "KNeighborsClassifier"}