{"casual": {"precision": 0.6333333333333333, "recall": 0.6551724137931034, "f1-score": 0.6440677966101694, "support": 29}, "explosion": {"precision": 0.7, "recall": 0.717948717948718, "f1-score": 0.708860759493671, "support": 39}, "gunshot": {"precision": 0.6, "recall": 0.42857142857142855, "f1-score": 0.5, "support": 21}, "siren": {"precision": 0.75, "recall": 0.9375, "f1-score": 0.8333333333333334, "support": 16}, "accuracy": 0.6761904761904762, "macro avg": {"precision": 0.6708333333333333, "recall": 0.6847981400783125, "f1-score": 0.6715654723592934, "support": 105}, "weighted avg": {"precision": 0.6692063492063492, "recall": 0.6761904761904762, "f1-score": 0.6681606576693468, "support": 105}, "classificador": "Perceptron"}