{"casual": {"precision": 0.6060606060606061, "recall": 0.6896551724137931, "f1-score": 0.6451612903225807, "support": 29}, "explosion": {"precision": 0.8571428571428571, "recall": 0.7692307692307693, "f1-score": 0.8108108108108107, "support": 39}, "gunshot": {"precision": 0.8333333333333334, "recall": 0.7142857142857143, "f1-score": 0.7692307692307692, "support": 21}, "siren": {"precision": 0.8421052631578947, "recall": 1.0, "f1-score": 0.9142857142857143, "support": 16}, "accuracy": 0.7714285714285715, "macro avg": {"precision": 0.7846605149236728, "recall": 0.7932929139825692, "f1-score": 0.7848721461624687, "support": 105}, "weighted avg": {"precision": 0.7807429829986221, "recall": 0.7714285714285715, "f1-score": 0.7725115868894672, "support": 105}, "classificador": "Perceptron"}