{"casual": {"precision": 0.6842105263157895, "recall": 0.896551724137931, "f1-score": 0.7761194029850746, "support": 29}, "explosion": {"precision": 0.9166666666666666, "recall": 0.8461538461538461, "f1-score": 0.8799999999999999, "support": 39}, "gunshot": {"precision": 0.9411764705882353, "recall": 0.7619047619047619, "f1-score": 0.8421052631578947, "support": 21}, "siren": {"precision": 0.9285714285714286, "recall": 0.8125, "f1-score": 0.8666666666666666, "support": 16}, "accuracy": 0.8380952380952381, "macro avg": {"precision": 0.86765627303553, "recall": 0.8292775830491348, "f1-score": 0.841222833202409, "support": 105}, "weighted avg": {"precision": 0.8591805143109875, "recall": 0.8380952380952381, "f1-score": 0.8416984750433296, "support": 105}, "classificador": "KNeighborsClassifier"}