{"casual": {"precision": 0.5897435897435898, "recall": 0.7931034482758621, "f1-score": 0.676470588235294, "support": 29}, "explosion": {"precision": 0.875, "recall": 0.8974358974358975, "f1-score": 0.8860759493670887, "support": 39}, "gunshot": {"precision": 0.9090909090909091, "recall": 0.47619047619047616, "f1-score": 0.6249999999999999, "support": 21}, "siren": {"precision": 0.8666666666666667, "recall": 0.8125, "f1-score": 0.8387096774193549, "support": 16}, "accuracy": 0.7714285714285715, "macro avg": {"precision": 0.8101252913752914, "recall": 0.7448074554755589, "f1-score": 0.7565640537554345, "support": 105}, "weighted avg": {"precision": 0.8017632367632367, "recall": 0.7714285714285715, "f1-score": 0.768752037360473, "support": 105}, "classificador": "BaggingClassifier"}