{"casual": {"precision": 0.6341463414634146, "recall": 0.896551724137931, "f1-score": 0.7428571428571429, "support": 29}, "explosion": {"precision": 0.9285714285714286, "recall": 0.6666666666666666, "f1-score": 0.7761194029850746, "support": 39}, "gunshot": {"precision": 0.9444444444444444, "recall": 0.8095238095238095, "f1-score": 0.8717948717948718, "support": 21}, "siren": {"precision": 0.8888888888888888, "recall": 1.0, "f1-score": 0.9411764705882353, "support": 16}, "accuracy": 0.8095238095238095, "macro avg": {"precision": 0.8490127758420442, "recall": 0.8431855500821017, "f1-score": 0.8329869720563312, "support": 105}, "weighted avg": {"precision": 0.8443817635455267, "recall": 0.8095238095238095, "f1-score": 0.811219330441706, "support": 105}, "classificador": "SGDClassifier"}