{"casual": {"precision": 0.7666666666666667, "recall": 0.7931034482758621, "f1-score": 0.7796610169491527, "support": 29}, "explosion": {"precision": 0.8780487804878049, "recall": 0.9230769230769231, "f1-score": 0.9, "support": 39}, "gunshot": {"precision": 0.8947368421052632, "recall": 0.8095238095238095, "f1-score": 0.8500000000000001, "support": 21}, "siren": {"precision": 0.9333333333333333, "recall": 0.875, "f1-score": 0.9032258064516129, "support": 16}, "accuracy": 0.8571428571428571, "macro avg": {"precision": 0.868196405648267, "recall": 0.8501760452191487, "f1-score": 0.8582217058501914, "support": 105}, "weighted avg": {"precision": 0.8590480265704913, "recall": 0.8571428571428571, "f1-score": 0.8572550704262024, "support": 105}, "classificador": "KNeighborsClassifier"}