{"casual": {"precision": 0.6470588235294118, "recall": 0.7586206896551724, "f1-score": 0.6984126984126984, "support": 29}, "explosion": {"precision": 0.90625, "recall": 0.7435897435897436, "f1-score": 0.8169014084507042, "support": 39}, "gunshot": {"precision": 0.8421052631578947, "recall": 0.7619047619047619, "f1-score": 0.8, "support": 21}, "siren": {"precision": 0.75, "recall": 0.9375, "f1-score": 0.8333333333333334, "support": 16}, "accuracy": 0.780952380952381, "macro avg": {"precision": 0.7863535216718266, "recall": 0.8004037987874195, "f1-score": 0.787161860049184, "support": 105}, "weighted avg": {"precision": 0.7980253943682737, "recall": 0.780952380952381, "f1-score": 0.7832995858750386, "support": 105}, "classificador": "LinearDiscriminantAnalysis"}