{"casual": {"precision": 0.6285714285714286, "recall": 0.7586206896551724, "f1-score": 0.6875, "support": 29}, "explosion": {"precision": 0.90625, "recall": 0.7435897435897436, "f1-score": 0.8169014084507042, "support": 39}, "gunshot": {"precision": 0.8421052631578947, "recall": 0.7619047619047619, "f1-score": 0.8, "support": 21}, "siren": {"precision": 0.7894736842105263, "recall": 0.9375, "f1-score": 0.8571428571428572, "support": 16}, "accuracy": 0.780952380952381, "macro avg": {"precision": 0.7916000939849623, "recall": 0.8004037987874195, "f1-score": 0.7903860663983904, "support": 105}, "weighted avg": {"precision": 0.7989343895452917, "recall": 0.780952380952381, "f1-score": 0.7839137204177445, "support": 105}, "classificador": "LinearDiscriminantAnalysis"}