{"casual": {"precision": 0.71875, "recall": 0.7931034482758621, "f1-score": 0.7540983606557378, "support": 29}, "explosion": {"precision": 0.918918918918919, "recall": 0.8717948717948718, "f1-score": 0.8947368421052632, "support": 39}, "gunshot": {"precision": 0.8888888888888888, "recall": 0.7619047619047619, "f1-score": 0.8205128205128205, "support": 21}, "siren": {"precision": 0.8888888888888888, "recall": 1.0, "f1-score": 0.9411764705882353, "support": 16}, "accuracy": 0.8476190476190476, "macro avg": {"precision": 0.8538616741741741, "recall": 0.8567007704938739, "f1-score": 0.8526311234655142, "support": 105}, "weighted avg": {"precision": 0.8530521593021593, "recall": 0.8476190476190476, "f1-score": 0.8481255434409776, "support": 105}, "classificador": "KNeighborsClassifier"}