{"casual": {"precision": 0.6216216216216216, "recall": 0.7931034482758621, "f1-score": 0.696969696969697, "support": 29}, "explosion": {"precision": 0.9032258064516129, "recall": 0.717948717948718, "f1-score": 0.8, "support": 39}, "gunshot": {"precision": 0.8333333333333334, "recall": 0.7142857142857143, "f1-score": 0.7692307692307692, "support": 21}, "siren": {"precision": 0.7894736842105263, "recall": 0.9375, "f1-score": 0.8571428571428572, "support": 16}, "accuracy": 0.7714285714285715, "macro avg": {"precision": 0.7869136114042736, "recall": 0.7907094701275736, "f1-score": 0.7808358308358309, "support": 105}, "weighted avg": {"precision": 0.7941372612000795, "recall": 0.7714285714285715, "f1-score": 0.7740976483833628, "support": 105}, "classificador": "LinearDiscriminantAnalysis"}