{"casual": {"precision": 0.4418604651162791, "recall": 0.6551724137931034, "f1-score": 0.5277777777777777, "support": 29}, "explosion": {"precision": 0.8148148148148148, "recall": 0.5641025641025641, "f1-score": 0.6666666666666667, "support": 39}, "gunshot": {"precision": 0.3333333333333333, "recall": 0.09523809523809523, "f1-score": 0.14814814814814814, "support": 21}, "siren": {"precision": 0.5172413793103449, "recall": 0.9375, "f1-score": 0.6666666666666667, "support": 16}, "accuracy": 0.5523809523809524, "macro avg": {"precision": 0.526812498143693, "recall": 0.5630032682834407, "f1-score": 0.5023148148148149, "support": 105}, "weighted avg": {"precision": 0.5701675555725274, "recall": 0.5523809523809524, "f1-score": 0.5246031746031747, "support": 105}, "classificador": "Perceptron"}