{"casual": {"precision": 0.34210526315789475, "recall": 0.896551724137931, "f1-score": 0.49523809523809526, "support": 29}, "explosion": {"precision": 0.8571428571428571, "recall": 0.46153846153846156, "f1-score": 0.6, "support": 39}, "gunshot": {"precision": 0.5714285714285714, "recall": 0.19047619047619047, "f1-score": 0.2857142857142857, "support": 21}, "siren": {"precision": 1.0, "recall": 0.0625, "f1-score": 0.11764705882352941, "support": 16}, "accuracy": 0.4666666666666667, "macro avg": {"precision": 0.6926691729323309, "recall": 0.4027665940381458, "f1-score": 0.3746498599439776, "support": 105}, "weighted avg": {"precision": 0.6795202291442893, "recall": 0.4666666666666667, "f1-score": 0.4347072162198212, "support": 105}, "classificador": "KNeighborsClassifier"}