{"casual": {"precision": 0.33766233766233766, "recall": 0.896551724137931, "f1-score": 0.49056603773584906, "support": 29}, "explosion": {"precision": 0.8571428571428571, "recall": 0.46153846153846156, "f1-score": 0.6, "support": 39}, "gunshot": {"precision": 0.75, "recall": 0.14285714285714285, "f1-score": 0.24, "support": 21}, "siren": {"precision": 1.0, "recall": 0.1875, "f1-score": 0.3157894736842105, "support": 16}, "accuracy": 0.47619047619047616, "macro avg": {"precision": 0.7362012987012987, "recall": 0.4221118321333839, "f1-score": 0.41158887785501486, "support": 105}, "weighted avg": {"precision": 0.7140074211502782, "recall": 0.47619047619047616, "f1-score": 0.45446711117416183, "support": 105}, "classificador": "BaggingClassifier"}