{"casual": {"precision": 0.3958333333333333, "recall": 0.6551724137931034, "f1-score": 0.49350649350649356, "support": 29}, "explosion": {"precision": 0.8148148148148148, "recall": 0.5641025641025641, "f1-score": 0.6666666666666667, "support": 39}, "gunshot": {"precision": 0.6666666666666666, "recall": 0.09523809523809523, "f1-score": 0.16666666666666666, "support": 21}, "siren": {"precision": 0.5185185185185185, "recall": 0.875, "f1-score": 0.6511627906976744, "support": 16}, "accuracy": 0.5428571428571428, "macro avg": {"precision": 0.5989583333333334, "recall": 0.5473782682834407, "f1-score": 0.4945006543843754, "support": 105}, "weighted avg": {"precision": 0.6243165784832451, "recall": 0.5428571428571428, "f1-score": 0.5164789805985819, "support": 105}, "classificador": "Perceptron"}