{"casual": {"precision": 0.3611111111111111, "recall": 0.896551724137931, "f1-score": 0.5148514851485149, "support": 29}, "explosion": {"precision": 0.9166666666666666, "recall": 0.5641025641025641, "f1-score": 0.6984126984126983, "support": 39}, "gunshot": {"precision": 0.6666666666666666, "recall": 0.2857142857142857, "f1-score": 0.4, "support": 21}, "siren": {"precision": 0.0, "recall": 0.0, "f1-score": 0.0, "support": 16}, "accuracy": 0.5142857142857142, "macro avg": {"precision": 0.48611111111111105, "recall": 0.43659214348869524, "f1-score": 0.40331604589030323, "support": 105}, "weighted avg": {"precision": 0.5735449735449736, "recall": 0.5142857142857142, "f1-score": 0.4816075076895444, "support": 105}, "classificador": "KNeighborsClassifier"}