{"casual": {"precision": 0.4722222222222222, "recall": 0.5862068965517241, "f1-score": 0.523076923076923, "support": 29}, "explosion": {"precision": 0.8235294117647058, "recall": 0.717948717948718, "f1-score": 0.767123287671233, "support": 39}, "gunshot": {"precision": 0.5, "recall": 0.14285714285714285, "f1-score": 0.22222222222222224, "support": 21}, "siren": {"precision": 0.5172413793103449, "recall": 0.9375, "f1-score": 0.6666666666666667, "support": 16}, "accuracy": 0.6, "macro avg": {"precision": 0.5782482533243182, "recall": 0.5961281893393962, "f1-score": 0.5447722749092612, "support": 105}, "weighted avg": {"precision": 0.6151233673546046, "recall": 0.6, "f1-score": 0.5754321173499255, "support": 105}, "classificador": "LinearSVC"}