{"casual": {"precision": 0.45454545454545453, "recall": 0.5172413793103449, "f1-score": 0.4838709677419355, "support": 29}, "explosion": {"precision": 0.8064516129032258, "recall": 0.6410256410256411, "f1-score": 0.7142857142857142, "support": 39}, "gunshot": {"precision": 0.16666666666666666, "recall": 0.047619047619047616, "f1-score": 0.07407407407407407, "support": 21}, "siren": {"precision": 0.4, "recall": 0.875, "f1-score": 0.5490196078431373, "support": 16}, "accuracy": 0.5238095238095238, "macro avg": {"precision": 0.45691593352883675, "recall": 0.5202215169887584, "f1-score": 0.4553125909862153, "support": 105}, "weighted avg": {"precision": 0.5193660103337523, "recall": 0.5238095238095238, "f1-score": 0.49742162097814036, "support": 105}, "classificador": "LinearSVC"}