{"casual": {"precision": 0.391304347826087, "recall": 0.6206896551724138, "f1-score": 0.48, "support": 29}, "explosion": {"precision": 0.7241379310344828, "recall": 0.5384615384615384, "f1-score": 0.6176470588235294, "support": 39}, "gunshot": {"precision": 0.5, "recall": 0.09523809523809523, "f1-score": 0.16, "support": 21}, "siren": {"precision": 0.5769230769230769, "recall": 0.9375, "f1-score": 0.7142857142857143, "support": 16}, "accuracy": 0.5333333333333333, "macro avg": {"precision": 0.5480913389459117, "recall": 0.5479723222180118, "f1-score": 0.4929831932773109, "support": 105}, "weighted avg": {"precision": 0.5649521393149579, "recall": 0.5333333333333333, "f1-score": 0.5028267306922769, "support": 105}, "classificador": "Perceptron"}