{"casual": {"precision": 0.38333333333333336, "recall": 0.7931034482758621, "f1-score": 0.5168539325842697, "support": 29}, "explosion": {"precision": 0.7941176470588235, "recall": 0.6923076923076923, "f1-score": 0.7397260273972601, "support": 39}, "gunshot": {"precision": 0.0, "recall": 0.0, "f1-score": 0.0, "support": 21}, "siren": {"precision": 0.8181818181818182, "recall": 0.5625, "f1-score": 0.6666666666666666, "support": 16}, "accuracy": 0.5619047619047619, "macro avg": {"precision": 0.49890819964349375, "recall": 0.5119777851458887, "f1-score": 0.48081165666204906, "support": 105}, "weighted avg": {"precision": 0.5255063237416179, "recall": 0.5619047619047619, "f1-score": 0.5190928169533678, "support": 105}, "classificador": "SGDClassifier"}