{"casual": {"precision": 0.3424657534246575, "recall": 0.8620689655172413, "f1-score": 0.49019607843137253, "support": 29}, "explosion": {"precision": 0.875, "recall": 0.5384615384615384, "f1-score": 0.6666666666666667, "support": 39}, "gunshot": {"precision": 0.5714285714285714, "recall": 0.19047619047619047, "f1-score": 0.2857142857142857, "support": 21}, "siren": {"precision": 1.0, "recall": 0.0625, "f1-score": 0.11764705882352941, "support": 16}, "accuracy": 0.4857142857142857, "macro avg": {"precision": 0.6972235812133072, "recall": 0.4133766736137426, "f1-score": 0.39005602240896364, "support": 105}, "weighted avg": {"precision": 0.6862524461839531, "recall": 0.4857142857142857, "f1-score": 0.45807656395891694, "support": 105}, "classificador": "KNeighborsClassifier"}