{"casual": {"precision": 0.3375, "recall": 0.9310344827586207, "f1-score": 0.4954128440366973, "support": 29}, "explosion": {"precision": 0.9523809523809523, "recall": 0.5128205128205128, "f1-score": 0.6666666666666666, "support": 39}, "gunshot": {"precision": 0.75, "recall": 0.14285714285714285, "f1-score": 0.24, "support": 21}, "siren": {"precision": 0.0, "recall": 0.0, "f1-score": 0.0, "support": 16}, "accuracy": 0.47619047619047616, "macro avg": {"precision": 0.5099702380952381, "recall": 0.39667803460906903, "f1-score": 0.350519877675841, "support": 105}, "weighted avg": {"precision": 0.5969557823129251, "recall": 0.47619047619047616, "f1-score": 0.43244735692442116, "support": 105}, "classificador": "KNeighborsClassifier"}