{"casual": {"precision": 0.3888888888888889, "recall": 0.7241379310344828, "f1-score": 0.5060240963855421, "support": 29}, "explosion": {"precision": 0.6511627906976745, "recall": 0.717948717948718, "f1-score": 0.6829268292682927, "support": 39}, "gunshot": {"precision": 0.0, "recall": 0.0, "f1-score": 0.0, "support": 21}, "siren": {"precision": 0.75, "recall": 0.375, "f1-score": 0.5, "support": 16}, "accuracy": 0.5238095238095238, "macro avg": {"precision": 0.4475129198966408, "recall": 0.4542716622458002, "f1-score": 0.4222377314134587, "support": 105}, "weighted avg": {"precision": 0.4635535868094008, "recall": 0.5238095238095238, "f1-score": 0.46960804892042035, "support": 105}, "classificador": "SGDClassifier"}