{"casual": {"precision": 0.7272727272727273, "recall": 0.8275862068965517, "f1-score": 0.7741935483870968, "support": 29}, "explosion": {"precision": 0.8611111111111112, "recall": 0.7948717948717948, "f1-score": 0.8266666666666667, "support": 39}, "gunshot": {"precision": 0.7222222222222222, "recall": 0.6190476190476191, "f1-score": 0.6666666666666666, "support": 21}, "siren": {"precision": 0.7777777777777778, "recall": 0.875, "f1-score": 0.823529411764706, "support": 16}, "accuracy": 0.780952380952381, "macro avg": {"precision": 0.7720959595959596, "recall": 0.7791264052039915, "f1-score": 0.772764073371284, "support": 105}, "weighted avg": {"precision": 0.7836700336700336, "recall": 0.780952380952381, "f1-score": 0.7796960332520104, "support": 105}, "classificador": "SVC"}