{"casual": {"precision": 0.55, "recall": 0.7586206896551724, "f1-score": 0.6376811594202898, "support": 29}, "explosion": {"precision": 0.7586206896551724, "recall": 0.5641025641025641, "f1-score": 0.6470588235294118, "support": 39}, "gunshot": {"precision": 0.7058823529411765, "recall": 0.5714285714285714, "f1-score": 0.6315789473684211, "support": 21}, "siren": {"precision": 0.6842105263157895, "recall": 0.8125, "f1-score": 0.742857142857143, "support": 16}, "accuracy": 0.6571428571428571, "macro avg": {"precision": 0.6746783922280346, "recall": 0.6766629562965769, "f1-score": 0.6647940182938165, "support": 105}, "weighted avg": {"precision": 0.6791152831368482, "recall": 0.6571428571428571, "f1-score": 0.6559706659170152, "support": 105}, "classificador": "SGDClassifier"}