{"casual": {"precision": 0.7419354838709677, "recall": 0.7931034482758621, "f1-score": 0.7666666666666667, "support": 29}, "explosion": {"precision": 0.8421052631578947, "recall": 0.8205128205128205, "f1-score": 0.8311688311688312, "support": 39}, "gunshot": {"precision": 0.7222222222222222, "recall": 0.6190476190476191, "f1-score": 0.6666666666666666, "support": 21}, "siren": {"precision": 0.8888888888888888, "recall": 1.0, "f1-score": 0.9411764705882353, "support": 16}, "accuracy": 0.8, "macro avg": {"precision": 0.7987879645349933, "recall": 0.8081659719590755, "f1-score": 0.8014196587725999, "support": 105}, "weighted avg": {"precision": 0.7975916493743319, "recall": 0.8, "f1-score": 0.7972165836031383, "support": 105}, "classificador": "SVC"}