{"casual": {"precision": 0.5625, "recall": 0.6206896551724138, "f1-score": 0.5901639344262296, "support": 29}, "explosion": {"precision": 0.7575757575757576, "recall": 0.6410256410256411, "f1-score": 0.6944444444444444, "support": 39}, "gunshot": {"precision": 0.5, "recall": 0.5714285714285714, "f1-score": 0.5333333333333333, "support": 21}, "siren": {"precision": 0.875, "recall": 0.875, "f1-score": 0.875, "support": 16}, "accuracy": 0.6571428571428571, "macro avg": {"precision": 0.6737689393939394, "recall": 0.6770359669066566, "f1-score": 0.6732354280510018, "support": 105}, "weighted avg": {"precision": 0.6700757575757575, "recall": 0.6571428571428571, "f1-score": 0.6609341660161333, "support": 105}, "classificador": "Perceptron"}