{"casual": {"precision": 0.5862068965517241, "recall": 0.5862068965517241, "f1-score": 0.5862068965517241, "support": 29}, "explosion": {"precision": 0.6571428571428571, "recall": 0.5897435897435898, "f1-score": 0.6216216216216216, "support": 39}, "gunshot": {"precision": 0.56, "recall": 0.6666666666666666, "f1-score": 0.6086956521739131, "support": 21}, "siren": {"precision": 0.8125, "recall": 0.8125, "f1-score": 0.8125, "support": 16}, "accuracy": 0.638095238095238, "macro avg": {"precision": 0.6539624384236453, "recall": 0.6637792882404951, "f1-score": 0.6572560425868147, "support": 105}, "weighted avg": {"precision": 0.6417959183673471, "recall": 0.638095238095238, "f1-score": 0.6383414470370992, "support": 105}, "classificador": "Perceptron"}