{"casual": {"precision": 0.6052631578947368, "recall": 0.7931034482758621, "f1-score": 0.6865671641791046, "support": 29}, "explosion": {"precision": 0.8857142857142857, "recall": 0.7948717948717948, "f1-score": 0.8378378378378378, "support": 39}, "gunshot": {"precision": 0.9333333333333333, "recall": 0.6666666666666666, "f1-score": 0.7777777777777778, "support": 21}, "siren": {"precision": 0.8823529411764706, "recall": 0.9375, "f1-score": 0.9090909090909091, "support": 16}, "accuracy": 0.7904761904761904, "macro avg": {"precision": 0.8266659295297066, "recall": 0.7980354774535808, "f1-score": 0.8028184222214073, "support": 105}, "weighted avg": {"precision": 0.8172679598155052, "recall": 0.7904761904761904, "f1-score": 0.7949039172919771, "support": 105}, "classificador": "LinearDiscriminantAnalysis"}