{"casual": {"precision": 0.7142857142857143, "recall": 0.8620689655172413, "f1-score": 0.7812500000000001, "support": 29}, "explosion": {"precision": 0.918918918918919, "recall": 0.8717948717948718, "f1-score": 0.8947368421052632, "support": 39}, "gunshot": {"precision": 1.0, "recall": 0.8095238095238095, "f1-score": 0.8947368421052632, "support": 21}, "siren": {"precision": 0.9375, "recall": 0.9375, "f1-score": 0.9375, "support": 16}, "accuracy": 0.8666666666666667, "macro avg": {"precision": 0.8926761583011583, "recall": 0.8702219117089807, "f1-score": 0.8770559210526316, "support": 105}, "weighted avg": {"precision": 0.8814487957345101, "recall": 0.8666666666666667, "f1-score": 0.8699091478696741, "support": 105}, "classificador": "KNeighborsClassifier"}