{"casual": {"precision": 0.6578947368421053, "recall": 0.8620689655172413, "f1-score": 0.746268656716418, "support": 29}, "explosion": {"precision": 0.9090909090909091, "recall": 0.7692307692307693, "f1-score": 0.8333333333333333, "support": 39}, "gunshot": {"precision": 0.9166666666666666, "recall": 0.5238095238095238, "f1-score": 0.6666666666666667, "support": 21}, "siren": {"precision": 0.6818181818181818, "recall": 0.9375, "f1-score": 0.7894736842105263, "support": 16}, "accuracy": 0.7714285714285715, "macro avg": {"precision": 0.7913676236044657, "recall": 0.7731523146393836, "f1-score": 0.7589355852317361, "support": 105}, "weighted avg": {"precision": 0.806596035543404, "recall": 0.7714285714285715, "f1-score": 0.7692701904013767, "support": 105}, "classificador": "SGDClassifier"}