{"casual": {"precision": 0.5625, "recall": 0.9310344827586207, "f1-score": 0.7012987012987013, "support": 29}, "explosion": {"precision": 1.0, "recall": 0.5641025641025641, "f1-score": 0.7213114754098361, "support": 39}, "gunshot": {"precision": 0.9230769230769231, "recall": 0.5714285714285714, "f1-score": 0.7058823529411765, "support": 21}, "siren": {"precision": 0.6818181818181818, "recall": 0.9375, "f1-score": 0.7894736842105263, "support": 16}, "accuracy": 0.7238095238095238, "macro avg": {"precision": 0.7918487762237763, "recall": 0.751016404572439, "f1-score": 0.7294915534650601, "support": 105}, "weighted avg": {"precision": 0.8152972027972027, "recall": 0.7238095238095238, "f1-score": 0.723084935597896, "support": 105}, "classificador": "Perceptron"}