{"casual": {"precision": 0.6052631578947368, "recall": 0.7931034482758621, "f1-score": 0.6865671641791046, "support": 29}, "explosion": {"precision": 0.8484848484848485, "recall": 0.717948717948718, "f1-score": 0.7777777777777778, "support": 39}, "gunshot": {"precision": 0.8823529411764706, "recall": 0.7142857142857143, "f1-score": 0.7894736842105262, "support": 21}, "siren": {"precision": 0.9411764705882353, "recall": 1.0, "f1-score": 0.9696969696969697, "support": 16}, "accuracy": 0.780952380952381, "macro avg": {"precision": 0.8193193545360729, "recall": 0.8063344701275736, "f1-score": 0.8058788989660945, "support": 105}, "weighted avg": {"precision": 0.8022073901330868, "recall": 0.780952380952381, "f1-score": 0.7841702855057137, "support": 105}, "classificador": "SGDClassifier"}