{"casual": {"precision": 0.5, "recall": 0.6206896551724138, "f1-score": 0.5538461538461539, "support": 29}, "explosion": {"precision": 0.8571428571428571, "recall": 0.6153846153846154, "f1-score": 0.7164179104477612, "support": 39}, "gunshot": {"precision": 0.75, "recall": 0.2857142857142857, "f1-score": 0.4137931034482759, "support": 21}, "siren": {"precision": 0.48484848484848486, "recall": 1.0, "f1-score": 0.653061224489796, "support": 16}, "accuracy": 0.6095238095238096, "macro avg": {"precision": 0.6479978354978355, "recall": 0.6304471390678287, "f1-score": 0.5842795980579967, "support": 105}, "weighted avg": {"precision": 0.6803442589156874, "recall": 0.6095238095238096, "f1-score": 0.6013378260309683, "support": 105}, "classificador": "SVC"}