{"casual": {"precision": 0.46875, "recall": 0.5172413793103449, "f1-score": 0.4918032786885246, "support": 29}, "explosion": {"precision": 0.7941176470588235, "recall": 0.6923076923076923, "f1-score": 0.7397260273972601, "support": 39}, "gunshot": {"precision": 1.0, "recall": 0.5238095238095238, "f1-score": 0.6875000000000001, "support": 21}, "siren": {"precision": 0.5714285714285714, "recall": 1.0, "f1-score": 0.7272727272727273, "support": 16}, "accuracy": 0.6571428571428571, "macro avg": {"precision": 0.7085740546218486, "recall": 0.6833396488568902, "f1-score": 0.661575508339628, "support": 105}, "weighted avg": {"precision": 0.7114970988395357, "recall": 0.6571428571428571, "f1-score": 0.6589092741602285, "support": 105}, "classificador": "SGDClassifier"}