{"casual": {"precision": 0.4857142857142857, "recall": 0.5862068965517241, "f1-score": 0.53125, "support": 29}, "explosion": {"precision": 0.8181818181818182, "recall": 0.6923076923076923, "f1-score": 0.7500000000000001, "support": 39}, "gunshot": {"precision": 0.8333333333333334, "recall": 0.23809523809523808, "f1-score": 0.37037037037037035, "support": 21}, "siren": {"precision": 0.45161290322580644, "recall": 0.875, "f1-score": 0.5957446808510638, "support": 16}, "accuracy": 0.6, "macro avg": {"precision": 0.6472105851138109, "recall": 0.5979024567386636, "f1-score": 0.5618412628053585, "support": 105}, "weighted avg": {"precision": 0.6735296347277914, "recall": 0.6, "f1-score": 0.5901518349656647, "support": 105}, "classificador": "Perceptron"}