{"casual": {"precision": 0.6, "recall": 0.5172413793103449, "f1-score": 0.5555555555555556, "support": 29}, "explosion": {"precision": 0.8, "recall": 0.6153846153846154, "f1-score": 0.6956521739130435, "support": 39}, "gunshot": {"precision": 0.4166666666666667, "recall": 0.7142857142857143, "f1-score": 0.5263157894736842, "support": 21}, "siren": {"precision": 0.7857142857142857, "recall": 0.6875, "f1-score": 0.7333333333333334, "support": 16}, "accuracy": 0.6190476190476191, "macro avg": {"precision": 0.6505952380952381, "recall": 0.6336029272451686, "f1-score": 0.6277142130689042, "support": 105}, "weighted avg": {"precision": 0.6659183673469389, "recall": 0.6190476190476191, "f1-score": 0.6288334362476239, "support": 105}, "classificador": "LinearDiscriminantAnalysis"}