{"casual": {"precision": 0.6774193548387096, "recall": 0.7241379310344828, "f1-score": 0.7, "support": 29}, "explosion": {"precision": 0.9354838709677419, "recall": 0.7435897435897436, "f1-score": 0.8285714285714285, "support": 39}, "gunshot": {"precision": 0.7, "recall": 0.3333333333333333, "f1-score": 0.45161290322580644, "support": 21}, "siren": {"precision": 0.48484848484848486, "recall": 1.0, "f1-score": 0.653061224489796, "support": 16}, "accuracy": 0.6952380952380952, "macro avg": {"precision": 0.699437927663734, "recall": 0.7002652519893899, "f1-score": 0.6583113890717578, "support": 105}, "weighted avg": {"precision": 0.7484438858632407, "recall": 0.6952380952380952, "f1-score": 0.690925107370137, "support": 105}, "classificador": "SVC"}