{"casual": {"precision": 0.7575757575757576, "recall": 0.8620689655172413, "f1-score": 0.8064516129032258, "support": 29}, "explosion": {"precision": 0.9473684210526315, "recall": 0.9230769230769231, "f1-score": 0.935064935064935, "support": 39}, "gunshot": {"precision": 0.9411764705882353, "recall": 0.7619047619047619, "f1-score": 0.8421052631578947, "support": 21}, "siren": {"precision": 0.8823529411764706, "recall": 0.9375, "f1-score": 0.9090909090909091, "support": 16}, "accuracy": 0.8761904761904762, "macro avg": {"precision": 0.8821183975982737, "recall": 0.8711376626247316, "f1-score": 0.8731781800542412, "support": 105}, "weighted avg": {"precision": 0.8838039841135815, "recall": 0.8761904761904762, "f1-score": 0.8769932791761558, "support": 105}, "classificador": "KNeighborsClassifier"}