{"casual": {"precision": 0.5952380952380952, "recall": 0.8620689655172413, "f1-score": 0.7042253521126761, "support": 29}, "explosion": {"precision": 0.896551724137931, "recall": 0.6666666666666666, "f1-score": 0.7647058823529411, "support": 39}, "gunshot": {"precision": 1.0, "recall": 0.7619047619047619, "f1-score": 0.8648648648648648, "support": 21}, "siren": {"precision": 0.8888888888888888, "recall": 1.0, "f1-score": 0.9411764705882353, "support": 16}, "accuracy": 0.7904761904761904, "macro avg": {"precision": 0.8451696770662288, "recall": 0.8226600985221675, "f1-score": 0.8187431424796794, "support": 105}, "weighted avg": {"precision": 0.8328537545286313, "recall": 0.7904761904761904, "f1-score": 0.7949242887105357, "support": 105}, "classificador": "SGDClassifier"}