{"casual": {"precision": 0.5897435897435898, "recall": 0.7931034482758621, "f1-score": 0.676470588235294, "support": 29}, "explosion": {"precision": 0.8620689655172413, "recall": 0.6410256410256411, "f1-score": 0.7352941176470588, "support": 39}, "gunshot": {"precision": 0.9444444444444444, "recall": 0.8095238095238095, "f1-score": 0.8717948717948718, "support": 21}, "siren": {"precision": 0.8421052631578947, "recall": 1.0, "f1-score": 0.9142857142857143, "support": 16}, "accuracy": 0.7714285714285715, "macro avg": {"precision": 0.8095905657157925, "recall": 0.8109132247063282, "f1-score": 0.7994613229907347, "support": 105}, "weighted avg": {"precision": 0.8002882981104396, "recall": 0.7714285714285715, "f1-score": 0.7736226798411673, "support": 105}, "classificador": "SGDClassifier"}