{"casual": {"precision": 0.5833333333333334, "recall": 0.7241379310344828, "f1-score": 0.6461538461538462, "support": 29}, "explosion": {"precision": 0.8620689655172413, "recall": 0.6410256410256411, "f1-score": 0.7352941176470588, "support": 39}, "gunshot": {"precision": 0.7894736842105263, "recall": 0.7142857142857143, "f1-score": 0.7500000000000001, "support": 21}, "siren": {"precision": 0.7142857142857143, "recall": 0.9375, "f1-score": 0.8108108108108109, "support": 16}, "accuracy": 0.7238095238095238, "macro avg": {"precision": 0.7372904243367038, "recall": 0.7542373215864595, "f1-score": 0.735564693652929, "support": 105}, "weighted avg": {"precision": 0.7480464297031578, "recall": 0.7238095238095238, "f1-score": 0.725122905711141, "support": 105}, "classificador": "LinearSVC"}