{"casual": {"precision": 0.5121951219512195, "recall": 0.7241379310344828, "f1-score": 0.6000000000000001, "support": 29}, "explosion": {"precision": 0.75, "recall": 0.6153846153846154, "f1-score": 0.676056338028169, "support": 39}, "gunshot": {"precision": 0.9333333333333333, "recall": 0.6666666666666666, "f1-score": 0.7777777777777778, "support": 21}, "siren": {"precision": 0.7647058823529411, "recall": 0.8125, "f1-score": 0.787878787878788, "support": 16}, "accuracy": 0.6857142857142857, "macro avg": {"precision": 0.7400585844093734, "recall": 0.7046723032714411, "f1-score": 0.7104282259211837, "support": 105}, "weighted avg": {"precision": 0.7232281205164993, "recall": 0.6857142857142857, "f1-score": 0.6924342011665956, "support": 105}, "classificador": "LinearDiscriminantAnalysis"}