{"casual": {"precision": 0.5897435897435898, "recall": 0.7931034482758621, "f1-score": 0.676470588235294, "support": 29}, "explosion": {"precision": 0.8235294117647058, "recall": 0.717948717948718, "f1-score": 0.767123287671233, "support": 39}, "gunshot": {"precision": 0.8823529411764706, "recall": 0.7142857142857143, "f1-score": 0.7894736842105262, "support": 21}, "siren": {"precision": 0.8666666666666667, "recall": 0.8125, "f1-score": 0.8387096774193549, "support": 16}, "accuracy": 0.7523809523809524, "macro avg": {"precision": 0.7905731523378582, "recall": 0.7594594701275736, "f1-score": 0.7679443093841021, "support": 105}, "weighted avg": {"precision": 0.7772979961215255, "recall": 0.7523809523809524, "f1-score": 0.7574643570012604, "support": 105}, "classificador": "LinearSVC"}