{"casual": {"precision": 0.6111111111111112, "recall": 0.7586206896551724, "f1-score": 0.676923076923077, "support": 29}, "explosion": {"precision": 0.7619047619047619, "recall": 0.8205128205128205, "f1-score": 0.7901234567901233, "support": 39}, "gunshot": {"precision": 1.0, "recall": 0.5714285714285714, "f1-score": 0.7272727272727273, "support": 21}, "siren": {"precision": 0.8666666666666667, "recall": 0.8125, "f1-score": 0.8387096774193549, "support": 16}, "accuracy": 0.7523809523809524, "macro avg": {"precision": 0.8099206349206349, "recall": 0.740765520399141, "f1-score": 0.7582572346013206, "support": 105}, "weighted avg": {"precision": 0.7838397581254724, "recall": 0.7523809523809524, "f1-score": 0.7536920586382952, "support": 105}, "classificador": "SGDClassifier"}