{"casual": {"precision": 0.5897435897435898, "recall": 0.7931034482758621, "f1-score": 0.676470588235294, "support": 29}, "explosion": {"precision": 0.8157894736842105, "recall": 0.7948717948717948, "f1-score": 0.8051948051948051, "support": 39}, "gunshot": {"precision": 1.0, "recall": 0.6666666666666666, "f1-score": 0.8, "support": 21}, "siren": {"precision": 0.9285714285714286, "recall": 0.8125, "f1-score": 0.8666666666666666, "support": 16}, "accuracy": 0.7714285714285715, "macro avg": {"precision": 0.8335261229998072, "recall": 0.7667854774535808, "f1-score": 0.7870830150241915, "support": 105}, "weighted avg": {"precision": 0.8073856803180112, "recall": 0.7714285714285715, "f1-score": 0.7779705821722628, "support": 105}, "classificador": "SGDClassifier"}