{"casual": {"precision": 0.5555555555555556, "recall": 0.8620689655172413, "f1-score": 0.6756756756756757, "support": 29}, "explosion": {"precision": 0.8928571428571429, "recall": 0.6410256410256411, "f1-score": 0.746268656716418, "support": 39}, "gunshot": {"precision": 0.9285714285714286, "recall": 0.6190476190476191, "f1-score": 0.742857142857143, "support": 21}, "siren": {"precision": 0.7777777777777778, "recall": 0.875, "f1-score": 0.823529411764706, "support": 16}, "accuracy": 0.7333333333333333, "macro avg": {"precision": 0.7886904761904763, "recall": 0.7492855563976254, "f1-score": 0.7470827217534857, "support": 105}, "weighted avg": {"precision": 0.7893046107331821, "recall": 0.7333333333333333, "f1-score": 0.7378623123311446, "support": 105}, "classificador": "LinearDiscriminantAnalysis"}