{"casual": {"precision": 0.625, "recall": 0.6896551724137931, "f1-score": 0.6557377049180328, "support": 29}, "explosion": {"precision": 0.8648648648648649, "recall": 0.8205128205128205, "f1-score": 0.8421052631578947, "support": 39}, "gunshot": {"precision": 0.8125, "recall": 0.6190476190476191, "f1-score": 0.7027027027027026, "support": 21}, "siren": {"precision": 0.8, "recall": 1.0, "f1-score": 0.888888888888889, "support": 16}, "accuracy": 0.7714285714285715, "macro avg": {"precision": 0.7755912162162162, "recall": 0.7823039029935581, "f1-score": 0.7723586399168797, "support": 105}, "weighted avg": {"precision": 0.7782593307593308, "recall": 0.7714285714285715, "f1-score": 0.7698807398548555, "support": 105}, "classificador": "SVC"}