{"casual": {"precision": 0.5909090909090909, "recall": 0.896551724137931, "f1-score": 0.7123287671232877, "support": 29}, "explosion": {"precision": 0.84375, "recall": 0.6923076923076923, "f1-score": 0.7605633802816902, "support": 39}, "gunshot": {"precision": 0.8571428571428571, "recall": 0.5714285714285714, "f1-score": 0.6857142857142857, "support": 21}, "siren": {"precision": 0.8666666666666667, "recall": 0.8125, "f1-score": 0.8387096774193549, "support": 16}, "accuracy": 0.7428571428571429, "macro avg": {"precision": 0.7896171536796537, "recall": 0.7431969969685487, "f1-score": 0.7493290276346547, "support": 105}, "weighted avg": {"precision": 0.7800883838383839, "recall": 0.7428571428571429, "f1-score": 0.744179627774009, "support": 105}, "classificador": "LinearSVC"}