{"casual": {"precision": 0.5666666666666667, "recall": 0.5862068965517241, "f1-score": 0.576271186440678, "support": 29}, "explosion": {"precision": 0.8181818181818182, "recall": 0.9230769230769231, "f1-score": 0.8674698795180724, "support": 39}, "gunshot": {"precision": 0.8461538461538461, "recall": 0.5238095238095238, "f1-score": 0.6470588235294118, "support": 21}, "siren": {"precision": 0.8333333333333334, "recall": 0.9375, "f1-score": 0.8823529411764706, "support": 16}, "accuracy": 0.7523809523809524, "macro avg": {"precision": 0.7660839160839161, "recall": 0.7426483358595427, "f1-score": 0.7432882076661582, "support": 105}, "weighted avg": {"precision": 0.7566189366189366, "recall": 0.7523809523809524, "f1-score": 0.7452292577231017, "support": 105}, "classificador": "BaggingClassifier"}