{"casual": {"precision": 0.631578947368421, "recall": 0.8275862068965517, "f1-score": 0.716417910447761, "support": 29}, "explosion": {"precision": 0.8611111111111112, "recall": 0.7948717948717948, "f1-score": 0.8266666666666667, "support": 39}, "gunshot": {"precision": 1.0, "recall": 0.5714285714285714, "f1-score": 0.7272727272727273, "support": 21}, "siren": {"precision": 0.8421052631578947, "recall": 1.0, "f1-score": 0.9142857142857143, "support": 16}, "accuracy": 0.7904761904761904, "macro avg": {"precision": 0.8336988304093567, "recall": 0.7984716432992295, "f1-score": 0.7961607546682173, "support": 105}, "weighted avg": {"precision": 0.8225981620718463, "recall": 0.7904761904761904, "f1-score": 0.7896896962312739, "support": 105}, "classificador": "SGDClassifier"}