{"casual": {"precision": 0.4878048780487805, "recall": 0.6896551724137931, "f1-score": 0.5714285714285714, "support": 29}, "explosion": {"precision": 0.8235294117647058, "recall": 0.717948717948718, "f1-score": 0.767123287671233, "support": 39}, "gunshot": {"precision": 0.9090909090909091, "recall": 0.47619047619047616, "f1-score": 0.6249999999999999, "support": 21}, "siren": {"precision": 0.7894736842105263, "recall": 0.9375, "f1-score": 0.8571428571428572, "support": 16}, "accuracy": 0.6952380952380952, "macro avg": {"precision": 0.7524747207787303, "recall": 0.7053235916382469, "f1-score": 0.7051736790606654, "support": 105}, "weighted avg": {"precision": 0.7427283481953875, "recall": 0.6952380952380952, "f1-score": 0.6983668809989749, "support": 105}, "classificador": "SGDClassifier"}