{"casual": {"precision": 0.5517241379310345, "recall": 0.5517241379310345, "f1-score": 0.5517241379310345, "support": 29}, "explosion": {"precision": 0.7272727272727273, "recall": 0.6153846153846154, "f1-score": 0.6666666666666667, "support": 39}, "gunshot": {"precision": 0.6190476190476191, "recall": 0.6190476190476191, "f1-score": 0.6190476190476191, "support": 21}, "siren": {"precision": 0.6818181818181818, "recall": 0.9375, "f1-score": 0.7894736842105263, "support": 16}, "accuracy": 0.6476190476190476, "macro avg": {"precision": 0.6449656665173906, "recall": 0.6809140930908173, "f1-score": 0.6567280269639617, "support": 105}, "weighted avg": {"precision": 0.6502164502164501, "recall": 0.6476190476190476, "f1-score": 0.6441102756892231, "support": 105}, "classificador": "Perceptron"}