{"casual": {"precision": 0.6, "recall": 0.6206896551724138, "f1-score": 0.6101694915254238, "support": 29}, "explosion": {"precision": 0.8333333333333334, "recall": 0.7692307692307693, "f1-score": 0.8, "support": 39}, "gunshot": {"precision": 0.5555555555555556, "recall": 0.23809523809523808, "f1-score": 0.33333333333333326, "support": 21}, "siren": {"precision": 0.5333333333333333, "recall": 1.0, "f1-score": 0.6956521739130436, "support": 16}, "accuracy": 0.6571428571428571, "macro avg": {"precision": 0.6305555555555555, "recall": 0.6570039156246053, "f1-score": 0.6097887496929502, "support": 105}, "weighted avg": {"precision": 0.6676190476190476, "recall": 0.6571428571428571, "f1-score": 0.6383366670175808, "support": 105}, "classificador": "SGDClassifier"}