{"casual": {"precision": 0.64, "recall": 0.5517241379310345, "f1-score": 0.5925925925925927, "support": 29}, "explosion": {"precision": 0.7894736842105263, "recall": 0.7692307692307693, "f1-score": 0.7792207792207793, "support": 39}, "gunshot": {"precision": 0.7, "recall": 0.3333333333333333, "f1-score": 0.45161290322580644, "support": 21}, "siren": {"precision": 0.5, "recall": 1.0, "f1-score": 0.6666666666666666, "support": 16}, "accuracy": 0.6571428571428571, "macro avg": {"precision": 0.6573684210526316, "recall": 0.6635720601237842, "f1-score": 0.6225232354264613, "support": 105}, "weighted avg": {"precision": 0.6861854636591479, "recall": 0.6571428571428571, "f1-score": 0.6450031734209922, "support": 105}, "classificador": "SGDClassifier"}