{"casual": {"precision": 0.6774193548387096, "recall": 0.7241379310344828, "f1-score": 0.7, "support": 29}, "explosion": {"precision": 0.9333333333333333, "recall": 0.717948717948718, "f1-score": 0.8115942028985509, "support": 39}, "gunshot": {"precision": 0.8, "recall": 0.38095238095238093, "f1-score": 0.5161290322580645, "support": 21}, "siren": {"precision": 0.47058823529411764, "recall": 1.0, "f1-score": 0.6399999999999999, "support": 16}, "accuracy": 0.6952380952380952, "macro avg": {"precision": 0.7203352308665403, "recall": 0.7057597574838954, "f1-score": 0.6669308087891539, "support": 105}, "weighted avg": {"precision": 0.7654721243336045, "recall": 0.6952380952380952, "f1-score": 0.6955322246710747, "support": 105}, "classificador": "SVC"}