{"casual": {"precision": 0.6666666666666666, "recall": 0.5517241379310345, "f1-score": 0.6037735849056604, "support": 29}, "explosion": {"precision": 0.8064516129032258, "recall": 0.6410256410256411, "f1-score": 0.7142857142857142, "support": 39}, "gunshot": {"precision": 0.45714285714285713, "recall": 0.7619047619047619, "f1-score": 0.5714285714285714, "support": 21}, "siren": {"precision": 0.8, "recall": 0.75, "f1-score": 0.7741935483870969, "support": 16}, "accuracy": 0.6571428571428571, "macro avg": {"precision": 0.6825652841781874, "recall": 0.6761636352153594, "f1-score": 0.6659203547517607, "support": 105}, "weighted avg": {"precision": 0.6969994879672299, "recall": 0.6571428571428571, "f1-score": 0.6643207008914338, "support": 105}, "classificador": "LinearDiscriminantAnalysis"}