{"casual": {"precision": 0.5517241379310345, "recall": 0.5517241379310345, "f1-score": 0.5517241379310345, "support": 29}, "explosion": {"precision": 0.7878787878787878, "recall": 0.6666666666666666, "f1-score": 0.7222222222222221, "support": 39}, "gunshot": {"precision": 0.6666666666666666, "recall": 0.6666666666666666, "f1-score": 0.6666666666666666, "support": 21}, "siren": {"precision": 0.7272727272727273, "recall": 1.0, "f1-score": 0.8421052631578948, "support": 16}, "accuracy": 0.6857142857142857, "macro avg": {"precision": 0.6833855799373041, "recall": 0.7212643678160919, "f1-score": 0.6956795724944544, "support": 105}, "weighted avg": {"precision": 0.6891774891774891, "recall": 0.6857142857142857, "f1-score": 0.6822890559732664, "support": 105}, "classificador": "Perceptron"}