{"casual": {"precision": 0.65625, "recall": 0.7241379310344828, "f1-score": 0.6885245901639345, "support": 29}, "explosion": {"precision": 0.9090909090909091, "recall": 0.7692307692307693, "f1-score": 0.8333333333333333, "support": 39}, "gunshot": {"precision": 0.8125, "recall": 0.6190476190476191, "f1-score": 0.7027027027027026, "support": 21}, "siren": {"precision": 0.6666666666666666, "recall": 1.0, "f1-score": 0.8, "support": 16}, "accuracy": 0.7619047619047619, "macro avg": {"precision": 0.7611268939393939, "recall": 0.7781040798282177, "f1-score": 0.7561401565499926, "support": 105}, "weighted avg": {"precision": 0.7829996392496393, "recall": 0.7619047619047619, "f1-score": 0.7621330463953415, "support": 105}, "classificador": "SVC"}