{"casual": {"precision": 0.5757575757575758, "recall": 0.6551724137931034, "f1-score": 0.6129032258064515, "support": 29}, "explosion": {"precision": 0.8055555555555556, "recall": 0.7435897435897436, "f1-score": 0.7733333333333334, "support": 39}, "gunshot": {"precision": 0.9333333333333333, "recall": 0.6666666666666666, "f1-score": 0.7777777777777778, "support": 21}, "siren": {"precision": 0.7142857142857143, "recall": 0.9375, "f1-score": 0.8108108108108109, "support": 16}, "accuracy": 0.7333333333333333, "macro avg": {"precision": 0.7572330447330449, "recall": 0.7507322060123784, "f1-score": 0.7437062869320934, "support": 105}, "weighted avg": {"precision": 0.753735312306741, "recall": 0.7333333333333333, "f1-score": 0.7356238081399371, "support": 105}, "classificador": "LinearSVC"}