{"casual": {"precision": 0.7096774193548387, "recall": 0.7586206896551724, "f1-score": 0.7333333333333333, "support": 29}, "explosion": {"precision": 0.8666666666666667, "recall": 1.0, "f1-score": 0.9285714285714286, "support": 39}, "gunshot": {"precision": 1.0, "recall": 0.6190476190476191, "f1-score": 0.7647058823529412, "support": 21}, "siren": {"precision": 0.8125, "recall": 0.8125, "f1-score": 0.8125, "support": 16}, "accuracy": 0.8285714285714286, "macro avg": {"precision": 0.8472110215053763, "recall": 0.7975420771756978, "f1-score": 0.8097776610644257, "support": 105}, "weighted avg": {"precision": 0.841720430107527, "recall": 0.8285714285714286, "f1-score": 0.824188342003468, "support": 105}, "classificador": "BaggingClassifier"}