{"casual": {"precision": 0.631578947368421, "recall": 0.8275862068965517, "f1-score": 0.716417910447761, "support": 29}, "explosion": {"precision": 0.8918918918918919, "recall": 0.8461538461538461, "f1-score": 0.868421052631579, "support": 39}, "gunshot": {"precision": 0.9375, "recall": 0.7142857142857143, "f1-score": 0.8108108108108109, "support": 21}, "siren": {"precision": 0.9285714285714286, "recall": 0.8125, "f1-score": 0.8666666666666666, "support": 16}, "accuracy": 0.8095238095238095, "macro avg": {"precision": 0.8473855669579353, "recall": 0.8001314418340281, "f1-score": 0.8155791101392044, "support": 105}, "weighted avg": {"precision": 0.834706820139151, "recall": 0.8095238095238095, "f1-score": 0.8146498490410509, "support": 105}, "classificador": "KNeighborsClassifier"}