{"casual": {"precision": 0.5853658536585366, "recall": 0.8275862068965517, "f1-score": 0.6857142857142856, "support": 29}, "explosion": {"precision": 0.8857142857142857, "recall": 0.7948717948717948, "f1-score": 0.8378378378378378, "support": 39}, "gunshot": {"precision": 1.0, "recall": 0.5714285714285714, "f1-score": 0.7272727272727273, "support": 21}, "siren": {"precision": 0.8235294117647058, "recall": 0.875, "f1-score": 0.8484848484848485, "support": 16}, "accuracy": 0.7714285714285715, "macro avg": {"precision": 0.823652387784382, "recall": 0.7672216432992295, "f1-score": 0.7748274248274248, "support": 105}, "weighted avg": {"precision": 0.8161422617827618, "recall": 0.7714285714285715, "f1-score": 0.7753321410464268, "support": 105}, "classificador": "SGDClassifier"}