{"casual": {"precision": 0.6052631578947368, "recall": 0.7931034482758621, "f1-score": 0.6865671641791046, "support": 29}, "explosion": {"precision": 0.8235294117647058, "recall": 0.717948717948718, "f1-score": 0.767123287671233, "support": 39}, "gunshot": {"precision": 0.9333333333333333, "recall": 0.6666666666666666, "f1-score": 0.7777777777777778, "support": 21}, "siren": {"precision": 0.8333333333333334, "recall": 0.9375, "f1-score": 0.8823529411764706, "support": 16}, "accuracy": 0.7619047619047619, "macro avg": {"precision": 0.7988648090815275, "recall": 0.7788047082228117, "f1-score": 0.7784552927011464, "support": 105}, "weighted avg": {"precision": 0.7867010663914689, "recall": 0.7619047619047619, "f1-score": 0.7645641559288473, "support": 105}, "classificador": "LinearSVC"}