{"casual": {"precision": 0.6052631578947368, "recall": 0.7931034482758621, "f1-score": 0.6865671641791046, "support": 29}, "explosion": {"precision": 0.8, "recall": 0.717948717948718, "f1-score": 0.7567567567567569, "support": 39}, "gunshot": {"precision": 0.9285714285714286, "recall": 0.6190476190476191, "f1-score": 0.742857142857143, "support": 21}, "siren": {"precision": 0.8333333333333334, "recall": 0.9375, "f1-score": 0.8823529411764706, "support": 16}, "accuracy": 0.7523809523809524, "macro avg": {"precision": 0.7917919799498748, "recall": 0.7668999463180498, "f1-score": 0.7671335012423688, "support": 105}, "weighted avg": {"precision": 0.7770091896407686, "recall": 0.7523809523809524, "f1-score": 0.7537296031764865, "support": 105}, "classificador": "LinearSVC"}