{"casual": {"precision": 0.71875, "recall": 0.7931034482758621, "f1-score": 0.7540983606557378, "support": 29}, "explosion": {"precision": 0.8863636363636364, "recall": 1.0, "f1-score": 0.9397590361445783, "support": 39}, "gunshot": {"precision": 1.0, "recall": 0.5714285714285714, "f1-score": 0.7272727272727273, "support": 21}, "siren": {"precision": 0.8823529411764706, "recall": 0.9375, "f1-score": 0.9090909090909091, "support": 16}, "accuracy": 0.8476190476190476, "macro avg": {"precision": 0.8718666443850267, "recall": 0.8255080049261083, "f1-score": 0.8325552582909881, "support": 105}, "weighted avg": {"precision": 0.862186465495289, "recall": 0.8476190476190476, "f1-score": 0.8413108255889217, "support": 105}, "classificador": "BaggingClassifier"}