{"casual": {"precision": 0.6052631578947368, "recall": 0.7931034482758621, "f1-score": 0.6865671641791046, "support": 29}, "explosion": {"precision": 0.8285714285714286, "recall": 0.7435897435897436, "f1-score": 0.7837837837837838, "support": 39}, "gunshot": {"precision": 1.0, "recall": 0.6190476190476191, "f1-score": 0.7647058823529412, "support": 21}, "siren": {"precision": 0.7894736842105263, "recall": 0.9375, "f1-score": 0.8571428571428572, "support": 16}, "accuracy": 0.7619047619047619, "macro avg": {"precision": 0.805827067669173, "recall": 0.7733102027283062, "f1-score": 0.7730499218646717, "support": 105}, "weighted avg": {"precision": 0.7952237737200144, "recall": 0.7619047619047619, "f1-score": 0.7642964244996102, "support": 105}, "classificador": "Perceptron"}