{"casual": {"precision": 0.6046511627906976, "recall": 0.896551724137931, "f1-score": 0.7222222222222221, "support": 29}, "explosion": {"precision": 0.9393939393939394, "recall": 0.7948717948717948, "f1-score": 0.8611111111111112, "support": 39}, "gunshot": {"precision": 1.0, "recall": 0.6666666666666666, "f1-score": 0.8, "support": 21}, "siren": {"precision": 0.9333333333333333, "recall": 0.875, "f1-score": 0.9032258064516129, "support": 16}, "accuracy": 0.8095238095238095, "macro avg": {"precision": 0.8693446088794927, "recall": 0.8082725464190981, "f1-score": 0.8216397849462366, "support": 105}, "weighted avg": {"precision": 0.8581388637202592, "recall": 0.8095238095238095, "f1-score": 0.8169465779143198, "support": 105}, "classificador": "SGDClassifier"}