{"casual": {"precision": 0.6486486486486487, "recall": 0.8275862068965517, "f1-score": 0.7272727272727273, "support": 29}, "explosion": {"precision": 0.918918918918919, "recall": 0.8717948717948718, "f1-score": 0.8947368421052632, "support": 39}, "gunshot": {"precision": 0.9411764705882353, "recall": 0.7619047619047619, "f1-score": 0.8421052631578947, "support": 21}, "siren": {"precision": 0.9285714285714286, "recall": 0.8125, "f1-score": 0.8666666666666666, "support": 16}, "accuracy": 0.8285714285714286, "macro avg": {"precision": 0.859328866681808, "recall": 0.8184464601490463, "f1-score": 0.8326953748006379, "support": 105}, "weighted avg": {"precision": 0.8501952132204234, "recall": 0.8285714285714286, "f1-score": 0.8336811726285409, "support": 105}, "classificador": "KNeighborsClassifier"}