{"casual": {"precision": 0.45454545454545453, "recall": 0.6896551724137931, "f1-score": 0.547945205479452, "support": 29}, "explosion": {"precision": 0.6944444444444444, "recall": 0.6410256410256411, "f1-score": 0.6666666666666666, "support": 39}, "gunshot": {"precision": 0.875, "recall": 0.3333333333333333, "f1-score": 0.48275862068965514, "support": 21}, "siren": {"precision": 0.7647058823529411, "recall": 0.8125, "f1-score": 0.787878787878788, "support": 16}, "accuracy": 0.6190476190476191, "macro avg": {"precision": 0.69717394533571, "recall": 0.6191285366931918, "f1-score": 0.6213123201786405, "support": 105}, "weighted avg": {"precision": 0.6750042441218912, "recall": 0.6190476190476191, "f1-score": 0.615565739042357, "support": 105}, "classificador": "SGDClassifier", "mediaTempoClassificacaoCadaAudio": 0.004963402521042597, "desvioTempoClassificacaoCadaAudio": 0.003114293676718745}