{"casual": {"precision": 0.6875, "recall": 0.7586206896551724, "f1-score": 0.7213114754098361, "support": 29}, "explosion": {"precision": 0.8780487804878049, "recall": 0.9230769230769231, "f1-score": 0.9, "support": 39}, "gunshot": {"precision": 0.9411764705882353, "recall": 0.7619047619047619, "f1-score": 0.8421052631578947, "support": 21}, "siren": {"precision": 0.8666666666666667, "recall": 0.8125, "f1-score": 0.8387096774193549, "support": 16}, "accuracy": 0.8285714285714286, "macro avg": {"precision": 0.8433479794356767, "recall": 0.8140255936592143, "f1-score": 0.8255316039967715, "support": 105}, "weighted avg": {"precision": 0.8363121427432761, "recall": 0.8285714285714286, "f1-score": 0.8297295062086734, "support": 105}, "classificador": "DecisionTreeClassifier", "mediaTempoClassificacaoCadaAudio": 0.006191337676275344, "desvioTempoClassificacaoCadaAudio": 0.0036457916075932593}