{"casual": {"precision": 0.5526315789473685, "recall": 0.7241379310344828, "f1-score": 0.6268656716417911, "support": 29}, "explosion": {"precision": 0.7777777777777778, "recall": 0.717948717948718, "f1-score": 0.7466666666666666, "support": 39}, "gunshot": {"precision": 0.9090909090909091, "recall": 0.47619047619047616, "f1-score": 0.6249999999999999, "support": 21}, "siren": {"precision": 0.75, "recall": 0.9375, "f1-score": 0.8333333333333334, "support": 16}, "accuracy": 0.7047619047619048, "macro avg": {"precision": 0.7473750664540139, "recall": 0.7139442812934192, "f1-score": 0.7079664179104478, "support": 105}, "weighted avg": {"precision": 0.7376243639401534, "recall": 0.7047619047619048, "f1-score": 0.7024517886756692, "support": 105}, "classificador": "SGDClassifier", "mediaTempoClassificacaoCadaAudio": 0.004159906932285854, "desvioTempoClassificacaoCadaAudio": 0.002286904482395439}