{"casual": {"precision": 0.6, "recall": 0.6206896551724138, "f1-score": 0.6101694915254238, "support": 29}, "explosion": {"precision": 0.8461538461538461, "recall": 0.8461538461538461, "f1-score": 0.8461538461538461, "support": 39}, "gunshot": {"precision": 0.8, "recall": 0.5714285714285714, "f1-score": 0.6666666666666666, "support": 21}, "siren": {"precision": 0.7619047619047619, "recall": 1.0, "f1-score": 0.8648648648648648, "support": 16}, "accuracy": 0.7523809523809524, "macro avg": {"precision": 0.752014652014652, "recall": 0.7595680181887079, "f1-score": 0.7469637173027004, "support": 105}, "weighted avg": {"precision": 0.7560997732426304, "recall": 0.7523809523809524, "f1-score": 0.747930981829287, "support": 105}, "classificador": "Perceptron", "mediaTempoClassificacaoCadaAudio": 0.006503863561721075, "desvioTempoClassificacaoCadaAudio": 0.004457086142274082}