{"casual": {"precision": 0.425, "recall": 0.5862068965517241, "f1-score": 0.4927536231884058, "support": 29}, "explosion": {"precision": 0.62, "recall": 0.7948717948717948, "f1-score": 0.6966292134831461, "support": 39}, "gunshot": {"precision": 1.0, "recall": 0.047619047619047616, "f1-score": 0.0909090909090909, "support": 21}, "siren": {"precision": 0.8571428571428571, "recall": 0.75, "f1-score": 0.7999999999999999, "support": 16}, "accuracy": 0.580952380952381, "macro avg": {"precision": 0.7255357142857143, "recall": 0.5446744347606416, "f1-score": 0.5200729818951607, "support": 105}, "weighted avg": {"precision": 0.6782789115646257, "recall": 0.580952380952381, "f1-score": 0.5349284314990226, "support": 105}, "classificador": "SGDClassifier"}