{"casual": {"precision": 0.5, "recall": 0.8275862068965517, "f1-score": 0.6233766233766235, "support": 29}, "explosion": {"precision": 0.92, "recall": 0.5897435897435898, "f1-score": 0.71875, "support": 39}, "gunshot": {"precision": 0.4482758620689655, "recall": 0.6190476190476191, "f1-score": 0.52, "support": 21}, "siren": {"precision": 1.0, "recall": 0.1875, "f1-score": 0.3157894736842105, "support": 16}, "accuracy": 0.6, "macro avg": {"precision": 0.7170689655172413, "recall": 0.5559693539219401, "f1-score": 0.5444790242652086, "support": 105}, "weighted avg": {"precision": 0.7218456486042694, "recall": 0.6, "f1-score": 0.5912552729225662, "support": 105}, "classificador": "KNeighborsClassifier"}