{"casual": {"precision": 0.3488372093023256, "recall": 0.5172413793103449, "f1-score": 0.41666666666666663, "support": 29}, "explosion": {"precision": 0.6585365853658537, "recall": 0.6923076923076923, "f1-score": 0.675, "support": 39}, "gunshot": {"precision": 0.0, "recall": 0.0, "f1-score": 0.0, "support": 21}, "siren": {"precision": 0.7142857142857143, "recall": 0.9375, "f1-score": 0.8108108108108109, "support": 16}, "accuracy": 0.5428571428571428, "macro avg": {"precision": 0.4304148772384734, "recall": 0.5367622679045093, "f1-score": 0.47561936936936944, "support": 105}, "weighted avg": {"precision": 0.4497883555010206, "recall": 0.5428571428571428, "f1-score": 0.48934577434577436, "support": 105}, "classificador": "Perceptron"}