{"casual": {"precision": 0.53125, "recall": 0.5862068965517241, "f1-score": 0.5573770491803278, "support": 29}, "explosion": {"precision": 0.7906976744186046, "recall": 0.8717948717948718, "f1-score": 0.8292682926829267, "support": 39}, "gunshot": {"precision": 1.0, "recall": 0.23809523809523808, "f1-score": 0.3846153846153846, "support": 21}, "siren": {"precision": 0.64, "recall": 1.0, "f1-score": 0.7804878048780487, "support": 16}, "accuracy": 0.6857142857142857, "macro avg": {"precision": 0.7404869186046512, "recall": 0.6740242516104585, "f1-score": 0.637937132839172, "support": 105}, "weighted avg": {"precision": 0.7379377076411959, "recall": 0.6857142857142857, "f1-score": 0.6578107218651, "support": 105}, "classificador": "Perceptron"}