{"casual": {"precision": 0.3380281690140845, "recall": 0.8275862068965517, "f1-score": 0.48000000000000004, "support": 29}, "explosion": {"precision": 0.7857142857142857, "recall": 0.5641025641025641, "f1-score": 0.6567164179104477, "support": 39}, "gunshot": {"precision": 0.0, "recall": 0.0, "f1-score": 0.0, "support": 21}, "siren": {"precision": 1.0, "recall": 0.375, "f1-score": 0.5454545454545454, "support": 16}, "accuracy": 0.49523809523809526, "macro avg": {"precision": 0.5309356136820925, "recall": 0.441672192749779, "f1-score": 0.42054274084124826, "support": 105}, "weighted avg": {"precision": 0.5375778480406247, "recall": 0.49523809523809526, "f1-score": 0.459611552626478, "support": 105}, "classificador": "BaggingClassifier"}