{"casual": {"precision": 0.5454545454545454, "recall": 0.6206896551724138, "f1-score": 0.5806451612903226, "support": 29}, "explosion": {"precision": 0.8, "recall": 0.8205128205128205, "f1-score": 0.810126582278481, "support": 39}, "gunshot": {"precision": 0.5, "recall": 0.14285714285714285, "f1-score": 0.22222222222222224, "support": 21}, "siren": {"precision": 0.5769230769230769, "recall": 0.9375, "f1-score": 0.7142857142857143, "support": 16}, "accuracy": 0.6476190476190476, "macro avg": {"precision": 0.6055944055944056, "recall": 0.6303899046355943, "f1-score": 0.581819920019185, "support": 105}, "weighted avg": {"precision": 0.6357042957042957, "recall": 0.6476190476190476, "f1-score": 0.6145608045858877, "support": 105}, "classificador": "LinearSVC"}