{"casual": {"precision": 0.43243243243243246, "recall": 0.5517241379310345, "f1-score": 0.48484848484848486, "support": 29}, "explosion": {"precision": 0.6666666666666666, "recall": 0.7692307692307693, "f1-score": 0.7142857142857142, "support": 39}, "gunshot": {"precision": 0.5, "recall": 0.14285714285714285, "f1-score": 0.22222222222222224, "support": 21}, "siren": {"precision": 0.8235294117647058, "recall": 0.875, "f1-score": 0.8484848484848485, "support": 16}, "accuracy": 0.6, "macro avg": {"precision": 0.6056571277159513, "recall": 0.5847030125047367, "f1-score": 0.5674603174603174, "support": 105}, "weighted avg": {"precision": 0.5925429631311985, "recall": 0.6, "f1-score": 0.5729540300968873, "support": 105}, "classificador": "LinearSVC"}