{"casual": {"precision": 0.4473684210526316, "recall": 0.5862068965517241, "f1-score": 0.5074626865671642, "support": 29}, "explosion": {"precision": 0.8484848484848485, "recall": 0.717948717948718, "f1-score": 0.7777777777777778, "support": 39}, "gunshot": {"precision": 0.6086956521739131, "recall": 0.6666666666666666, "f1-score": 0.6363636363636365, "support": 21}, "siren": {"precision": 0.5454545454545454, "recall": 0.375, "f1-score": 0.4444444444444444, "support": 16}, "accuracy": 0.6190476190476191, "macro avg": {"precision": 0.6125008667914846, "recall": 0.5864555702917772, "f1-score": 0.5915121362882557, "support": 105}, "weighted avg": {"precision": 0.6435664259462885, "recall": 0.6190476190476191, "f1-score": 0.6240428449383674, "support": 105}, "classificador": "BaggingClassifier"}