{"casual": {"precision": 0.4864864864864865, "recall": 0.6206896551724138, "f1-score": 0.5454545454545455, "support": 29}, "explosion": {"precision": 0.6744186046511628, "recall": 0.7435897435897436, "f1-score": 0.7073170731707318, "support": 39}, "gunshot": {"precision": 0.8, "recall": 0.19047619047619047, "f1-score": 0.3076923076923077, "support": 21}, "siren": {"precision": 0.75, "recall": 0.9375, "f1-score": 0.8333333333333334, "support": 16}, "accuracy": 0.6285714285714286, "macro avg": {"precision": 0.6777262727844123, "recall": 0.623063897309587, "f1-score": 0.5984493149127296, "support": 105}, "weighted avg": {"precision": 0.6591469875190806, "recall": 0.6285714285714286, "f1-score": 0.6018897092067824, "support": 105}, "classificador": "LinearSVC"}