{"casual": {"precision": 0.5116279069767442, "recall": 0.7586206896551724, "f1-score": 0.6111111111111112, "support": 29}, "explosion": {"precision": 0.8387096774193549, "recall": 0.6666666666666666, "f1-score": 0.7428571428571428, "support": 39}, "gunshot": {"precision": 0.7692307692307693, "recall": 0.47619047619047616, "f1-score": 0.588235294117647, "support": 21}, "siren": {"precision": 0.7777777777777778, "recall": 0.875, "f1-score": 0.823529411764706, "support": 16}, "accuracy": 0.6857142857142857, "macro avg": {"precision": 0.7243365328511615, "recall": 0.6941194581280788, "f1-score": 0.6914332399626517, "support": 105}, "weighted avg": {"precision": 0.725192164952105, "recall": 0.6857142857142857, "f1-score": 0.6878386910319683, "support": 105}, "classificador": "SVC", "mediaTempoClassificacaoCadaAudio": 0.011559252511887323, "desvioTempoClassificacaoCadaAudio": 0.006530893149381325}