{"casual": {"precision": 0.5675675675675675, "recall": 0.7241379310344828, "f1-score": 0.6363636363636365, "support": 29}, "explosion": {"precision": 0.84375, "recall": 0.6923076923076923, "f1-score": 0.7605633802816902, "support": 39}, "gunshot": {"precision": 0.8333333333333334, "recall": 0.7142857142857143, "f1-score": 0.7692307692307692, "support": 21}, "siren": {"precision": 0.8333333333333334, "recall": 0.9375, "f1-score": 0.8823529411764706, "support": 16}, "accuracy": 0.7428571428571429, "macro avg": {"precision": 0.7694960585585586, "recall": 0.7670578344069724, "f1-score": 0.7621276817631416, "support": 105}, "weighted avg": {"precision": 0.7638004075504075, "recall": 0.7428571428571429, "f1-score": 0.7465524809352482, "support": 105}, "classificador": "LinearDiscriminantAnalysis"}