{"casual": {"precision": 0.5, "recall": 0.7931034482758621, "f1-score": 0.6133333333333334, "support": 29}, "explosion": {"precision": 0.8846153846153846, "recall": 0.5897435897435898, "f1-score": 0.7076923076923076, "support": 39}, "gunshot": {"precision": 0.8461538461538461, "recall": 0.5238095238095238, "f1-score": 0.6470588235294118, "support": 21}, "siren": {"precision": 0.75, "recall": 0.9375, "f1-score": 0.8333333333333334, "support": 16}, "accuracy": 0.6857142857142857, "macro avg": {"precision": 0.7451923076923077, "recall": 0.7110391404572439, "f1-score": 0.7003544494720966, "support": 105}, "weighted avg": {"precision": 0.7501831501831502, "recall": 0.6857142857142857, "f1-score": 0.6886498599439776, "support": 105}, "classificador": "Perceptron"}