{"casual": {"precision": 0.5454545454545454, "recall": 0.8275862068965517, "f1-score": 0.6575342465753425, "support": 29}, "explosion": {"precision": 0.92, "recall": 0.5897435897435898, "f1-score": 0.71875, "support": 39}, "gunshot": {"precision": 0.7894736842105263, "recall": 0.7142857142857143, "f1-score": 0.7500000000000001, "support": 21}, "siren": {"precision": 0.8235294117647058, "recall": 0.875, "f1-score": 0.8484848484848485, "support": 16}, "accuracy": 0.7238095238095238, "macro avg": {"precision": 0.7696144103574443, "recall": 0.751653877731464, "f1-score": 0.7436922737650478, "support": 105}, "weighted avg": {"precision": 0.775748569284173, "recall": 0.7238095238095238, "f1-score": 0.7278619116804048, "support": 105}, "classificador": "Perceptron"}