{"casual": {"precision": 0.7333333333333333, "recall": 0.7586206896551724, "f1-score": 0.7457627118644068, "support": 29}, "explosion": {"precision": 0.918918918918919, "recall": 0.8717948717948718, "f1-score": 0.8947368421052632, "support": 39}, "gunshot": {"precision": 0.85, "recall": 0.8095238095238095, "f1-score": 0.8292682926829269, "support": 21}, "siren": {"precision": 0.8888888888888888, "recall": 1.0, "f1-score": 0.9411764705882353, "support": 16}, "accuracy": 0.8476190476190476, "macro avg": {"precision": 0.8477852852852853, "recall": 0.8599848427434634, "f1-score": 0.8527360793102081, "support": 105}, "weighted avg": {"precision": 0.8493021593021591, "recall": 0.8476190476190476, "f1-score": 0.8475744110659647, "support": 105}, "classificador": "KNeighborsClassifier"}