{"casual": {"precision": 0.65625, "recall": 0.7241379310344828, "f1-score": 0.6885245901639345, "support": 29}, "explosion": {"precision": 0.8809523809523809, "recall": 0.9487179487179487, "f1-score": 0.9135802469135802, "support": 39}, "gunshot": {"precision": 1.0, "recall": 0.6190476190476191, "f1-score": 0.7647058823529412, "support": 21}, "siren": {"precision": 0.7777777777777778, "recall": 0.875, "f1-score": 0.823529411764706, "support": 16}, "accuracy": 0.8095238095238095, "macro avg": {"precision": 0.8287450396825397, "recall": 0.7917258747000127, "f1-score": 0.7975850327987904, "support": 105}, "weighted avg": {"precision": 0.82697940287226, "recall": 0.8095238095238095, "f1-score": 0.8079251129717218, "support": 105}, "classificador": "BaggingClassifier"}