{"casual": {"precision": 0.5897435897435898, "recall": 0.7931034482758621, "f1-score": 0.676470588235294, "support": 29}, "explosion": {"precision": 0.8108108108108109, "recall": 0.7692307692307693, "f1-score": 0.7894736842105263, "support": 39}, "gunshot": {"precision": 1.0, "recall": 0.5714285714285714, "f1-score": 0.7272727272727273, "support": 21}, "siren": {"precision": 0.8823529411764706, "recall": 0.9375, "f1-score": 0.9090909090909091, "support": 16}, "accuracy": 0.7619047619047619, "macro avg": {"precision": 0.8207268354327178, "recall": 0.7678156972338006, "f1-score": 0.7755769772023642, "support": 105}, "weighted avg": {"precision": 0.7984936455524692, "recall": 0.7619047619047619, "f1-score": 0.7640505005830084, "support": 105}, "classificador": "SGDClassifier"}