{"casual": {"precision": 0.6857142857142857, "recall": 0.8275862068965517, "f1-score": 0.75, "support": 29}, "explosion": {"precision": 0.8974358974358975, "recall": 0.8974358974358975, "f1-score": 0.8974358974358975, "support": 39}, "gunshot": {"precision": 0.8125, "recall": 0.6190476190476191, "f1-score": 0.7027027027027026, "support": 21}, "siren": {"precision": 0.9333333333333333, "recall": 0.875, "f1-score": 0.9032258064516129, "support": 16}, "accuracy": 0.819047619047619, "macro avg": {"precision": 0.8322458791208791, "recall": 0.804767430845017, "f1-score": 0.8133411016475532, "support": 105}, "weighted avg": {"precision": 0.8274433106575965, "recall": 0.819047619047619, "f1-score": 0.8186511396188816, "support": 105}, "classificador": "BaggingClassifier"}