{"casual": {"precision": 0.71875, "recall": 0.7931034482758621, "f1-score": 0.7540983606557378, "support": 29}, "explosion": {"precision": 0.8863636363636364, "recall": 1.0, "f1-score": 0.9397590361445783, "support": 39}, "gunshot": {"precision": 1.0, "recall": 0.6190476190476191, "f1-score": 0.7647058823529412, "support": 21}, "siren": {"precision": 0.875, "recall": 0.875, "f1-score": 0.875, "support": 16}, "accuracy": 0.8476190476190476, "macro avg": {"precision": 0.8700284090909091, "recall": 0.8217877668308703, "f1-score": 0.8333908197883143, "support": 105}, "weighted avg": {"precision": 0.8610660173160173, "recall": 0.8476190476190476, "f1-score": 0.8436026514101592, "support": 105}, "classificador": "BaggingClassifier"}