{"casual": {"precision": 0.6363636363636364, "recall": 0.4827586206896552, "f1-score": 0.5490196078431373, "support": 29}, "explosion": {"precision": 0.8275862068965517, "recall": 0.6153846153846154, "f1-score": 0.7058823529411765, "support": 39}, "gunshot": {"precision": 0.375, "recall": 0.7142857142857143, "f1-score": 0.4918032786885245, "support": 21}, "siren": {"precision": 0.6428571428571429, "recall": 0.5625, "f1-score": 0.6000000000000001, "support": 16}, "accuracy": 0.5904761904761905, "macro avg": {"precision": 0.6204517465293328, "recall": 0.5937322375899963, "f1-score": 0.5866763098682095, "support": 105}, "weighted avg": {"precision": 0.6561059219926215, "recall": 0.5904761904761905, "f1-score": 0.6036080880439608, "support": 105}, "classificador": "LinearDiscriminantAnalysis"}