{"casual": {"precision": 0.6190476190476191, "recall": 0.4482758620689655, "f1-score": 0.52, "support": 29}, "explosion": {"precision": 0.8125, "recall": 0.6666666666666666, "f1-score": 0.7323943661971831, "support": 39}, "gunshot": {"precision": 0.43243243243243246, "recall": 0.7619047619047619, "f1-score": 0.5517241379310345, "support": 21}, "siren": {"precision": 0.6, "recall": 0.5625, "f1-score": 0.5806451612903225, "support": 16}, "accuracy": 0.6095238095238096, "macro avg": {"precision": 0.6159950128700129, "recall": 0.6098368226600985, "f1-score": 0.5961909163546351, "support": 105}, "weighted avg": {"precision": 0.6506758288901145, "recall": 0.6095238095238096, "f1-score": 0.6144753310370192, "support": 105}, "classificador": "LinearDiscriminantAnalysis"}