{"classificador": "SGDClassifier", "accuracy": 0.6952380952380952, "explosion": {"recall": 0.6153846153846154, "f1-score": 0.6956521739130435, "precision": 0.8, "support": 39}, "siren": {"recall": 0.875, "f1-score": 0.7999999999999999, "precision": 0.7368421052631579, "support": 16}, "weighted avg": {"recall": 0.6952380952380952, "f1-score": 0.6979213521157255, "precision": 0.7417687331028824, "support": 105}, "gunshot": {"recall": 0.5714285714285714, "f1-score": 0.7058823529411765, "precision": 0.9230769230769231, "support": 21}, "macro avg": {"recall": 0.7137291587722623, "f1-score": 0.7101058539357772, "precision": 0.7487006873175784, "support": 105}, "casual": {"recall": 0.7931034482758621, "f1-score": 0.6388888888888888, "precision": 0.5348837209302325, "support": 29}}