{"classificador": "Perceptron", "accuracy": 0.7333333333333333, "explosion": {"recall": 0.7435897435897436, "f1-score": 0.8055555555555556, "precision": 0.8787878787878788, "support": 39}, "siren": {"recall": 0.9375, "f1-score": 0.8571428571428572, "precision": 0.7894736842105263, "support": 16}, "weighted avg": {"recall": 0.7333333333333333, "f1-score": 0.7353518218881756, "precision": 0.7678432094221568, "support": 105}, "gunshot": {"recall": 0.5238095238095238, "f1-score": 0.6470588235294118, "precision": 0.8461538461538461, "support": 21}, "macro avg": {"recall": 0.74087998926361, "f1-score": 0.7368595989120286, "precision": 0.7661038522880628, "support": 105}, "casual": {"recall": 0.7586206896551724, "f1-score": 0.6376811594202898, "precision": 0.55, "support": 29}}