{"classificador": "BaggingClassifier", "accuracy": 0.7333333333333333, "explosion": {"recall": 0.6666666666666666, "f1-score": 0.7647058823529411, "precision": 0.896551724137931, "support": 39}, "siren": {"recall": 0.875, "f1-score": 0.823529411764706, "precision": 0.7777777777777778, "support": 16}, "weighted avg": {"recall": 0.7333333333333333, "f1-score": 0.739699934768428, "precision": 0.7878870809905293, "support": 105}, "gunshot": {"recall": 0.6190476190476191, "f1-score": 0.742857142857143, "precision": 0.9285714285714286, "support": 21}, "macro avg": {"recall": 0.7470751231527093, "f1-score": 0.7471566708875331, "precision": 0.7870888689854207, "support": 105}, "casual": {"recall": 0.8275862068965517, "f1-score": 0.6575342465753425, "precision": 0.5454545454545454, "support": 29}}