{"classificador": "BaggingClassifier", "accuracy": 0.8095238095238095, "explosion": {"recall": 0.8461538461538461, "f1-score": 0.8799999999999999, "precision": 0.9166666666666666, "support": 39}, "siren": {"recall": 0.8125, "f1-score": 0.8387096774193549, "precision": 0.8666666666666667, "support": 16}, "weighted avg": {"recall": 0.8095238095238095, "f1-score": 0.810309448510587, "precision": 0.8300000000000001, "support": 105}, "gunshot": {"recall": 0.6190476190476191, "f1-score": 0.7222222222222222, "precision": 0.8666666666666667, "support": 21}, "macro avg": {"recall": 0.7935632973348491, "f1-score": 0.8014094454986296, "precision": 0.8291666666666667, "support": 105}, "casual": {"recall": 0.896551724137931, "f1-score": 0.7647058823529411, "precision": 0.6666666666666666, "support": 29}}