{"classificador": "BaggingClassifier", "accuracy": 0.7238095238095238, "explosion": {"recall": 0.7948717948717948, "f1-score": 0.8378378378378378, "precision": 0.8857142857142857, "support": 39}, "siren": {"recall": 0.625, "f1-score": 0.6896551724137931, "precision": 0.7692307692307693, "support": 16}, "weighted avg": {"recall": 0.7238095238095238, "f1-score": 0.7304332059011861, "precision": 0.7568954767648147, "support": 105}, "gunshot": {"recall": 0.6190476190476191, "f1-score": 0.7027027027027026, "precision": 0.8125, "support": 21}, "macro avg": {"recall": 0.6993850258936466, "f1-score": 0.7146917853814405, "precision": 0.7510076051996784, "support": 105}, "casual": {"recall": 0.7586206896551724, "f1-score": 0.6285714285714286, "precision": 0.5365853658536586, "support": 29}}