{"classificador": "LinearSVC", "accuracy": 0.7333333333333333, "explosion": {"recall": 0.6923076923076923, "f1-score": 0.7500000000000001, "precision": 0.8181818181818182, "support": 39}, "siren": {"recall": 0.8125, "f1-score": 0.8125, "precision": 0.8125, "support": 16}, "weighted avg": {"recall": 0.7333333333333333, "f1-score": 0.7350539980974764, "precision": 0.7559199134199135, "support": 105}, "gunshot": {"recall": 0.6190476190476191, "f1-score": 0.7027027027027026, "precision": 0.8125, "support": 21}, "macro avg": {"recall": 0.7378603795629658, "f1-score": 0.7402137191539365, "precision": 0.7607954545454545, "support": 105}, "casual": {"recall": 0.8275862068965517, "f1-score": 0.6956521739130435, "precision": 0.6, "support": 29}}