{"classificador": "BaggingClassifier", "accuracy": 0.6285714285714286, "explosion": {"recall": 0.6666666666666666, "f1-score": 0.7428571428571428, "precision": 0.8387096774193549, "support": 39}, "siren": {"recall": 0.875, "f1-score": 0.875, "precision": 0.875, "support": 16}, "weighted avg": {"recall": 0.6285714285714286, "f1-score": 0.610321121219572, "precision": 0.7124907549638733, "support": 105}, "gunshot": {"recall": 0.14285714285714285, "f1-score": 0.24, "precision": 0.75, "support": 21}, "macro avg": {"recall": 0.6194068144499179, "f1-score": 0.6030185025817556, "precision": 0.7224089008363201, "support": 105}, "casual": {"recall": 0.7931034482758621, "f1-score": 0.5542168674698795, "precision": 0.42592592592592593, "support": 29}}