{"classificador": "LinearSVC", "accuracy": 0.7238095238095238, "explosion": {"recall": 0.7948717948717948, "f1-score": 0.8051948051948051, "precision": 0.8157894736842105, "support": 39}, "siren": {"recall": 0.8125, "f1-score": 0.8125, "precision": 0.8125, "support": 16}, "weighted avg": {"recall": 0.7238095238095238, "f1-score": 0.7235656407084978, "precision": 0.7345948203842941, "support": 105}, "gunshot": {"recall": 0.5238095238095238, "f1-score": 0.611111111111111, "precision": 0.7333333333333333, "support": 21}, "macro avg": {"recall": 0.7138298124289504, "f1-score": 0.7187399406149406, "precision": 0.7362390350877193, "support": 105}, "casual": {"recall": 0.7241379310344828, "f1-score": 0.6461538461538462, "precision": 0.5833333333333334, "support": 29}}