{"classificador": "LinearSVC", "accuracy": 0.7142857142857143, "explosion": {"recall": 0.7692307692307693, "f1-score": 0.8219178082191781, "precision": 0.8823529411764706, "support": 39}, "siren": {"recall": 0.8125, "f1-score": 0.7647058823529411, "precision": 0.7222222222222222, "support": 16}, "weighted avg": {"recall": 0.7142857142857143, "f1-score": 0.7164868626593043, "precision": 0.7320407592466416, "support": 105}, "gunshot": {"recall": 0.5238095238095238, "f1-score": 0.5945945945945946, "precision": 0.6875, "support": 21}, "macro avg": {"recall": 0.707419556018694, "f1-score": 0.7043954803825876, "precision": 0.7149106827415651, "support": 105}, "casual": {"recall": 0.7241379310344828, "f1-score": 0.6363636363636365, "precision": 0.5675675675675675, "support": 29}}