{"classificador": "BaggingClassifier", "accuracy": 0.6761904761904762, "explosion": {"recall": 0.7435897435897436, "f1-score": 0.8055555555555556, "precision": 0.8787878787878788, "support": 39}, "siren": {"recall": 0.6875, "f1-score": 0.7586206896551724, "precision": 0.8461538461538461, "support": 16}, "weighted avg": {"recall": 0.6761904761904762, "f1-score": 0.6759509606257751, "precision": 0.7434716394716394, "support": 105}, "gunshot": {"recall": 0.3333333333333333, "f1-score": 0.4666666666666666, "precision": 0.7777777777777778, "support": 21}, "macro avg": {"recall": 0.6480023209549071, "f1-score": 0.6596094621465638, "precision": 0.7456798756798757, "support": 105}, "casual": {"recall": 0.8275862068965517, "f1-score": 0.6075949367088608, "precision": 0.48, "support": 29}}