{"classificador": "Perceptron", "accuracy": 0.638095238095238, "explosion": {"recall": 0.7435897435897436, "f1-score": 0.7073170731707318, "precision": 0.6744186046511628, "support": 39}, "siren": {"recall": 0.9375, "f1-score": 0.7894736842105263, "precision": 0.6818181818181818, "support": 16}, "weighted avg": {"recall": 0.638095238095238, "f1-score": 0.6009818918779124, "precision": 0.6578335962056893, "support": 105}, "gunshot": {"recall": 0.14285714285714285, "f1-score": 0.24, "precision": 0.75, "support": 21}, "macro avg": {"recall": 0.6284005147151699, "f1-score": 0.5880438431914684, "precision": 0.665448085506225, "support": 105}, "casual": {"recall": 0.6896551724137931, "f1-score": 0.6153846153846154, "precision": 0.5555555555555556, "support": 29}}