{"classificador": "KNeighborsClassifier", "accuracy": 0.6857142857142857, "explosion": {"recall": 0.5128205128205128, "f1-score": 0.6666666666666666, "precision": 0.9523809523809523, "support": 39}, "siren": {"recall": 0.75, "f1-score": 0.8275862068965517, "precision": 0.9230769230769231, "support": 16}, "weighted avg": {"recall": 0.6857142857142857, "f1-score": 0.6882277573486899, "precision": 0.7622482060905705, "support": 105}, "gunshot": {"recall": 0.7142857142857143, "f1-score": 0.6000000000000001, "precision": 0.5172413793103449, "support": 21}, "macro avg": {"recall": 0.7097937981558671, "f1-score": 0.6996195564189737, "precision": 0.7469843375015788, "support": 105}, "casual": {"recall": 0.8620689655172413, "f1-score": 0.7042253521126761, "precision": 0.5952380952380952, "support": 29}}