{"classificador": "Perceptron", "accuracy": 0.7714285714285715, "explosion": {"recall": 0.7435897435897436, "f1-score": 0.7837837837837838, "precision": 0.8285714285714286, "support": 39}, "siren": {"recall": 0.875, "f1-score": 0.8484848484848485, "precision": 0.8235294117647058, "support": 16}, "weighted avg": {"recall": 0.7714285714285715, "f1-score": 0.7701883701883702, "precision": 0.7823604847344343, "support": 105}, "gunshot": {"recall": 0.6190476190476191, "f1-score": 0.7027027027027026, "precision": 0.8125, "support": 21}, "macro avg": {"recall": 0.7749265820386511, "f1-score": 0.7731367731367731, "precision": 0.7850691290029526, "support": 105}, "casual": {"recall": 0.8620689655172413, "f1-score": 0.7575757575757576, "precision": 0.6756756756756757, "support": 29}}