{"classificador": "BaggingClassifier", "accuracy": 0.7619047619047619, "explosion": {"recall": 0.8205128205128205, "f1-score": 0.8648648648648648, "precision": 0.9142857142857143, "support": 39}, "siren": {"recall": 0.8125, "f1-score": 0.787878787878788, "precision": 0.7647058823529411, "support": 16}, "weighted avg": {"recall": 0.7619047619047619, "f1-score": 0.7682443853872427, "precision": 0.8110545681687309, "support": 105}, "gunshot": {"recall": 0.5714285714285714, "f1-score": 0.7272727272727273, "precision": 1.0, "support": 21}, "macro avg": {"recall": 0.7493862100543135, "f1-score": 0.7592898092898093, "precision": 0.8099918015986882, "support": 105}, "casual": {"recall": 0.7931034482758621, "f1-score": 0.6571428571428573, "precision": 0.5609756097560976, "support": 29}}