{"classificador": "SGDClassifier", "accuracy": 0.7142857142857143, "explosion": {"recall": 0.7948717948717948, "f1-score": 0.7848101265822786, "precision": 0.775, "support": 39}, "siren": {"recall": 0.8125, "f1-score": 0.8125, "precision": 0.8125, "support": 16}, "weighted avg": {"recall": 0.7142857142857143, "f1-score": 0.7114318910466406, "precision": 0.7635714285714287, "support": 105}, "gunshot": {"recall": 0.42857142857142855, "f1-score": 0.6, "precision": 1.0, "support": 21}, "macro avg": {"recall": 0.698640978274599, "f1-score": 0.7087478215006421, "precision": 0.784375, "support": 105}, "casual": {"recall": 0.7586206896551724, "f1-score": 0.6376811594202898, "precision": 0.55, "support": 29}}