{"classificador": "BaggingClassifier", "accuracy": 0.7238095238095238, "explosion": {"recall": 0.8717948717948718, "f1-score": 0.8717948717948718, "precision": 0.8717948717948718, "support": 39}, "siren": {"recall": 1.0, "f1-score": 0.8648648648648648, "precision": 0.7619047619047619, "support": 16}, "weighted avg": {"recall": 0.7238095238095238, "f1-score": 0.6932038977753263, "precision": 0.788109064764117, "support": 105}, "gunshot": {"recall": 0.19047619047619047, "f1-score": 0.32, "precision": 1.0, "support": 21}, "macro avg": {"recall": 0.7052229379815587, "f1-score": 0.6713077913077913, "precision": 0.7925712498883231, "support": 105}, "casual": {"recall": 0.7586206896551724, "f1-score": 0.6285714285714286, "precision": 0.5365853658536586, "support": 29}}