{"classificador": "Perceptron", "accuracy": 0.7619047619047619, "explosion": {"recall": 0.8461538461538461, "f1-score": 0.8354430379746836, "precision": 0.825, "support": 39}, "siren": {"recall": 0.875, "f1-score": 0.823529411764706, "precision": 0.7777777777777778, "support": 16}, "weighted avg": {"recall": 0.7619047619047619, "f1-score": 0.7611010648985332, "precision": 0.7801507098565923, "support": 105}, "gunshot": {"recall": 0.5714285714285714, "f1-score": 0.7058823529411765, "precision": 0.9230769230769231, "support": 21}, "macro avg": {"recall": 0.754180087154225, "f1-score": 0.7578803673368082, "precision": 0.7858754399195576, "support": 105}, "casual": {"recall": 0.7241379310344828, "f1-score": 0.6666666666666667, "precision": 0.6176470588235294, "support": 29}}