{"casual": {"precision": 0.5, "recall": 0.8275862068965517, "f1-score": 0.6233766233766235, "support": 29}, "explosion": {"precision": 0.85, "recall": 0.4358974358974359, "f1-score": 0.5762711864406781, "support": 39}, "gunshot": {"precision": 0.875, "recall": 0.6666666666666666, "f1-score": 0.7567567567567567, "support": 21}, "siren": {"precision": 0.7142857142857143, "recall": 0.9375, "f1-score": 0.8108108108108109, "support": 16}, "accuracy": 0.6666666666666666, "macro avg": {"precision": 0.7348214285714286, "recall": 0.7169125773651636, "f1-score": 0.6918038443462173, "support": 105}, "weighted avg": {"precision": 0.7376530612244898, "recall": 0.6666666666666666, "f1-score": 0.6611177448949846, "support": 105}, "classificador": "Perceptron"}