{"casual": {"precision": 0.5111111111111111, "recall": 0.7931034482758621, "f1-score": 0.6216216216216216, "support": 29}, "explosion": {"precision": 0.8333333333333334, "recall": 0.5128205128205128, "f1-score": 0.6349206349206349, "support": 39}, "gunshot": {"precision": 0.9375, "recall": 0.7142857142857143, "f1-score": 0.8108108108108109, "support": 21}, "siren": {"precision": 0.7, "recall": 0.875, "f1-score": 0.7777777777777777, "support": 16}, "accuracy": 0.6857142857142857, "macro avg": {"precision": 0.7454861111111111, "recall": 0.7238024188455223, "f1-score": 0.7112827112827113, "support": 105}, "weighted avg": {"precision": 0.7448544973544974, "recall": 0.6857142857142857, "f1-score": 0.6881943167657454, "support": 105}, "classificador": "SGDClassifier"}