{"casual": {"precision": 0.5625, "recall": 0.6206896551724138, "f1-score": 0.5901639344262296, "support": 29}, "explosion": {"precision": 0.8387096774193549, "recall": 0.6666666666666666, "f1-score": 0.7428571428571428, "support": 39}, "gunshot": {"precision": 0.6956521739130435, "recall": 0.7619047619047619, "f1-score": 0.7272727272727272, "support": 21}, "siren": {"precision": 0.7894736842105263, "recall": 0.9375, "f1-score": 0.8571428571428572, "support": 16}, "accuracy": 0.7142857142857143, "macro avg": {"precision": 0.7215838838857311, "recall": 0.7466902709359606, "f1-score": 0.7293591654247392, "support": 105}, "weighted avg": {"precision": 0.7263090668466398, "recall": 0.7142857142857143, "f1-score": 0.7149828157790687, "support": 105}, "classificador": "SGDClassifier"}