{"casual": {"precision": 0.52, "recall": 0.896551724137931, "f1-score": 0.6582278481012658, "support": 29}, "explosion": {"precision": 0.9047619047619048, "recall": 0.48717948717948717, "f1-score": 0.6333333333333333, "support": 39}, "gunshot": {"precision": 0.9333333333333333, "recall": 0.6666666666666666, "f1-score": 0.7777777777777778, "support": 21}, "siren": {"precision": 0.8421052631578947, "recall": 1.0, "f1-score": 0.9142857142857143, "support": 16}, "accuracy": 0.7142857142857143, "macro avg": {"precision": 0.8000501253132832, "recall": 0.7625994694960212, "f1-score": 0.7459061683745227, "support": 105}, "weighted avg": {"precision": 0.7946609380594343, "recall": 0.7142857142857143, "f1-score": 0.7119096414937283, "support": 105}, "classificador": "Perceptron"}