{"casual": {"precision": 0.4897959183673469, "recall": 0.8275862068965517, "f1-score": 0.6153846153846154, "support": 29}, "explosion": {"precision": 0.8888888888888888, "recall": 0.41025641025641024, "f1-score": 0.5614035087719298, "support": 39}, "gunshot": {"precision": 0.9333333333333333, "recall": 0.6666666666666666, "f1-score": 0.7777777777777778, "support": 21}, "siren": {"precision": 0.6521739130434783, "recall": 0.9375, "f1-score": 0.7692307692307693, "support": 16}, "accuracy": 0.6571428571428571, "macro avg": {"precision": 0.741048013408262, "recall": 0.7105023209549072, "f1-score": 0.680949167791273, "support": 105}, "weighted avg": {"precision": 0.7514812467430037, "recall": 0.6571428571428571, "f1-score": 0.651256345993188, "support": 105}, "classificador": "Perceptron"}