{"casual": {"precision": 0.4722222222222222, "recall": 0.5862068965517241, "f1-score": 0.523076923076923, "support": 29}, "explosion": {"precision": 0.775, "recall": 0.7948717948717948, "f1-score": 0.7848101265822786, "support": 39}, "gunshot": {"precision": 0.9166666666666666, "recall": 0.5238095238095238, "f1-score": 0.6666666666666667, "support": 21}, "siren": {"precision": 0.8235294117647058, "recall": 0.875, "f1-score": 0.8484848484848485, "support": 16}, "accuracy": 0.6952380952380952, "macro avg": {"precision": 0.7468545751633986, "recall": 0.6949720538082607, "f1-score": 0.7057596412026792, "support": 105}, "weighted avg": {"precision": 0.727103952692188, "recall": 0.6952380952380952, "f1-score": 0.6985960312542591, "support": 105}, "classificador": "LinearDiscriminantAnalysis"}