{"casual": {"precision": 0.6190476190476191, "recall": 0.896551724137931, "f1-score": 0.732394366197183, "support": 29}, "explosion": {"precision": 0.8857142857142857, "recall": 0.7948717948717948, "f1-score": 0.8378378378378378, "support": 39}, "gunshot": {"precision": 0.7333333333333333, "recall": 0.5238095238095238, "f1-score": 0.611111111111111, "support": 21}, "siren": {"precision": 0.9230769230769231, "recall": 0.75, "f1-score": 0.8275862068965517, "support": 16}, "accuracy": 0.7619047619047619, "macro avg": {"precision": 0.7902930402930404, "recall": 0.7413082607048124, "f1-score": 0.7522323805106709, "support": 105}, "weighted avg": {"precision": 0.7872806558520844, "recall": 0.7619047619047619, "f1-score": 0.7618078565625918, "support": 105}, "classificador": "BaggingClassifier"}