{"casual": {"precision": 0.5384615384615384, "recall": 0.7241379310344828, "f1-score": 0.6176470588235294, "support": 29}, "explosion": {"precision": 0.8461538461538461, "recall": 0.5641025641025641, "f1-score": 0.676923076923077, "support": 39}, "gunshot": {"precision": 0.5263157894736842, "recall": 0.47619047619047616, "f1-score": 0.5, "support": 21}, "siren": {"precision": 0.7619047619047619, "recall": 1.0, "f1-score": 0.8648648648648648, "support": 16}, "accuracy": 0.6571428571428571, "macro avg": {"precision": 0.6682089839984576, "recall": 0.6911077428318808, "f1-score": 0.6648587501528678, "support": 105}, "weighted avg": {"precision": 0.6843665941410302, "recall": 0.6571428571428571, "f1-score": 0.6538057385116208, "support": 105}, "classificador": "SVC"}