{"casual": {"precision": 0.75, "recall": 0.9310344827586207, "f1-score": 0.8307692307692308, "support": 29}, "explosion": {"precision": 1.0, "recall": 0.8717948717948718, "f1-score": 0.9315068493150686, "support": 39}, "gunshot": {"precision": 0.9444444444444444, "recall": 0.8095238095238095, "f1-score": 0.8717948717948718, "support": 21}, "siren": {"precision": 0.8823529411764706, "recall": 0.9375, "f1-score": 0.9090909090909091, "support": 16}, "accuracy": 0.8857142857142857, "macro avg": {"precision": 0.8941993464052288, "recall": 0.8874632910193254, "f1-score": 0.8857904652425201, "support": 105}, "weighted avg": {"precision": 0.9019140989729224, "recall": 0.8857142857142857, "f1-score": 0.8883259206546877, "support": 105}, "classificador": "SVC"}