{"casual": {"precision": 0.5789473684210527, "recall": 0.7586206896551724, "f1-score": 0.6567164179104478, "support": 29}, "explosion": {"precision": 0.8620689655172413, "recall": 0.6410256410256411, "f1-score": 0.7352941176470588, "support": 39}, "gunshot": {"precision": 0.9444444444444444, "recall": 0.8095238095238095, "f1-score": 0.8717948717948718, "support": 21}, "siren": {"precision": 0.8, "recall": 1.0, "f1-score": 0.888888888888889, "support": 16}, "accuracy": 0.7619047619047619, "macro avg": {"precision": 0.7963651945956847, "recall": 0.8022925350511558, "f1-score": 0.7881735740603167, "support": 105}, "weighted avg": {"precision": 0.7908904445020597, "recall": 0.7619047619047619, "f1-score": 0.7642967736909793, "support": 105}, "classificador": "SGDClassifier"}