{"casual": {"precision": 0.5897435897435898, "recall": 0.7931034482758621, "f1-score": 0.676470588235294, "support": 29}, "explosion": {"precision": 0.9310344827586207, "recall": 0.6923076923076923, "f1-score": 0.7941176470588235, "support": 39}, "gunshot": {"precision": 1.0, "recall": 0.7619047619047619, "f1-score": 0.8648648648648648, "support": 21}, "siren": {"precision": 0.7619047619047619, "recall": 1.0, "f1-score": 0.8648648648648648, "support": 16}, "accuracy": 0.780952380952381, "macro avg": {"precision": 0.8206707086017431, "recall": 0.8118289756220791, "f1-score": 0.8000794912559618, "support": 105}, "weighted avg": {"precision": 0.8247941440059666, "recall": 0.780952380952381, "f1-score": 0.7865546218487396, "support": 105}, "classificador": "Perceptron"}