{"casual": {"precision": 0.5806451612903226, "recall": 0.6206896551724138, "f1-score": 0.6000000000000001, "support": 29}, "explosion": {"precision": 0.8275862068965517, "recall": 0.6153846153846154, "f1-score": 0.7058823529411765, "support": 39}, "gunshot": {"precision": 0.5833333333333334, "recall": 0.6666666666666666, "f1-score": 0.6222222222222222, "support": 21}, "siren": {"precision": 0.7619047619047619, "recall": 1.0, "f1-score": 0.8648648648648648, "support": 16}, "accuracy": 0.6857142857142857, "macro avg": {"precision": 0.6883673658562424, "recall": 0.7256852343059239, "f1-score": 0.698242360007066, "support": 105}, "weighted avg": {"precision": 0.7005242660653435, "recall": 0.6857142857142857, "f1-score": 0.6841325358972418, "support": 105}, "classificador": "LinearDiscriminantAnalysis"}