{"casual": {"precision": 0.7575757575757576, "recall": 0.8620689655172413, "f1-score": 0.8064516129032258, "support": 29}, "explosion": {"precision": 0.972972972972973, "recall": 0.9230769230769231, "f1-score": 0.9473684210526315, "support": 39}, "gunshot": {"precision": 0.8947368421052632, "recall": 0.8095238095238095, "f1-score": 0.8500000000000001, "support": 21}, "siren": {"precision": 0.875, "recall": 0.875, "f1-score": 0.875, "support": 16}, "accuracy": 0.8761904761904762, "macro avg": {"precision": 0.8750713931634985, "recall": 0.8674174245294934, "f1-score": 0.8697050084889644, "support": 105}, "weighted avg": {"precision": 0.8829058723795568, "recall": 0.8761904761904762, "f1-score": 0.8779472875737733, "support": 105}, "classificador": "KNeighborsClassifier"}