{"casual": {"precision": 0.6756756756756757, "recall": 0.8620689655172413, "f1-score": 0.7575757575757576, "support": 29}, "explosion": {"precision": 0.8518518518518519, "recall": 0.5897435897435898, "f1-score": 0.6969696969696971, "support": 39}, "gunshot": {"precision": 0.5925925925925926, "recall": 0.7619047619047619, "f1-score": 0.6666666666666666, "support": 21}, "siren": {"precision": 0.9285714285714286, "recall": 0.8125, "f1-score": 0.8666666666666666, "support": 16}, "accuracy": 0.7333333333333333, "macro avg": {"precision": 0.7621728871728872, "recall": 0.7565543292913982, "f1-score": 0.746969696969697, "support": 105}, "weighted avg": {"precision": 0.7630324201752773, "recall": 0.7333333333333333, "f1-score": 0.7335064935064934, "support": 105}, "classificador": "KNeighborsClassifier"}