{"casual": {"precision": 0.42857142857142855, "recall": 0.6206896551724138, "f1-score": 0.5070422535211268, "support": 29}, "explosion": {"precision": 0.68, "recall": 0.4358974358974359, "f1-score": 0.53125, "support": 39}, "gunshot": {"precision": 0.6111111111111112, "recall": 0.5238095238095238, "f1-score": 0.5641025641025642, "support": 21}, "siren": {"precision": 0.75, "recall": 0.9375, "f1-score": 0.8333333333333334, "support": 16}, "accuracy": 0.580952380952381, "macro avg": {"precision": 0.6174206349206349, "recall": 0.6294741537198434, "f1-score": 0.6089320377392561, "support": 105}, "weighted avg": {"precision": 0.6074467120181406, "recall": 0.580952380952381, "f1-score": 0.5771663098247605, "support": 105}, "classificador": "LinearDiscriminantAnalysis"}