{"casual": {"precision": 0.6, "recall": 0.7241379310344828, "f1-score": 0.65625, "support": 29}, "explosion": {"precision": 0.8571428571428571, "recall": 0.7692307692307693, "f1-score": 0.8108108108108107, "support": 39}, "gunshot": {"precision": 0.7647058823529411, "recall": 0.6190476190476191, "f1-score": 0.6842105263157895, "support": 21}, "siren": {"precision": 0.8333333333333334, "recall": 0.9375, "f1-score": 0.8823529411764706, "support": 16}, "accuracy": 0.7523809523809524, "macro avg": {"precision": 0.763795518207283, "recall": 0.7624790798282177, "f1-score": 0.7584060695757677, "support": 105}, "weighted avg": {"precision": 0.7640069361077764, "recall": 0.7523809523809524, "f1-score": 0.7537041879340639, "support": 105}, "classificador": "SVC"}