{"casual": {"precision": 0.5945945945945946, "recall": 0.7586206896551724, "f1-score": 0.6666666666666667, "support": 29}, "explosion": {"precision": 0.8787878787878788, "recall": 0.7435897435897436, "f1-score": 0.8055555555555556, "support": 39}, "gunshot": {"precision": 0.7777777777777778, "recall": 0.6666666666666666, "f1-score": 0.717948717948718, "support": 21}, "siren": {"precision": 0.8235294117647058, "recall": 0.875, "f1-score": 0.8484848484848485, "support": 16}, "accuracy": 0.7523809523809524, "macro avg": {"precision": 0.7686724157312392, "recall": 0.7609692749778957, "f1-score": 0.7596639471639473, "support": 105}, "weighted avg": {"precision": 0.7716740422622775, "recall": 0.7523809523809524, "f1-score": 0.7562160062160063, "support": 105}, "classificador": "SVC"}