{"casual": {"precision": 0.5, "recall": 0.6896551724137931, "f1-score": 0.5797101449275363, "support": 29}, "explosion": {"precision": 0.7692307692307693, "recall": 0.5128205128205128, "f1-score": 0.6153846153846154, "support": 39}, "gunshot": {"precision": 0.6666666666666666, "recall": 0.5714285714285714, "f1-score": 0.6153846153846153, "support": 21}, "siren": {"precision": 0.7619047619047619, "recall": 1.0, "f1-score": 0.8648648648648648, "support": 16}, "accuracy": 0.6476190476190476, "macro avg": {"precision": 0.6744505494505494, "recall": 0.6934760641657194, "f1-score": 0.668836060140408, "support": 105}, "weighted avg": {"precision": 0.6732426303854875, "recall": 0.6476190476190476, "f1-score": 0.6435477044172696, "support": 105}, "classificador": "LinearSVC"}