{"casual": {"precision": 0.6216216216216216, "recall": 0.7931034482758621, "f1-score": 0.696969696969697, "support": 29}, "explosion": {"precision": 0.8148148148148148, "recall": 0.5641025641025641, "f1-score": 0.6666666666666667, "support": 39}, "gunshot": {"precision": 0.5172413793103449, "recall": 0.7142857142857143, "f1-score": 0.6000000000000001, "support": 21}, "siren": {"precision": 0.9166666666666666, "recall": 0.6875, "f1-score": 0.7857142857142857, "support": 16}, "accuracy": 0.6761904761904762, "macro avg": {"precision": 0.7175861206033619, "recall": 0.6897479316660351, "f1-score": 0.6873376623376624, "support": 105}, "weighted avg": {"precision": 0.717462289876083, "recall": 0.6761904761904762, "f1-score": 0.6798433312719028, "support": 105}, "classificador": "KNeighborsClassifier"}