{"casual": {"precision": 0.48936170212765956, "recall": 0.7931034482758621, "f1-score": 0.6052631578947368, "support": 29}, "explosion": {"precision": 0.75, "recall": 0.5384615384615384, "f1-score": 0.6268656716417911, "support": 39}, "gunshot": {"precision": 1.0, "recall": 0.5238095238095238, "f1-score": 0.6875000000000001, "support": 21}, "siren": {"precision": 0.7894736842105263, "recall": 0.9375, "f1-score": 0.8571428571428572, "support": 16}, "accuracy": 0.6666666666666666, "macro avg": {"precision": 0.7572088465845466, "recall": 0.698218627636731, "f1-score": 0.6941929216698463, "support": 105}, "weighted avg": {"precision": 0.7340292219911481, "recall": 0.6666666666666666, "f1-score": 0.6681159855929805, "support": 105}, "classificador": "SGDClassifier"}