{"casual": {"precision": 0.48717948717948717, "recall": 0.6551724137931034, "f1-score": 0.5588235294117647, "support": 29}, "explosion": {"precision": 0.7857142857142857, "recall": 0.5641025641025641, "f1-score": 0.6567164179104477, "support": 39}, "gunshot": {"precision": 0.7058823529411765, "recall": 0.5714285714285714, "f1-score": 0.6315789473684211, "support": 21}, "siren": {"precision": 0.7619047619047619, "recall": 1.0, "f1-score": 0.8648648648648648, "support": 16}, "accuracy": 0.6571428571428571, "macro avg": {"precision": 0.6851702219349278, "recall": 0.6976758873310598, "f1-score": 0.6779959398888746, "support": 105}, "weighted avg": {"precision": 0.6836673130790777, "recall": 0.6571428571428571, "f1-score": 0.6563696988954602, "support": 105}, "classificador": "SVC"}