{"casual": {"precision": 0.6216216216216216, "recall": 0.7931034482758621, "f1-score": 0.696969696969697, "support": 29}, "explosion": {"precision": 0.8421052631578947, "recall": 0.8205128205128205, "f1-score": 0.8311688311688312, "support": 39}, "gunshot": {"precision": 0.7857142857142857, "recall": 0.5238095238095238, "f1-score": 0.6285714285714286, "support": 21}, "siren": {"precision": 0.9375, "recall": 0.9375, "f1-score": 0.9375, "support": 16}, "accuracy": 0.7714285714285715, "macro avg": {"precision": 0.7967352926234504, "recall": 0.7687314481495516, "f1-score": 0.7735524891774892, "support": 105}, "weighted avg": {"precision": 0.7844679265731898, "recall": 0.7714285714285715, "f1-score": 0.7697876726448156, "support": 105}, "classificador": "BaggingClassifier"}