{"casual": {"precision": 0.3888888888888889, "recall": 0.7241379310344828, "f1-score": 0.5060240963855421, "support": 29}, "explosion": {"precision": 0.6666666666666666, "recall": 0.6666666666666666, "f1-score": 0.6666666666666666, "support": 39}, "gunshot": {"precision": 0.0, "recall": 0.0, "f1-score": 0.0, "support": 21}, "siren": {"precision": 0.75, "recall": 0.5625, "f1-score": 0.6428571428571429, "support": 16}, "accuracy": 0.5333333333333333, "macro avg": {"precision": 0.4513888888888889, "recall": 0.48832614942528735, "f1-score": 0.4538869764773379, "support": 105}, "weighted avg": {"precision": 0.46931216931216935, "recall": 0.5333333333333333, "f1-score": 0.4853372674370953, "support": 105}, "classificador": "SGDClassifier"}