{"casual": {"precision": 0.46153846153846156, "recall": 0.6206896551724138, "f1-score": 0.5294117647058824, "support": 29}, "explosion": {"precision": 0.7222222222222222, "recall": 0.6666666666666666, "f1-score": 0.6933333333333334, "support": 39}, "gunshot": {"precision": 0.42857142857142855, "recall": 0.14285714285714285, "f1-score": 0.21428571428571427, "support": 21}, "siren": {"precision": 0.6086956521739131, "recall": 0.875, "f1-score": 0.717948717948718, "support": 16}, "accuracy": 0.580952380952381, "macro avg": {"precision": 0.5552569411265064, "recall": 0.5763033661740558, "f1-score": 0.5387448825684119, "support": 105}, "weighted avg": {"precision": 0.5741944046291872, "recall": 0.580952380952381, "f1-score": 0.5560011491776198, "support": 105}, "classificador": "LinearSVC"}