{"casual": {"precision": 0.3372093023255814, "recall": 1.0, "f1-score": 0.5043478260869565, "support": 29}, "explosion": {"precision": 1.0, "recall": 0.358974358974359, "f1-score": 0.5283018867924528, "support": 39}, "gunshot": {"precision": 1.0, "recall": 0.09523809523809523, "f1-score": 0.17391304347826084, "support": 21}, "siren": {"precision": 1.0, "recall": 0.1875, "f1-score": 0.3157894736842105, "support": 16}, "accuracy": 0.45714285714285713, "macro avg": {"precision": 0.8343023255813953, "recall": 0.4104281135531136, "f1-score": 0.3805880575104702, "support": 105}, "weighted avg": {"precision": 0.8169435215946843, "recall": 0.45714285714285713, "f1-score": 0.4184253907944595, "support": 105}, "classificador": "BaggingClassifier"}