{"casual": {"precision": 0.4358974358974359, "recall": 0.5862068965517241, "f1-score": 0.5, "support": 29}, "explosion": {"precision": 0.7073170731707317, "recall": 0.7435897435897436, "f1-score": 0.725, "support": 39}, "gunshot": {"precision": 0.5, "recall": 0.09523809523809523, "f1-score": 0.16, "support": 21}, "siren": {"precision": 0.7142857142857143, "recall": 0.9375, "f1-score": 0.8108108108108109, "support": 16}, "accuracy": 0.6, "macro avg": {"precision": 0.5893750558384705, "recall": 0.5906336838448908, "f1-score": 0.5489527027027027, "support": 105}, "weighted avg": {"precision": 0.5919520278405296, "recall": 0.6, "f1-score": 0.562933075933076, "support": 105}, "classificador": "LinearSVC"}