{"casual": {"precision": 0.352112676056338, "recall": 0.8620689655172413, "f1-score": 0.5, "support": 29}, "explosion": {"precision": 0.8, "recall": 0.6153846153846154, "f1-score": 0.6956521739130435, "support": 39}, "gunshot": {"precision": 1.0, "recall": 0.047619047619047616, "f1-score": 0.0909090909090909, "support": 21}, "siren": {"precision": 1.0, "recall": 0.1875, "f1-score": 0.3157894736842105, "support": 16}, "accuracy": 0.5047619047619047, "macro avg": {"precision": 0.7880281690140845, "recall": 0.4281431571302261, "f1-score": 0.4005876846265862, "support": 105}, "weighted avg": {"precision": 0.7467739771965125, "recall": 0.5047619047619047, "f1-score": 0.46278245019663783, "support": 105}, "classificador": "BaggingClassifier"}