{"casual": {"precision": 0.46153846153846156, "recall": 0.8275862068965517, "f1-score": 0.5925925925925927, "support": 29}, "explosion": {"precision": 0.8947368421052632, "recall": 0.4358974358974359, "f1-score": 0.5862068965517242, "support": 39}, "gunshot": {"precision": 0.4827586206896552, "recall": 0.6666666666666666, "f1-score": 0.56, "support": 21}, "siren": {"precision": 0.8, "recall": 0.25, "f1-score": 0.38095238095238093, "support": 16}, "accuracy": 0.5619047619047619, "macro avg": {"precision": 0.659758481083345, "recall": 0.5450375773651636, "f1-score": 0.5299379675241744, "support": 105}, "weighted avg": {"precision": 0.6782598405828896, "recall": 0.5619047619047619, "f1-score": 0.5514523071041955, "support": 105}, "classificador": "KNeighborsClassifier"}