{"casual": {"precision": 0.40476190476190477, "recall": 0.5862068965517241, "f1-score": 0.4788732394366197, "support": 29}, "explosion": {"precision": 0.7142857142857143, "recall": 0.6410256410256411, "f1-score": 0.6756756756756757, "support": 39}, "gunshot": {"precision": 0.5, "recall": 0.047619047619047616, "f1-score": 0.08695652173913042, "support": 21}, "siren": {"precision": 0.5769230769230769, "recall": 0.9375, "f1-score": 0.7142857142857143, "support": 16}, "accuracy": 0.5523809523809524, "macro avg": {"precision": 0.548992673992674, "recall": 0.5530878962991033, "f1-score": 0.48894778778428505, "support": 105}, "weighted avg": {"precision": 0.5650095935810222, "recall": 0.5523809523809524, "f1-score": 0.509460320762919, "support": 105}, "classificador": "Perceptron"}