{"casual": {"precision": 0.39622641509433965, "recall": 0.7241379310344828, "f1-score": 0.5121951219512195, "support": 29}, "explosion": {"precision": 0.7027027027027027, "recall": 0.6666666666666666, "f1-score": 0.6842105263157895, "support": 39}, "gunshot": {"precision": 0.0, "recall": 0.0, "f1-score": 0.0, "support": 21}, "siren": {"precision": 0.6666666666666666, "recall": 0.625, "f1-score": 0.6451612903225806, "support": 16}, "accuracy": 0.5428571428571428, "macro avg": {"precision": 0.4413989461159272, "recall": 0.5039511494252873, "f1-score": 0.46039173464739735, "support": 105}, "weighted avg": {"precision": 0.4720251248553135, "recall": 0.5428571428571428, "f1-score": 0.49390904483868997, "support": 105}, "classificador": "SGDClassifier"}