{"casual": {"precision": 0.41935483870967744, "recall": 0.896551724137931, "f1-score": 0.5714285714285714, "support": 29}, "explosion": {"precision": 0.95, "recall": 0.48717948717948717, "f1-score": 0.6440677966101694, "support": 39}, "gunshot": {"precision": 0.42857142857142855, "recall": 0.42857142857142855, "f1-score": 0.42857142857142855, "support": 21}, "siren": {"precision": 1.0, "recall": 0.125, "f1-score": 0.2222222222222222, "support": 16}, "accuracy": 0.5333333333333333, "macro avg": {"precision": 0.6994815668202765, "recall": 0.4843256599722117, "f1-score": 0.46657250470809786, "support": 105}, "weighted avg": {"precision": 0.7067741935483871, "recall": 0.5333333333333333, "f1-score": 0.5166250304264832, "support": 105}, "classificador": "KNeighborsClassifier"}