{"casual": {"precision": 0.4772727272727273, "recall": 0.7241379310344828, "f1-score": 0.5753424657534246, "support": 29}, "explosion": {"precision": 0.8055555555555556, "recall": 0.7435897435897436, "f1-score": 0.7733333333333334, "support": 39}, "gunshot": {"precision": 1.0, "recall": 0.19047619047619047, "f1-score": 0.32, "support": 21}, "siren": {"precision": 0.6190476190476191, "recall": 0.8125, "f1-score": 0.7027027027027026, "support": 16}, "accuracy": 0.638095238095238, "macro avg": {"precision": 0.7254689754689755, "recall": 0.6176759662751041, "f1-score": 0.5928446254473652, "support": 105}, "weighted avg": {"precision": 0.725355596784168, "recall": 0.638095238095238, "f1-score": 0.6172207119056434, "support": 105}, "classificador": "LinearSVC"}