{"casual": {"precision": 0.43103448275862066, "recall": 0.8620689655172413, "f1-score": 0.5747126436781608, "support": 29}, "explosion": {"precision": 0.9090909090909091, "recall": 0.5128205128205128, "f1-score": 0.6557377049180326, "support": 39}, "gunshot": {"precision": 0.4782608695652174, "recall": 0.5238095238095238, "f1-score": 0.5, "support": 21}, "siren": {"precision": 1.0, "recall": 0.125, "f1-score": 0.2222222222222222, "support": 16}, "accuracy": 0.5523809523809524, "macro avg": {"precision": 0.7045965653536868, "recall": 0.5059247505368195, "f1-score": 0.48816814270460396, "support": 105}, "weighted avg": {"precision": 0.7047430830039525, "recall": 0.5523809523809524, "f1-score": 0.5361523115621475, "support": 105}, "classificador": "KNeighborsClassifier"}