{"casual": {"precision": 0.3333333333333333, "recall": 0.9310344827586207, "f1-score": 0.49090909090909085, "support": 29}, "explosion": {"precision": 0.9411764705882353, "recall": 0.41025641025641024, "f1-score": 0.5714285714285713, "support": 39}, "gunshot": {"precision": 1.0, "recall": 0.09523809523809523, "f1-score": 0.17391304347826084, "support": 21}, "siren": {"precision": 0.8, "recall": 0.25, "f1-score": 0.38095238095238093, "support": 16}, "accuracy": 0.4666666666666667, "macro avg": {"precision": 0.7686274509803921, "recall": 0.4216322470632815, "f1-score": 0.40430077169207596, "support": 105}, "weighted avg": {"precision": 0.7635480859010271, "recall": 0.4666666666666667, "f1-score": 0.4406618088605665, "support": 105}, "classificador": "BaggingClassifier"}