{"casual": {"precision": 0.6, "recall": 0.8275862068965517, "f1-score": 0.6956521739130435, "support": 29}, "explosion": {"precision": 0.9333333333333333, "recall": 0.717948717948718, "f1-score": 0.8115942028985509, "support": 39}, "gunshot": {"precision": 0.7894736842105263, "recall": 0.7142857142857143, "f1-score": 0.7500000000000001, "support": 21}, "siren": {"precision": 0.875, "recall": 0.875, "f1-score": 0.875, "support": 16}, "accuracy": 0.7714285714285715, "macro avg": {"precision": 0.7994517543859649, "recall": 0.783705159782746, "f1-score": 0.7830615942028986, "support": 105}, "weighted avg": {"precision": 0.803609022556391, "recall": 0.7714285714285715, "f1-score": 0.7769151138716357, "support": 105}, "classificador": "KNeighborsClassifier"}