{"casual": {"precision": 0.6666666666666666, "recall": 0.8275862068965517, "f1-score": 0.7384615384615385, "support": 29}, "explosion": {"precision": 0.8974358974358975, "recall": 0.8974358974358975, "f1-score": 0.8974358974358975, "support": 39}, "gunshot": {"precision": 1.0, "recall": 0.6666666666666666, "f1-score": 0.8, "support": 21}, "siren": {"precision": 0.875, "recall": 0.875, "f1-score": 0.875, "support": 16}, "accuracy": 0.8285714285714286, "macro avg": {"precision": 0.859775641025641, "recall": 0.816672192749779, "f1-score": 0.827724358974359, "support": 105}, "weighted avg": {"precision": 0.8507936507936508, "recall": 0.8285714285714286, "f1-score": 0.8306227106227106, "support": 105}, "classificador": "SGDClassifier"}