{"casual": {"precision": 0.6363636363636364, "recall": 0.7241379310344828, "f1-score": 0.6774193548387097, "support": 29}, "explosion": {"precision": 0.9210526315789473, "recall": 0.8974358974358975, "f1-score": 0.9090909090909091, "support": 39}, "gunshot": {"precision": 0.9375, "recall": 0.7142857142857143, "f1-score": 0.8108108108108109, "support": 21}, "siren": {"precision": 0.7777777777777778, "recall": 0.875, "f1-score": 0.823529411764706, "support": 16}, "accuracy": 0.8095238095238095, "macro avg": {"precision": 0.8181735114300903, "recall": 0.8027148856890236, "f1-score": 0.8052126216262839, "support": 105}, "weighted avg": {"precision": 0.8238813574339889, "recall": 0.8095238095238095, "f1-score": 0.8124114700964795, "support": 105}, "classificador": "LinearDiscriminantAnalysis"}