{"casual": {"precision": 0.6944444444444444, "recall": 0.8620689655172413, "f1-score": 0.7692307692307692, "support": 29}, "explosion": {"precision": 0.8717948717948718, "recall": 0.8717948717948718, "f1-score": 0.8717948717948718, "support": 39}, "gunshot": {"precision": 0.9411764705882353, "recall": 0.7619047619047619, "f1-score": 0.8421052631578947, "support": 21}, "siren": {"precision": 1.0, "recall": 0.8125, "f1-score": 0.896551724137931, "support": 16}, "accuracy": 0.8380952380952381, "macro avg": {"precision": 0.8768539467068879, "recall": 0.8270671498042188, "f1-score": 0.8449206570803667, "support": 105}, "weighted avg": {"precision": 0.8562247121070651, "recall": 0.8380952380952381, "f1-score": 0.8413021944782381, "support": 105}, "classificador": "KNeighborsClassifier"}