{"classificador": "LinearSVC", "accuracy": 0.7238095238095238, "explosion": {"recall": 0.8205128205128205, "f1-score": 0.7529411764705882, "precision": 0.6956521739130435, "support": 39}, "siren": {"recall": 0.9375, "f1-score": 0.9090909090909091, "precision": 0.8823529411764706, "support": 16}, "weighted avg": {"recall": 0.7238095238095238, "f1-score": 0.7163794080682127, "precision": 0.7602270420684745, "support": 105}, "gunshot": {"recall": 0.42857142857142855, "f1-score": 0.6, "precision": 1.0, "support": 21}, "macro avg": {"recall": 0.7190598553745106, "f1-score": 0.7267983439710195, "precision": 0.79601643028753, "support": 105}, "casual": {"recall": 0.6896551724137931, "f1-score": 0.6451612903225807, "precision": 0.6060606060606061, "support": 29}}