{"classificador": "BaggingClassifier", "accuracy": 0.6571428571428571, "explosion": {"recall": 0.6923076923076923, "f1-score": 0.7297297297297296, "precision": 0.7714285714285715, "support": 39}, "siren": {"recall": 0.8125, "f1-score": 0.7647058823529411, "precision": 0.7222222222222222, "support": 16}, "weighted avg": {"recall": 0.6571428571428571, "f1-score": 0.6568180188619767, "precision": 0.7284017041159899, "support": 105}, "gunshot": {"recall": 0.38095238095238093, "f1-score": 0.5517241379310345, "precision": 1.0, "support": 21}, "macro avg": {"recall": 0.652474501073639, "f1-score": 0.6553755539417825, "precision": 0.7427308802308803, "support": 105}, "casual": {"recall": 0.7241379310344828, "f1-score": 0.5753424657534246, "precision": 0.4772727272727273, "support": 29}}