{"classificador": "KNeighborsClassifier", "accuracy": 0.7428571428571429, "explosion": {"recall": 0.6666666666666666, "f1-score": 0.7536231884057971, "precision": 0.8666666666666667, "support": 39}, "siren": {"recall": 0.75, "f1-score": 0.8571428571428571, "precision": 1.0, "support": 16}, "weighted avg": {"recall": 0.7428571428571429, "f1-score": 0.7459457037096787, "precision": 0.7755486542443064, "support": 105}, "gunshot": {"recall": 0.6666666666666666, "f1-score": 0.6363636363636365, "precision": 0.6086956521739131, "support": 21}, "macro avg": {"recall": 0.744971264367816, "f1-score": 0.7501882175795219, "precision": 0.7813405797101449, "support": 105}, "casual": {"recall": 0.896551724137931, "f1-score": 0.7536231884057972, "precision": 0.65, "support": 29}}