{"classificador": "KNeighborsClassifier", "accuracy": 0.7238095238095238, "explosion": {"recall": 0.6410256410256411, "f1-score": 0.6944444444444444, "precision": 0.7575757575757576, "support": 39}, "siren": {"recall": 0.75, "f1-score": 0.8571428571428571, "precision": 1.0, "support": 16}, "weighted avg": {"recall": 0.7238095238095238, "f1-score": 0.7254474097331238, "precision": 0.7422318422318422, "support": 105}, "gunshot": {"recall": 0.6666666666666666, "f1-score": 0.6222222222222222, "precision": 0.5833333333333334, "support": 21}, "macro avg": {"recall": 0.7299403183023873, "f1-score": 0.7357600732600732, "precision": 0.7588383838383839, "support": 105}, "casual": {"recall": 0.8620689655172413, "f1-score": 0.7692307692307692, "precision": 0.6944444444444444, "support": 29}}