{"classificador": "LinearSVC", "accuracy": 0.7142857142857143, "explosion": {"recall": 0.8205128205128205, "f1-score": 0.7441860465116279, "precision": 0.6808510638297872, "support": 39}, "siren": {"recall": 1.0, "f1-score": 0.9696969696969697, "precision": 0.9411764705882353, "support": 16}, "weighted avg": {"recall": 0.7142857142857143, "f1-score": 0.6995343403981278, "precision": 0.7587698909350974, "support": 105}, "gunshot": {"recall": 0.3333333333333333, "f1-score": 0.5, "precision": 1.0, "support": 21}, "macro avg": {"recall": 0.7108753315649867, "f1-score": 0.7122009127823081, "precision": 0.8025657071339174, "support": 105}, "casual": {"recall": 0.6896551724137931, "f1-score": 0.6349206349206349, "precision": 0.5882352941176471, "support": 29}}