{"classificador": "LinearSVC", "accuracy": 0.7333333333333333, "explosion": {"recall": 0.8717948717948718, "f1-score": 0.7999999999999999, "precision": 0.7391304347826086, "support": 39}, "siren": {"recall": 0.9375, "f1-score": 0.8823529411764706, "precision": 0.8333333333333334, "support": 16}, "weighted avg": {"recall": 0.7333333333333333, "f1-score": 0.7282572520533636, "precision": 0.7580262249827466, "support": 105}, "gunshot": {"recall": 0.5238095238095238, "f1-score": 0.6875000000000001, "precision": 1.0, "support": 21}, "macro avg": {"recall": 0.7298278230390299, "f1-score": 0.7365310319042871, "precision": 0.7847826086956522, "support": 105}, "casual": {"recall": 0.5862068965517241, "f1-score": 0.576271186440678, "precision": 0.5666666666666667, "support": 29}}