{"classificador": "KNeighborsClassifier", "accuracy": 0.6761904761904762, "explosion": {"recall": 0.5384615384615384, "f1-score": 0.6666666666666667, "precision": 0.875, "support": 39}, "siren": {"recall": 0.75, "f1-score": 0.8571428571428571, "precision": 1.0, "support": 16}, "weighted avg": {"recall": 0.6761904761904762, "f1-score": 0.6832392199129939, "precision": 0.7413230657288382, "support": 105}, "gunshot": {"recall": 0.7142857142857143, "f1-score": 0.5769230769230769, "precision": 0.4838709677419355, "support": 21}, "macro avg": {"recall": 0.6989626752557787, "f1-score": 0.6968249412279263, "precision": 0.7410335314091681, "support": 105}, "casual": {"recall": 0.7931034482758621, "f1-score": 0.6865671641791046, "precision": 0.6052631578947368, "support": 29}}