{"classificador": "SGDClassifier", "accuracy": 0.6666666666666666, "explosion": {"recall": 0.7948717948717948, "f1-score": 0.7126436781609194, "precision": 0.6458333333333334, "support": 39}, "siren": {"recall": 0.9375, "f1-score": 0.8571428571428572, "precision": 0.7894736842105263, "support": 16}, "weighted avg": {"recall": 0.6666666666666666, "f1-score": 0.6415095789321118, "precision": 0.7192004632794108, "support": 105}, "gunshot": {"recall": 0.23809523809523808, "f1-score": 0.3846153846153846, "precision": 1.0, "support": 21}, "macro avg": {"recall": 0.6564098616900341, "f1-score": 0.6418262864314032, "precision": 0.7527661483253589, "support": 105}, "casual": {"recall": 0.6551724137931034, "f1-score": 0.6129032258064515, "precision": 0.5757575757575758, "support": 29}}