{"classificador": "KNeighborsClassifier", "accuracy": 0.7333333333333333, "explosion": {"recall": 0.6923076923076923, "f1-score": 0.7605633802816902, "precision": 0.84375, "support": 39}, "siren": {"recall": 0.75, "f1-score": 0.8275862068965517, "precision": 0.9230769230769231, "support": 16}, "weighted avg": {"recall": 0.7333333333333333, "f1-score": 0.7370038326036384, "precision": 0.7548458485958486, "support": 105}, "gunshot": {"recall": 0.6666666666666666, "f1-score": 0.6222222222222222, "precision": 0.5833333333333334, "support": 21}, "macro avg": {"recall": 0.7341401414677277, "f1-score": 0.7372083369655007, "precision": 0.7542067307692308, "support": 105}, "casual": {"recall": 0.8275862068965517, "f1-score": 0.7384615384615385, "precision": 0.6666666666666666, "support": 29}}