{"classificador": "Perceptron", "accuracy": 0.6761904761904762, "explosion": {"recall": 0.717948717948718, "f1-score": 0.708860759493671, "precision": 0.7, "support": 39}, "siren": {"recall": 0.875, "f1-score": 0.7999999999999999, "precision": 0.7368421052631579, "support": 16}, "weighted avg": {"recall": 0.6761904761904762, "f1-score": 0.6780530440024111, "precision": 0.7143215180809165, "support": 105}, "gunshot": {"recall": 0.5238095238095238, "f1-score": 0.6875000000000001, "precision": 1.0, "support": 21}, "macro avg": {"recall": 0.6843619742326639, "f1-score": 0.6897151898734177, "precision": 0.7377819548872181, "support": 105}, "casual": {"recall": 0.6206896551724138, "f1-score": 0.5625, "precision": 0.5142857142857142, "support": 29}}