{"classificador": "BaggingClassifier", "accuracy": 0.6, "explosion": {"recall": 0.6666666666666666, "f1-score": 0.7323943661971831, "precision": 0.8125, "support": 39}, "siren": {"recall": 0.8125, "f1-score": 0.8666666666666666, "precision": 0.9285714285714286, "support": 16}, "weighted avg": {"recall": 0.6, "f1-score": 0.5683092494360099, "precision": 0.7528061224489796, "support": 105}, "gunshot": {"recall": 0.047619047619047616, "f1-score": 0.0909090909090909, "precision": 1.0, "support": 21}, "macro avg": {"recall": 0.5799722906403941, "f1-score": 0.5546764389892122, "precision": 0.7844057881773399, "support": 105}, "casual": {"recall": 0.7931034482758621, "f1-score": 0.5287356321839081, "precision": 0.39655172413793105, "support": 29}}