{"classificador": "KNeighborsClassifier", "accuracy": 0.638095238095238, "explosion": {"recall": 0.5128205128205128, "f1-score": 0.6557377049180326, "precision": 0.9090909090909091, "support": 39}, "siren": {"recall": 0.625, "f1-score": 0.7407407407407406, "precision": 0.9090909090909091, "support": 16}, "weighted avg": {"recall": 0.638095238095238, "f1-score": 0.6457635087587973, "precision": 0.7218452380952382, "support": 105}, "gunshot": {"recall": 0.7142857142857143, "f1-score": 0.5660377358490566, "precision": 0.46875, "support": 21}, "macro avg": {"recall": 0.6526817291903498, "f1-score": 0.6500493352320299, "precision": 0.7092329545454545, "support": 105}, "casual": {"recall": 0.7586206896551724, "f1-score": 0.6376811594202898, "precision": 0.55, "support": 29}}