{"classificador": "Perceptron", "accuracy": 0.6571428571428571, "explosion": {"recall": 0.46153846153846156, "f1-score": 0.5806451612903226, "precision": 0.782608695652174, "support": 39}, "siren": {"recall": 1.0, "f1-score": 0.8205128205128205, "precision": 0.6956521739130435, "support": 16}, "weighted avg": {"recall": 0.6571428571428571, "f1-score": 0.6476217789045996, "precision": 0.6823431562561996, "support": 105}, "gunshot": {"recall": 0.7142857142857143, "f1-score": 0.6976744186046512, "precision": 0.6818181818181818, "support": 21}, "macro avg": {"recall": 0.7163698370594923, "f1-score": 0.6762232516171001, "precision": 0.6751548979809849, "support": 105}, "casual": {"recall": 0.6896551724137931, "f1-score": 0.6060606060606061, "precision": 0.5405405405405406, "support": 29}}