{"classificador": "SGDClassifier", "accuracy": 0.7142857142857143, "explosion": {"recall": 0.6923076923076923, "f1-score": 0.7397260273972601, "precision": 0.7941176470588235, "support": 39}, "siren": {"recall": 0.9375, "f1-score": 0.8571428571428572, "precision": 0.7894736842105263, "support": 16}, "weighted avg": {"recall": 0.7142857142857143, "f1-score": 0.7171323323850087, "precision": 0.7485920684063099, "support": 105}, "gunshot": {"recall": 0.5714285714285714, "f1-score": 0.7058823529411765, "precision": 0.9230769230769231, "support": 21}, "macro avg": {"recall": 0.7313435486926867, "f1-score": 0.7300995740762058, "precision": 0.7612824482019529, "support": 105}, "casual": {"recall": 0.7241379310344828, "f1-score": 0.6176470588235294, "precision": 0.5384615384615384, "support": 29}}