{"casual": {"precision": 0.45, "recall": 0.6206896551724138, "f1-score": 0.5217391304347826, "support": 29}, "explosion": {"precision": 0.7941176470588235, "recall": 0.6923076923076923, "f1-score": 0.7397260273972601, "support": 39}, "gunshot": {"precision": 0.4444444444444444, "recall": 0.19047619047619047, "f1-score": 0.26666666666666666, "support": 21}, "siren": {"precision": 0.6363636363636364, "recall": 0.875, "f1-score": 0.7368421052631579, "support": 16}, "accuracy": 0.6, "macro avg": {"precision": 0.5812314319667261, "recall": 0.5946183844890742, "f1-score": 0.5662434824404668, "support": 105}, "weighted avg": {"precision": 0.6051022833375773, "recall": 0.6, "f1-score": 0.5844687955744036, "support": 105}, "classificador": "LinearSVC"}