{"casual": {"precision": 0.40476190476190477, "recall": 0.5862068965517241, "f1-score": 0.4788732394366197, "support": 29}, "explosion": {"precision": 0.6363636363636364, "recall": 0.5384615384615384, "f1-score": 0.5833333333333334, "support": 39}, "gunshot": {"precision": 0.5714285714285714, "recall": 0.19047619047619047, "f1-score": 0.2857142857142857, "support": 21}, "siren": {"precision": 0.4782608695652174, "recall": 0.6875, "f1-score": 0.5641025641025642, "support": 16}, "accuracy": 0.5047619047619047, "macro avg": {"precision": 0.5227037455298325, "recall": 0.5006611563723633, "f1-score": 0.47800585564670073, "support": 105}, "weighted avg": {"precision": 0.5353185806601956, "recall": 0.5047619047619047, "f1-score": 0.4920282378028857, "support": 105}, "classificador": "Perceptron"}