{"casual": {"precision": 0.5681818181818182, "recall": 0.8620689655172413, "f1-score": 0.6849315068493151, "support": 29}, "explosion": {"precision": 0.8928571428571429, "recall": 0.6410256410256411, "f1-score": 0.746268656716418, "support": 39}, "gunshot": {"precision": 0.9375, "recall": 0.7142857142857143, "f1-score": 0.8108108108108109, "support": 21}, "siren": {"precision": 0.9411764705882353, "recall": 1.0, "f1-score": 0.9696969696969697, "support": 16}, "accuracy": 0.7714285714285715, "macro avg": {"precision": 0.834928857906799, "recall": 0.8043450802071492, "f1-score": 0.8029269860183784, "support": 105}, "weighted avg": {"precision": 0.8194764269344103, "recall": 0.7714285714285715, "f1-score": 0.7762825700261808, "support": 105}, "classificador": "SGDClassifier"}