{"casual": {"precision": 0.5833333333333334, "recall": 0.7241379310344828, "f1-score": 0.6461538461538462, "support": 29}, "explosion": {"precision": 0.8823529411764706, "recall": 0.7692307692307693, "f1-score": 0.8219178082191781, "support": 39}, "gunshot": {"precision": 0.8235294117647058, "recall": 0.6666666666666666, "f1-score": 0.7368421052631577, "support": 21}, "siren": {"precision": 0.8333333333333334, "recall": 0.9375, "f1-score": 0.8823529411764706, "support": 16}, "accuracy": 0.7619047619047619, "macro avg": {"precision": 0.7806372549019608, "recall": 0.7743838417329797, "f1-score": 0.7718166752031631, "support": 105}, "weighted avg": {"precision": 0.7805322128851541, "recall": 0.7619047619047619, "f1-score": 0.7655674983653271, "support": 105}, "classificador": "LinearDiscriminantAnalysis"}