{"casual": {"precision": 0.4888888888888889, "recall": 0.7586206896551724, "f1-score": 0.5945945945945945, "support": 29}, "explosion": {"precision": 0.8461538461538461, "recall": 0.5641025641025641, "f1-score": 0.676923076923077, "support": 39}, "gunshot": {"precision": 0.9285714285714286, "recall": 0.6190476190476191, "f1-score": 0.742857142857143, "support": 21}, "siren": {"precision": 0.8, "recall": 1.0, "f1-score": 0.888888888888889, "support": 16}, "accuracy": 0.6952380952380952, "macro avg": {"precision": 0.7659035409035408, "recall": 0.7354427182013389, "f1-score": 0.7258159258159258, "support": 105}, "weighted avg": {"precision": 0.7569312169312169, "recall": 0.6952380952380952, "f1-score": 0.6996710996710997, "support": 105}, "classificador": "Perceptron"}