{"casual": {"precision": 0.6666666666666666, "recall": 0.7586206896551724, "f1-score": 0.7096774193548386, "support": 29}, "explosion": {"precision": 0.8888888888888888, "recall": 0.8205128205128205, "f1-score": 0.8533333333333333, "support": 39}, "gunshot": {"precision": 0.9375, "recall": 0.7142857142857143, "f1-score": 0.8108108108108109, "support": 21}, "siren": {"precision": 0.8, "recall": 1.0, "f1-score": 0.888888888888889, "support": 16}, "accuracy": 0.8095238095238095, "macro avg": {"precision": 0.8232638888888888, "recall": 0.8233548061134268, "f1-score": 0.815677613096968, "support": 105}, "weighted avg": {"precision": 0.8236904761904762, "recall": 0.8095238095238095, "f1-score": 0.8105704229575198, "support": 105}, "classificador": "SGDClassifier"}