{"casual": {"precision": 0.5675675675675675, "recall": 0.7241379310344828, "f1-score": 0.6363636363636365, "support": 29}, "explosion": {"precision": 0.8529411764705882, "recall": 0.7435897435897436, "f1-score": 0.7945205479452054, "support": 39}, "gunshot": {"precision": 0.9333333333333333, "recall": 0.6666666666666666, "f1-score": 0.7777777777777778, "support": 21}, "siren": {"precision": 0.8421052631578947, "recall": 1.0, "f1-score": 0.9142857142857143, "support": 16}, "accuracy": 0.7619047619047619, "macro avg": {"precision": 0.7989868351323459, "recall": 0.7835985853227232, "f1-score": 0.7807369190930834, "support": 105}, "weighted avg": {"precision": 0.7885509481175116, "recall": 0.7619047619047619, "f1-score": 0.7657404912982212, "support": 105}, "classificador": "LinearDiscriminantAnalysis"}