{"casual": {"precision": 0.6388888888888888, "recall": 0.7931034482758621, "f1-score": 0.7076923076923076, "support": 29}, "explosion": {"precision": 0.9375, "recall": 0.7692307692307693, "f1-score": 0.8450704225352113, "support": 39}, "gunshot": {"precision": 0.8888888888888888, "recall": 0.7619047619047619, "f1-score": 0.8205128205128205, "support": 21}, "siren": {"precision": 0.8421052631578947, "recall": 1.0, "f1-score": 0.9142857142857143, "support": 16}, "accuracy": 0.8095238095238095, "macro avg": {"precision": 0.8268457602339181, "recall": 0.8310597448528483, "f1-score": 0.8218903162565133, "support": 105}, "weighted avg": {"precision": 0.8307678919521023, "recall": 0.8095238095238095, "f1-score": 0.8127634672503887, "support": 105}, "classificador": "Perceptron"}