{"casual": {"precision": 0.7105263157894737, "recall": 0.9310344827586207, "f1-score": 0.8059701492537312, "support": 29}, "explosion": {"precision": 1.0, "recall": 0.8717948717948718, "f1-score": 0.9315068493150686, "support": 39}, "gunshot": {"precision": 0.9375, "recall": 0.7142857142857143, "f1-score": 0.8108108108108109, "support": 21}, "siren": {"precision": 0.8823529411764706, "recall": 0.9375, "f1-score": 0.9090909090909091, "support": 16}, "accuracy": 0.8666666666666667, "macro avg": {"precision": 0.882594814241486, "recall": 0.8636537672098017, "f1-score": 0.86434467961763, "support": 105}, "weighted avg": {"precision": 0.889622954444936, "recall": 0.8666666666666667, "f1-score": 0.8692798383250234, "support": 105}, "classificador": "KNeighborsClassifier"}