{"casual": {"precision": 0.5526315789473685, "recall": 0.7241379310344828, "f1-score": 0.6268656716417911, "support": 29}, "explosion": {"precision": 0.7837837837837838, "recall": 0.7435897435897436, "f1-score": 0.7631578947368421, "support": 39}, "gunshot": {"precision": 0.8181818181818182, "recall": 0.42857142857142855, "f1-score": 0.5625, "support": 21}, "siren": {"precision": 0.7894736842105263, "recall": 0.9375, "f1-score": 0.8571428571428572, "support": 16}, "accuracy": 0.7047619047619048, "macro avg": {"precision": 0.7360177162808743, "recall": 0.7084497757989137, "f1-score": 0.7024166058803726, "support": 105}, "weighted avg": {"precision": 0.7276883855831225, "recall": 0.7047619047619048, "f1-score": 0.6997052198727095, "support": 105}, "classificador": "Perceptron"}