{"casual": {"precision": 0.7428571428571429, "recall": 0.896551724137931, "f1-score": 0.8125, "support": 29}, "explosion": {"precision": 0.9428571428571428, "recall": 0.8461538461538461, "f1-score": 0.8918918918918919, "support": 39}, "gunshot": {"precision": 0.9411764705882353, "recall": 0.7619047619047619, "f1-score": 0.8421052631578947, "support": 21}, "siren": {"precision": 0.8888888888888888, "recall": 1.0, "f1-score": 0.9411764705882353, "support": 16}, "accuracy": 0.8666666666666667, "macro avg": {"precision": 0.8789449112978525, "recall": 0.8761525830491348, "f1-score": 0.8719184064095056, "support": 105}, "weighted avg": {"precision": 0.8790591792272464, "recall": 0.8666666666666667, "f1-score": 0.8675173127572509, "support": 105}, "classificador": "KNeighborsClassifier"}