{"casual": {"precision": 0.5, "recall": 0.6206896551724138, "f1-score": 0.5538461538461539, "support": 29}, "explosion": {"precision": 0.88, "recall": 0.5641025641025641, "f1-score": 0.6875, "support": 39}, "gunshot": {"precision": 0.5384615384615384, "recall": 0.3333333333333333, "f1-score": 0.41176470588235287, "support": 21}, "siren": {"precision": 0.5161290322580645, "recall": 1.0, "f1-score": 0.6808510638297872, "support": 16}, "accuracy": 0.6, "macro avg": {"precision": 0.6086476426799007, "recall": 0.6295313881520779, "f1-score": 0.5834904808895734, "support": 105}, "weighted avg": {"precision": 0.6512929221316318, "recall": 0.6, "f1-score": 0.5944258505366139, "support": 105}, "classificador": "Perceptron"}