{"casual": {"precision": 0.6206896551724138, "recall": 0.6206896551724138, "f1-score": 0.6206896551724138, "support": 29}, "explosion": {"precision": 0.8157894736842105, "recall": 0.7948717948717948, "f1-score": 0.8051948051948051, "support": 39}, "gunshot": {"precision": 0.6, "recall": 0.7142857142857143, "f1-score": 0.6521739130434783, "support": 21}, "siren": {"precision": 0.8461538461538461, "recall": 0.6875, "f1-score": 0.7586206896551724, "support": 16}, "accuracy": 0.7142857142857143, "macro avg": {"precision": 0.7206582437526177, "recall": 0.7043367910824807, "f1-score": 0.7091697657664675, "support": 105}, "weighted avg": {"precision": 0.7233738191632928, "recall": 0.7142857142857143, "f1-score": 0.7165350534380305, "support": 105}, "classificador": "KNeighborsClassifier"}