{"casual": {"precision": 0.48717948717948717, "recall": 0.6551724137931034, "f1-score": 0.5588235294117647, "support": 29}, "explosion": {"precision": 0.8181818181818182, "recall": 0.46153846153846156, "f1-score": 0.5901639344262295, "support": 39}, "gunshot": {"precision": 0.25, "recall": 0.047619047619047616, "f1-score": 0.08, "support": 21}, "siren": {"precision": 0.4, "recall": 1.0, "f1-score": 0.5714285714285715, "support": 16}, "accuracy": 0.5142857142857142, "macro avg": {"precision": 0.48884032634032637, "recall": 0.5410824807376531, "f1-score": 0.4501040088166415, "support": 105}, "weighted avg": {"precision": 0.5494028194028194, "recall": 0.5142857142857142, "f1-score": 0.47662031369925023, "support": 105}, "classificador": "Perceptron"}