{"casual": {"precision": 0.59375, "recall": 0.6551724137931034, "f1-score": 0.6229508196721311, "support": 29}, "explosion": {"precision": 0.8709677419354839, "recall": 0.6923076923076923, "f1-score": 0.7714285714285716, "support": 39}, "gunshot": {"precision": 0.5172413793103449, "recall": 0.7142857142857143, "f1-score": 0.6000000000000001, "support": 21}, "siren": {"precision": 0.8461538461538461, "recall": 0.6875, "f1-score": 0.7586206896551724, "support": 16}, "accuracy": 0.6857142857142857, "macro avg": {"precision": 0.7070282418499187, "recall": 0.6873164550966275, "f1-score": 0.6882500201889687, "support": 105}, "weighted avg": {"precision": 0.7198764041853585, "recall": 0.6857142857142857, "f1-score": 0.6941830389589415, "support": 105}, "classificador": "KNeighborsClassifier"}