{"casual": {"precision": 0.56, "recall": 0.4827586206896552, "f1-score": 0.5185185185185185, "support": 29}, "explosion": {"precision": 0.8275862068965517, "recall": 0.6153846153846154, "f1-score": 0.7058823529411765, "support": 39}, "gunshot": {"precision": 0.3170731707317073, "recall": 0.6190476190476191, "f1-score": 0.4193548387096774, "support": 21}, "siren": {"precision": 0.6, "recall": 0.375, "f1-score": 0.4615384615384615, "support": 16}, "accuracy": 0.5428571428571428, "macro avg": {"precision": 0.5761648444070647, "recall": 0.5230477137804724, "f1-score": 0.5263235429269585, "support": 105}, "weighted avg": {"precision": 0.6168990348031559, "recall": 0.5428571428571428, "f1-score": 0.5595953885643955, "support": 105}, "classificador": "LinearDiscriminantAnalysis"}