{"casual": {"precision": 0.56, "recall": 0.4827586206896552, "f1-score": 0.5185185185185185, "support": 29}, "explosion": {"precision": 0.8, "recall": 0.6153846153846154, "f1-score": 0.6956521739130435, "support": 39}, "gunshot": {"precision": 0.3333333333333333, "recall": 0.6190476190476191, "f1-score": 0.43333333333333335, "support": 21}, "siren": {"precision": 0.6363636363636364, "recall": 0.4375, "f1-score": 0.5185185185185185, "support": 16}, "accuracy": 0.5523809523809524, "macro avg": {"precision": 0.5824242424242424, "recall": 0.5386727137804724, "f1-score": 0.5415056360708534, "support": 105}, "weighted avg": {"precision": 0.6154458874458875, "recall": 0.5523809523809524, "f1-score": 0.5672739820565907, "support": 105}, "classificador": "LinearDiscriminantAnalysis"}