{"casual": {"precision": 0.5135135135135135, "recall": 0.6551724137931034, "f1-score": 0.5757575757575758, "support": 29}, "explosion": {"precision": 0.9130434782608695, "recall": 0.5384615384615384, "f1-score": 0.6774193548387096, "support": 39}, "gunshot": {"precision": 0.46153846153846156, "recall": 0.2857142857142857, "f1-score": 0.35294117647058826, "support": 21}, "siren": {"precision": 0.46875, "recall": 0.9375, "f1-score": 0.625, "support": 16}, "accuracy": 0.580952380952381, "macro avg": {"precision": 0.5892113633282111, "recall": 0.6042120594922319, "f1-score": 0.5577795267667185, "support": 105}, "weighted avg": {"precision": 0.6446942403464143, "recall": 0.580952380952381, "f1-score": 0.5764579927767783, "support": 105}, "classificador": "Perceptron"}