{"casual": {"precision": 0.5, "recall": 0.6896551724137931, "f1-score": 0.5797101449275363, "support": 29}, "explosion": {"precision": 0.84, "recall": 0.5384615384615384, "f1-score": 0.6562499999999999, "support": 39}, "gunshot": {"precision": 0.2857142857142857, "recall": 0.09523809523809523, "f1-score": 0.14285714285714285, "support": 21}, "siren": {"precision": 0.45454545454545453, "recall": 0.9375, "f1-score": 0.6122448979591837, "support": 16}, "accuracy": 0.5523809523809524, "macro avg": {"precision": 0.520064935064935, "recall": 0.5652137015283567, "f1-score": 0.49776554643596566, "support": 105}, "weighted avg": {"precision": 0.5765021645021645, "recall": 0.5523809523809524, "f1-score": 0.5257263101928142, "support": 105}, "classificador": "Perceptron"}