{"casual": {"precision": 0.5666666666666667, "recall": 0.5862068965517241, "f1-score": 0.576271186440678, "support": 29}, "explosion": {"precision": 0.8421052631578947, "recall": 0.8205128205128205, "f1-score": 0.8311688311688312, "support": 39}, "gunshot": {"precision": 0.5416666666666666, "recall": 0.6190476190476191, "f1-score": 0.5777777777777778, "support": 21}, "siren": {"precision": 0.8461538461538461, "recall": 0.6875, "f1-score": 0.7586206896551724, "support": 16}, "accuracy": 0.6952380952380952, "macro avg": {"precision": 0.6991481106612686, "recall": 0.6783168340280409, "f1-score": 0.6859596212606149, "support": 105}, "weighted avg": {"precision": 0.7065609536662167, "recall": 0.6952380952380952, "f1-score": 0.6990353637160016, "support": 105}, "classificador": "KNeighborsClassifier"}