{"casual": {"precision": 0.5121951219512195, "recall": 0.7241379310344828, "f1-score": 0.6000000000000001, "support": 29}, "explosion": {"precision": 0.825, "recall": 0.8461538461538461, "f1-score": 0.8354430379746836, "support": 39}, "gunshot": {"precision": 0.8, "recall": 0.38095238095238093, "f1-score": 0.5161290322580645, "support": 21}, "siren": {"precision": 0.9285714285714286, "recall": 0.8125, "f1-score": 0.8666666666666666, "support": 16}, "accuracy": 0.7142857142857143, "macro avg": {"precision": 0.766441637630662, "recall": 0.6909360395351775, "f1-score": 0.7045596842248537, "support": 105}, "weighted avg": {"precision": 0.7493885847021736, "recall": 0.7142857142857143, "f1-score": 0.7113109983342731, "support": 105}, "classificador": "BaggingClassifier"}