{"casual": {"precision": 0.6, "recall": 0.7241379310344828, "f1-score": 0.65625, "support": 29}, "explosion": {"precision": 0.7142857142857143, "recall": 0.6410256410256411, "f1-score": 0.6756756756756757, "support": 39}, "gunshot": {"precision": 0.4375, "recall": 0.3333333333333333, "f1-score": 0.37837837837837834, "support": 21}, "siren": {"precision": 0.7368421052631579, "recall": 0.875, "f1-score": 0.7999999999999999, "support": 16}, "accuracy": 0.638095238095238, "macro avg": {"precision": 0.622156954887218, "recall": 0.6433742263483643, "f1-score": 0.6275760135135134, "support": 105}, "weighted avg": {"precision": 0.6308011099176511, "recall": 0.638095238095238, "f1-score": 0.6297956885456886, "support": 105}, "classificador": "SVC"}