{"casual": {"precision": 0.5263157894736842, "recall": 0.6896551724137931, "f1-score": 0.5970149253731344, "support": 29}, "explosion": {"precision": 0.5357142857142857, "recall": 0.38461538461538464, "f1-score": 0.44776119402985076, "support": 39}, "gunshot": {"precision": 0.36363636363636365, "recall": 0.38095238095238093, "f1-score": 0.37209302325581395, "support": 21}, "siren": {"precision": 0.7647058823529411, "recall": 0.8125, "f1-score": 0.787878787878788, "support": 16}, "accuracy": 0.5333333333333333, "macro avg": {"precision": 0.5475930802943186, "recall": 0.5669307344953897, "f1-score": 0.5511869826343968, "support": 105}, "weighted avg": {"precision": 0.5335968837295683, "recall": 0.5333333333333333, "f1-score": 0.5256774618801693, "support": 105}, "classificador": "LinearSVC"}