{"casual": {"precision": 0.425531914893617, "recall": 0.6896551724137931, "f1-score": 0.5263157894736842, "support": 29}, "explosion": {"precision": 0.4166666666666667, "recall": 0.2564102564102564, "f1-score": 0.31746031746031744, "support": 39}, "gunshot": {"precision": 0.38095238095238093, "recall": 0.38095238095238093, "f1-score": 0.38095238095238093, "support": 21}, "siren": {"precision": 0.6923076923076923, "recall": 0.5625, "f1-score": 0.6206896551724138, "support": 16}, "accuracy": 0.44761904761904764, "macro avg": {"precision": 0.47886466370508923, "recall": 0.4723794524441076, "f1-score": 0.4613545357646991, "support": 105}, "weighted avg": {"precision": 0.4539747486555997, "recall": 0.44761904761904764, "f1-score": 0.4340489976995032, "support": 105}, "classificador": "LinearDiscriminantAnalysis"}