{"casual": {"precision": 0.5135135135135135, "recall": 0.6551724137931034, "f1-score": 0.5757575757575758, "support": 29}, "explosion": {"precision": 0.84, "recall": 0.5384615384615384, "f1-score": 0.6562499999999999, "support": 39}, "gunshot": {"precision": 0.6666666666666666, "recall": 0.47619047619047616, "f1-score": 0.5555555555555556, "support": 21}, "siren": {"precision": 0.5714285714285714, "recall": 1.0, "f1-score": 0.7272727272727273, "support": 16}, "accuracy": 0.6285714285714286, "macro avg": {"precision": 0.6479021879021878, "recall": 0.6674561071112796, "f1-score": 0.6287089646464646, "support": 105}, "weighted avg": {"precision": 0.6742357050928479, "recall": 0.6285714285714286, "f1-score": 0.624702380952381, "support": 105}, "classificador": "Perceptron"}