{"casual": {"precision": 0.5333333333333333, "recall": 0.5517241379310345, "f1-score": 0.5423728813559322, "support": 29}, "explosion": {"precision": 0.8125, "recall": 0.6666666666666666, "f1-score": 0.7323943661971831, "support": 39}, "gunshot": {"precision": 0.7368421052631579, "recall": 0.6666666666666666, "f1-score": 0.7, "support": 21}, "siren": {"precision": 0.6666666666666666, "recall": 1.0, "f1-score": 0.8, "support": 16}, "accuracy": 0.6857142857142857, "macro avg": {"precision": 0.6873355263157894, "recall": 0.7212643678160919, "f1-score": 0.6936918118882789, "support": 105}, "weighted avg": {"precision": 0.6980430242272349, "recall": 0.6857142857142857, "f1-score": 0.6837351794382113, "support": 105}, "classificador": "SGDClassifier"}