{"casual": {"precision": 0.7037037037037037, "recall": 0.6551724137931034, "f1-score": 0.6785714285714286, "support": 29}, "explosion": {"precision": 0.9411764705882353, "recall": 0.8205128205128205, "f1-score": 0.8767123287671232, "support": 39}, "gunshot": {"precision": 0.8125, "recall": 0.6190476190476191, "f1-score": 0.7027027027027026, "support": 21}, "siren": {"precision": 0.5714285714285714, "recall": 1.0, "f1-score": 0.7272727272727273, "support": 16}, "accuracy": 0.7619047619047619, "macro avg": {"precision": 0.7572021864301275, "recall": 0.7736832133383857, "f1-score": 0.7463147968284956, "support": 105}, "weighted avg": {"precision": 0.7935109228876736, "recall": 0.7619047619047619, "f1-score": 0.7644140251772346, "support": 105}, "classificador": "SVC"}