{"casual": {"precision": 0.5555555555555556, "recall": 0.6896551724137931, "f1-score": 0.6153846153846154, "support": 29}, "explosion": {"precision": 0.8518518518518519, "recall": 0.5897435897435898, "f1-score": 0.6969696969696971, "support": 39}, "gunshot": {"precision": 0.8888888888888888, "recall": 0.38095238095238093, "f1-score": 0.5333333333333333, "support": 21}, "siren": {"precision": 0.48484848484848486, "recall": 1.0, "f1-score": 0.653061224489796, "support": 16}, "accuracy": 0.638095238095238, "macro avg": {"precision": 0.6952861952861953, "recall": 0.665087785777441, "f1-score": 0.6246872175443605, "support": 105}, "weighted avg": {"precision": 0.7215007215007214, "recall": 0.638095238095238, "f1-score": 0.6350185868553215, "support": 105}, "classificador": "Perceptron"}