{"casual": {"precision": 0.7407407407407407, "recall": 0.6896551724137931, "f1-score": 0.7142857142857143, "support": 29}, "explosion": {"precision": 0.9696969696969697, "recall": 0.8205128205128205, "f1-score": 0.8888888888888888, "support": 39}, "gunshot": {"precision": 0.7894736842105263, "recall": 0.7142857142857143, "f1-score": 0.7500000000000001, "support": 21}, "siren": {"precision": 0.6153846153846154, "recall": 1.0, "f1-score": 0.761904761904762, "support": 16}, "accuracy": 0.7904761904761904, "macro avg": {"precision": 0.778824002508213, "recall": 0.806113426803082, "f1-score": 0.7787698412698413, "support": 105}, "weighted avg": {"precision": 0.8164263287070304, "recall": 0.7904761904761904, "f1-score": 0.7935374149659864, "support": 105}, "classificador": "SVC"}