{"casual": {"precision": 0.6944444444444444, "recall": 0.8620689655172413, "f1-score": 0.7692307692307692, "support": 29}, "explosion": {"precision": 0.8918918918918919, "recall": 0.8461538461538461, "f1-score": 0.868421052631579, "support": 39}, "gunshot": {"precision": 1.0, "recall": 0.8095238095238095, "f1-score": 0.8947368421052632, "support": 21}, "siren": {"precision": 0.9333333333333333, "recall": 0.875, "f1-score": 0.9032258064516129, "support": 16}, "accuracy": 0.8476190476190476, "macro avg": {"precision": 0.8799174174174174, "recall": 0.8481866552987243, "f1-score": 0.858903617604806, "support": 105}, "weighted avg": {"precision": 0.8652952952952954, "recall": 0.8476190476190476, "f1-score": 0.8515923804548593, "support": 105}, "classificador": "DecisionTreeClassifier", "mediaTempoClassificacaoCadaAudio": 0.004839983440580822, "desvioTempoClassificacaoCadaAudio": 0.0027644489812981453}