{"casual": {"precision": 0.5, "recall": 0.7586206896551724, "f1-score": 0.6027397260273972, "support": 29}, "explosion": {"precision": 0.8387096774193549, "recall": 0.6666666666666666, "f1-score": 0.7428571428571428, "support": 39}, "gunshot": {"precision": 0.9166666666666666, "recall": 0.5238095238095238, "f1-score": 0.6666666666666667, "support": 21}, "siren": {"precision": 0.7777777777777778, "recall": 0.875, "f1-score": 0.823529411764706, "support": 16}, "accuracy": 0.6952380952380952, "macro avg": {"precision": 0.7582885304659498, "recall": 0.7060242200328407, "f1-score": 0.7089482368289782, "support": 105}, "weighted avg": {"precision": 0.751467827274279, "recall": 0.6952380952380952, "f1-score": 0.7012128687091275, "support": 105}, "classificador": "LinearDiscriminantAnalysis", "mediaTempoClassificacaoCadaAudio": 0.0043123767489478704, "desvioTempoClassificacaoCadaAudio": 0.0022886821607862934}