{"casual": {"precision": 0.5111111111111111, "recall": 0.7931034482758621, "f1-score": 0.6216216216216216, "support": 29}, "explosion": {"precision": 0.8064516129032258, "recall": 0.6410256410256411, "f1-score": 0.7142857142857142, "support": 39}, "gunshot": {"precision": 0.9166666666666666, "recall": 0.5238095238095238, "f1-score": 0.6666666666666667, "support": 21}, "siren": {"precision": 0.8235294117647058, "recall": 0.875, "f1-score": 0.8484848484848485, "support": 16}, "accuracy": 0.6952380952380952, "macro avg": {"precision": 0.7644397006114274, "recall": 0.7082346532777567, "f1-score": 0.7127647127647128, "support": 105}, "weighted avg": {"precision": 0.7495267210826981, "recall": 0.6952380952380952, "f1-score": 0.6996183567612139, "support": 105}, "classificador": "LinearDiscriminantAnalysis", "mediaTempoClassificacaoCadaAudio": 0.005357810429164341, "desvioTempoClassificacaoCadaAudio": 0.0030288445307416634}