{"casual": {"precision": 0.7575757575757576, "recall": 0.8620689655172413, "f1-score": 0.8064516129032258, "support": 29}, "explosion": {"precision": 0.9230769230769231, "recall": 0.9230769230769231, "f1-score": 0.9230769230769231, "support": 39}, "gunshot": {"precision": 0.9444444444444444, "recall": 0.8095238095238095, "f1-score": 0.8717948717948718, "support": 21}, "siren": {"precision": 0.9333333333333333, "recall": 0.875, "f1-score": 0.9032258064516129, "support": 16}, "accuracy": 0.8761904761904762, "macro avg": {"precision": 0.8896076146076146, "recall": 0.8674174245294934, "f1-score": 0.8761373035566584, "support": 105}, "weighted avg": {"precision": 0.8832034632034632, "recall": 0.8761904761904762, "f1-score": 0.8775847808105873, "support": 105}, "classificador": "KNeighborsClassifier", "mediaTempoClassificacaoCadaAudio": 0.03797826994033087, "desvioTempoClassificacaoCadaAudio": 0.027778697145168098}