{"casual": {"precision": 0.6363636363636364, "recall": 0.7241379310344828, "f1-score": 0.6774193548387097, "support": 29}, "explosion": {"precision": 0.9166666666666666, "recall": 0.8461538461538461, "f1-score": 0.8799999999999999, "support": 39}, "gunshot": {"precision": 0.9411764705882353, "recall": 0.7619047619047619, "f1-score": 0.8421052631578947, "support": 21}, "siren": {"precision": 0.7894736842105263, "recall": 0.9375, "f1-score": 0.8571428571428572, "support": 16}, "accuracy": 0.8095238095238095, "macro avg": {"precision": 0.8209201144572662, "recall": 0.8174241347732727, "f1-score": 0.8141668687848654, "support": 105}, "weighted avg": {"precision": 0.8247698122311126, "recall": 0.8095238095238095, "f1-score": 0.8129872145802294, "support": 105}, "classificador": "DecisionTreeClassifier", "mediaTempoClassificacaoCadaAudio": 0.005137091591244652, "desvioTempoClassificacaoCadaAudio": 0.0029398928013721695}