{"casual": {"precision": 0.6, "recall": 0.7241379310344828, "f1-score": 0.65625, "support": 29}, "explosion": {"precision": 0.6730769230769231, "recall": 0.8974358974358975, "f1-score": 0.7692307692307692, "support": 39}, "gunshot": {"precision": 0.0, "recall": 0.0, "f1-score": 0.0, "support": 21}, "siren": {"precision": 0.8333333333333334, "recall": 0.9375, "f1-score": 0.8823529411764706, "support": 16}, "accuracy": 0.6761904761904762, "macro avg": {"precision": 0.5266025641025641, "recall": 0.639768457117595, "f1-score": 0.5769584276018099, "support": 105}, "weighted avg": {"precision": 0.5426984126984128, "recall": 0.6761904761904762, "f1-score": 0.6014180672268907, "support": 105}, "classificador": "QuadraticDiscriminantAnalysis", "mediaTempoClassificacaoCadaAudio": 0.006383752822875977, "desvioTempoClassificacaoCadaAudio": 0.0029911545854305293}