{"casual": {"precision": 0.6470588235294118, "recall": 0.7586206896551724, "f1-score": 0.6984126984126984, "support": 29}, "explosion": {"precision": 0.8918918918918919, "recall": 0.8461538461538461, "f1-score": 0.868421052631579, "support": 39}, "gunshot": {"precision": 1.0, "recall": 0.6666666666666666, "f1-score": 0.8, "support": 21}, "siren": {"precision": 0.75, "recall": 0.9375, "f1-score": 0.8333333333333334, "support": 16}, "accuracy": 0.8, "macro avg": {"precision": 0.822237678855326, "recall": 0.8022353006189212, "f1-score": 0.8000417710944027, "support": 105}, "weighted avg": {"precision": 0.8242713301536831, "recall": 0.8, "f1-score": 0.8024354537136492, "support": 105}, "classificador": "SVC", "mediaTempoClassificacaoCadaAudio": 0.013640673955281575, "desvioTempoClassificacaoCadaAudio": 0.010009001981293602}