{"casual": {"precision": 0.39285714285714285, "recall": 0.7586206896551724, "f1-score": 0.5176470588235293, "support": 29}, "explosion": {"precision": 0.7307692307692307, "recall": 0.48717948717948717, "f1-score": 0.5846153846153846, "support": 39}, "gunshot": {"precision": 0.0, "recall": 0.0, "f1-score": 0.0, "support": 21}, "siren": {"precision": 0.6521739130434783, "recall": 0.9375, "f1-score": 0.7692307692307693, "support": 16}, "accuracy": 0.5333333333333333, "macro avg": {"precision": 0.443950071667463, "recall": 0.545825044208665, "f1-score": 0.4678733031674208, "support": 105}, "weighted avg": {"precision": 0.4793108547766933, "recall": 0.5333333333333333, "f1-score": 0.4773281620340444, "support": 105}, "classificador": "QuadraticDiscriminantAnalysis", "mediaTempoClassificacaoCadaAudio": 0.009578423272995722, "desvioTempoClassificacaoCadaAudio": 0.00657922652972628}