{"casual": {"precision": 0.6486486486486487, "recall": 0.8275862068965517, "f1-score": 0.7272727272727273, "support": 29}, "explosion": {"precision": 0.8888888888888888, "recall": 0.8205128205128205, "f1-score": 0.8533333333333333, "support": 39}, "gunshot": {"precision": 1.0, "recall": 0.6666666666666666, "f1-score": 0.8, "support": 21}, "siren": {"precision": 0.8888888888888888, "recall": 1.0, "f1-score": 0.9411764705882353, "support": 16}, "accuracy": 0.819047619047619, "macro avg": {"precision": 0.8566066066066066, "recall": 0.8286914235190097, "f1-score": 0.8304456327985741, "support": 105}, "weighted avg": {"precision": 0.8447590447590447, "recall": 0.819047619047619, "f1-score": 0.8212355487649605, "support": 105}, "classificador": "SGDClassifier", "mediaTempoClassificacaoCadaAudio": 0.005501856122698103, "desvioTempoClassificacaoCadaAudio": 0.0031444365729573144}