{"casual": {"precision": 0.6052631578947368, "recall": 0.7931034482758621, "f1-score": 0.6865671641791046, "support": 29}, "explosion": {"precision": 0.8857142857142857, "recall": 0.7948717948717948, "f1-score": 0.8378378378378378, "support": 39}, "gunshot": {"precision": 0.9411764705882353, "recall": 0.7619047619047619, "f1-score": 0.8421052631578947, "support": 21}, "siren": {"precision": 0.8666666666666667, "recall": 0.8125, "f1-score": 0.8387096774193549, "support": 16}, "accuracy": 0.7904761904761904, "macro avg": {"precision": 0.8247051452159812, "recall": 0.7905950012631047, "f1-score": 0.801304985648548, "support": 105}, "weighted avg": {"precision": 0.8164462978173725, "recall": 0.7904761904761904, "f1-score": 0.7970446552561445, "support": 105}, "classificador": "DecisionTreeClassifier", "mediaTempoClassificacaoCadaAudio": 0.005854077566237677, "desvioTempoClassificacaoCadaAudio": 0.003736269171865939}