{"casual": {"precision": 0.6052631578947368, "recall": 0.7931034482758621, "f1-score": 0.6865671641791046, "support": 29}, "explosion": {"precision": 0.9428571428571428, "recall": 0.8461538461538461, "f1-score": 0.8918918918918919, "support": 39}, "gunshot": {"precision": 0.9285714285714286, "recall": 0.6190476190476191, "f1-score": 0.742857142857143, "support": 21}, "siren": {"precision": 0.8333333333333334, "recall": 0.9375, "f1-score": 0.8823529411764706, "support": 16}, "accuracy": 0.8, "macro avg": {"precision": 0.8275062656641604, "recall": 0.7989512283693319, "f1-score": 0.8009172850261524, "support": 105}, "weighted avg": {"precision": 0.8300704141305645, "recall": 0.8, "f1-score": 0.8039226533695366, "support": 105}, "classificador": "LinearDiscriminantAnalysis", "mediaTempoClassificacaoCadaAudio": 0.003960316521780831, "desvioTempoClassificacaoCadaAudio": 0.0013040104795601936}