{"casual": {"precision": 0.5833333333333334, "recall": 0.7241379310344828, "f1-score": 0.6461538461538462, "support": 29}, "explosion": {"precision": 0.875, "recall": 0.717948717948718, "f1-score": 0.7887323943661971, "support": 39}, "gunshot": {"precision": 0.8421052631578947, "recall": 0.7619047619047619, "f1-score": 0.8, "support": 21}, "siren": {"precision": 0.7777777777777778, "recall": 0.875, "f1-score": 0.823529411764706, "support": 16}, "accuracy": 0.7523809523809524, "macro avg": {"precision": 0.7695540935672515, "recall": 0.7697478527219906, "f1-score": 0.7646039130711874, "support": 105}, "weighted avg": {"precision": 0.7730506822612087, "recall": 0.7523809523809524, "f1-score": 0.756909481018843, "support": 105}, "classificador": "SGDClassifier"}