{"casual": {"precision": 0.5714285714285714, "recall": 0.6896551724137931, "f1-score": 0.625, "support": 29}, "explosion": {"precision": 0.8235294117647058, "recall": 0.717948717948718, "f1-score": 0.767123287671233, "support": 39}, "gunshot": {"precision": 0.8333333333333334, "recall": 0.7142857142857143, "f1-score": 0.7692307692307692, "support": 21}, "siren": {"precision": 0.8888888888888888, "recall": 1.0, "f1-score": 0.9411764705882353, "support": 16}, "accuracy": 0.7523809523809524, "macro avg": {"precision": 0.7792950513538749, "recall": 0.7804724011620564, "f1-score": 0.7756326318725593, "support": 105}, "weighted avg": {"precision": 0.7658218843092792, "recall": 0.7523809523809524, "f1-score": 0.7548140752612954, "support": 105}, "classificador": "LinearDiscriminantAnalysis"}