{"casual": {"precision": 0.5945945945945946, "recall": 0.7586206896551724, "f1-score": 0.6666666666666667, "support": 29}, "explosion": {"precision": 0.9642857142857143, "recall": 0.6923076923076923, "f1-score": 0.8059701492537313, "support": 39}, "gunshot": {"precision": 0.8095238095238095, "recall": 0.8095238095238095, "f1-score": 0.8095238095238095, "support": 21}, "siren": {"precision": 0.7894736842105263, "recall": 0.9375, "f1-score": 0.8571428571428572, "support": 16}, "accuracy": 0.7714285714285715, "macro avg": {"precision": 0.7894694506536613, "recall": 0.7994880478716686, "f1-score": 0.7848258706467662, "support": 105}, "weighted avg": {"precision": 0.8045901433119479, "recall": 0.7714285714285715, "f1-score": 0.7760043320810913, "support": 105}, "classificador": "Perceptron"}