{"casual": {"precision": 0.5714285714285714, "recall": 0.6896551724137931, "f1-score": 0.625, "support": 29}, "explosion": {"precision": 0.8181818181818182, "recall": 0.6923076923076923, "f1-score": 0.7500000000000001, "support": 39}, "gunshot": {"precision": 0.9411764705882353, "recall": 0.7619047619047619, "f1-score": 0.8421052631578947, "support": 21}, "siren": {"precision": 0.8, "recall": 1.0, "f1-score": 0.888888888888889, "support": 16}, "accuracy": 0.7523809523809524, "macro avg": {"precision": 0.7826967150496562, "recall": 0.7859669066565618, "f1-score": 0.7764985380116959, "support": 105}, "weighted avg": {"precision": 0.7718592891702135, "recall": 0.7523809523809524, "f1-score": 0.7550612642717905, "support": 105}, "classificador": "SGDClassifier"}