{"casual": {"precision": 0.6, "recall": 0.7241379310344828, "f1-score": 0.65625, "support": 29}, "explosion": {"precision": 0.8823529411764706, "recall": 0.7692307692307693, "f1-score": 0.8219178082191781, "support": 39}, "gunshot": {"precision": 0.8888888888888888, "recall": 0.7619047619047619, "f1-score": 0.8205128205128205, "support": 21}, "siren": {"precision": 0.7777777777777778, "recall": 0.875, "f1-score": 0.823529411764706, "support": 16}, "accuracy": 0.7714285714285715, "macro avg": {"precision": 0.7872549019607843, "recall": 0.7825683655425035, "f1-score": 0.7805525101241763, "support": 105}, "weighted avg": {"precision": 0.7897416744475567, "recall": 0.7714285714285715, "f1-score": 0.7761265175195474, "support": 105}, "classificador": "Perceptron"}