{"casual": {"precision": 0.5428571428571428, "recall": 0.6551724137931034, "f1-score": 0.5937499999999999, "support": 29}, "explosion": {"precision": 0.8928571428571429, "recall": 0.6410256410256411, "f1-score": 0.746268656716418, "support": 39}, "gunshot": {"precision": 0.75, "recall": 0.7142857142857143, "f1-score": 0.7317073170731706, "support": 21}, "siren": {"precision": 0.6818181818181818, "recall": 0.9375, "f1-score": 0.7894736842105263, "support": 16}, "accuracy": 0.7047619047619048, "macro avg": {"precision": 0.7168831168831169, "recall": 0.7369959422761148, "f1-score": 0.7152999145000287, "support": 105}, "weighted avg": {"precision": 0.735460729746444, "recall": 0.7047619047619048, "f1-score": 0.7078158115985267, "support": 105}, "classificador": "Perceptron"}