{"casual": {"precision": 0.6333333333333333, "recall": 0.6551724137931034, "f1-score": 0.6440677966101694, "support": 29}, "explosion": {"precision": 0.8333333333333334, "recall": 0.7692307692307693, "f1-score": 0.8, "support": 39}, "gunshot": {"precision": 0.6086956521739131, "recall": 0.6666666666666666, "f1-score": 0.6363636363636365, "support": 21}, "siren": {"precision": 0.875, "recall": 0.875, "f1-score": 0.875, "support": 16}, "accuracy": 0.7333333333333333, "macro avg": {"precision": 0.737590579710145, "recall": 0.7415174624226348, "f1-score": 0.7388578582434515, "support": 105}, "weighted avg": {"precision": 0.7395169082125604, "recall": 0.7333333333333333, "f1-score": 0.7356343091936313, "support": 105}, "classificador": "LinearDiscriminantAnalysis"}