{"casual": {"precision": 0.6, "recall": 0.6206896551724138, "f1-score": 0.6101694915254238, "support": 29}, "explosion": {"precision": 0.7894736842105263, "recall": 0.7692307692307693, "f1-score": 0.7792207792207793, "support": 39}, "gunshot": {"precision": 0.8823529411764706, "recall": 0.7142857142857143, "f1-score": 0.7894736842105262, "support": 21}, "siren": {"precision": 0.8, "recall": 1.0, "f1-score": 0.888888888888889, "support": 16}, "accuracy": 0.7523809523809524, "macro avg": {"precision": 0.7679566563467493, "recall": 0.7760515346722243, "f1-score": 0.7669382109614045, "support": 105}, "weighted avg": {"precision": 0.7573227185611087, "recall": 0.7523809523809524, "f1-score": 0.7512923355665806, "support": 105}, "classificador": "Perceptron"}