{"casual": {"precision": 0.6666666666666666, "recall": 0.6896551724137931, "f1-score": 0.6779661016949153, "support": 29}, "explosion": {"precision": 0.8717948717948718, "recall": 0.8717948717948718, "f1-score": 0.8717948717948718, "support": 39}, "gunshot": {"precision": 0.8666666666666667, "recall": 0.6190476190476191, "f1-score": 0.7222222222222222, "support": 21}, "siren": {"precision": 0.7619047619047619, "recall": 1.0, "f1-score": 0.8648648648648648, "support": 16}, "accuracy": 0.7904761904761904, "macro avg": {"precision": 0.7917582417582417, "recall": 0.795124415814071, "f1-score": 0.7842120151442186, "support": 105}, "weighted avg": {"precision": 0.7973696145124717, "recall": 0.7904761904761904, "f1-score": 0.7872906805110195, "support": 105}, "classificador": "SVC"}