{"casual": {"precision": 0.631578947368421, "recall": 0.8275862068965517, "f1-score": 0.716417910447761, "support": 29}, "explosion": {"precision": 0.8947368421052632, "recall": 0.8717948717948718, "f1-score": 0.8831168831168831, "support": 39}, "gunshot": {"precision": 0.9230769230769231, "recall": 0.5714285714285714, "f1-score": 0.7058823529411765, "support": 21}, "siren": {"precision": 0.8125, "recall": 0.8125, "f1-score": 0.8125, "support": 16}, "accuracy": 0.7904761904761904, "macro avg": {"precision": 0.8154731781376519, "recall": 0.7708274125299988, "f1-score": 0.7794792866264552, "support": 105}, "weighted avg": {"precision": 0.8151918257181414, "recall": 0.7904761904761904, "f1-score": 0.7908686405362688, "support": 105}, "classificador": "BaggingClassifier"}