{"casual": {"precision": 0.6, "recall": 0.7241379310344828, "f1-score": 0.65625, "support": 29}, "explosion": {"precision": 0.8571428571428571, "recall": 0.7692307692307693, "f1-score": 0.8108108108108107, "support": 39}, "gunshot": {"precision": 0.8666666666666667, "recall": 0.6190476190476191, "f1-score": 0.7222222222222222, "support": 21}, "siren": {"precision": 0.8, "recall": 1.0, "f1-score": 0.888888888888889, "support": 16}, "accuracy": 0.7619047619047619, "macro avg": {"precision": 0.7809523809523808, "recall": 0.7781040798282177, "f1-score": 0.7695429804804804, "support": 105}, "weighted avg": {"precision": 0.7793197278911564, "recall": 0.7619047619047619, "f1-score": 0.7623024810524811, "support": 105}, "classificador": "SVC", "mediaTempoClassificacaoCadaAudio": 0.00988328116280692, "desvioTempoClassificacaoCadaAudio": 0.004838175117288422}