{"casual": {"precision": 0.5172413793103449, "recall": 0.5172413793103449, "f1-score": 0.5172413793103449, "support": 29}, "explosion": {"precision": 0.8064516129032258, "recall": 0.6410256410256411, "f1-score": 0.7142857142857142, "support": 39}, "gunshot": {"precision": 0.6666666666666666, "recall": 0.09523809523809523, "f1-score": 0.16666666666666666, "support": 21}, "siren": {"precision": 0.38095238095238093, "recall": 1.0, "f1-score": 0.5517241379310345, "support": 16}, "accuracy": 0.5523809523809524, "macro avg": {"precision": 0.5928280099581545, "recall": 0.5633762788935203, "f1-score": 0.4874794745484401, "support": 105}, "weighted avg": {"precision": 0.6337795333187037, "recall": 0.5523809523809524, "f1-score": 0.5255688482289467, "support": 105}, "classificador": "Perceptron"}