{"casual": {"precision": 0.7027027027027027, "recall": 0.896551724137931, "f1-score": 0.787878787878788, "support": 29}, "explosion": {"precision": 0.8947368421052632, "recall": 0.8717948717948718, "f1-score": 0.8831168831168831, "support": 39}, "gunshot": {"precision": 0.9333333333333333, "recall": 0.6666666666666666, "f1-score": 0.7777777777777778, "support": 21}, "siren": {"precision": 1.0, "recall": 0.9375, "f1-score": 0.967741935483871, "support": 16}, "accuracy": 0.8476190476190476, "macro avg": {"precision": 0.8826932195353248, "recall": 0.8431283156498673, "f1-score": 0.8541288460643299, "support": 105}, "weighted avg": {"precision": 0.8654582401950823, "recall": 0.8476190476190476, "f1-score": 0.8486404532487483, "support": 105}, "classificador": "DecisionTreeClassifier", "mediaTempoClassificacaoCadaAudio": 0.0022871653238932294, "desvioTempoClassificacaoCadaAudio": 0.0004730921299132722}