{"casual": {"precision": 0.7142857142857143, "recall": 0.6896551724137931, "f1-score": 0.7017543859649122, "support": 29}, "explosion": {"precision": 0.9210526315789473, "recall": 0.8974358974358975, "f1-score": 0.9090909090909091, "support": 39}, "gunshot": {"precision": 0.8888888888888888, "recall": 0.7619047619047619, "f1-score": 0.8205128205128205, "support": 21}, "siren": {"precision": 0.7619047619047619, "recall": 1.0, "f1-score": 0.8648648648648648, "support": 16}, "accuracy": 0.8285714285714286, "macro avg": {"precision": 0.8215329991645781, "recall": 0.8372489579386131, "f1-score": 0.8240557451083768, "support": 105}, "weighted avg": {"precision": 0.8332617257429287, "recall": 0.8285714285714286, "f1-score": 0.8273717115822378, "support": 105}, "classificador": "SVC", "mediaTempoClassificacaoCadaAudio": 0.04990720748901367, "desvioTempoClassificacaoCadaAudio": 0.03899643681791683}