{"casual": {"precision": 0.75, "recall": 0.8275862068965517, "f1-score": 0.7868852459016394, "support": 29}, "explosion": {"precision": 0.9722222222222222, "recall": 0.8974358974358975, "f1-score": 0.9333333333333333, "support": 39}, "gunshot": {"precision": 0.8947368421052632, "recall": 0.8095238095238095, "f1-score": 0.8500000000000001, "support": 21}, "siren": {"precision": 0.8888888888888888, "recall": 1.0, "f1-score": 0.9411764705882353, "support": 16}, "accuracy": 0.8761904761904762, "macro avg": {"precision": 0.8764619883040936, "recall": 0.8836364784640647, "f1-score": 0.877848762455802, "support": 105}, "weighted avg": {"precision": 0.8826510721247562, "recall": 0.8761904761904762, "f1-score": 0.8774142443862791, "support": 105}, "classificador": "KNeighborsClassifier", "mediaTempoClassificacaoCadaAudio": 0.27384379250662666, "desvioTempoClassificacaoCadaAudio": 0.21366062672587052}