{"casual": {"precision": 0.6538461538461539, "recall": 0.5862068965517241, "f1-score": 0.6181818181818182, "support": 29}, "explosion": {"precision": 0.7777777777777778, "recall": 0.8974358974358975, "f1-score": 0.8333333333333333, "support": 39}, "gunshot": {"precision": 0.9375, "recall": 0.7142857142857143, "f1-score": 0.8108108108108109, "support": 21}, "siren": {"precision": 0.8333333333333334, "recall": 0.9375, "f1-score": 0.8823529411764706, "support": 16}, "accuracy": 0.780952380952381, "macro avg": {"precision": 0.8006143162393163, "recall": 0.783857127068334, "f1-score": 0.7861697258756082, "support": 105}, "weighted avg": {"precision": 0.7839590964590964, "recall": 0.780952380952381, "f1-score": 0.7768756839345073, "support": 105}, "classificador": "QuadraticDiscriminantAnalysis", "mediaTempoClassificacaoCadaAudio": 0.008824972879318964, "desvioTempoClassificacaoCadaAudio": 0.007699981994379654}