{"casual": {"precision": 0.7058823529411765, "recall": 0.8275862068965517, "f1-score": 0.7619047619047619, "support": 29}, "explosion": {"precision": 0.9166666666666666, "recall": 0.8461538461538461, "f1-score": 0.8799999999999999, "support": 39}, "gunshot": {"precision": 0.9411764705882353, "recall": 0.7619047619047619, "f1-score": 0.8421052631578947, "support": 21}, "siren": {"precision": 0.8888888888888888, "recall": 1.0, "f1-score": 0.9411764705882353, "support": 16}, "accuracy": 0.8476190476190476, "macro avg": {"precision": 0.8631535947712418, "recall": 0.8589112037387899, "f1-score": 0.856296623912723, "support": 105}, "weighted avg": {"precision": 0.8591192032368502, "recall": 0.8476190476190476, "f1-score": 0.8491264014377681, "support": 105}, "classificador": "SGDClassifier", "mediaTempoClassificacaoCadaAudio": 0.0022957710992722283, "desvioTempoClassificacaoCadaAudio": 0.0002973131132527545}