{"casual": {"precision": 0.7142857142857143, "recall": 0.6896551724137931, "f1-score": 0.7017543859649122, "support": 29}, "explosion": {"precision": 0.9, "recall": 0.9230769230769231, "f1-score": 0.9113924050632911, "support": 39}, "gunshot": {"precision": 0.8888888888888888, "recall": 0.7619047619047619, "f1-score": 0.8205128205128205, "support": 21}, "siren": {"precision": 0.7894736842105263, "recall": 0.9375, "f1-score": 0.8571428571428572, "support": 16}, "accuracy": 0.8285714285714286, "macro avg": {"precision": 0.8231620718462824, "recall": 0.8280342143488695, "f1-score": 0.8227006171709702, "support": 105}, "weighted avg": {"precision": 0.8296431555078171, "recall": 0.8285714285714286, "f1-score": 0.8270498660524357, "support": 105}, "classificador": "KNeighborsClassifier", "mediaTempoClassificacaoCadaAudio": 0.26686904316856747, "desvioTempoClassificacaoCadaAudio": 0.20571879541336113}