{"casual": {"precision": 0.3, "recall": 0.6206896551724138, "f1-score": 0.40449438202247195, "support": 29}, "explosion": {"precision": 0.71875, "recall": 0.5897435897435898, "f1-score": 0.6478873239436619, "support": 39}, "gunshot": {"precision": 0.0, "recall": 0.0, "f1-score": 0.0, "support": 21}, "siren": {"precision": 0.7692307692307693, "recall": 0.625, "f1-score": 0.6896551724137931, "support": 16}, "accuracy": 0.4857142857142857, "macro avg": {"precision": 0.44699519230769236, "recall": 0.4588583112290009, "f1-score": 0.43550921959498173, "support": 105}, "weighted avg": {"precision": 0.4670375457875458, "recall": 0.4857142857142857, "f1-score": 0.4574516711530971, "support": 105}, "classificador": "BaggingClassifier"}