{"casual": {"precision": 0.5384615384615384, "recall": 0.7241379310344828, "f1-score": 0.6176470588235294, "support": 29}, "explosion": {"precision": 0.8648648648648649, "recall": 0.8205128205128205, "f1-score": 0.8421052631578947, "support": 39}, "gunshot": {"precision": 0.8666666666666667, "recall": 0.6190476190476191, "f1-score": 0.7222222222222222, "support": 21}, "siren": {"precision": 0.8571428571428571, "recall": 0.75, "f1-score": 0.7999999999999999, "support": 16}, "accuracy": 0.7428571428571429, "macro avg": {"precision": 0.7817839817839818, "recall": 0.7284245926487306, "f1-score": 0.7454936360509116, "support": 105}, "weighted avg": {"precision": 0.7738990481847624, "recall": 0.7428571428571429, "f1-score": 0.749719396530542, "support": 105}, "classificador": "BaggingClassifier"}