{"casual": {"precision": 0.5641025641025641, "recall": 0.7586206896551724, "f1-score": 0.6470588235294118, "support": 29}, "explosion": {"precision": 0.8695652173913043, "recall": 0.5128205128205128, "f1-score": 0.6451612903225806, "support": 39}, "gunshot": {"precision": 0.375, "recall": 0.5714285714285714, "f1-score": 0.4528301886792453, "support": 21}, "siren": {"precision": 1.0, "recall": 0.6875, "f1-score": 0.8148148148148148, "support": 16}, "accuracy": 0.6190476190476191, "macro avg": {"precision": 0.7021669453734671, "recall": 0.6325924434760641, "f1-score": 0.6399662793365132, "support": 105}, "weighted avg": {"precision": 0.7061620746403354, "recall": 0.6190476190476191, "f1-score": 0.6330711162308074, "support": 105}, "classificador": "KNeighborsClassifier"}