{"casual": {"precision": 0.5, "recall": 0.6551724137931034, "f1-score": 0.5671641791044776, "support": 29}, "explosion": {"precision": 0.9166666666666666, "recall": 0.5641025641025641, "f1-score": 0.6984126984126983, "support": 39}, "gunshot": {"precision": 0.3333333333333333, "recall": 0.047619047619047616, "f1-score": 0.08333333333333333, "support": 21}, "siren": {"precision": 0.4, "recall": 1.0, "f1-score": 0.5714285714285715, "support": 16}, "accuracy": 0.5523809523809524, "macro avg": {"precision": 0.5375, "recall": 0.5667235063786789, "f1-score": 0.4800846955697702, "support": 105}, "weighted avg": {"precision": 0.6061904761904762, "recall": 0.5523809523809524, "f1-score": 0.5197972721426879, "support": 105}, "classificador": "SVC"}