{"casual": {"precision": 0.5277777777777778, "recall": 0.6551724137931034, "f1-score": 0.5846153846153845, "support": 29}, "explosion": {"precision": 0.9166666666666666, "recall": 0.5641025641025641, "f1-score": 0.6984126984126983, "support": 39}, "gunshot": {"precision": 0.5, "recall": 0.047619047619047616, "f1-score": 0.08695652173913042, "support": 21}, "siren": {"precision": 0.37209302325581395, "recall": 1.0, "f1-score": 0.5423728813559322, "support": 16}, "accuracy": 0.5523809523809524, "macro avg": {"precision": 0.5791343669250646, "recall": 0.5667235063786789, "f1-score": 0.47808937153078634, "support": 105}, "weighted avg": {"precision": 0.6429432755014151, "recall": 0.5523809523809524, "f1-score": 0.520914232858648, "support": 105}, "classificador": "SVC"}