{"casual": {"precision": 0.5161290322580645, "recall": 0.5517241379310345, "f1-score": 0.5333333333333333, "support": 29}, "explosion": {"precision": 0.8181818181818182, "recall": 0.6923076923076923, "f1-score": 0.7500000000000001, "support": 39}, "gunshot": {"precision": 0.2857142857142857, "recall": 0.09523809523809523, "f1-score": 0.14285714285714285, "support": 21}, "siren": {"precision": 0.4411764705882353, "recall": 0.9375, "f1-score": 0.6, "support": 16}, "accuracy": 0.5714285714285714, "macro avg": {"precision": 0.5153004016856009, "recall": 0.5691924813692055, "f1-score": 0.506547619047619, "support": 105}, "weighted avg": {"precision": 0.5708157749903481, "recall": 0.5714285714285714, "f1-score": 0.545873015873016, "support": 105}, "classificador": "SGDClassifier"}