{"casual": {"precision": 0.6285714285714286, "recall": 0.7586206896551724, "f1-score": 0.6875, "support": 29}, "explosion": {"precision": 0.9117647058823529, "recall": 0.7948717948717948, "f1-score": 0.8493150684931507, "support": 39}, "gunshot": {"precision": 0.8823529411764706, "recall": 0.7142857142857143, "f1-score": 0.7894736842105262, "support": 21}, "siren": {"precision": 0.7368421052631579, "recall": 0.875, "f1-score": 0.7999999999999999, "support": 16}, "accuracy": 0.780952380952381, "macro avg": {"precision": 0.7898827952233525, "recall": 0.7856945497031704, "f1-score": 0.7815721881759192, "support": 105}, "weighted avg": {"precision": 0.8010121943514247, "recall": 0.780952380952381, "f1-score": 0.7851403337109898, "support": 105}, "classificador": "LinearSVC"}