{"casual": {"precision": 0.5348837209302325, "recall": 0.7931034482758621, "f1-score": 0.6388888888888888, "support": 29}, "explosion": {"precision": 0.8484848484848485, "recall": 0.717948717948718, "f1-score": 0.7777777777777778, "support": 39}, "gunshot": {"precision": 1.0, "recall": 0.5714285714285714, "f1-score": 0.7272727272727273, "support": 21}, "siren": {"precision": 0.8235294117647058, "recall": 0.875, "f1-score": 0.8484848484848485, "support": 16}, "accuracy": 0.7333333333333333, "macro avg": {"precision": 0.8017244952949467, "recall": 0.7393701844132878, "f1-score": 0.7481060606060606, "support": 105}, "weighted avg": {"precision": 0.7883715008202012, "recall": 0.7333333333333333, "f1-score": 0.7400913900913901, "support": 105}, "classificador": "LinearSVC"}