{"casual": {"precision": 0.6875, "recall": 0.7586206896551724, "f1-score": 0.7213114754098361, "support": 29}, "explosion": {"precision": 0.9024390243902439, "recall": 0.9487179487179487, "f1-score": 0.9249999999999999, "support": 39}, "gunshot": {"precision": 1.0, "recall": 0.6666666666666666, "f1-score": 0.8, "support": 21}, "siren": {"precision": 0.8333333333333334, "recall": 0.9375, "f1-score": 0.8823529411764706, "support": 16}, "accuracy": 0.8380952380952381, "macro avg": {"precision": 0.8558180894308943, "recall": 0.8278763262599469, "f1-score": 0.8321661041465767, "support": 105}, "weighted avg": {"precision": 0.8520567169957413, "recall": 0.8380952380952381, "f1-score": 0.837244569959131, "support": 105}, "classificador": "BaggingClassifier"}