{"casual": {"precision": 0.5534246575342465, "recall": 0.696551724137931, "f1-score": 0.6167938931297708, "support": 290}, "explosion": {"precision": 0.8340080971659919, "recall": 0.5282051282051282, "f1-score": 0.6467817896389325, "support": 390}, "gunshot": {"precision": 0.5091575091575091, "recall": 0.6619047619047619, "f1-score": 0.5755693581780539, "support": 210}, "siren": {"precision": 0.7636363636363637, "recall": 0.7875, "f1-score": 0.7753846153846152, "support": 160}, "accuracy": 0.6409523809523809, "macro avg": {"precision": 0.6650566568735278, "recall": 0.6685404035619553, "f1-score": 0.6536324140828431, "support": 1050}, "weighted avg": {"precision": 0.6808201939852985, "recall": 0.6409523809523809, "f1-score": 0.6438535529959496, "support": 1050}, "classificador": "Perceptron", "mediaTempoClassificacaoCadaAudio": 0.0024227492014567056, "desvioTempoClassificacaoCadaAudio": 0.00022595468019491607}