{"casual": {"precision": 0.4662379421221865, "recall": 0.5, "f1-score": 0.4825291181364393, "support": 290}, "explosion": {"precision": 0.7972972972972973, "recall": 0.6051282051282051, "f1-score": 0.6880466472303207, "support": 390}, "gunshot": {"precision": 0.34576271186440677, "recall": 0.4857142857142857, "f1-score": 0.403960396039604, "support": 210}, "siren": {"precision": 0.7837837837837838, "recall": 0.725, "f1-score": 0.7532467532467533, "support": 160}, "accuracy": 0.5704761904761905, "macro avg": {"precision": 0.5982704337669186, "recall": 0.5789606227106228, "f1-score": 0.5819457286632793, "support": 1050}, "weighted avg": {"precision": 0.6134957371983913, "recall": 0.5704761904761905, "f1-score": 0.5844026670163712, "support": 1050}, "classificador": "LinearDiscriminantAnalysis", "mediaTempoClassificacaoCadaAudio": 0.002565131187438965, "desvioTempoClassificacaoCadaAudio": 0.0002948932304058187}