{"casual": {"precision": 0.5637393767705382, "recall": 0.6862068965517242, "f1-score": 0.6189735614307932, "support": 290}, "explosion": {"precision": 0.6329113924050633, "recall": 0.8974358974358975, "f1-score": 0.7423117709437964, "support": 390}, "gunshot": {"precision": 0.0, "recall": 0.0, "f1-score": 0.0, "support": 210}, "siren": {"precision": 0.7986111111111112, "recall": 0.71875, "f1-score": 0.7565789473684211, "support": 160}, "accuracy": 0.6323809523809524, "macro avg": {"precision": 0.49881547007167815, "recall": 0.5755981984969054, "f1-score": 0.5294660699357527, "support": 1050}, "weighted avg": {"precision": 0.5124739429325796, "recall": 0.6323809523809524, "f1-score": 0.5619586238685313, "support": 1050}, "classificador": "QuadraticDiscriminantAnalysis", "mediaTempoClassificacaoCadaAudio": 0.004980653354099819, "desvioTempoClassificacaoCadaAudio": 0.0016019457064865592}