{"casual": {"precision": 0.5993485342019544, "recall": 0.6344827586206897, "f1-score": 0.6164154103852597, "support": 290}, "explosion": {"precision": 0.9045454545454545, "recall": 0.5102564102564102, "f1-score": 0.6524590163934426, "support": 390}, "gunshot": {"precision": 0.39851485148514854, "recall": 0.7666666666666667, "f1-score": 0.5244299674267101, "support": 210}, "siren": {"precision": 0.8991596638655462, "recall": 0.66875, "f1-score": 0.7670250896057347, "support": 160}, "accuracy": 0.62, "macro avg": {"precision": 0.7003921260245259, "recall": 0.6450389588859415, "f1-score": 0.6400823709527867, "support": 1050}, "weighted avg": {"precision": 0.7182261592587262, "recall": 0.62, "f1-score": 0.6343559932397091, "support": 1050}, "classificador": "KNeighborsClassifier", "mediaTempoClassificacaoCadaAudio": 0.017531022571382067, "desvioTempoClassificacaoCadaAudio": 0.011438381810436823}