{"casual": {"precision": 0.42213114754098363, "recall": 0.7103448275862069, "f1-score": 0.5295629820051414, "support": 290}, "explosion": {"precision": 0.6949602122015915, "recall": 0.6717948717948717, "f1-score": 0.6831812255541069, "support": 390}, "gunshot": {"precision": 0.7272727272727273, "recall": 0.0761904761904762, "f1-score": 0.13793103448275865, "support": 210}, "siren": {"precision": 0.6748466257668712, "recall": 0.6875, "f1-score": 0.6811145510835913, "support": 160}, "accuracy": 0.5657142857142857, "macro avg": {"precision": 0.6298026781955434, "recall": 0.5364575438928887, "f1-score": 0.5079474482813996, "support": 1050}, "weighted avg": {"precision": 0.6230049984718838, "recall": 0.5657142857142857, "f1-score": 0.5313883696784254, "support": 1050}, "classificador": "SGDClassifier", "mediaTempoClassificacaoCadaAudio": 0.002436285927182152, "desvioTempoClassificacaoCadaAudio": 0.00021039730885043332}