{"casual": {"precision": 0.5597667638483965, "recall": 0.6620689655172414, "f1-score": 0.6066350710900474, "support": 290}, "explosion": {"precision": 0.8869257950530035, "recall": 0.6435897435897436, "f1-score": 0.7459138187221398, "support": 390}, "gunshot": {"precision": 0.5181159420289855, "recall": 0.680952380952381, "f1-score": 0.5884773662551439, "support": 210}, "siren": {"precision": 0.7837837837837838, "recall": 0.725, "f1-score": 0.7532467532467533, "support": 160}, "accuracy": 0.6685714285714286, "macro avg": {"precision": 0.6871480711785423, "recall": 0.6779027725148414, "f1-score": 0.6735682523285211, "support": 1050}, "weighted avg": {"precision": 0.707088737922094, "recall": 0.6685714285714286, "f1-score": 0.6770764641436277, "support": 1050}, "classificador": "SVC", "mediaTempoClassificacaoCadaAudio": 0.00783372265951974, "desvioTempoClassificacaoCadaAudio": 0.004296308075789263}