{"casual": {"precision": 0.48984771573604063, "recall": 0.6655172413793103, "f1-score": 0.564327485380117, "support": 290}, "explosion": {"precision": 0.8144329896907216, "recall": 0.6076923076923076, "f1-score": 0.696035242290749, "support": 390}, "gunshot": {"precision": 0.5687732342007435, "recall": 0.7285714285714285, "f1-score": 0.6388308977035491, "support": 210}, "siren": {"precision": 0.9375, "recall": 0.5625, "f1-score": 0.703125, "support": 160}, "accuracy": 0.6409523809523809, "macro avg": {"precision": 0.7026384849068764, "recall": 0.6410702444107617, "f1-score": 0.6505796563436037, "support": 1050}, "weighted avg": {"precision": 0.6944067454523708, "recall": 0.6409523809523809, "f1-score": 0.6492982893060679, "support": 1050}, "classificador": "DecisionTreeClassifier", "mediaTempoClassificacaoCadaAudio": 0.0023283767700195313, "desvioTempoClassificacaoCadaAudio": 0.00031054691238929387}