{"casual": {"precision": 0.5799373040752351, "recall": 0.6379310344827587, "f1-score": 0.6075533661740559, "support": 290}, "explosion": {"precision": 0.8788927335640139, "recall": 0.6512820512820513, "f1-score": 0.748159057437408, "support": 390}, "gunshot": {"precision": 0.5052264808362369, "recall": 0.6904761904761905, "f1-score": 0.5835010060362174, "support": 210}, "siren": {"precision": 0.7612903225806451, "recall": 0.7375, "f1-score": 0.7492063492063491, "support": 160}, "accuracy": 0.6685714285714286, "macro avg": {"precision": 0.6813367102640328, "recall": 0.6792973190602501, "f1-score": 0.6721049447135076, "support": 1050}, "weighted avg": {"precision": 0.7036704732002824, "recall": 0.6685714285714286, "f1-score": 0.6765530816492256, "support": 1050}, "classificador": "SVC", "mediaTempoClassificacaoCadaAudio": 0.008750752040318081, "desvioTempoClassificacaoCadaAudio": 0.004570844138019226}