{"casual": {"precision": 0.6058631921824105, "recall": 0.6413793103448275, "f1-score": 0.6231155778894473, "support": 290}, "explosion": {"precision": 0.8414634146341463, "recall": 0.5307692307692308, "f1-score": 0.6509433962264151, "support": 390}, "gunshot": {"precision": 0.4084158415841584, "recall": 0.7857142857142857, "f1-score": 0.5374592833876222, "support": 210}, "siren": {"precision": 0.9354838709677419, "recall": 0.54375, "f1-score": 0.6877470355731224, "support": 160}, "accuracy": 0.6142857142857143, "macro avg": {"precision": 0.6978065798421142, "recall": 0.625403206707086, "f1-score": 0.6248163232691517, "support": 1050}, "weighted avg": {"precision": 0.7041102890740267, "recall": 0.6142857142857143, "f1-score": 0.6261689688755636, "support": 1050}, "classificador": "KNeighborsClassifier", "mediaTempoClassificacaoCadaAudio": 0.020224824178786505, "desvioTempoClassificacaoCadaAudio": 0.012449748769127845}