{"casual": {"precision": 0.696969696969697, "recall": 0.7931034482758621, "f1-score": 0.7419354838709677, "support": 29}, "explosion": {"precision": 0.918918918918919, "recall": 0.8717948717948718, "f1-score": 0.8947368421052632, "support": 39}, "gunshot": {"precision": 0.8823529411764706, "recall": 0.7142857142857143, "f1-score": 0.7894736842105262, "support": 21}, "siren": {"precision": 0.8888888888888888, "recall": 1.0, "f1-score": 0.9411764705882353, "support": 16}, "accuracy": 0.8380952380952381, "macro avg": {"precision": 0.8467826114884939, "recall": 0.8447960085891121, "f1-score": 0.841830620193748, "support": 105}, "weighted avg": {"precision": 0.8457294574941635, "recall": 0.8380952380952381, "f1-score": 0.8385584454494871, "support": 105}, "classificador": "KNeighborsClassifier"}