{"casual": {"precision": 0.6046511627906976, "recall": 0.896551724137931, "f1-score": 0.7222222222222221, "support": 29}, "explosion": {"precision": 0.9259259259259259, "recall": 0.6410256410256411, "f1-score": 0.7575757575757577, "support": 39}, "gunshot": {"precision": 0.9411764705882353, "recall": 0.7619047619047619, "f1-score": 0.8421052631578947, "support": 21}, "siren": {"precision": 0.8888888888888888, "recall": 1.0, "f1-score": 0.9411764705882353, "support": 16}, "accuracy": 0.7904761904761904, "macro avg": {"precision": 0.840160612048437, "recall": 0.8248705317670835, "f1-score": 0.8157699283860274, "support": 105}, "weighted avg": {"precision": 0.8345992660630145, "recall": 0.7904761904761904, "f1-score": 0.7926946004345384, "support": 105}, "classificador": "SGDClassifier"}