{"casual": {"precision": 0.6285714285714286, "recall": 0.7586206896551724, "f1-score": 0.6875, "support": 29}, "explosion": {"precision": 0.8611111111111112, "recall": 0.7948717948717948, "f1-score": 0.8266666666666667, "support": 39}, "gunshot": {"precision": 0.9375, "recall": 0.7142857142857143, "f1-score": 0.8108108108108109, "support": 21}, "siren": {"precision": 0.8333333333333334, "recall": 0.9375, "f1-score": 0.8823529411764706, "support": 16}, "accuracy": 0.7904761904761904, "macro avg": {"precision": 0.8151289682539683, "recall": 0.8013195497031704, "f1-score": 0.801832604663487, "support": 105}, "weighted avg": {"precision": 0.8079308390022676, "recall": 0.7904761904761904, "f1-score": 0.7935445151033386, "support": 105}, "classificador": "SGDClassifier"}