{"casual": {"precision": 0.5263157894736842, "recall": 0.6896551724137931, "f1-score": 0.5970149253731344, "support": 29}, "explosion": {"precision": 0.6666666666666666, "recall": 0.5128205128205128, "f1-score": 0.5797101449275363, "support": 39}, "gunshot": {"precision": 0.42857142857142855, "recall": 0.42857142857142855, "f1-score": 0.42857142857142855, "support": 21}, "siren": {"precision": 0.875, "recall": 0.875, "f1-score": 0.875, "support": 16}, "accuracy": 0.6, "macro avg": {"precision": 0.6241384711779449, "recall": 0.6265117784514336, "f1-score": 0.6200741247180248, "support": 105}, "weighted avg": {"precision": 0.61203007518797, "recall": 0.6, "f1-score": 0.5992583665523316, "support": 105}, "classificador": "Perceptron"}