{"casual": {"precision": 0.5952380952380952, "recall": 0.8620689655172413, "f1-score": 0.7042253521126761, "support": 29}, "explosion": {"precision": 0.8, "recall": 0.5128205128205128, "f1-score": 0.625, "support": 39}, "gunshot": {"precision": 0.5, "recall": 0.6190476190476191, "f1-score": 0.5531914893617021, "support": 21}, "siren": {"precision": 0.9166666666666666, "recall": 0.6875, "f1-score": 0.7857142857142857, "support": 16}, "accuracy": 0.6571428571428571, "macro avg": {"precision": 0.7029761904761904, "recall": 0.6703592743463433, "f1-score": 0.667032781797166, "support": 105}, "weighted avg": {"precision": 0.7012244897959184, "recall": 0.6571428571428571, "f1-score": 0.6570093815170659, "support": 105}, "classificador": "KNeighborsClassifier"}