{"casual": {"precision": 0.46296296296296297, "recall": 0.8620689655172413, "f1-score": 0.6024096385542169, "support": 29}, "explosion": {"precision": 0.8846153846153846, "recall": 0.5897435897435898, "f1-score": 0.7076923076923076, "support": 39}, "gunshot": {"precision": 1.0, "recall": 0.42857142857142855, "f1-score": 0.6, "support": 21}, "siren": {"precision": 0.875, "recall": 0.875, "f1-score": 0.875, "support": 16}, "accuracy": 0.6761904761904762, "macro avg": {"precision": 0.805644586894587, "recall": 0.6888459959580648, "f1-score": 0.6962754865616312, "support": 105}, "weighted avg": {"precision": 0.7897707231040564, "recall": 0.6761904761904762, "f1-score": 0.682570281124498, "support": 105}, "classificador": "BaggingClassifier"}