{"casual": {"precision": 0.7058823529411765, "recall": 0.8275862068965517, "f1-score": 0.7619047619047619, "support": 29}, "explosion": {"precision": 0.918918918918919, "recall": 0.8717948717948718, "f1-score": 0.8947368421052632, "support": 39}, "gunshot": {"precision": 1.0, "recall": 0.7619047619047619, "f1-score": 0.8648648648648648, "support": 21}, "siren": {"precision": 0.8333333333333334, "recall": 0.9375, "f1-score": 0.8823529411764706, "support": 16}, "accuracy": 0.8476190476190476, "macro avg": {"precision": 0.8645336512983572, "recall": 0.8496964601490463, "f1-score": 0.8509648525128402, "support": 105}, "weighted avg": {"precision": 0.8632548514901456, "recall": 0.8476190476190476, "f1-score": 0.8501884205555148, "support": 105}, "classificador": "SVC", "mediaTempoClassificacaoCadaAudio": 0.009754941577003115, "desvioTempoClassificacaoCadaAudio": 0.004853584115435079}