{"casual": {"precision": 0.7272727272727273, "recall": 0.8275862068965517, "f1-score": 0.7741935483870968, "support": 29}, "explosion": {"precision": 0.8974358974358975, "recall": 0.8974358974358975, "f1-score": 0.8974358974358975, "support": 39}, "gunshot": {"precision": 0.9411764705882353, "recall": 0.7619047619047619, "f1-score": 0.8421052631578947, "support": 21}, "siren": {"precision": 0.9375, "recall": 0.9375, "f1-score": 0.9375, "support": 16}, "accuracy": 0.8571428571428571, "macro avg": {"precision": 0.875846273824215, "recall": 0.8561067165593028, "f1-score": 0.8628086772452223, "support": 105}, "weighted avg": {"precision": 0.8652915711739242, "recall": 0.8571428571428571, "f1-score": 0.8584364136146819, "support": 105}, "classificador": "KNeighborsClassifier"}