{"casual": {"precision": 0.5277777777777778, "recall": 0.6551724137931034, "f1-score": 0.5846153846153845, "support": 29}, "explosion": {"precision": 0.7906976744186046, "recall": 0.8717948717948718, "f1-score": 0.8292682926829267, "support": 39}, "gunshot": {"precision": 1.0, "recall": 0.47619047619047616, "f1-score": 0.6451612903225806, "support": 21}, "siren": {"precision": 0.875, "recall": 0.875, "f1-score": 0.875, "support": 16}, "accuracy": 0.7333333333333333, "macro avg": {"precision": 0.7983688630490956, "recall": 0.7195394404446128, "f1-score": 0.733511241905223, "support": 105}, "weighted avg": {"precision": 0.772788236741725, "recall": 0.7333333333333333, "f1-score": 0.7318447301452808, "support": 105}, "classificador": "SGDClassifier"}