{"casual": {"precision": 0.5348837209302325, "recall": 0.7931034482758621, "f1-score": 0.6388888888888888, "support": 29}, "explosion": {"precision": 0.8529411764705882, "recall": 0.7435897435897436, "f1-score": 0.7945205479452054, "support": 39}, "gunshot": {"precision": 1.0, "recall": 0.5714285714285714, "f1-score": 0.7272727272727273, "support": 21}, "siren": {"precision": 0.875, "recall": 0.875, "f1-score": 0.875, "support": 16}, "accuracy": 0.7428571428571429, "macro avg": {"precision": 0.8157062243502051, "recall": 0.7457804408235442, "f1-score": 0.7589205410267055, "support": 105}, "weighted avg": {"precision": 0.7978698456126636, "recall": 0.7428571428571429, "f1-score": 0.7503505373368388, "support": 105}, "classificador": "LinearDiscriminantAnalysis"}