{"casual": {"precision": 0.5263157894736842, "recall": 0.6896551724137931, "f1-score": 0.5970149253731344, "support": 29}, "explosion": {"precision": 0.8823529411764706, "recall": 0.7692307692307693, "f1-score": 0.8219178082191781, "support": 39}, "gunshot": {"precision": 0.9285714285714286, "recall": 0.6190476190476191, "f1-score": 0.742857142857143, "support": 21}, "siren": {"precision": 0.7894736842105263, "recall": 0.9375, "f1-score": 0.8571428571428572, "support": 16}, "accuracy": 0.7428571428571429, "macro avg": {"precision": 0.7816784608580274, "recall": 0.7538583901730453, "f1-score": 0.7547331833980782, "support": 105}, "weighted avg": {"precision": 0.7791095385522631, "recall": 0.7428571428571429, "f1-score": 0.7493572673395674, "support": 105}, "classificador": "LinearDiscriminantAnalysis"}