{"casual": {"precision": 0.4634146341463415, "recall": 0.6551724137931034, "f1-score": 0.5428571428571429, "support": 29}, "explosion": {"precision": 0.8695652173913043, "recall": 0.5128205128205128, "f1-score": 0.6451612903225806, "support": 39}, "gunshot": {"precision": 0.8333333333333334, "recall": 0.7142857142857143, "f1-score": 0.7692307692307692, "support": 21}, "siren": {"precision": 0.6956521739130435, "recall": 1.0, "f1-score": 0.8205128205128205, "support": 16}, "accuracy": 0.6666666666666666, "macro avg": {"precision": 0.7154913396960056, "recall": 0.7205696602248326, "f1-score": 0.6944405057308283, "support": 105}, "weighted avg": {"precision": 0.7236428823915568, "recall": 0.6666666666666666, "f1-score": 0.6684399880713245, "support": 105}, "classificador": "Perceptron"}