{"casual": {"precision": 0.6571428571428571, "recall": 0.7931034482758621, "f1-score": 0.71875, "support": 29}, "explosion": {"precision": 0.8947368421052632, "recall": 0.8717948717948718, "f1-score": 0.8831168831168831, "support": 39}, "gunshot": {"precision": 0.9285714285714286, "recall": 0.6190476190476191, "f1-score": 0.742857142857143, "support": 21}, "siren": {"precision": 0.8888888888888888, "recall": 1.0, "f1-score": 0.9411764705882353, "support": 16}, "accuracy": 0.819047619047619, "macro avg": {"precision": 0.8423350041771095, "recall": 0.8209864847795882, "f1-score": 0.8214751241405653, "support": 105}, "weighted avg": {"precision": 0.8349914468711461, "recall": 0.819047619047619, "f1-score": 0.8185155425806687, "support": 105}, "classificador": "SVC"}