{"casual": {"precision": 0.6410256410256411, "recall": 0.8620689655172413, "f1-score": 0.7352941176470588, "support": 29}, "explosion": {"precision": 0.9393939393939394, "recall": 0.7948717948717948, "f1-score": 0.8611111111111112, "support": 39}, "gunshot": {"precision": 0.8823529411764706, "recall": 0.7142857142857143, "f1-score": 0.7894736842105262, "support": 21}, "siren": {"precision": 0.9375, "recall": 0.9375, "f1-score": 0.9375, "support": 16}, "accuracy": 0.819047619047619, "macro avg": {"precision": 0.8500681303990127, "recall": 0.8271816186686877, "f1-score": 0.830844728242174, "support": 105}, "weighted avg": {"precision": 0.845290657055363, "recall": 0.819047619047619, "f1-score": 0.8236743820335152, "support": 105}, "classificador": "LinearSVC"}