{"casual": {"precision": 0.5263157894736842, "recall": 0.6896551724137931, "f1-score": 0.5970149253731344, "support": 29}, "explosion": {"precision": 0.8108108108108109, "recall": 0.7692307692307693, "f1-score": 0.7894736842105263, "support": 39}, "gunshot": {"precision": 0.8571428571428571, "recall": 0.5714285714285714, "f1-score": 0.6857142857142857, "support": 21}, "siren": {"precision": 0.875, "recall": 0.875, "f1-score": 0.875, "support": 16}, "accuracy": 0.7238095238095238, "macro avg": {"precision": 0.7673173643568381, "recall": 0.7263286282682835, "f1-score": 0.7368007238244867, "support": 105}, "weighted avg": {"precision": 0.7512836144415092, "recall": 0.7238095238095238, "f1-score": 0.728599109714585, "support": 105}, "classificador": "LinearSVC"}