{"casual": {"precision": 0.5609756097560976, "recall": 0.7931034482758621, "f1-score": 0.6571428571428573, "support": 29}, "explosion": {"precision": 0.9310344827586207, "recall": 0.6923076923076923, "f1-score": 0.7941176470588235, "support": 39}, "gunshot": {"precision": 0.7894736842105263, "recall": 0.7142857142857143, "f1-score": 0.7500000000000001, "support": 21}, "siren": {"precision": 0.875, "recall": 0.875, "f1-score": 0.875, "support": 16}, "accuracy": 0.7523809523809524, "macro avg": {"precision": 0.7891209441813112, "recall": 0.7686742137173171, "f1-score": 0.7690651260504202, "support": 105}, "weighted avg": {"precision": 0.7919769988469914, "recall": 0.7523809523809524, "f1-score": 0.7597879151660665, "support": 105}, "classificador": "Perceptron"}