{"casual": {"precision": 0.4857142857142857, "recall": 0.5862068965517241, "f1-score": 0.53125, "support": 29}, "explosion": {"precision": 0.7619047619047619, "recall": 0.41025641025641024, "f1-score": 0.5333333333333333, "support": 39}, "gunshot": {"precision": 0.7, "recall": 0.3333333333333333, "f1-score": 0.45161290322580644, "support": 21}, "siren": {"precision": 0.41025641025641024, "recall": 1.0, "f1-score": 0.5818181818181819, "support": 16}, "accuracy": 0.5333333333333333, "macro avg": {"precision": 0.5894688644688645, "recall": 0.582449160035367, "f1-score": 0.5245036045943304, "support": 105}, "weighted avg": {"precision": 0.6196581196581197, "recall": 0.5333333333333333, "f1-score": 0.5238020178745986, "support": 105}, "classificador": "Perceptron"}