{"casual": {"precision": 0.5862068965517241, "recall": 0.5862068965517241, "f1-score": 0.5862068965517241, "support": 29}, "explosion": {"precision": 0.84375, "recall": 0.6923076923076923, "f1-score": 0.7605633802816902, "support": 39}, "gunshot": {"precision": 0.48148148148148145, "recall": 0.6190476190476191, "f1-score": 0.5416666666666666, "support": 21}, "siren": {"precision": 0.7058823529411765, "recall": 0.75, "f1-score": 0.7272727272727272, "support": 16}, "accuracy": 0.6571428571428571, "macro avg": {"precision": 0.6543301827435956, "recall": 0.6618905519767588, "f1-score": 0.653927417693202, "support": 105}, "weighted avg": {"precision": 0.6791569405539994, "recall": 0.6571428571428571, "f1-score": 0.6635555758795196, "support": 105}, "classificador": "Perceptron"}