{"casual": {"precision": 0.6363636363636364, "recall": 0.4827586206896552, "f1-score": 0.5490196078431373, "support": 29}, "explosion": {"precision": 0.7878787878787878, "recall": 0.6666666666666666, "f1-score": 0.7222222222222221, "support": 39}, "gunshot": {"precision": 0.4411764705882353, "recall": 0.7142857142857143, "f1-score": 0.5454545454545455, "support": 21}, "siren": {"precision": 0.6875, "recall": 0.6875, "f1-score": 0.6875, "support": 16}, "accuracy": 0.6285714285714286, "macro avg": {"precision": 0.6382297237076648, "recall": 0.637802750410509, "f1-score": 0.6260490938799762, "support": 105}, "weighted avg": {"precision": 0.6613954672778202, "recall": 0.6285714285714286, "f1-score": 0.6337407690348867, "support": 105}, "classificador": "LinearDiscriminantAnalysis"}