{"casual": {"precision": 0.5172413793103449, "recall": 0.5172413793103449, "f1-score": 0.5172413793103449, "support": 29}, "explosion": {"precision": 0.8235294117647058, "recall": 0.717948717948718, "f1-score": 0.767123287671233, "support": 39}, "gunshot": {"precision": 0.6842105263157895, "recall": 0.6190476190476191, "f1-score": 0.6500000000000001, "support": 21}, "siren": {"precision": 0.6956521739130435, "recall": 1.0, "f1-score": 0.8205128205128205, "support": 16}, "accuracy": 0.6857142857142857, "macro avg": {"precision": 0.6801583728259709, "recall": 0.7135594290766705, "f1-score": 0.6887193718735996, "support": 105}, "weighted avg": {"precision": 0.6915857418482267, "recall": 0.6857142857142857, "f1-score": 0.682819174736983, "support": 105}, "classificador": "SGDClassifier"}