{"casual": {"precision": 0.5862068965517241, "recall": 0.5862068965517241, "f1-score": 0.5862068965517241, "support": 29}, "explosion": {"precision": 0.8235294117647058, "recall": 0.717948717948718, "f1-score": 0.767123287671233, "support": 39}, "gunshot": {"precision": 0.7333333333333333, "recall": 0.5238095238095238, "f1-score": 0.611111111111111, "support": 21}, "siren": {"precision": 0.5925925925925926, "recall": 1.0, "f1-score": 0.7441860465116279, "support": 16}, "accuracy": 0.6857142857142857, "macro avg": {"precision": 0.6839155585605889, "recall": 0.7069912845774915, "f1-score": 0.677156835461424, "support": 105}, "weighted avg": {"precision": 0.704753605145762, "recall": 0.6857142857142857, "f1-score": 0.6824582694923568, "support": 105}, "classificador": "Perceptron"}