{"casual": {"precision": 0.6, "recall": 0.8275862068965517, "f1-score": 0.6956521739130435, "support": 29}, "explosion": {"precision": 0.9428571428571428, "recall": 0.8461538461538461, "f1-score": 0.8918918918918919, "support": 39}, "gunshot": {"precision": 0.8333333333333334, "recall": 0.47619047619047616, "f1-score": 0.6060606060606061, "support": 21}, "siren": {"precision": 0.8333333333333334, "recall": 0.9375, "f1-score": 0.8823529411764706, "support": 16}, "accuracy": 0.780952380952381, "macro avg": {"precision": 0.8023809523809524, "recall": 0.7718576323102185, "f1-score": 0.768989403260503, "support": 105}, "weighted avg": {"precision": 0.8095691609977325, "recall": 0.780952380952381, "f1-score": 0.7790725391748411, "support": 105}, "classificador": "SVC"}