{"casual": {"precision": 0.6333333333333333, "recall": 0.6551724137931034, "f1-score": 0.6440677966101694, "support": 29}, "explosion": {"precision": 0.8333333333333334, "recall": 0.7692307692307693, "f1-score": 0.8, "support": 39}, "gunshot": {"precision": 0.7272727272727273, "recall": 0.7619047619047619, "f1-score": 0.7441860465116279, "support": 21}, "siren": {"precision": 0.8823529411764706, "recall": 0.9375, "f1-score": 0.9090909090909091, "support": 16}, "accuracy": 0.7619047619047619, "macro avg": {"precision": 0.7690730837789662, "recall": 0.7809519862321587, "f1-score": 0.7743361880531766, "support": 105}, "weighted avg": {"precision": 0.7643527714115949, "recall": 0.7619047619047619, "f1-score": 0.7623935964180347, "support": 105}, "classificador": "SGDClassifier"}