{"casual": {"precision": 0.6296296296296297, "recall": 0.5862068965517241, "f1-score": 0.6071428571428571, "support": 29}, "explosion": {"precision": 0.7714285714285715, "recall": 0.6923076923076923, "f1-score": 0.7297297297297296, "support": 39}, "gunshot": {"precision": 0.6086956521739131, "recall": 0.6666666666666666, "f1-score": 0.6363636363636365, "support": 21}, "siren": {"precision": 0.8, "recall": 1.0, "f1-score": 0.888888888888889, "support": 16}, "accuracy": 0.7047619047619048, "macro avg": {"precision": 0.7024384633080285, "recall": 0.7362953138815207, "f1-score": 0.715531278031278, "support": 105}, "weighted avg": {"precision": 0.704072211815483, "recall": 0.7047619047619048, "f1-score": 0.7014520085948658, "support": 105}, "classificador": "LinearDiscriminantAnalysis"}