{"casual": {"precision": 0.6428571428571429, "recall": 0.6206896551724138, "f1-score": 0.6315789473684211, "support": 29}, "explosion": {"precision": 0.8108108108108109, "recall": 0.7692307692307693, "f1-score": 0.7894736842105263, "support": 39}, "gunshot": {"precision": 0.6956521739130435, "recall": 0.7619047619047619, "f1-score": 0.7272727272727272, "support": 21}, "siren": {"precision": 0.8823529411764706, "recall": 0.9375, "f1-score": 0.9090909090909091, "support": 16}, "accuracy": 0.7523809523809524, "macro avg": {"precision": 0.757918267189367, "recall": 0.7723312965769862, "f1-score": 0.7643540669856459, "support": 105}, "weighted avg": {"precision": 0.7522935378616781, "recall": 0.7523809523809524, "f1-score": 0.7516518569150148, "support": 105}, "classificador": "SGDClassifier"}