{"casual": {"precision": 0.7419354838709677, "recall": 0.7931034482758621, "f1-score": 0.7666666666666667, "support": 29}, "explosion": {"precision": 0.9705882352941176, "recall": 0.8461538461538461, "f1-score": 0.9041095890410958, "support": 39}, "gunshot": {"precision": 0.7619047619047619, "recall": 0.7619047619047619, "f1-score": 0.7619047619047619, "support": 21}, "siren": {"precision": 0.8421052631578947, "recall": 1.0, "f1-score": 0.9142857142857143, "support": 16}, "accuracy": 0.8380952380952381, "macro avg": {"precision": 0.8291334360569355, "recall": 0.8502905140836176, "f1-score": 0.8367416829745596, "support": 105}, "weighted avg": {"precision": 0.8461214706595712, "recall": 0.8380952380952381, "f1-score": 0.8392588450905477, "support": 105}, "classificador": "KNeighborsClassifier"}