{"casual": {"precision": 0.7272727272727273, "recall": 0.8275862068965517, "f1-score": 0.7741935483870968, "support": 29}, "explosion": {"precision": 0.9459459459459459, "recall": 0.8974358974358975, "f1-score": 0.9210526315789475, "support": 39}, "gunshot": {"precision": 0.875, "recall": 0.6666666666666666, "f1-score": 0.7567567567567567, "support": 21}, "siren": {"precision": 0.8421052631578947, "recall": 1.0, "f1-score": 0.9142857142857143, "support": 16}, "accuracy": 0.8476190476190476, "macro avg": {"precision": 0.847580984094142, "recall": 0.847922192749779, "f1-score": 0.8415721627521288, "support": 105}, "weighted avg": {"precision": 0.8555379542221647, "recall": 0.8476190476190476, "f1-score": 0.8466012271930293, "support": 105}, "classificador": "SVC"}