{"casual": {"precision": 0.7307692307692307, "recall": 0.6551724137931034, "f1-score": 0.6909090909090909, "support": 29}, "explosion": {"precision": 0.9166666666666666, "recall": 0.8461538461538461, "f1-score": 0.8799999999999999, "support": 39}, "gunshot": {"precision": 0.7619047619047619, "recall": 0.7619047619047619, "f1-score": 0.7619047619047619, "support": 21}, "siren": {"precision": 0.7272727272727273, "recall": 1.0, "f1-score": 0.8421052631578948, "support": 16}, "accuracy": 0.8, "macro avg": {"precision": 0.7841533466533466, "recall": 0.8158077554629278, "f1-score": 0.7937297789929368, "support": 105}, "weighted avg": {"precision": 0.8055111555111556, "recall": 0.8, "f1-score": 0.7983814080656185, "support": 105}, "classificador": "SVC"}