{"casual": {"precision": 0.4864864864864865, "recall": 0.6206896551724138, "f1-score": 0.5454545454545455, "support": 29}, "explosion": {"precision": 0.7586206896551724, "recall": 0.5641025641025641, "f1-score": 0.6470588235294118, "support": 39}, "gunshot": {"precision": 0.6190476190476191, "recall": 0.6190476190476191, "f1-score": 0.6190476190476191, "support": 21}, "siren": {"precision": 0.8333333333333334, "recall": 0.9375, "f1-score": 0.8823529411764706, "support": 16}, "accuracy": 0.6476190476190476, "macro avg": {"precision": 0.6743720321306529, "recall": 0.6853349595806493, "f1-score": 0.6734784823020117, "support": 105}, "weighted avg": {"precision": 0.6669299841713634, "recall": 0.6476190476190476, "f1-score": 0.6492487904252612, "support": 105}, "classificador": "Perceptron"}