{"casual": {"precision": 0.5588235294117647, "recall": 0.6551724137931034, "f1-score": 0.6031746031746031, "support": 29}, "explosion": {"precision": 0.92, "recall": 0.5897435897435898, "f1-score": 0.71875, "support": 39}, "gunshot": {"precision": 0.6153846153846154, "recall": 0.7619047619047619, "f1-score": 0.6808510638297872, "support": 21}, "siren": {"precision": 0.8, "recall": 1.0, "f1-score": 0.888888888888889, "support": 16}, "accuracy": 0.7047619047619048, "macro avg": {"precision": 0.723552036199095, "recall": 0.7517051913603637, "f1-score": 0.7229161389733199, "support": 105}, "weighted avg": {"precision": 0.7410377073906486, "recall": 0.7047619047619048, "f1-score": 0.7051753148067738, "support": 105}, "classificador": "Perceptron"}