{"casual": {"precision": 0.5333333333333333, "recall": 0.5517241379310345, "f1-score": 0.5423728813559322, "support": 29}, "explosion": {"precision": 0.7142857142857143, "recall": 0.6410256410256411, "f1-score": 0.6756756756756757, "support": 39}, "gunshot": {"precision": 0.4583333333333333, "recall": 0.5238095238095238, "f1-score": 0.4888888888888889, "support": 21}, "siren": {"precision": 0.75, "recall": 0.75, "f1-score": 0.75, "support": 16}, "accuracy": 0.6095238095238096, "macro avg": {"precision": 0.6139880952380952, "recall": 0.6166398256915498, "f1-score": 0.6142343614801242, "support": 105}, "weighted avg": {"precision": 0.6185600907029479, "recall": 0.6095238095238096, "f1-score": 0.6128269674032386, "support": 105}, "classificador": "LinearDiscriminantAnalysis"}