{"casual": {"precision": 0.7142857142857143, "recall": 0.8620689655172413, "f1-score": 0.7812500000000001, "support": 29}, "explosion": {"precision": 0.918918918918919, "recall": 0.8717948717948718, "f1-score": 0.8947368421052632, "support": 39}, "gunshot": {"precision": 0.8125, "recall": 0.6190476190476191, "f1-score": 0.7027027027027026, "support": 21}, "siren": {"precision": 0.9411764705882353, "recall": 1.0, "f1-score": 0.9696969696969697, "support": 16}, "accuracy": 0.8380952380952381, "macro avg": {"precision": 0.8467202759482171, "recall": 0.838227864089933, "f1-score": 0.8370966286262339, "support": 105}, "weighted avg": {"precision": 0.844509019824146, "recall": 0.8380952380952381, "f1-score": 0.836408524895367, "support": 105}, "classificador": "KNeighborsClassifier"}