{"casual": {"precision": 0.4883720930232558, "recall": 0.7241379310344828, "f1-score": 0.5833333333333334, "support": 29}, "explosion": {"precision": 0.7727272727272727, "recall": 0.4358974358974359, "f1-score": 0.5573770491803278, "support": 39}, "gunshot": {"precision": 0.5217391304347826, "recall": 0.5714285714285714, "f1-score": 0.5454545454545454, "support": 21}, "siren": {"precision": 0.8235294117647058, "recall": 0.875, "f1-score": 0.8484848484848485, "support": 16}, "accuracy": 0.6095238095238096, "macro avg": {"precision": 0.6515919769875043, "recall": 0.6516159845901226, "f1-score": 0.6336624441132638, "support": 105}, "weighted avg": {"precision": 0.6517347301086074, "recall": 0.6095238095238096, "f1-score": 0.6065207106190713, "support": 105}, "classificador": "Perceptron"}