{"casual": {"precision": 0.7222222222222222, "recall": 0.896551724137931, "f1-score": 0.7999999999999999, "support": 29}, "explosion": {"precision": 0.9722222222222222, "recall": 0.8974358974358975, "f1-score": 0.9333333333333333, "support": 39}, "gunshot": {"precision": 0.9375, "recall": 0.7142857142857143, "f1-score": 0.8108108108108109, "support": 21}, "siren": {"precision": 0.8823529411764706, "recall": 0.9375, "f1-score": 0.9090909090909091, "support": 16}, "accuracy": 0.8666666666666667, "macro avg": {"precision": 0.8785743464052288, "recall": 0.8614433339648857, "f1-score": 0.8633087633087634, "support": 105}, "weighted avg": {"precision": 0.8825357920946157, "recall": 0.8666666666666667, "f1-score": 0.8683093483093484, "support": 105}, "classificador": "KNeighborsClassifier"}