{"casual": {"precision": 0.6857142857142857, "recall": 0.8275862068965517, "f1-score": 0.75, "support": 29}, "explosion": {"precision": 0.9375, "recall": 0.7692307692307693, "f1-score": 0.8450704225352113, "support": 39}, "gunshot": {"precision": 0.8888888888888888, "recall": 0.7619047619047619, "f1-score": 0.8205128205128205, "support": 21}, "siren": {"precision": 0.8, "recall": 1.0, "f1-score": 0.888888888888889, "support": 16}, "accuracy": 0.819047619047619, "macro avg": {"precision": 0.8280257936507935, "recall": 0.8396804345080207, "f1-score": 0.8261180329842301, "support": 105}, "weighted avg": {"precision": 0.8372845804988662, "recall": 0.819047619047619, "f1-score": 0.8205784564939496, "support": 105}, "classificador": "SGDClassifier"}