{"casual": {"precision": 0.75, "recall": 0.8275862068965517, "f1-score": 0.7868852459016394, "support": 29}, "explosion": {"precision": 0.925, "recall": 0.9487179487179487, "f1-score": 0.9367088607594937, "support": 39}, "gunshot": {"precision": 0.9375, "recall": 0.7142857142857143, "f1-score": 0.8108108108108109, "support": 21}, "siren": {"precision": 0.8823529411764706, "recall": 0.9375, "f1-score": 0.9090909090909091, "support": 16}, "accuracy": 0.8666666666666667, "macro avg": {"precision": 0.8737132352941176, "recall": 0.8570224674750537, "f1-score": 0.8608739566407133, "support": 105}, "weighted avg": {"precision": 0.8726680672268907, "recall": 0.8666666666666667, "f1-score": 0.8659409454595178, "support": 105}, "classificador": "KNeighborsClassifier"}