{"casual": {"precision": 0.425, "recall": 0.5862068965517241, "f1-score": 0.4927536231884058, "support": 29}, "explosion": {"precision": 0.8, "recall": 0.717948717948718, "f1-score": 0.7567567567567569, "support": 39}, "gunshot": {"precision": 0.8333333333333334, "recall": 0.23809523809523808, "f1-score": 0.37037037037037035, "support": 21}, "siren": {"precision": 0.625, "recall": 0.9375, "f1-score": 0.75, "support": 16}, "accuracy": 0.6190476190476191, "macro avg": {"precision": 0.6708333333333334, "recall": 0.6199377131489201, "f1-score": 0.5924701875788833, "support": 105}, "weighted avg": {"precision": 0.6764285714285715, "recall": 0.6190476190476191, "f1-score": 0.6055347272738578, "support": 105}, "classificador": "LinearSVC"}