{"casual": {"precision": 0.36363636363636365, "recall": 0.6896551724137931, "f1-score": 0.47619047619047616, "support": 29}, "explosion": {"precision": 0.6585365853658537, "recall": 0.6923076923076923, "f1-score": 0.675, "support": 39}, "gunshot": {"precision": 0.0, "recall": 0.0, "f1-score": 0.0, "support": 21}, "siren": {"precision": 0.7777777777777778, "recall": 0.4375, "f1-score": 0.56, "support": 16}, "accuracy": 0.5142857142857142, "macro avg": {"precision": 0.4499876816949988, "recall": 0.45486571618037136, "f1-score": 0.42779761904761904, "support": 105}, "weighted avg": {"precision": 0.4635507220873074, "recall": 0.5142857142857142, "f1-score": 0.46756689342403635, "support": 105}, "classificador": "SGDClassifier"}