{"casual": {"precision": 0.3902439024390244, "recall": 0.5517241379310345, "f1-score": 0.4571428571428572, "support": 29}, "explosion": {"precision": 0.6, "recall": 0.6153846153846154, "f1-score": 0.6075949367088608, "support": 39}, "gunshot": {"precision": 0.8, "recall": 0.19047619047619047, "f1-score": 0.3076923076923077, "support": 21}, "siren": {"precision": 0.7894736842105263, "recall": 0.9375, "f1-score": 0.8571428571428572, "support": 16}, "accuracy": 0.5619047619047619, "macro avg": {"precision": 0.6449293966623877, "recall": 0.5737712359479601, "f1-score": 0.5573932396717207, "support": 105}, "weighted avg": {"precision": 0.610939543981906, "recall": 0.5619047619047619, "f1-score": 0.5440873291867867, "support": 105}, "classificador": "LinearSVC"}