{"casual": {"precision": 0.42105263157894735, "recall": 0.5517241379310345, "f1-score": 0.47761194029850745, "support": 29}, "explosion": {"precision": 0.7931034482758621, "recall": 0.5897435897435898, "f1-score": 0.676470588235294, "support": 39}, "gunshot": {"precision": 0.625, "recall": 0.23809523809523808, "f1-score": 0.3448275862068965, "support": 21}, "siren": {"precision": 0.43333333333333335, "recall": 0.8125, "f1-score": 0.5652173913043479, "support": 16}, "accuracy": 0.5428571428571428, "macro avg": {"precision": 0.5681223532970356, "recall": 0.5480157414424656, "f1-score": 0.5160318765112615, "support": 105}, "weighted avg": {"precision": 0.601903753636966, "recall": 0.5428571428571428, "f1-score": 0.538266255057596, "support": 105}, "classificador": "LinearSVC"}