{"casual": {"precision": 0.3870967741935484, "recall": 0.8275862068965517, "f1-score": 0.5274725274725275, "support": 29}, "explosion": {"precision": 0.84, "recall": 0.5384615384615384, "f1-score": 0.6562499999999999, "support": 39}, "gunshot": {"precision": 0.3333333333333333, "recall": 0.09523809523809523, "f1-score": 0.14814814814814814, "support": 21}, "siren": {"precision": 0.6666666666666666, "recall": 0.5, "f1-score": 0.5714285714285715, "support": 16}, "accuracy": 0.5238095238095238, "macro avg": {"precision": 0.5567741935483871, "recall": 0.4903214601490463, "f1-score": 0.47582481176231173, "support": 105}, "weighted avg": {"precision": 0.5871664106502816, "recall": 0.5238095238095238, "f1-score": 0.5061373481016338, "support": 105}, "classificador": "BaggingClassifier"}