{"casual": {"precision": 0.3829787234042553, "recall": 0.6206896551724138, "f1-score": 0.47368421052631576, "support": 29}, "explosion": {"precision": 0.5882352941176471, "recall": 0.5128205128205128, "f1-score": 0.547945205479452, "support": 39}, "gunshot": {"precision": 1.0, "recall": 0.09523809523809523, "f1-score": 0.17391304347826084, "support": 21}, "siren": {"precision": 0.7272727272727273, "recall": 1.0, "f1-score": 0.8421052631578948, "support": 16}, "accuracy": 0.5333333333333333, "macro avg": {"precision": 0.6746216861986574, "recall": 0.5571870658077555, "f1-score": 0.5094119306604808, "support": 105}, "weighted avg": {"precision": 0.6350849817683359, "recall": 0.5333333333333333, "f1-score": 0.4974529832622055, "support": 105}, "classificador": "Perceptron"}