{"casual": {"precision": 0.32894736842105265, "recall": 0.8620689655172413, "f1-score": 0.4761904761904762, "support": 29}, "explosion": {"precision": 0.9333333333333333, "recall": 0.358974358974359, "f1-score": 0.5185185185185185, "support": 39}, "gunshot": {"precision": 1.0, "recall": 0.047619047619047616, "f1-score": 0.0909090909090909, "support": 21}, "siren": {"precision": 0.5384615384615384, "recall": 0.4375, "f1-score": 0.4827586206896552, "support": 16}, "accuracy": 0.44761904761904764, "macro avg": {"precision": 0.700185560053981, "recall": 0.426540593027662, "f1-score": 0.3920941765769352, "support": 105}, "weighted avg": {"precision": 0.7195700790437632, "recall": 0.44761904761904764, "f1-score": 0.41585690354163257, "support": 105}, "classificador": "BaggingClassifier"}