{"casual": {"precision": 0.43478260869565216, "recall": 0.6896551724137931, "f1-score": 0.5333333333333333, "support": 29}, "explosion": {"precision": 0.6744186046511628, "recall": 0.7435897435897436, "f1-score": 0.7073170731707318, "support": 39}, "gunshot": {"precision": 0.0, "recall": 0.0, "f1-score": 0.0, "support": 21}, "siren": {"precision": 0.75, "recall": 0.75, "f1-score": 0.75, "support": 16}, "accuracy": 0.580952380952381, "macro avg": {"precision": 0.46480030333670375, "recall": 0.5458112290008842, "f1-score": 0.4976626016260163, "support": 105}, "weighted avg": {"precision": 0.4848668688911358, "recall": 0.580952380952381, "f1-score": 0.5243050716221448, "support": 105}, "classificador": "SGDClassifier"}