{"casual": {"precision": 0.359375, "recall": 0.7931034482758621, "f1-score": 0.4946236559139785, "support": 29}, "explosion": {"precision": 0.84, "recall": 0.5384615384615384, "f1-score": 0.6562499999999999, "support": 39}, "gunshot": {"precision": 0.25, "recall": 0.047619047619047616, "f1-score": 0.08, "support": 21}, "siren": {"precision": 0.6666666666666666, "recall": 0.5, "f1-score": 0.5714285714285715, "support": 16}, "accuracy": 0.5047619047619047, "macro avg": {"precision": 0.5290104166666666, "recall": 0.469796008589112, "f1-score": 0.45057555683563755, "support": 105}, "weighted avg": {"precision": 0.562843253968254, "recall": 0.5047619047619047, "f1-score": 0.4834351729939288, "support": 105}, "classificador": "BaggingClassifier"}