{"casual": {"precision": 0.5714285714285714, "recall": 0.6896551724137931, "f1-score": 0.625, "support": 29}, "explosion": {"precision": 0.8461538461538461, "recall": 0.5641025641025641, "f1-score": 0.676923076923077, "support": 39}, "gunshot": {"precision": 0.7272727272727273, "recall": 0.7619047619047619, "f1-score": 0.7441860465116279, "support": 21}, "siren": {"precision": 0.6818181818181818, "recall": 0.9375, "f1-score": 0.7894736842105263, "support": 16}, "accuracy": 0.6952380952380952, "macro avg": {"precision": 0.7066683316683315, "recall": 0.7382906246052798, "f1-score": 0.7088957019113078, "support": 105}, "weighted avg": {"precision": 0.7214594928880642, "recall": 0.6952380952380952, "f1-score": 0.6931855802296439, "support": 105}, "classificador": "Perceptron"}