{"casual": {"precision": 0.68, "recall": 0.5862068965517241, "f1-score": 0.6296296296296295, "support": 29}, "explosion": {"precision": 0.9142857142857143, "recall": 0.8205128205128205, "f1-score": 0.8648648648648648, "support": 39}, "gunshot": {"precision": 0.6521739130434783, "recall": 0.7142857142857143, "f1-score": 0.6818181818181819, "support": 21}, "siren": {"precision": 0.6818181818181818, "recall": 0.9375, "f1-score": 0.7894736842105263, "support": 16}, "accuracy": 0.7523809523809524, "macro avg": {"precision": 0.7320694522868436, "recall": 0.7646263578375647, "f1-score": 0.7414465901308007, "support": 105}, "weighted avg": {"precision": 0.7617322470490172, "recall": 0.7523809523809524, "f1-score": 0.7517976167098973, "support": 105}, "classificador": "SVC"}