{"casual": {"precision": 0.5625, "recall": 0.6206896551724138, "f1-score": 0.5901639344262296, "support": 29}, "explosion": {"precision": 0.8285714285714286, "recall": 0.7435897435897436, "f1-score": 0.7837837837837838, "support": 39}, "gunshot": {"precision": 0.8333333333333334, "recall": 0.7142857142857143, "f1-score": 0.7692307692307692, "support": 21}, "siren": {"precision": 0.75, "recall": 0.9375, "f1-score": 0.8333333333333334, "support": 16}, "accuracy": 0.7333333333333333, "macro avg": {"precision": 0.7436011904761906, "recall": 0.7540162782619679, "f1-score": 0.744127955193529, "support": 105}, "weighted avg": {"precision": 0.7440646258503402, "recall": 0.7333333333333333, "f1-score": 0.7349476300295973, "support": 105}, "classificador": "SGDClassifier"}