{"casual": {"precision": 0.5666666666666667, "recall": 0.5862068965517241, "f1-score": 0.576271186440678, "support": 29}, "explosion": {"precision": 0.8333333333333334, "recall": 0.7692307692307693, "f1-score": 0.8, "support": 39}, "gunshot": {"precision": 0.7894736842105263, "recall": 0.7142857142857143, "f1-score": 0.7500000000000001, "support": 21}, "siren": {"precision": 0.75, "recall": 0.9375, "f1-score": 0.8333333333333334, "support": 16}, "accuracy": 0.7333333333333333, "macro avg": {"precision": 0.7348684210526315, "recall": 0.7518058450170519, "f1-score": 0.7399011299435029, "support": 105}, "weighted avg": {"precision": 0.7382121971595657, "recall": 0.7333333333333333, "f1-score": 0.7332875975248857, "support": 105}, "classificador": "SGDClassifier"}