{"casual": {"precision": 0.6097560975609756, "recall": 0.8620689655172413, "f1-score": 0.7142857142857144, "support": 29}, "explosion": {"precision": 0.9310344827586207, "recall": 0.6923076923076923, "f1-score": 0.7941176470588235, "support": 39}, "gunshot": {"precision": 0.8823529411764706, "recall": 0.7142857142857143, "f1-score": 0.7894736842105262, "support": 21}, "siren": {"precision": 0.8333333333333334, "recall": 0.9375, "f1-score": 0.8823529411764706, "support": 16}, "accuracy": 0.780952380952381, "macro avg": {"precision": 0.8141192137073501, "recall": 0.801540593027662, "f1-score": 0.7950574966828836, "support": 105}, "weighted avg": {"precision": 0.8176763500466068, "recall": 0.780952380952381, "f1-score": 0.7845854131126134, "support": 105}, "classificador": "SGDClassifier"}