{"casual": {"precision": 0.65625, "recall": 0.7241379310344828, "f1-score": 0.6885245901639345, "support": 29}, "explosion": {"precision": 0.8378378378378378, "recall": 0.7948717948717948, "f1-score": 0.8157894736842105, "support": 39}, "gunshot": {"precision": 0.8421052631578947, "recall": 0.7619047619047619, "f1-score": 0.8, "support": 21}, "siren": {"precision": 0.8823529411764706, "recall": 0.9375, "f1-score": 0.9090909090909091, "support": 16}, "accuracy": 0.7904761904761904, "macro avg": {"precision": 0.8046365105430507, "recall": 0.8046036219527599, "f1-score": 0.8033512432347636, "support": 105}, "weighted avg": {"precision": 0.7953217453410952, "recall": 0.7904761904761904, "f1-score": 0.7916995917513605, "support": 105}, "classificador": "LinearDiscriminantAnalysis"}