{"casual": {"precision": 0.8064516129032258, "recall": 0.8620689655172413, "f1-score": 0.8333333333333334, "support": 29}, "explosion": {"precision": 0.9722222222222222, "recall": 0.8974358974358975, "f1-score": 0.9333333333333333, "support": 39}, "gunshot": {"precision": 0.8947368421052632, "recall": 0.8095238095238095, "f1-score": 0.8500000000000001, "support": 21}, "siren": {"precision": 0.8421052631578947, "recall": 1.0, "f1-score": 0.9142857142857143, "support": 16}, "accuracy": 0.8857142857142857, "macro avg": {"precision": 0.8788789850971515, "recall": 0.892257168119237, "f1-score": 0.8827380952380952, "support": 105}, "weighted avg": {"precision": 0.8911135365294958, "recall": 0.8857142857142857, "f1-score": 0.8861451247165533, "support": 105}, "classificador": "SVC", "mediaTempoClassificacaoCadaAudio": 0.05099750246320452, "desvioTempoClassificacaoCadaAudio": 0.038723940394089156}