{"casual": {"precision": 0.7575757575757576, "recall": 0.8620689655172413, "f1-score": 0.8064516129032258, "support": 29}, "explosion": {"precision": 0.9714285714285714, "recall": 0.8717948717948718, "f1-score": 0.9189189189189189, "support": 39}, "gunshot": {"precision": 0.8823529411764706, "recall": 0.7142857142857143, "f1-score": 0.7894736842105262, "support": 21}, "siren": {"precision": 0.8, "recall": 1.0, "f1-score": 0.888888888888889, "support": 16}, "accuracy": 0.8571428571428571, "macro avg": {"precision": 0.8528393175451998, "recall": 0.8620373878994568, "f1-score": 0.85093327623039, "support": 105}, "weighted avg": {"precision": 0.8684268859058775, "recall": 0.8571428571428571, "f1-score": 0.8573914685969016, "support": 105}, "classificador": "SVC", "mediaTempoClassificacaoCadaAudio": 0.05123236519949777, "desvioTempoClassificacaoCadaAudio": 0.038938566973696936}