{"casual": {"precision": 0.5142857142857142, "recall": 0.6206896551724138, "f1-score": 0.5625, "support": 29}, "explosion": {"precision": 0.6206896551724138, "recall": 0.46153846153846156, "f1-score": 0.5294117647058824, "support": 39}, "gunshot": {"precision": 0.5, "recall": 0.6190476190476191, "f1-score": 0.5531914893617021, "support": 21}, "siren": {"precision": 0.8, "recall": 0.75, "f1-score": 0.7741935483870969, "support": 16}, "accuracy": 0.580952380952381, "macro avg": {"precision": 0.6087438423645319, "recall": 0.6128189339396236, "f1-score": 0.6048242006136704, "support": 105}, "weighted avg": {"precision": 0.5944874501524747, "recall": 0.580952380952381, "f1-score": 0.5806064464220829, "support": 105}, "classificador": "LinearSVC"}