{"casual": {"precision": 0.5, "recall": 0.6551724137931034, "f1-score": 0.5671641791044776, "support": 29}, "explosion": {"precision": 0.6666666666666666, "recall": 0.358974358974359, "f1-score": 0.4666666666666667, "support": 39}, "gunshot": {"precision": 0.3870967741935484, "recall": 0.5714285714285714, "f1-score": 0.4615384615384615, "support": 21}, "siren": {"precision": 0.7333333333333333, "recall": 0.6875, "f1-score": 0.7096774193548386, "support": 16}, "accuracy": 0.5333333333333333, "macro avg": {"precision": 0.5717741935483871, "recall": 0.5682688360490085, "f1-score": 0.5512616816661111, "support": 105}, "weighted avg": {"precision": 0.5748796722990271, "recall": 0.5333333333333333, "f1-score": 0.5304276913906187, "support": 105}, "classificador": "Perceptron"}