{"casual": {"precision": 0.4117647058823529, "recall": 0.7241379310344828, "f1-score": 0.525, "support": 29}, "explosion": {"precision": 0.6428571428571429, "recall": 0.46153846153846156, "f1-score": 0.537313432835821, "support": 39}, "gunshot": {"precision": 0.7692307692307693, "recall": 0.47619047619047616, "f1-score": 0.588235294117647, "support": 21}, "siren": {"precision": 0.7692307692307693, "recall": 0.625, "f1-score": 0.6896551724137931, "support": 16}, "accuracy": 0.5619047619047619, "macro avg": {"precision": 0.6482708468002586, "recall": 0.5717167171908552, "f1-score": 0.5850509748418153, "support": 105}, "weighted avg": {"precision": 0.6235632714624312, "recall": 0.5619047619047619, "f1-score": 0.5673109315779837, "support": 105}, "classificador": "LinearDiscriminantAnalysis"}