{"casual": {"precision": 0.4166666666666667, "recall": 0.6896551724137931, "f1-score": 0.5194805194805195, "support": 29}, "explosion": {"precision": 0.8378378378378378, "recall": 0.7948717948717948, "f1-score": 0.8157894736842105, "support": 39}, "gunshot": {"precision": 0.75, "recall": 0.14285714285714285, "f1-score": 0.24, "support": 21}, "siren": {"precision": 0.8125, "recall": 0.8125, "f1-score": 0.8125, "support": 16}, "accuracy": 0.638095238095238, "macro avg": {"precision": 0.7042511261261262, "recall": 0.6099710275356827, "f1-score": 0.5969424982911825, "support": 105}, "weighted avg": {"precision": 0.7000858000858002, "recall": 0.638095238095238, "f1-score": 0.6182926146535169, "support": 105}, "classificador": "LinearDiscriminantAnalysis"}