{"casual": {"precision": 0.5263157894736842, "recall": 0.6896551724137931, "f1-score": 0.5970149253731344, "support": 29}, "explosion": {"precision": 0.42857142857142855, "recall": 0.3076923076923077, "f1-score": 0.3582089552238806, "support": 39}, "gunshot": {"precision": 0.2, "recall": 0.23809523809523808, "f1-score": 0.21739130434782608, "support": 21}, "siren": {"precision": 0.9285714285714286, "recall": 0.8125, "f1-score": 0.8666666666666666, "support": 16}, "accuracy": 0.47619047619047616, "macro avg": {"precision": 0.5208646616541353, "recall": 0.5119856795503348, "f1-score": 0.509820462902877, "support": 105}, "weighted avg": {"precision": 0.48604368063014675, "recall": 0.47619047619047616, "f1-score": 0.47348062997641194, "support": 105}, "classificador": "LinearSVC"}