{"casual": {"precision": 0.6176470588235294, "recall": 0.7241379310344828, "f1-score": 0.6666666666666667, "support": 29}, "explosion": {"precision": 0.8, "recall": 0.717948717948718, "f1-score": 0.7567567567567569, "support": 39}, "gunshot": {"precision": 0.5625, "recall": 0.42857142857142855, "f1-score": 0.4864864864864864, "support": 21}, "siren": {"precision": 0.75, "recall": 0.9375, "f1-score": 0.8333333333333334, "support": 16}, "accuracy": 0.6952380952380952, "macro avg": {"precision": 0.6825367647058824, "recall": 0.7020395193886573, "f1-score": 0.6858108108108109, "support": 105}, "weighted avg": {"precision": 0.6945168067226892, "recall": 0.6952380952380952, "f1-score": 0.6894894894894895, "support": 105}, "classificador": "SVC"}