{"casual": {"precision": 0.43137254901960786, "recall": 0.7586206896551724, "f1-score": 0.55, "support": 29}, "explosion": {"precision": 0.48, "recall": 0.3076923076923077, "f1-score": 0.37500000000000006, "support": 39}, "gunshot": {"precision": 0.25, "recall": 0.14285714285714285, "f1-score": 0.18181818181818182, "support": 21}, "siren": {"precision": 0.7647058823529411, "recall": 0.8125, "f1-score": 0.787878787878788, "support": 16}, "accuracy": 0.47619047619047616, "macro avg": {"precision": 0.48151960784313724, "recall": 0.5054175350511557, "f1-score": 0.4736742424242425, "support": 105}, "weighted avg": {"precision": 0.463953314659197, "recall": 0.47619047619047616, "f1-score": 0.4476118326118327, "support": 105}, "classificador": "LinearDiscriminantAnalysis"}