{"casual": {"precision": 0.3728813559322034, "recall": 0.7586206896551724, "f1-score": 0.4999999999999999, "support": 29}, "explosion": {"precision": 0.6774193548387096, "recall": 0.5384615384615384, "f1-score": 0.6, "support": 39}, "gunshot": {"precision": 1.0, "recall": 0.09523809523809523, "f1-score": 0.17391304347826084, "support": 21}, "siren": {"precision": 0.6923076923076923, "recall": 0.5625, "f1-score": 0.6206896551724138, "support": 16}, "accuracy": 0.5142857142857142, "macro avg": {"precision": 0.6856521007696514, "recall": 0.48870508083870157, "f1-score": 0.47365067466266864, "support": 105}, "weighted avg": {"precision": 0.6600936879777777, "recall": 0.5142857142857142, "f1-score": 0.49031627043621034, "support": 105}, "classificador": "BaggingClassifier"}