{"casual": {"precision": 0.5, "recall": 0.5517241379310345, "f1-score": 0.5245901639344263, "support": 29}, "explosion": {"precision": 0.62, "recall": 0.7948717948717948, "f1-score": 0.6966292134831461, "support": 39}, "gunshot": {"precision": 0.8, "recall": 0.19047619047619047, "f1-score": 0.3076923076923077, "support": 21}, "siren": {"precision": 0.7777777777777778, "recall": 0.875, "f1-score": 0.823529411764706, "support": 16}, "accuracy": 0.6190476190476191, "macro avg": {"precision": 0.6744444444444445, "recall": 0.603018030819755, "f1-score": 0.5881102742186465, "support": 105}, "weighted avg": {"precision": 0.646899470899471, "recall": 0.6190476190476191, "f1-score": 0.5906634583782363, "support": 105}, "classificador": "Perceptron"}