{"casual": {"precision": 0.6666666666666666, "recall": 0.8275862068965517, "f1-score": 0.7384615384615385, "support": 29}, "explosion": {"precision": 0.9166666666666666, "recall": 0.8461538461538461, "f1-score": 0.8799999999999999, "support": 39}, "gunshot": {"precision": 0.9411764705882353, "recall": 0.7619047619047619, "f1-score": 0.8421052631578947, "support": 21}, "siren": {"precision": 0.875, "recall": 0.875, "f1-score": 0.875, "support": 16}, "accuracy": 0.8285714285714286, "macro avg": {"precision": 0.8498774509803921, "recall": 0.8276612037387899, "f1-score": 0.8338917004048583, "support": 105}, "weighted avg": {"precision": 0.846171802054155, "recall": 0.8285714285714286, "f1-score": 0.832567572778099, "support": 105}, "classificador": "Perceptron"}