{"casual": {"precision": 0.6486486486486487, "recall": 0.8275862068965517, "f1-score": 0.7272727272727273, "support": 29}, "explosion": {"precision": 0.9696969696969697, "recall": 0.8205128205128205, "f1-score": 0.8888888888888888, "support": 39}, "gunshot": {"precision": 0.8333333333333334, "recall": 0.7142857142857143, "f1-score": 0.7692307692307692, "support": 21}, "siren": {"precision": 0.8823529411764706, "recall": 0.9375, "f1-score": 0.9090909090909091, "support": 16}, "accuracy": 0.819047619047619, "macro avg": {"precision": 0.8335079732138556, "recall": 0.8249711854237717, "f1-score": 0.8236208236208236, "support": 105}, "weighted avg": {"precision": 0.840444187503011, "recall": 0.819047619047619, "f1-score": 0.8233988233988234, "support": 105}, "classificador": "KNeighborsClassifier"}