{"casual": {"precision": 0.45454545454545453, "recall": 0.6896551724137931, "f1-score": 0.547945205479452, "support": 29}, "explosion": {"precision": 0.8125, "recall": 0.6666666666666666, "f1-score": 0.7323943661971831, "support": 39}, "gunshot": {"precision": 0.9090909090909091, "recall": 0.47619047619047616, "f1-score": 0.6249999999999999, "support": 21}, "siren": {"precision": 0.7777777777777778, "recall": 0.875, "f1-score": 0.823529411764706, "support": 16}, "accuracy": 0.6666666666666666, "macro avg": {"precision": 0.7384785353535354, "recall": 0.676878078817734, "f1-score": 0.6822172458603353, "support": 105}, "weighted avg": {"precision": 0.7276635401635401, "recall": 0.6666666666666666, "f1-score": 0.6738596364650433, "support": 105}, "classificador": "LinearDiscriminantAnalysis"}