{"casual": {"precision": 0.6486486486486487, "recall": 0.8275862068965517, "f1-score": 0.7272727272727273, "support": 29}, "explosion": {"precision": 0.9117647058823529, "recall": 0.7948717948717948, "f1-score": 0.8493150684931507, "support": 39}, "gunshot": {"precision": 0.8888888888888888, "recall": 0.7619047619047619, "f1-score": 0.8205128205128205, "support": 21}, "siren": {"precision": 0.875, "recall": 0.875, "f1-score": 0.875, "support": 16}, "accuracy": 0.8095238095238095, "macro avg": {"precision": 0.8310755608549726, "recall": 0.814840690918277, "f1-score": 0.8180251540696746, "support": 105}, "weighted avg": {"precision": 0.8289171524465642, "recall": 0.8095238095238095, "f1-score": 0.8137615808848685, "support": 105}, "classificador": "Perceptron"}