{"casual": {"precision": 0.5277777777777778, "recall": 0.6551724137931034, "f1-score": 0.5846153846153845, "support": 29}, "explosion": {"precision": 0.9259259259259259, "recall": 0.6410256410256411, "f1-score": 0.7575757575757577, "support": 39}, "gunshot": {"precision": 0.8, "recall": 0.7619047619047619, "f1-score": 0.7804878048780488, "support": 21}, "siren": {"precision": 0.7272727272727273, "recall": 1.0, "f1-score": 0.8421052631578948, "support": 16}, "accuracy": 0.7238095238095238, "macro avg": {"precision": 0.7452441077441079, "recall": 0.7645257041808766, "f1-score": 0.7411960525567713, "support": 105}, "weighted avg": {"precision": 0.7605050505050506, "recall": 0.7238095238095238, "f1-score": 0.7272688458311052, "support": 105}, "classificador": "Perceptron"}