{"casual": {"precision": 0.6578947368421053, "recall": 0.8620689655172413, "f1-score": 0.746268656716418, "support": 29}, "explosion": {"precision": 0.9428571428571428, "recall": 0.8461538461538461, "f1-score": 0.8918918918918919, "support": 39}, "gunshot": {"precision": 0.9333333333333333, "recall": 0.6666666666666666, "f1-score": 0.7777777777777778, "support": 21}, "siren": {"precision": 0.8823529411764706, "recall": 0.9375, "f1-score": 0.9090909090909091, "support": 16}, "accuracy": 0.8285714285714286, "macro avg": {"precision": 0.854109538552263, "recall": 0.8280973695844385, "f1-score": 0.8312573088692492, "support": 105}, "weighted avg": {"precision": 0.8530287904635541, "recall": 0.8285714285714286, "f1-score": 0.8314701210223598, "support": 105}, "classificador": "SGDClassifier"}