{"casual": {"precision": 0.48936170212765956, "recall": 0.7931034482758621, "f1-score": 0.6052631578947368, "support": 29}, "explosion": {"precision": 0.8666666666666667, "recall": 0.6666666666666666, "f1-score": 0.7536231884057971, "support": 39}, "gunshot": {"precision": 0.9, "recall": 0.42857142857142855, "f1-score": 0.5806451612903225, "support": 21}, "siren": {"precision": 0.7777777777777778, "recall": 0.875, "f1-score": 0.823529411764706, "support": 16}, "accuracy": 0.6857142857142857, "macro avg": {"precision": 0.758451536643026, "recall": 0.6908353858784892, "f1-score": 0.6907652298388907, "support": 105}, "weighted avg": {"precision": 0.7555803219633007, "recall": 0.6857142857142857, "f1-score": 0.6887043324010049, "support": 105}, "classificador": "LinearDiscriminantAnalysis"}