{"casual": {"precision": 0.7419354838709677, "recall": 0.7931034482758621, "f1-score": 0.7666666666666667, "support": 29}, "explosion": {"precision": 0.9210526315789473, "recall": 0.8974358974358975, "f1-score": 0.9090909090909091, "support": 39}, "gunshot": {"precision": 0.8421052631578947, "recall": 0.7619047619047619, "f1-score": 0.8, "support": 21}, "siren": {"precision": 0.8823529411764706, "recall": 0.9375, "f1-score": 0.9090909090909091, "support": 16}, "accuracy": 0.8476190476190476, "macro avg": {"precision": 0.84686157994607, "recall": 0.8474860269041303, "f1-score": 0.8462121212121212, "support": 105}, "weighted avg": {"precision": 0.8498956118950126, "recall": 0.8476190476190476, "f1-score": 0.8479365079365079, "support": 105}, "classificador": "SVC"}