{"casual": {"precision": 0.5517241379310345, "recall": 0.5517241379310345, "f1-score": 0.5517241379310345, "support": 29}, "explosion": {"precision": 0.7714285714285715, "recall": 0.6923076923076923, "f1-score": 0.7297297297297296, "support": 39}, "gunshot": {"precision": 0.5833333333333334, "recall": 0.6666666666666666, "f1-score": 0.6222222222222222, "support": 21}, "siren": {"precision": 0.8235294117647058, "recall": 0.875, "f1-score": 0.8484848484848485, "support": 16}, "accuracy": 0.6761904761904762, "macro avg": {"precision": 0.6825038636144114, "recall": 0.6964246242263483, "f1-score": 0.6880402345919587, "support": 105}, "weighted avg": {"precision": 0.6810684273709484, "recall": 0.6761904761904762, "f1-score": 0.6771607971607971, "support": 105}, "classificador": "Perceptron"}