{"casual": {"precision": 0.6111111111111112, "recall": 0.7586206896551724, "f1-score": 0.676923076923077, "support": 29}, "explosion": {"precision": 0.7777777777777778, "recall": 0.717948717948718, "f1-score": 0.7466666666666666, "support": 39}, "gunshot": {"precision": 0.7647058823529411, "recall": 0.6190476190476191, "f1-score": 0.6842105263157895, "support": 21}, "siren": {"precision": 0.875, "recall": 0.875, "f1-score": 0.875, "support": 16}, "accuracy": 0.7333333333333333, "macro avg": {"precision": 0.7571486928104575, "recall": 0.7426542566628773, "f1-score": 0.7457000674763833, "support": 105}, "weighted avg": {"precision": 0.7439464674758793, "recall": 0.7333333333333333, "f1-score": 0.7344684788895316, "support": 105}, "classificador": "SVC"}