{"casual": {"precision": 0.4878048780487805, "recall": 0.6896551724137931, "f1-score": 0.5714285714285714, "support": 29}, "explosion": {"precision": 0.7586206896551724, "recall": 0.5641025641025641, "f1-score": 0.6470588235294118, "support": 39}, "gunshot": {"precision": 0.5555555555555556, "recall": 0.47619047619047616, "f1-score": 0.5128205128205129, "support": 21}, "siren": {"precision": 0.7647058823529411, "recall": 0.8125, "f1-score": 0.787878787878788, "support": 16}, "accuracy": 0.6190476190476191, "macro avg": {"precision": 0.6416717514031124, "recall": 0.6356120531767083, "f1-score": 0.629796673914321, "support": 105}, "weighted avg": {"precision": 0.644138182326477, "recall": 0.6190476190476191, "f1-score": 0.6207810863273049, "support": 105}, "classificador": "LinearDiscriminantAnalysis"}