{"casual": {"precision": 0.5384615384615384, "recall": 0.7241379310344828, "f1-score": 0.6176470588235294, "support": 29}, "explosion": {"precision": 0.8461538461538461, "recall": 0.8461538461538461, "f1-score": 0.8461538461538461, "support": 39}, "gunshot": {"precision": 1.0, "recall": 0.47619047619047616, "f1-score": 0.6451612903225806, "support": 21}, "siren": {"precision": 0.8235294117647058, "recall": 0.875, "f1-score": 0.8484848484848485, "support": 16}, "accuracy": 0.7428571428571429, "macro avg": {"precision": 0.8020361990950227, "recall": 0.7303705633447013, "f1-score": 0.7393617609462012, "support": 105}, "weighted avg": {"precision": 0.7884938590820944, "recall": 0.7428571428571429, "f1-score": 0.7431991369372775, "support": 105}, "classificador": "BaggingClassifier"}