{"casual": {"precision": 0.6285714285714286, "recall": 0.7586206896551724, "f1-score": 0.6875, "support": 29}, "explosion": {"precision": 0.8823529411764706, "recall": 0.7692307692307693, "f1-score": 0.8219178082191781, "support": 39}, "gunshot": {"precision": 0.8235294117647058, "recall": 0.6666666666666666, "f1-score": 0.7368421052631577, "support": 21}, "siren": {"precision": 0.7894736842105263, "recall": 0.9375, "f1-score": 0.8571428571428572, "support": 16}, "accuracy": 0.7714285714285715, "macro avg": {"precision": 0.7809818664307828, "recall": 0.7830045313881521, "f1-score": 0.7758506926562984, "support": 105}, "weighted avg": {"precision": 0.7863431688464859, "recall": 0.7714285714285715, "f1-score": 0.7731453756700949, "support": 105}, "classificador": "SVC"}