{"casual": {"precision": 0.5161290322580645, "recall": 0.5517241379310345, "f1-score": 0.5333333333333333, "support": 29}, "explosion": {"precision": 0.6666666666666666, "recall": 0.46153846153846156, "f1-score": 0.5454545454545455, "support": 39}, "gunshot": {"precision": 0.5, "recall": 0.5714285714285714, "f1-score": 0.5333333333333333, "support": 21}, "siren": {"precision": 0.6521739130434783, "recall": 0.9375, "f1-score": 0.7692307692307693, "support": 16}, "accuracy": 0.580952380952381, "macro avg": {"precision": 0.5837424029920524, "recall": 0.6305477927245169, "f1-score": 0.5953379953379954, "support": 105}, "weighted avg": {"precision": 0.5895478528017097, "recall": 0.580952380952381, "f1-score": 0.5737817737817738, "support": 105}, "classificador": "Perceptron"}