{"casual": {"precision": 0.6388888888888888, "recall": 0.7931034482758621, "f1-score": 0.7076923076923076, "support": 29}, "explosion": {"precision": 1.0, "recall": 0.6153846153846154, "f1-score": 0.761904761904762, "support": 39}, "gunshot": {"precision": 0.4838709677419355, "recall": 0.7142857142857143, "f1-score": 0.5769230769230769, "support": 21}, "siren": {"precision": 0.9285714285714286, "recall": 0.8125, "f1-score": 0.8666666666666666, "support": 16}, "accuracy": 0.7142857142857143, "macro avg": {"precision": 0.7628328213005633, "recall": 0.733818444486548, "f1-score": 0.7282967032967033, "support": 105}, "weighted avg": {"precision": 0.7861543900714407, "recall": 0.7142857142857143, "f1-score": 0.7258991801848944, "support": 105}, "classificador": "KNeighborsClassifier"}