{"casual": {"precision": 0.6216216216216216, "recall": 0.7931034482758621, "f1-score": 0.696969696969697, "support": 29}, "explosion": {"precision": 0.96, "recall": 0.6153846153846154, "f1-score": 0.7500000000000001, "support": 39}, "gunshot": {"precision": 0.5, "recall": 0.7142857142857143, "f1-score": 0.588235294117647, "support": 21}, "siren": {"precision": 0.9230769230769231, "recall": 0.75, "f1-score": 0.8275862068965517, "support": 16}, "accuracy": 0.7047619047619048, "macro avg": {"precision": 0.7511746361746361, "recall": 0.718193444486548, "f1-score": 0.7156977994959739, "support": 105}, "weighted avg": {"precision": 0.768916740916741, "recall": 0.7047619047619048, "f1-score": 0.714823254275587, "support": 105}, "classificador": "KNeighborsClassifier"}