{"casual": {"precision": 0.7222222222222222, "recall": 0.896551724137931, "f1-score": 0.7999999999999999, "support": 29}, "explosion": {"precision": 0.9393939393939394, "recall": 0.7948717948717948, "f1-score": 0.8611111111111112, "support": 39}, "gunshot": {"precision": 0.7619047619047619, "recall": 0.7619047619047619, "f1-score": 0.7619047619047619, "support": 21}, "siren": {"precision": 0.9333333333333333, "recall": 0.875, "f1-score": 0.9032258064516129, "support": 16}, "accuracy": 0.8285714285714286, "macro avg": {"precision": 0.8392135642135643, "recall": 0.8320820702286219, "f1-score": 0.8315604198668715, "support": 105}, "weighted avg": {"precision": 0.8429918229918231, "recall": 0.8285714285714286, "f1-score": 0.8308090117767537, "support": 105}, "classificador": "KNeighborsClassifier"}