{"casual": {"precision": 0.5588235294117647, "recall": 0.6551724137931034, "f1-score": 0.6031746031746031, "support": 29}, "explosion": {"precision": 0.8378378378378378, "recall": 0.7948717948717948, "f1-score": 0.8157894736842105, "support": 39}, "gunshot": {"precision": 0.8333333333333334, "recall": 0.7142857142857143, "f1-score": 0.7692307692307692, "support": 21}, "siren": {"precision": 0.875, "recall": 0.875, "f1-score": 0.875, "support": 16}, "accuracy": 0.7523809523809524, "macro avg": {"precision": 0.776248675145734, "recall": 0.7598324807376532, "f1-score": 0.7657987115223956, "support": 105}, "weighted avg": {"precision": 0.7655386478915891, "recall": 0.7523809523809524, "f1-score": 0.7567780868532747, "support": 105}, "classificador": "LinearSVC"}