{"casual": {"precision": 0.4375, "recall": 0.7241379310344828, "f1-score": 0.5454545454545455, "support": 29}, "explosion": {"precision": 0.782608695652174, "recall": 0.46153846153846156, "f1-score": 0.5806451612903226, "support": 39}, "gunshot": {"precision": 0.5, "recall": 0.38095238095238093, "f1-score": 0.4324324324324324, "support": 21}, "siren": {"precision": 0.7777777777777778, "recall": 0.875, "f1-score": 0.823529411764706, "support": 16}, "accuracy": 0.580952380952381, "macro avg": {"precision": 0.6244716183574879, "recall": 0.6104071933813313, "f1-score": 0.5955153877355016, "support": 105}, "weighted avg": {"precision": 0.6300350816655165, "recall": 0.580952380952381, "f1-score": 0.5782942359792456, "support": 105}, "classificador": "LinearDiscriminantAnalysis"}