{"casual": {"precision": 0.4634146341463415, "recall": 0.6551724137931034, "f1-score": 0.5428571428571429, "support": 29}, "explosion": {"precision": 0.75, "recall": 0.46153846153846156, "f1-score": 0.5714285714285714, "support": 39}, "gunshot": {"precision": 0.5217391304347826, "recall": 0.5714285714285714, "f1-score": 0.5454545454545454, "support": 21}, "siren": {"precision": 0.7647058823529411, "recall": 0.8125, "f1-score": 0.787878787878788, "support": 16}, "accuracy": 0.5904761904761905, "macro avg": {"precision": 0.6249649117335163, "recall": 0.625159861690034, "f1-score": 0.611904761904762, "support": 105}, "weighted avg": {"precision": 0.6274365737811561, "recall": 0.5904761904761905, "f1-score": 0.5913254998969285, "support": 105}, "classificador": "LinearDiscriminantAnalysis"}