{"casual": {"precision": 0.5142857142857142, "recall": 0.6206896551724138, "f1-score": 0.5625, "support": 29}, "explosion": {"precision": 0.6, "recall": 0.7692307692307693, "f1-score": 0.6741573033707865, "support": 39}, "gunshot": {"precision": 1.0, "recall": 0.047619047619047616, "f1-score": 0.0909090909090909, "support": 21}, "siren": {"precision": 0.7894736842105263, "recall": 0.9375, "f1-score": 0.8571428571428572, "support": 16}, "accuracy": 0.6095238095238096, "macro avg": {"precision": 0.7259398496240601, "recall": 0.5937598680055577, "f1-score": 0.5461773128556836, "support": 105}, "weighted avg": {"precision": 0.6851987110633726, "recall": 0.6095238095238096, "f1-score": 0.5545524900460694, "support": 105}, "classificador": "SGDClassifier"}