{"casual": {"precision": 0.5121951219512195, "recall": 0.7241379310344828, "f1-score": 0.6000000000000001, "support": 29}, "explosion": {"precision": 0.8846153846153846, "recall": 0.5897435897435898, "f1-score": 0.7076923076923076, "support": 39}, "gunshot": {"precision": 0.6666666666666666, "recall": 0.5714285714285714, "f1-score": 0.6153846153846153, "support": 21}, "siren": {"precision": 0.7, "recall": 0.875, "f1-score": 0.7777777777777777, "support": 16}, "accuracy": 0.6666666666666666, "macro avg": {"precision": 0.6908692933083176, "recall": 0.6900775230516609, "f1-score": 0.6752136752136751, "support": 105}, "weighted avg": {"precision": 0.7100348432055749, "recall": 0.6666666666666666, "f1-score": 0.6701668701668702, "support": 105}, "classificador": "SVC"}