{"casual": {"precision": 0.4489795918367347, "recall": 0.7586206896551724, "f1-score": 0.564102564102564, "support": 29}, "explosion": {"precision": 0.75, "recall": 0.46153846153846156, "f1-score": 0.5714285714285714, "support": 39}, "gunshot": {"precision": 0.4117647058823529, "recall": 0.3333333333333333, "f1-score": 0.36842105263157887, "support": 21}, "siren": {"precision": 0.6666666666666666, "recall": 0.625, "f1-score": 0.6451612903225806, "support": 16}, "accuracy": 0.5428571428571428, "macro avg": {"precision": 0.5693527410964385, "recall": 0.5446231211317418, "f1-score": 0.5372783696213237, "support": 105}, "weighted avg": {"precision": 0.5865155586043942, "recall": 0.5428571428571428, "f1-score": 0.5400391561439342, "support": 105}, "classificador": "LinearDiscriminantAnalysis"}