{"classificador": "KNeighborsClassifier", "accuracy": 0.7047619047619048, "explosion": {"recall": 0.5897435897435898, "f1-score": 0.7301587301587301, "precision": 0.9583333333333334, "support": 39}, "siren": {"recall": 0.75, "f1-score": 0.8275862068965517, "precision": 0.9230769230769231, "support": 16}, "weighted avg": {"recall": 0.7047619047619048, "f1-score": 0.7116900848428681, "precision": 0.7698194662480377, "support": 105}, "gunshot": {"recall": 0.7142857142857143, "f1-score": 0.6382978723404256, "precision": 0.5769230769230769, "support": 21}, "macro avg": {"recall": 0.720403877731464, "f1-score": 0.718024786855969, "precision": 0.7574404761904763, "support": 105}, "casual": {"recall": 0.8275862068965517, "f1-score": 0.676056338028169, "precision": 0.5714285714285714, "support": 29}}