{"classificador": "BaggingClassifier", "accuracy": 0.6571428571428571, "explosion": {"recall": 0.5897435897435898, "f1-score": 0.6865671641791046, "precision": 0.8214285714285714, "support": 39}, "siren": {"recall": 0.6875, "f1-score": 0.7333333333333334, "precision": 0.7857142857142857, "support": 16}, "weighted avg": {"recall": 0.6571428571428571, "f1-score": 0.6601117018713248, "precision": 0.703363366623245, "support": 105}, "gunshot": {"recall": 0.5238095238095238, "f1-score": 0.5945945945945946, "precision": 0.6875, "support": 21}, "macro avg": {"recall": 0.6571598301124163, "f1-score": 0.6615185098688634, "precision": 0.7013202887537994, "support": 105}, "casual": {"recall": 0.8275862068965517, "f1-score": 0.631578947368421, "precision": 0.5106382978723404, "support": 29}}