{"classificador": "Perceptron", "accuracy": 0.6571428571428571, "explosion": {"recall": 0.7435897435897436, "f1-score": 0.6987951807228915, "precision": 0.6590909090909091, "support": 39}, "siren": {"recall": 0.9375, "f1-score": 0.9090909090909091, "precision": 0.8823529411764706, "support": 16}, "weighted avg": {"recall": 0.6571428571428571, "f1-score": 0.642304456380069, "precision": 0.6750261720849957, "support": 105}, "gunshot": {"recall": 0.2857142857142857, "f1-score": 0.4137931034482759, "precision": 0.75, "support": 21}, "macro avg": {"recall": 0.6554941107742832, "f1-score": 0.6515736444693653, "precision": 0.7048054070112894, "support": 105}, "casual": {"recall": 0.6551724137931034, "f1-score": 0.5846153846153845, "precision": 0.5277777777777778, "support": 29}}