{"classificador": "Perceptron", "accuracy": 0.6190476190476191, "explosion": {"recall": 0.48717948717948717, "f1-score": 0.5352112676056338, "precision": 0.59375, "support": 39}, "siren": {"recall": 0.9375, "f1-score": 0.8333333333333334, "precision": 0.75, "support": 16}, "weighted avg": {"recall": 0.6190476190476191, "f1-score": 0.6129748154105152, "precision": 0.6154707792207792, "support": 105}, "gunshot": {"recall": 0.6190476190476191, "f1-score": 0.6341463414634146, "precision": 0.65, "support": 21}, "macro avg": {"recall": 0.66610419034988, "f1-score": 0.6458340259231762, "precision": 0.6348011363636363, "support": 105}, "casual": {"recall": 0.6206896551724138, "f1-score": 0.5806451612903226, "precision": 0.5454545454545454, "support": 29}}