{"classificador": "SGDClassifier", "accuracy": 0.6476190476190476, "explosion": {"recall": 0.5384615384615384, "f1-score": 0.608695652173913, "precision": 0.7, "support": 39}, "siren": {"recall": 0.9375, "f1-score": 0.7894736842105263, "precision": 0.6818181818181818, "support": 16}, "weighted avg": {"recall": 0.6476190476190476, "f1-score": 0.647477497550929, "precision": 0.6753246753246753, "support": 105}, "gunshot": {"recall": 0.6190476190476191, "f1-score": 0.7222222222222222, "precision": 0.8666666666666667, "support": 21}, "macro avg": {"recall": 0.6875453928255653, "f1-score": 0.6718889344277847, "precision": 0.687121212121212, "support": 105}, "casual": {"recall": 0.6551724137931034, "f1-score": 0.5671641791044776, "precision": 0.5, "support": 29}}