{"classificador": "LinearSVC", "accuracy": 0.5904761904761905, "explosion": {"recall": 0.5641025641025641, "f1-score": 0.6285714285714286, "precision": 0.7096774193548387, "support": 39}, "siren": {"recall": 0.8125, "f1-score": 0.7222222222222223, "precision": 0.65, "support": 16}, "weighted avg": {"recall": 0.5904761904761905, "f1-score": 0.5911265969802555, "precision": 0.6026140778892202, "support": 105}, "gunshot": {"recall": 0.5238095238095238, "f1-score": 0.5365853658536585, "precision": 0.55, "support": 21}, "macro avg": {"recall": 0.6130340564607806, "f1-score": 0.5988288811459543, "precision": 0.5950664136622391, "support": 105}, "casual": {"recall": 0.5517241379310345, "f1-score": 0.507936507936508, "precision": 0.47058823529411764, "support": 29}}