{"classificador": "SGDClassifier", "accuracy": 0.6, "explosion": {"recall": 0.5128205128205128, "f1-score": 0.547945205479452, "precision": 0.5882352941176471, "support": 39}, "siren": {"recall": 0.9375, "f1-score": 0.8333333333333334, "precision": 0.75, "support": 16}, "weighted avg": {"recall": 0.6, "f1-score": 0.5915555675798085, "precision": 0.6275001708000274, "support": 105}, "gunshot": {"recall": 0.38095238095238093, "f1-score": 0.5161290322580645, "precision": 0.8, "support": 21}, "macro avg": {"recall": 0.6302320165466717, "f1-score": 0.6172090356248553, "precision": 0.6565100430416069, "support": 105}, "casual": {"recall": 0.6896551724137931, "f1-score": 0.5714285714285714, "precision": 0.4878048780487805, "support": 29}}