{"classificador": "SGDClassifier", "accuracy": 0.638095238095238, "explosion": {"recall": 0.48717948717948717, "f1-score": 0.5757575757575758, "precision": 0.7037037037037037, "support": 39}, "siren": {"recall": 0.9375, "f1-score": 0.8333333333333334, "precision": 0.75, "support": 16}, "weighted avg": {"recall": 0.638095238095238, "f1-score": 0.6362020202020202, "precision": 0.6910858063031977, "support": 105}, "gunshot": {"recall": 0.5238095238095238, "f1-score": 0.6666666666666667, "precision": 0.9166666666666666, "support": 21}, "macro avg": {"recall": 0.6767774251610459, "f1-score": 0.6656060606060606, "precision": 0.7121578099838969, "support": 105}, "casual": {"recall": 0.7586206896551724, "f1-score": 0.5866666666666667, "precision": 0.4782608695652174, "support": 29}}