{"classificador": "LinearSVC", "accuracy": 0.6190476190476191, "explosion": {"recall": 0.5128205128205128, "f1-score": 0.5797101449275363, "precision": 0.6666666666666666, "support": 39}, "siren": {"recall": 0.9375, "f1-score": 0.8333333333333334, "precision": 0.75, "support": 16}, "weighted avg": {"recall": 0.6190476190476191, "f1-score": 0.6136102063660387, "precision": 0.6218367346938776, "support": 105}, "gunshot": {"recall": 0.5238095238095238, "f1-score": 0.5365853658536585, "precision": 0.55, "support": 21}, "macro avg": {"recall": 0.657325612605785, "f1-score": 0.635844711028632, "precision": 0.6273809523809524, "support": 105}, "casual": {"recall": 0.6551724137931034, "f1-score": 0.5937499999999999, "precision": 0.5428571428571428, "support": 29}}