{"classificador": "Perceptron", "accuracy": 0.5714285714285714, "explosion": {"recall": 0.4358974358974359, "f1-score": 0.4927536231884058, "precision": 0.5666666666666667, "support": 39}, "siren": {"recall": 0.875, "f1-score": 0.7999999999999999, "precision": 0.7368421052631579, "support": 16}, "weighted avg": {"recall": 0.5714285714285714, "f1-score": 0.5661489019308616, "precision": 0.5758061821219717, "support": 105}, "gunshot": {"recall": 0.5238095238095238, "f1-score": 0.5641025641025642, "precision": 0.6111111111111112, "support": 21}, "macro avg": {"recall": 0.6138491537198434, "f1-score": 0.5985424050316976, "precision": 0.5970760233918129, "support": 105}, "casual": {"recall": 0.6206896551724138, "f1-score": 0.5373134328358208, "precision": 0.47368421052631576, "support": 29}}