{"classificador": "SGDClassifier", "accuracy": 0.638095238095238, "explosion": {"recall": 0.5384615384615384, "f1-score": 0.6176470588235294, "precision": 0.7241379310344828, "support": 39}, "siren": {"recall": 0.8125, "f1-score": 0.7647058823529411, "precision": 0.7222222222222222, "support": 16}, "weighted avg": {"recall": 0.638095238095238, "f1-score": 0.6497087602164153, "precision": 0.6982824965583587, "support": 105}, "gunshot": {"recall": 0.6666666666666666, "f1-score": 0.8, "precision": 1.0, "support": 21}, "macro avg": {"recall": 0.6682001547303271, "f1-score": 0.6757252215954874, "precision": 0.7195445837687218, "support": 105}, "casual": {"recall": 0.6551724137931034, "f1-score": 0.5205479452054794, "precision": 0.4318181818181818, "support": 29}}