{"classificador": "SGDClassifier", "accuracy": 0.6952380952380952, "explosion": {"recall": 0.717948717948718, "f1-score": 0.736842105263158, "precision": 0.7567567567567568, "support": 39}, "siren": {"recall": 0.9375, "f1-score": 0.8108108108108109, "precision": 0.7142857142857143, "support": 16}, "weighted avg": {"recall": 0.6952380952380952, "f1-score": 0.6921997040418093, "precision": 0.7251819537533825, "support": 105}, "gunshot": {"recall": 0.47619047619047616, "f1-score": 0.6249999999999999, "precision": 0.9090909090909091, "support": 21}, "macro avg": {"recall": 0.7053235916382469, "f1-score": 0.6970093828646461, "precision": 0.733922233922234, "support": 105}, "casual": {"recall": 0.6896551724137931, "f1-score": 0.6153846153846154, "precision": 0.5555555555555556, "support": 29}}