{"classificador": "BaggingClassifier", "accuracy": 0.7619047619047619, "explosion": {"recall": 0.8205128205128205, "f1-score": 0.8205128205128205, "precision": 0.8205128205128205, "support": 39}, "siren": {"recall": 0.75, "f1-score": 0.7999999999999999, "precision": 0.8571428571428571, "support": 16}, "weighted avg": {"recall": 0.7619047619047619, "f1-score": 0.763030303030303, "precision": 0.7658089322685596, "support": 105}, "gunshot": {"recall": 0.7142857142857143, "f1-score": 0.6818181818181819, "precision": 0.6521739130434783, "support": 21}, "macro avg": {"recall": 0.7522341164582544, "f1-score": 0.7566172333413712, "precision": 0.7634918804334098, "support": 105}, "casual": {"recall": 0.7241379310344828, "f1-score": 0.7241379310344829, "precision": 0.7241379310344828, "support": 29}}