{"classificador": "SGDClassifier", "accuracy": 0.6761904761904762, "explosion": {"recall": 0.6410256410256411, "f1-score": 0.6756756756756757, "precision": 0.7142857142857143, "support": 39}, "siren": {"recall": 0.875, "f1-score": 0.8484848484848485, "precision": 0.8235294117647058, "support": 16}, "weighted avg": {"recall": 0.6761904761904762, "f1-score": 0.6793057993057993, "precision": 0.7155930664948907, "support": 105}, "gunshot": {"recall": 0.5238095238095238, "f1-score": 0.6666666666666667, "precision": 0.9166666666666666, "support": 21}, "macro avg": {"recall": 0.690993273967412, "f1-score": 0.6977067977067978, "precision": 0.7416692286670765, "support": 105}, "casual": {"recall": 0.7241379310344828, "f1-score": 0.6000000000000001, "precision": 0.5121951219512195, "support": 29}}