{"classificador": "LinearSVC", "accuracy": 0.580952380952381, "explosion": {"recall": 0.6666666666666666, "f1-score": 0.5909090909090909, "precision": 0.5306122448979592, "support": 39}, "siren": {"recall": 0.9375, "f1-score": 0.8823529411764706, "precision": 0.8333333333333334, "support": 16}, "weighted avg": {"recall": 0.580952380952381, "f1-score": 0.5311348781937018, "precision": 0.6658962169166251, "support": 105}, "gunshot": {"recall": 0.047619047619047616, "f1-score": 0.0909090909090909, "precision": 1.0, "support": 21}, "macro avg": {"recall": 0.5767395320197044, "f1-score": 0.534982174688057, "precision": 0.7193647729362015, "support": 105}, "casual": {"recall": 0.6551724137931034, "f1-score": 0.5757575757575758, "precision": 0.5135135135135135, "support": 29}}