{"classificador": "LinearSVC", "accuracy": 0.6666666666666666, "explosion": {"recall": 0.7692307692307693, "f1-score": 0.6896551724137931, "precision": 0.625, "support": 39}, "siren": {"recall": 1.0, "f1-score": 0.9411764705882353, "precision": 0.8888888888888888, "support": 16}, "weighted avg": {"recall": 0.6666666666666666, "f1-score": 0.648832554898118, "precision": 0.7182419432419432, "support": 105}, "gunshot": {"recall": 0.2857142857142857, "f1-score": 0.4444444444444445, "precision": 1.0, "support": 21}, "macro avg": {"recall": 0.6689086775293672, "f1-score": 0.6639803121841988, "precision": 0.7648358585858586, "support": 105}, "casual": {"recall": 0.6206896551724138, "f1-score": 0.5806451612903226, "precision": 0.5454545454545454, "support": 29}}