{"classificador": "Perceptron", "accuracy": 0.638095238095238, "explosion": {"recall": 0.5128205128205128, "f1-score": 0.5882352941176471, "precision": 0.6896551724137931, "support": 39}, "siren": {"recall": 0.9375, "f1-score": 0.8108108108108109, "precision": 0.7142857142857143, "support": 16}, "weighted avg": {"recall": 0.638095238095238, "f1-score": 0.6322477848624091, "precision": 0.6422017500835235, "support": 105}, "gunshot": {"recall": 0.6190476190476191, "f1-score": 0.6046511627906977, "precision": 0.5909090909090909, "support": 21}, "macro avg": {"recall": 0.6811351364153089, "f1-score": 0.6541501233814019, "precision": 0.6426518883415435, "support": 105}, "casual": {"recall": 0.6551724137931034, "f1-score": 0.6129032258064515, "precision": 0.5757575757575758, "support": 29}}