{"classificador": "LinearSVC", "accuracy": 0.5904761904761905, "explosion": {"recall": 0.5128205128205128, "f1-score": 0.5797101449275363, "precision": 0.6666666666666666, "support": 39}, "siren": {"recall": 0.875, "f1-score": 0.7999999999999999, "precision": 0.7368421052631579, "support": 16}, "weighted avg": {"recall": 0.5904761904761905, "f1-score": 0.5895056151577891, "precision": 0.6025875499559711, "support": 105}, "gunshot": {"recall": 0.5238095238095238, "f1-score": 0.5500000000000002, "precision": 0.5789473684210527, "support": 21}, "macro avg": {"recall": 0.6244592332954402, "f1-score": 0.6112154150197628, "precision": 0.6104788999525842, "support": 105}, "casual": {"recall": 0.5862068965517241, "f1-score": 0.5151515151515151, "precision": 0.4594594594594595, "support": 29}}