{"classificador": "BaggingClassifier", "accuracy": 0.580952380952381, "explosion": {"recall": 0.717948717948718, "f1-score": 0.736842105263158, "precision": 0.7567567567567568, "support": 39}, "siren": {"recall": 0.6875, "f1-score": 0.6875, "precision": 0.6875, "support": 16}, "weighted avg": {"recall": 0.580952380952381, "f1-score": 0.5426728626740214, "precision": 0.6018429858429859, "support": 105}, "gunshot": {"recall": 0.047619047619047616, "f1-score": 0.08695652173913042, "precision": 0.5, "support": 21}, "macro avg": {"recall": 0.5443014241505622, "f1-score": 0.5107360491556354, "precision": 0.5910641891891892, "support": 105}, "casual": {"recall": 0.7241379310344828, "f1-score": 0.5316455696202531, "precision": 0.42, "support": 29}}