{"classificador": "BaggingClassifier", "accuracy": 0.5238095238095238, "explosion": {"recall": 0.5897435897435898, "f1-score": 0.638888888888889, "precision": 0.696969696969697, "support": 39}, "siren": {"recall": 0.5625, "f1-score": 0.5806451612903225, "precision": 0.6, "support": 16}, "weighted avg": {"recall": 0.5238095238095238, "f1-score": 0.49887321945231, "precision": 0.591043771043771, "support": 105}, "gunshot": {"recall": 0.09523809523809523, "f1-score": 0.16666666666666666, "precision": 0.6666666666666666, "support": 21}, "macro avg": {"recall": 0.49290490400404197, "f1-score": 0.4730562033078551, "precision": 0.5881313131313132, "support": 105}, "casual": {"recall": 0.7241379310344828, "f1-score": 0.5060240963855421, "precision": 0.3888888888888889, "support": 29}}