{"classificador": "BaggingClassifier", "accuracy": 0.4857142857142857, "explosion": {"recall": 0.4358974358974359, "f1-score": 0.5483870967741935, "precision": 0.7391304347826086, "support": 39}, "siren": {"recall": 0.6875, "f1-score": 0.6285714285714286, "precision": 0.5789473684210527, "support": 16}, "weighted avg": {"recall": 0.4857142857142857, "f1-score": 0.45188670824415167, "precision": 0.5623643928066782, "support": 105}, "gunshot": {"recall": 0.047619047619047616, "f1-score": 0.08695652173913042, "precision": 0.5, "support": 21}, "macro avg": {"recall": 0.482409293292914, "f1-score": 0.43820098399341034, "precision": 0.5446833852271449, "support": 105}, "casual": {"recall": 0.7586206896551724, "f1-score": 0.48888888888888893, "precision": 0.36065573770491804, "support": 29}}