{"classificador": "Perceptron", "accuracy": 0.6952380952380952, "explosion": {"recall": 0.6666666666666666, "f1-score": 0.7123287671232877, "precision": 0.7647058823529411, "support": 39}, "siren": {"recall": 0.875, "f1-score": 0.8484848484848485, "precision": 0.8235294117647058, "support": 16}, "weighted avg": {"recall": 0.6952380952380952, "f1-score": 0.6971688889497109, "precision": 0.7074074074074074, "support": 105}, "gunshot": {"recall": 0.6190476190476191, "f1-score": 0.6666666666666666, "precision": 0.7222222222222222, "support": 21}, "macro avg": {"recall": 0.7125923645320197, "f1-score": 0.7107162244148546, "precision": 0.7165032679738561, "support": 105}, "casual": {"recall": 0.6896551724137931, "f1-score": 0.6153846153846154, "precision": 0.5555555555555556, "support": 29}}