{"classificador": "SGDClassifier", "accuracy": 0.6761904761904762, "explosion": {"recall": 0.6666666666666666, "f1-score": 0.6666666666666666, "precision": 0.6666666666666666, "support": 39}, "siren": {"recall": 0.9375, "f1-score": 0.8571428571428572, "precision": 0.7894736842105263, "support": 16}, "weighted avg": {"recall": 0.6761904761904762, "f1-score": 0.6720624613481756, "precision": 0.6924095954171142, "support": 105}, "gunshot": {"recall": 0.47619047619047616, "f1-score": 0.6060606060606061, "precision": 0.8333333333333334, "support": 21}, "macro avg": {"recall": 0.692503078817734, "f1-score": 0.6887175324675324, "precision": 0.7152255639097744, "support": 105}, "casual": {"recall": 0.6896551724137931, "f1-score": 0.625, "precision": 0.5714285714285714, "support": 29}}