{"casual": {"precision": 0.6285714285714286, "recall": 0.7586206896551724, "f1-score": 0.6875, "support": 29}, "explosion": {"precision": 0.6730769230769231, "recall": 0.8974358974358975, "f1-score": 0.7692307692307692, "support": 39}, "gunshot": {"precision": 0.0, "recall": 0.0, "f1-score": 0.0, "support": 21}, "siren": {"precision": 0.8333333333333334, "recall": 0.9375, "f1-score": 0.8823529411764706, "support": 16}, "accuracy": 0.6857142857142857, "macro avg": {"precision": 0.5337454212454212, "recall": 0.6483891467727675, "f1-score": 0.5847709276018099, "support": 105}, "weighted avg": {"precision": 0.5505895691609978, "recall": 0.6857142857142857, "f1-score": 0.6100490196078432, "support": 105}, "classificador": "QuadraticDiscriminantAnalysis", "mediaTempoClassificacaoCadaAudio": 0.007289289292835054, "desvioTempoClassificacaoCadaAudio": 0.003829624510438058}