{"casual": {"precision": 0.6111111111111112, "recall": 0.7586206896551724, "f1-score": 0.676923076923077, "support": 29}, "explosion": {"precision": 0.9090909090909091, "recall": 0.7692307692307693, "f1-score": 0.8333333333333333, "support": 39}, "gunshot": {"precision": 1.0, "recall": 0.7619047619047619, "f1-score": 0.8648648648648648, "support": 21}, "siren": {"precision": 0.8, "recall": 1.0, "f1-score": 0.888888888888889, "support": 16}, "accuracy": 0.8, "macro avg": {"precision": 0.8300505050505051, "recall": 0.8224390551976759, "f1-score": 0.816002541002541, "support": 105}, "weighted avg": {"precision": 0.8283501683501684, "recall": 0.8, "f1-score": 0.804906224906225, "support": 105}, "classificador": "Perceptron", "mediaTempoClassificacaoCadaAudio": 0.004763119561331613, "desvioTempoClassificacaoCadaAudio": 0.0016101684086274775}