{"casual": {"precision": 0.7352941176470589, "recall": 0.8620689655172413, "f1-score": 0.7936507936507937, "support": 29}, "explosion": {"precision": 0.9473684210526315, "recall": 0.9230769230769231, "f1-score": 0.935064935064935, "support": 39}, "gunshot": {"precision": 0.9411764705882353, "recall": 0.7619047619047619, "f1-score": 0.8421052631578947, "support": 21}, "siren": {"precision": 0.9375, "recall": 0.9375, "f1-score": 0.9375, "support": 16}, "accuracy": 0.8761904761904762, "macro avg": {"precision": 0.8903347523219813, "recall": 0.8711376626247316, "f1-score": 0.8770802479684059, "support": 105}, "weighted avg": {"precision": 0.8860533687159075, "recall": 0.8761904761904762, "f1-score": 0.8777868191402026, "support": 105}, "classificador": "KNeighborsClassifier", "mediaTempoClassificacaoCadaAudio": 0.04251377923148019, "desvioTempoClassificacaoCadaAudio": 0.03025616215532413}