{"casual": {"precision": 0.3770491803278688, "recall": 0.7931034482758621, "f1-score": 0.5111111111111111, "support": 29}, "explosion": {"precision": 0.7727272727272727, "recall": 0.4358974358974359, "f1-score": 0.5573770491803278, "support": 39}, "gunshot": {"precision": 1.0, "recall": 0.047619047619047616, "f1-score": 0.0909090909090909, "support": 21}, "siren": {"precision": 0.7142857142857143, "recall": 0.9375, "f1-score": 0.8108108108108109, "support": 16}, "accuracy": 0.5333333333333333, "macro avg": {"precision": 0.716015541835214, "recall": 0.5535299829480864, "f1-score": 0.4925520155028351, "support": 105}, "weighted avg": {"precision": 0.6999939170899359, "recall": 0.5333333333333333, "f1-score": 0.4899237240220847, "support": 105}, "classificador": "QuadraticDiscriminantAnalysis", "mediaTempoClassificacaoCadaAudio": 0.006807443073817662, "desvioTempoClassificacaoCadaAudio": 0.00380535332293319}