{"casual": {"precision": 0.4878048780487805, "recall": 0.6896551724137931, "f1-score": 0.5714285714285714, "support": 29}, "explosion": {"precision": 0.6571428571428571, "recall": 0.5897435897435898, "f1-score": 0.6216216216216216, "support": 39}, "gunshot": {"precision": 0.8571428571428571, "recall": 0.2857142857142857, "f1-score": 0.42857142857142855, "support": 21}, "siren": {"precision": 0.7272727272727273, "recall": 1.0, "f1-score": 0.8421052631578948, "support": 16}, "accuracy": 0.6190476190476191, "macro avg": {"precision": 0.6823408299018054, "recall": 0.6412782619679172, "f1-score": 0.6159317211948792, "support": 105}, "weighted avg": {"precision": 0.6610597764604733, "recall": 0.6190476190476191, "f1-score": 0.6027462478590297, "support": 105}, "classificador": "Perceptron", "mediaTempoClassificacaoCadaAudio": 0.004401374998546782, "desvioTempoClassificacaoCadaAudio": 0.0017413406177854815}