{"casual": {"precision": 0.6285714285714286, "recall": 0.7586206896551724, "f1-score": 0.6875, "support": 29}, "explosion": {"precision": 0.9428571428571428, "recall": 0.8461538461538461, "f1-score": 0.8918918918918919, "support": 39}, "gunshot": {"precision": 1.0, "recall": 0.7619047619047619, "f1-score": 0.8648648648648648, "support": 21}, "siren": {"precision": 0.7368421052631579, "recall": 0.875, "f1-score": 0.7999999999999999, "support": 16}, "accuracy": 0.8095238095238095, "macro avg": {"precision": 0.8270676691729323, "recall": 0.8104198244284451, "f1-score": 0.8110641891891891, "support": 105}, "weighted avg": {"precision": 0.8360902255639098, "recall": 0.8095238095238095, "f1-score": 0.8160328185328184, "support": 105}, "classificador": "DecisionTreeClassifier", "mediaTempoClassificacaoCadaAudio": 0.005135075251261393, "desvioTempoClassificacaoCadaAudio": 0.0035283360679726297}