{"casual": {"precision": 0.6, "recall": 0.7241379310344828, "f1-score": 0.65625, "support": 29}, "explosion": {"precision": 0.6666666666666666, "recall": 0.8717948717948718, "f1-score": 0.7555555555555555, "support": 39}, "gunshot": {"precision": 0.0, "recall": 0.0, "f1-score": 0.0, "support": 21}, "siren": {"precision": 0.7894736842105263, "recall": 0.9375, "f1-score": 0.8571428571428572, "support": 16}, "accuracy": 0.6666666666666666, "macro avg": {"precision": 0.5140350877192983, "recall": 0.6333582007073386, "f1-score": 0.5672371031746032, "support": 105}, "weighted avg": {"precision": 0.5336340852130326, "recall": 0.6666666666666666, "f1-score": 0.5924971655328799, "support": 105}, "classificador": "QuadraticDiscriminantAnalysis", "mediaTempoClassificacaoCadaAudio": 0.007815320151192802, "desvioTempoClassificacaoCadaAudio": 0.005702484730000085}