{"casual": {"precision": 0.5882352941176471, "recall": 0.6896551724137931, "f1-score": 0.6349206349206349, "support": 29}, "explosion": {"precision": 0.8888888888888888, "recall": 0.8205128205128205, "f1-score": 0.8533333333333333, "support": 39}, "gunshot": {"precision": 0.9375, "recall": 0.7142857142857143, "f1-score": 0.8108108108108109, "support": 21}, "siren": {"precision": 0.7894736842105263, "recall": 0.9375, "f1-score": 0.8571428571428572, "support": 16}, "accuracy": 0.780952380952381, "macro avg": {"precision": 0.8010244668042656, "recall": 0.790488426803082, "f1-score": 0.789051909051909, "support": 105}, "weighted avg": {"precision": 0.8004244680328272, "recall": 0.780952380952381, "f1-score": 0.785085820514392, "support": 105}, "classificador": "LinearDiscriminantAnalysis", "mediaTempoClassificacaoCadaAudio": 0.005623215720767067, "desvioTempoClassificacaoCadaAudio": 0.004109274463822168}