{"casual": {"precision": 0.625, "recall": 0.8620689655172413, "f1-score": 0.7246376811594203, "support": 29}, "explosion": {"precision": 0.8888888888888888, "recall": 0.8205128205128205, "f1-score": 0.8533333333333333, "support": 39}, "gunshot": {"precision": 1.0, "recall": 0.5238095238095238, "f1-score": 0.6875000000000001, "support": 21}, "siren": {"precision": 0.8888888888888888, "recall": 1.0, "f1-score": 0.9411764705882353, "support": 16}, "accuracy": 0.8, "macro avg": {"precision": 0.8506944444444444, "recall": 0.8015978274598964, "f1-score": 0.8016618712702472, "support": 105}, "weighted avg": {"precision": 0.8382275132275132, "recall": 0.8, "f1-score": 0.7980077741241425, "support": 105}, "classificador": "SGDClassifier", "mediaTempoClassificacaoCadaAudio": 0.004827453976585751, "desvioTempoClassificacaoCadaAudio": 0.004118225177538016}