{"casual": {"precision": 0.6764705882352942, "recall": 0.7931034482758621, "f1-score": 0.7301587301587301, "support": 29}, "explosion": {"precision": 0.8947368421052632, "recall": 0.8717948717948718, "f1-score": 0.8831168831168831, "support": 39}, "gunshot": {"precision": 1.0, "recall": 0.6666666666666666, "f1-score": 0.8, "support": 21}, "siren": {"precision": 0.7894736842105263, "recall": 0.9375, "f1-score": 0.8571428571428572, "support": 16}, "accuracy": 0.819047619047619, "macro avg": {"precision": 0.8401702786377709, "recall": 0.8172662466843501, "f1-score": 0.8176046176046176, "support": 105}, "weighted avg": {"precision": 0.8394663128409259, "recall": 0.819047619047619, "f1-score": 0.820289974575689, "support": 105}, "classificador": "SVC", "mediaTempoClassificacaoCadaAudio": 0.015069362095424107, "desvioTempoClassificacaoCadaAudio": 0.010279113602897844}