{"casual": {"precision": 0.6285714285714286, "recall": 0.7586206896551724, "f1-score": 0.6875, "support": 29}, "explosion": {"precision": 0.6923076923076923, "recall": 0.9230769230769231, "f1-score": 0.7912087912087913, "support": 39}, "gunshot": {"precision": 0.0, "recall": 0.0, "f1-score": 0.0, "support": 21}, "siren": {"precision": 0.8333333333333334, "recall": 0.9375, "f1-score": 0.8823529411764706, "support": 16}, "accuracy": 0.6952380952380952, "macro avg": {"precision": 0.5385531135531135, "recall": 0.6547994031830239, "f1-score": 0.5902654330963155, "support": 105}, "weighted avg": {"precision": 0.5577324263038549, "recall": 0.6952380952380952, "f1-score": 0.6182122849139657, "support": 105}, "classificador": "QuadraticDiscriminantAnalysis", "mediaTempoClassificacaoCadaAudio": 0.007586631320771717, "desvioTempoClassificacaoCadaAudio": 0.005207321947789388}