{"casual": {"precision": 0.5714285714285714, "recall": 0.5517241379310345, "f1-score": 0.5614035087719299, "support": 29}, "explosion": {"precision": 0.8285714285714286, "recall": 0.7435897435897436, "f1-score": 0.7837837837837838, "support": 39}, "gunshot": {"precision": 0.7647058823529411, "recall": 0.6190476190476191, "f1-score": 0.6842105263157895, "support": 21}, "siren": {"precision": 0.64, "recall": 1.0, "f1-score": 0.7804878048780487, "support": 16}, "accuracy": 0.7047619047619048, "macro avg": {"precision": 0.7011764705882353, "recall": 0.7285903751420992, "f1-score": 0.7024714059373879, "support": 105}, "weighted avg": {"precision": 0.7160432172869148, "recall": 0.7047619047619048, "f1-score": 0.7019475738346085, "support": 105}, "classificador": "SGDClassifier"}