{"casual": {"precision": 0.475, "recall": 0.6551724137931034, "f1-score": 0.5507246376811594, "support": 29}, "explosion": {"precision": 0.8484848484848485, "recall": 0.717948717948718, "f1-score": 0.7777777777777778, "support": 39}, "gunshot": {"precision": 0.0, "recall": 0.0, "f1-score": 0.0, "support": 21}, "siren": {"precision": 0.4838709677419355, "recall": 0.9375, "f1-score": 0.6382978723404255, "support": 16}, "accuracy": 0.5904761904761905, "macro avg": {"precision": 0.451838954056696, "recall": 0.5776552829354553, "f1-score": 0.49170007194984067, "support": 105}, "weighted avg": {"precision": 0.5200747102360006, "recall": 0.5904761904761905, "f1-score": 0.5382582265098453, "support": 105}, "classificador": "LinearSVC"}