{"casual": {"precision": 0.5277777777777778, "recall": 0.6551724137931034, "f1-score": 0.5846153846153845, "support": 29}, "explosion": {"precision": 0.8108108108108109, "recall": 0.7692307692307693, "f1-score": 0.7894736842105263, "support": 39}, "gunshot": {"precision": 0.9285714285714286, "recall": 0.6190476190476191, "f1-score": 0.742857142857143, "support": 21}, "siren": {"precision": 0.6666666666666666, "recall": 0.75, "f1-score": 0.7058823529411765, "support": 16}, "accuracy": 0.7047619047619048, "macro avg": {"precision": 0.7334566709566709, "recall": 0.698362700517873, "f1-score": 0.7057071411560576, "support": 105}, "weighted avg": {"precision": 0.7342270842270844, "recall": 0.7047619047619048, "f1-score": 0.7108327379534809, "support": 105}, "classificador": "Perceptron"}