{"casual": {"precision": 0.5862068965517241, "recall": 0.5862068965517241, "f1-score": 0.5862068965517241, "support": 29}, "explosion": {"precision": 0.7777777777777778, "recall": 0.717948717948718, "f1-score": 0.7466666666666666, "support": 39}, "gunshot": {"precision": 0.8888888888888888, "recall": 0.7619047619047619, "f1-score": 0.8205128205128205, "support": 21}, "siren": {"precision": 0.6818181818181818, "recall": 0.9375, "f1-score": 0.7894736842105263, "support": 16}, "accuracy": 0.7238095238095238, "macro avg": {"precision": 0.7336729362591431, "recall": 0.750890094101301, "f1-score": 0.7357150169854345, "support": 105}, "weighted avg": {"precision": 0.7324675324675325, "recall": 0.7238095238095238, "f1-score": 0.7236414112203586, "support": 105}, "classificador": "Perceptron"}