{"casual": {"precision": 0.5151515151515151, "recall": 0.5862068965517241, "f1-score": 0.5483870967741935, "support": 29}, "explosion": {"precision": 0.8157894736842105, "recall": 0.7948717948717948, "f1-score": 0.8051948051948051, "support": 39}, "gunshot": {"precision": 0.9166666666666666, "recall": 0.5238095238095238, "f1-score": 0.6666666666666667, "support": 21}, "siren": {"precision": 0.7272727272727273, "recall": 1.0, "f1-score": 0.8421052631578948, "support": 16}, "accuracy": 0.7142857142857143, "macro avg": {"precision": 0.74372009569378, "recall": 0.7262220538082607, "f1-score": 0.71558845794839, "support": 105}, "weighted avg": {"precision": 0.739443305232779, "recall": 0.7142857142857143, "f1-score": 0.7121857849483364, "support": 105}, "classificador": "LinearSVC"}