{"casual": {"precision": 0.375, "recall": 0.8275862068965517, "f1-score": 0.5161290322580646, "support": 29}, "explosion": {"precision": 0.8787878787878788, "recall": 0.7435897435897436, "f1-score": 0.8055555555555556, "support": 39}, "gunshot": {"precision": 0.0, "recall": 0.0, "f1-score": 0.0, "support": 21}, "siren": {"precision": 0.875, "recall": 0.4375, "f1-score": 0.5833333333333334, "support": 16}, "accuracy": 0.5714285714285714, "macro avg": {"precision": 0.5321969696969697, "recall": 0.5021689876215738, "f1-score": 0.47625448028673845, "support": 105}, "weighted avg": {"precision": 0.5633116883116883, "recall": 0.5714285714285714, "f1-score": 0.5306451612903227, "support": 105}, "classificador": "BaggingClassifier"}