{"casual": {"precision": 0.4358974358974359, "recall": 0.5862068965517241, "f1-score": 0.5, "support": 29}, "explosion": {"precision": 0.8125, "recall": 0.6666666666666666, "f1-score": 0.7323943661971831, "support": 39}, "gunshot": {"precision": 0.8571428571428571, "recall": 0.5714285714285714, "f1-score": 0.6857142857142857, "support": 21}, "siren": {"precision": 0.75, "recall": 0.9375, "f1-score": 0.8333333333333334, "support": 16}, "accuracy": 0.6666666666666666, "macro avg": {"precision": 0.7138850732600732, "recall": 0.6904505336617406, "f1-score": 0.6878604963112005, "support": 105}, "weighted avg": {"precision": 0.7078907203907203, "recall": 0.6666666666666666, "f1-score": 0.674254415381176, "support": 105}, "classificador": "LinearSVC"}