{"casual": {"precision": 0.32075471698113206, "recall": 0.5862068965517241, "f1-score": 0.41463414634146334, "support": 29}, "explosion": {"precision": 0.7941176470588235, "recall": 0.6923076923076923, "f1-score": 0.7397260273972601, "support": 39}, "gunshot": {"precision": 1.0, "recall": 0.047619047619047616, "f1-score": 0.0909090909090909, "support": 21}, "siren": {"precision": 0.7058823529411765, "recall": 0.75, "f1-score": 0.7272727272727272, "support": 16}, "accuracy": 0.5428571428571428, "macro avg": {"precision": 0.7051886792452831, "recall": 0.519033409119616, "f1-score": 0.49313549798013534, "support": 105}, "weighted avg": {"precision": 0.6911104064267217, "recall": 0.5428571428571428, "f1-score": 0.5182777129319059, "support": 105}, "classificador": "LinearDiscriminantAnalysis"}