{"casual": {"precision": 0.5217391304347826, "recall": 0.8275862068965517, "f1-score": 0.64, "support": 29}, "explosion": {"precision": 0.95, "recall": 0.48717948717948717, "f1-score": 0.6440677966101694, "support": 39}, "gunshot": {"precision": 0.4117647058823529, "recall": 0.6666666666666666, "f1-score": 0.509090909090909, "support": 21}, "siren": {"precision": 1.0, "recall": 0.3125, "f1-score": 0.47619047619047616, "support": 16}, "accuracy": 0.5904761904761905, "macro avg": {"precision": 0.7208759590792838, "recall": 0.5734830901856763, "f1-score": 0.5673372954728887, "support": 105}, "weighted avg": {"precision": 0.7316904152965534, "recall": 0.5904761904761905, "f1-score": 0.5903676264547936, "support": 105}, "classificador": "KNeighborsClassifier"}