{"casual": {"precision": 0.3, "recall": 0.5172413793103449, "f1-score": 0.379746835443038, "support": 29}, "explosion": {"precision": 0.7714285714285715, "recall": 0.6923076923076923, "f1-score": 0.7297297297297296, "support": 39}, "gunshot": {"precision": 1.0, "recall": 0.047619047619047616, "f1-score": 0.0909090909090909, "support": 21}, "siren": {"precision": 0.5789473684210527, "recall": 0.6875, "f1-score": 0.6285714285714286, "support": 16}, "accuracy": 0.5142857142857142, "macro avg": {"precision": 0.662593984962406, "recall": 0.48616702980927123, "f1-score": 0.45723927116332175, "support": 105}, "weighted avg": {"precision": 0.657608306480487, "recall": 0.5142857142857142, "f1-score": 0.4898890614622983, "support": 105}, "classificador": "LinearDiscriminantAnalysis"}