{"casual": {"precision": 0.4883720930232558, "recall": 0.7241379310344828, "f1-score": 0.5833333333333334, "support": 29}, "explosion": {"precision": 0.9090909090909091, "recall": 0.5128205128205128, "f1-score": 0.6557377049180326, "support": 39}, "gunshot": {"precision": 0.4, "recall": 0.6666666666666666, "f1-score": 0.5, "support": 21}, "siren": {"precision": 0.8, "recall": 0.25, "f1-score": 0.38095238095238093, "support": 16}, "accuracy": 0.5619047619047619, "macro avg": {"precision": 0.6493657505285413, "recall": 0.5384062776304155, "f1-score": 0.5300058548009368, "support": 105}, "weighted avg": {"precision": 0.6744508204973321, "recall": 0.5619047619047619, "f1-score": 0.5627207167019813, "support": 105}, "classificador": "KNeighborsClassifier"}