{"casual": {"precision": 0.5365853658536586, "recall": 0.7586206896551724, "f1-score": 0.6285714285714286, "support": 29}, "explosion": {"precision": 0.8333333333333334, "recall": 0.5128205128205128, "f1-score": 0.6349206349206349, "support": 39}, "gunshot": {"precision": 0.9411764705882353, "recall": 0.7619047619047619, "f1-score": 0.8421052631578947, "support": 21}, "siren": {"precision": 0.6086956521739131, "recall": 0.875, "f1-score": 0.717948717948718, "support": 16}, "accuracy": 0.6857142857142857, "macro avg": {"precision": 0.7299477054872852, "recall": 0.7270864910951118, "f1-score": 0.705886511149669, "support": 105}, "weighted avg": {"precision": 0.7387124945418252, "recall": 0.6857142857142857, "f1-score": 0.6872558686092519, "support": 105}, "classificador": "Perceptron"}