{"casual": {"precision": 0.7, "recall": 0.7241379310344828, "f1-score": 0.711864406779661, "support": 29}, "explosion": {"precision": 0.918918918918919, "recall": 0.8717948717948718, "f1-score": 0.8947368421052632, "support": 39}, "gunshot": {"precision": 0.8333333333333334, "recall": 0.7142857142857143, "f1-score": 0.7692307692307692, "support": 21}, "siren": {"precision": 0.8, "recall": 1.0, "f1-score": 0.888888888888889, "support": 16}, "accuracy": 0.819047619047619, "macro avg": {"precision": 0.8130630630630631, "recall": 0.8275546292787672, "f1-score": 0.8161802267511455, "support": 105}, "weighted avg": {"precision": 0.8232175032175032, "recall": 0.819047619047619, "f1-score": 0.8182368858550839, "support": 105}, "classificador": "SVC"}