{"casual": {"precision": 0.5675675675675675, "recall": 0.7241379310344828, "f1-score": 0.6363636363636365, "support": 29}, "explosion": {"precision": 0.7714285714285715, "recall": 0.6923076923076923, "f1-score": 0.7297297297297296, "support": 39}, "gunshot": {"precision": 0.8888888888888888, "recall": 0.7619047619047619, "f1-score": 0.8205128205128205, "support": 21}, "siren": {"precision": 0.8666666666666667, "recall": 0.8125, "f1-score": 0.8387096774193549, "support": 16}, "accuracy": 0.7333333333333333, "macro avg": {"precision": 0.7736379236379236, "recall": 0.7477125963117343, "f1-score": 0.7563289660063854, "support": 105}, "weighted avg": {"precision": 0.7531286388429245, "recall": 0.7333333333333333, "f1-score": 0.7387059903188936, "support": 105}, "classificador": "SGDClassifier"}