{"casual": {"precision": 0.38, "recall": 0.6551724137931034, "f1-score": 0.48101265822784806, "support": 29}, "explosion": {"precision": 0.7714285714285715, "recall": 0.6923076923076923, "f1-score": 0.7297297297297296, "support": 39}, "gunshot": {"precision": 1.0, "recall": 0.14285714285714285, "f1-score": 0.25, "support": 21}, "siren": {"precision": 0.7647058823529411, "recall": 0.8125, "f1-score": 0.787878787878788, "support": 16}, "accuracy": 0.5904761904761905, "macro avg": {"precision": 0.7290336134453781, "recall": 0.5757093122394846, "f1-score": 0.5621552939590914, "support": 105}, "weighted avg": {"precision": 0.7080096038415366, "recall": 0.5904761904761905, "f1-score": 0.5739513062297872, "support": 105}, "classificador": "SVC", "mediaTempoClassificacaoCadaAudio": 0.011419353030976794, "desvioTempoClassificacaoCadaAudio": 0.005480682771167836}