{"casual": {"precision": 0.4222222222222222, "recall": 0.6551724137931034, "f1-score": 0.5135135135135135, "support": 29}, "explosion": {"precision": 0.7714285714285715, "recall": 0.6923076923076923, "f1-score": 0.7297297297297296, "support": 39}, "gunshot": {"precision": 0.7142857142857143, "recall": 0.23809523809523808, "f1-score": 0.35714285714285715, "support": 21}, "siren": {"precision": 0.7777777777777778, "recall": 0.875, "f1-score": 0.823529411764706, "support": 16}, "accuracy": 0.6190476190476191, "macro avg": {"precision": 0.6714285714285714, "recall": 0.6151438360490085, "f1-score": 0.6059788780377016, "support": 105}, "weighted avg": {"precision": 0.6645200302343159, "recall": 0.6190476190476191, "f1-score": 0.6097887803770157, "support": 105}, "classificador": "SVC", "mediaTempoClassificacaoCadaAudio": 0.010038970765613374, "desvioTempoClassificacaoCadaAudio": 0.005727281320743577}