{"casual": {"precision": 0.7027027027027027, "recall": 0.896551724137931, "f1-score": 0.787878787878788, "support": 29}, "explosion": {"precision": 0.9166666666666666, "recall": 0.8461538461538461, "f1-score": 0.8799999999999999, "support": 39}, "gunshot": {"precision": 0.8888888888888888, "recall": 0.7619047619047619, "f1-score": 0.8205128205128205, "support": 21}, "siren": {"precision": 0.9285714285714286, "recall": 0.8125, "f1-score": 0.8666666666666666, "support": 16}, "accuracy": 0.8380952380952381, "macro avg": {"precision": 0.8592074217074217, "recall": 0.8292775830491348, "f1-score": 0.8387645687645687, "support": 105}, "weighted avg": {"precision": 0.8538303609732182, "recall": 0.8380952380952381, "f1-score": 0.8406278166278166, "support": 105}, "classificador": "KNeighborsClassifier"}