{"casual": {"precision": 0.5681818181818182, "recall": 0.8620689655172413, "f1-score": 0.6849315068493151, "support": 29}, "explosion": {"precision": 0.90625, "recall": 0.7435897435897436, "f1-score": 0.8169014084507042, "support": 39}, "gunshot": {"precision": 0.9285714285714286, "recall": 0.6190476190476191, "f1-score": 0.742857142857143, "support": 21}, "siren": {"precision": 0.8666666666666667, "recall": 0.8125, "f1-score": 0.8387096774193549, "support": 16}, "accuracy": 0.7619047619047619, "macro avg": {"precision": 0.8174174783549785, "recall": 0.7593015820386511, "f1-score": 0.7708499338941294, "support": 105}, "weighted avg": {"precision": 0.8113113275613275, "recall": 0.7619047619047619, "f1-score": 0.768966890161117, "support": 105}, "classificador": "LinearDiscriminantAnalysis"}