{"casual": {"precision": 0.6153846153846154, "recall": 0.8275862068965517, "f1-score": 0.7058823529411765, "support": 29}, "explosion": {"precision": 0.9428571428571428, "recall": 0.8461538461538461, "f1-score": 0.8918918918918919, "support": 39}, "gunshot": {"precision": 1.0, "recall": 0.6190476190476191, "f1-score": 0.7647058823529412, "support": 21}, "siren": {"precision": 0.8333333333333334, "recall": 0.9375, "f1-score": 0.8823529411764706, "support": 16}, "accuracy": 0.8095238095238095, "macro avg": {"precision": 0.8478937728937729, "recall": 0.8075719180245042, "f1-score": 0.81120826709062, "support": 105}, "weighted avg": {"precision": 0.8471515785801499, "recall": 0.8095238095238095, "f1-score": 0.8136270724506018, "support": 105}, "classificador": "BaggingClassifier"}