{"casual": {"precision": 0.6578947368421053, "recall": 0.8620689655172413, "f1-score": 0.746268656716418, "support": 29}, "explosion": {"precision": 0.875, "recall": 0.717948717948718, "f1-score": 0.7887323943661971, "support": 39}, "gunshot": {"precision": 0.8823529411764706, "recall": 0.7142857142857143, "f1-score": 0.7894736842105262, "support": 21}, "siren": {"precision": 0.8888888888888888, "recall": 1.0, "f1-score": 0.9411764705882353, "support": 16}, "accuracy": 0.8, "macro avg": {"precision": 0.8260341417268662, "recall": 0.8235758494379184, "f1-score": 0.8164128014703442, "support": 105}, "weighted avg": {"precision": 0.8186245843366586, "recall": 0.8, "f1-score": 0.8003821459322917, "support": 105}, "classificador": "LinearSVC"}