{"casual": {"precision": 0.7575757575757576, "recall": 0.8620689655172413, "f1-score": 0.8064516129032258, "support": 29}, "explosion": {"precision": 0.918918918918919, "recall": 0.8717948717948718, "f1-score": 0.8947368421052632, "support": 39}, "gunshot": {"precision": 0.8421052631578947, "recall": 0.7619047619047619, "f1-score": 0.8, "support": 21}, "siren": {"precision": 0.9375, "recall": 0.9375, "f1-score": 0.9375, "support": 16}, "accuracy": 0.8571428571428571, "macro avg": {"precision": 0.8640249849131428, "recall": 0.8583171498042188, "f1-score": 0.8596721137521222, "support": 105}, "weighted avg": {"precision": 0.8618261460366723, "recall": 0.8571428571428571, "f1-score": 0.8579222249171315, "support": 105}, "classificador": "KNeighborsClassifier"}