{"casual": {"precision": 0.5675675675675675, "recall": 0.7241379310344828, "f1-score": 0.6363636363636365, "support": 29}, "explosion": {"precision": 0.8928571428571429, "recall": 0.6410256410256411, "f1-score": 0.746268656716418, "support": 39}, "gunshot": {"precision": 0.8421052631578947, "recall": 0.7619047619047619, "f1-score": 0.8, "support": 21}, "siren": {"precision": 0.7619047619047619, "recall": 1.0, "f1-score": 0.8648648648648648, "support": 16}, "accuracy": 0.7428571428571429, "macro avg": {"precision": 0.7661086838718417, "recall": 0.7817670834912214, "f1-score": 0.7618742894862298, "support": 105}, "weighted avg": {"precision": 0.7729102356921905, "recall": 0.7428571428571429, "f1-score": 0.7447320086126057, "support": 105}, "classificador": "Perceptron"}