{"casual": {"precision": 0.696969696969697, "recall": 0.7931034482758621, "f1-score": 0.7419354838709677, "support": 29}, "explosion": {"precision": 0.9210526315789473, "recall": 0.8974358974358975, "f1-score": 0.9090909090909091, "support": 39}, "gunshot": {"precision": 1.0, "recall": 0.7142857142857143, "f1-score": 0.8333333333333333, "support": 21}, "siren": {"precision": 0.8421052631578947, "recall": 1.0, "f1-score": 0.9142857142857143, "support": 16}, "accuracy": 0.8476190476190476, "macro avg": {"precision": 0.8650318979266347, "recall": 0.8512062649993685, "f1-score": 0.8496613601452311, "support": 105}, "weighted avg": {"precision": 0.8629224576592998, "recall": 0.8476190476190476, "f1-score": 0.8485642468130947, "support": 105}, "classificador": "SVC"}