{"casual": {"precision": 0.4782608695652174, "recall": 0.7586206896551724, "f1-score": 0.5866666666666667, "support": 29}, "explosion": {"precision": 0.7333333333333333, "recall": 0.5641025641025641, "f1-score": 0.6376811594202899, "support": 39}, "gunshot": {"precision": 0.625, "recall": 0.23809523809523808, "f1-score": 0.3448275862068965, "support": 21}, "siren": {"precision": 0.7142857142857143, "recall": 0.9375, "f1-score": 0.8108108108108109, "support": 16}, "accuracy": 0.6095238095238096, "macro avg": {"precision": 0.6377199792960663, "recall": 0.6245796229632437, "f1-score": 0.594996555776166, "support": 105}, "weighted avg": {"precision": 0.6383155871044071, "recall": 0.6095238095238096, "f1-score": 0.5914023888956423, "support": 105}, "classificador": "Perceptron"}