{"casual": {"precision": 0.3684210526315789, "recall": 0.7241379310344828, "f1-score": 0.48837209302325585, "support": 29}, "explosion": {"precision": 0.8285714285714286, "recall": 0.7435897435897436, "f1-score": 0.7837837837837838, "support": 39}, "gunshot": {"precision": 0.0, "recall": 0.0, "f1-score": 0.0, "support": 21}, "siren": {"precision": 0.46153846153846156, "recall": 0.375, "f1-score": 0.41379310344827586, "support": 16}, "accuracy": 0.5333333333333333, "macro avg": {"precision": 0.4146327356853673, "recall": 0.46068191865605657, "f1-score": 0.42148724506382884, "support": 105}, "weighted avg": {"precision": 0.479839158335399, "recall": 0.5333333333333333, "f1-score": 0.4890575992420419, "support": 105}, "classificador": "LinearDiscriminantAnalysis"}