{"casual": {"precision": 0.717948717948718, "recall": 0.9655172413793104, "f1-score": 0.8235294117647058, "support": 29}, "explosion": {"precision": 1.0, "recall": 0.8974358974358975, "f1-score": 0.945945945945946, "support": 39}, "gunshot": {"precision": 1.0, "recall": 0.7142857142857143, "f1-score": 0.8333333333333333, "support": 21}, "siren": {"precision": 0.9375, "recall": 0.9375, "f1-score": 0.9375, "support": 16}, "accuracy": 0.8857142857142857, "macro avg": {"precision": 0.9138621794871795, "recall": 0.8786847132752306, "f1-score": 0.8850771727609963, "support": 105}, "weighted avg": {"precision": 0.9125763125763126, "recall": 0.8857142857142857, "f1-score": 0.8883261412673178, "support": 105}, "classificador": "KNeighborsClassifier"}