{"casual": {"precision": 0.6571428571428571, "recall": 0.7931034482758621, "f1-score": 0.71875, "support": 29}, "explosion": {"precision": 0.9393939393939394, "recall": 0.7948717948717948, "f1-score": 0.8611111111111112, "support": 39}, "gunshot": {"precision": 0.8823529411764706, "recall": 0.7142857142857143, "f1-score": 0.7894736842105262, "support": 21}, "siren": {"precision": 0.8, "recall": 1.0, "f1-score": 0.888888888888889, "support": 16}, "accuracy": 0.8095238095238095, "macro avg": {"precision": 0.8197224344283167, "recall": 0.8255652393583428, "f1-score": 0.8145559210526315, "support": 105}, "weighted avg": {"precision": 0.8287896976972606, "recall": 0.8095238095238095, "f1-score": 0.8116976468950153, "support": 105}, "classificador": "LinearDiscriminantAnalysis"}