{"casual": {"precision": 0.7142857142857143, "recall": 0.8620689655172413, "f1-score": 0.7812500000000001, "support": 29}, "explosion": {"precision": 0.9444444444444444, "recall": 0.8717948717948718, "f1-score": 0.9066666666666667, "support": 39}, "gunshot": {"precision": 0.9375, "recall": 0.7142857142857143, "f1-score": 0.8108108108108109, "support": 21}, "siren": {"precision": 0.8888888888888888, "recall": 1.0, "f1-score": 0.9411764705882353, "support": 16}, "accuracy": 0.8571428571428571, "macro avg": {"precision": 0.8712797619047619, "recall": 0.8620373878994568, "f1-score": 0.8599759870164283, "support": 105}, "weighted avg": {"precision": 0.8710222978080121, "recall": 0.8571428571428571, "f1-score": 0.8581152433946553, "support": 105}, "classificador": "SVC"}