{"classificador": "Perceptron", "accuracy": 0.7238095238095238, "explosion": {"recall": 0.6666666666666666, "f1-score": 0.7323943661971831, "precision": 0.8125, "support": 39}, "siren": {"recall": 1.0, "f1-score": 0.8421052631578948, "precision": 0.7272727272727273, "support": 16}, "weighted avg": {"recall": 0.7238095238095238, "f1-score": 0.7277411625521336, "precision": 0.7619003744003745, "support": 105}, "gunshot": {"recall": 0.6666666666666666, "f1-score": 0.8, "precision": 1.0, "support": 21}, "macro avg": {"recall": 0.7557471264367815, "f1-score": 0.745140058853921, "precision": 0.770078316953317, "support": 105}, "casual": {"recall": 0.6896551724137931, "f1-score": 0.6060606060606061, "precision": 0.5405405405405406, "support": 29}}