{"classificador": "Perceptron", "accuracy": 0.6476190476190476, "explosion": {"recall": 0.7948717948717948, "f1-score": 0.6888888888888889, "precision": 0.6078431372549019, "support": 39}, "siren": {"recall": 0.9375, "f1-score": 0.8823529411764706, "precision": 0.8333333333333334, "support": 16}, "weighted avg": {"recall": 0.6476190476190476, "f1-score": 0.6096048311797837, "precision": 0.7117731941261353, "support": 105}, "gunshot": {"recall": 0.14285714285714285, "f1-score": 0.25, "precision": 1.0, "support": 21}, "macro avg": {"recall": 0.6326003378805103, "f1-score": 0.6085362639679528, "precision": 0.7542335115864528, "support": 105}, "casual": {"recall": 0.6551724137931034, "f1-score": 0.6129032258064515, "precision": 0.5757575757575758, "support": 29}}