{"classificador": "KNeighborsClassifier", "accuracy": 0.7714285714285715, "explosion": {"recall": 0.7435897435897436, "f1-score": 0.8285714285714285, "precision": 0.9354838709677419, "support": 39}, "siren": {"recall": 0.75, "f1-score": 0.8275862068965517, "precision": 0.9230769230769231, "support": 16}, "weighted avg": {"recall": 0.7714285714285715, "f1-score": 0.7774838514043126, "precision": 0.8065336053927715, "support": 105}, "gunshot": {"recall": 0.7142857142857143, "f1-score": 0.7317073170731706, "precision": 0.75, "support": 21}, "macro avg": {"recall": 0.7674861058481748, "f1-score": 0.7755376667067163, "precision": 0.8045792229014102, "support": 105}, "casual": {"recall": 0.8620689655172413, "f1-score": 0.7142857142857144, "precision": 0.6097560975609756, "support": 29}}