{"classificador": "Perceptron", "accuracy": 0.7428571428571429, "explosion": {"recall": 0.8974358974358975, "f1-score": 0.8333333333333333, "precision": 0.7777777777777778, "support": 39}, "siren": {"recall": 0.9375, "f1-score": 0.8108108108108109, "precision": 0.7142857142857143, "support": 16}, "weighted avg": {"recall": 0.7428571428571429, "f1-score": 0.732512023301497, "precision": 0.7571016285302, "support": 105}, "gunshot": {"recall": 0.47619047619047616, "f1-score": 0.6249999999999999, "precision": 0.9090909090909091, "support": 21}, "macro avg": {"recall": 0.7329540071996968, "f1-score": 0.7251807728781413, "precision": 0.761002886002886, "support": 105}, "casual": {"recall": 0.6206896551724138, "f1-score": 0.6315789473684211, "precision": 0.6428571428571429, "support": 29}}