{"classificador": "LinearSVC", "accuracy": 0.7619047619047619, "explosion": {"recall": 0.7948717948717948, "f1-score": 0.8266666666666667, "precision": 0.8611111111111112, "support": 39}, "siren": {"recall": 0.875, "f1-score": 0.823529411764706, "precision": 0.7777777777777778, "support": 16}, "weighted avg": {"recall": 0.7619047619047619, "f1-score": 0.7668578117814291, "precision": 0.798259537733222, "support": 105}, "gunshot": {"recall": 0.6190476190476191, "f1-score": 0.7647058823529412, "precision": 1.0, "support": 21}, "macro avg": {"recall": 0.7618850258936466, "f1-score": 0.7679045946736904, "precision": 0.8044590643274854, "support": 105}, "casual": {"recall": 0.7586206896551724, "f1-score": 0.6567164179104478, "precision": 0.5789473684210527, "support": 29}}