{"classificador": "KNeighborsClassifier", "accuracy": 0.8380952380952381, "explosion": {"recall": 0.8205128205128205, "f1-score": 0.8533333333333333, "precision": 0.8888888888888888, "support": 39}, "siren": {"recall": 0.8125, "f1-score": 0.896551724137931, "precision": 1.0, "support": 16}, "weighted avg": {"recall": 0.8380952380952381, "f1-score": 0.842691827831258, "precision": 0.8689682539682541, "support": 105}, "gunshot": {"recall": 0.7619047619047619, "f1-score": 0.8648648648648648, "precision": 1.0, "support": 21}, "macro avg": {"recall": 0.8314880162940508, "f1-score": 0.8493396544970757, "precision": 0.8909722222222223, "support": 105}, "casual": {"recall": 0.9310344827586207, "f1-score": 0.7826086956521738, "precision": 0.675, "support": 29}}