{"classificador": "LinearSVC", "accuracy": 0.6571428571428571, "explosion": {"recall": 0.717948717948718, "f1-score": 0.7000000000000001, "precision": 0.6829268292682927, "support": 39}, "siren": {"recall": 0.9375, "f1-score": 0.8108108108108109, "precision": 0.7142857142857143, "support": 16}, "weighted avg": {"recall": 0.6571428571428571, "f1-score": 0.6262636081459612, "precision": 0.7183018298000876, "support": 105}, "gunshot": {"recall": 0.19047619047619047, "f1-score": 0.32, "precision": 1.0, "support": 21}, "macro avg": {"recall": 0.6511363995200201, "f1-score": 0.6194674085850557, "precision": 0.7403287769141428, "support": 105}, "casual": {"recall": 0.7586206896551724, "f1-score": 0.6470588235294118, "precision": 0.5641025641025641, "support": 29}}