{"classificador": "SGDClassifier", "accuracy": 0.8095238095238095, "explosion": {"recall": 0.8205128205128205, "f1-score": 0.8767123287671232, "precision": 0.9411764705882353, "support": 39}, "siren": {"recall": 0.9375, "f1-score": 0.8571428571428572, "precision": 0.7894736842105263, "support": 16}, "weighted avg": {"recall": 0.8095238095238095, "f1-score": 0.8122706616893333, "precision": 0.8469257608576495, "support": 105}, "gunshot": {"recall": 0.6190476190476191, "f1-score": 0.7647058823529412, "precision": 1.0, "support": 21}, "macro avg": {"recall": 0.8097823512694202, "f1-score": 0.8084637964774951, "precision": 0.8429189489561006, "support": 105}, "casual": {"recall": 0.8620689655172413, "f1-score": 0.7352941176470588, "precision": 0.6410256410256411, "support": 29}}