{"classificador": "BaggingClassifier", "accuracy": 0.8476190476190476, "explosion": {"recall": 0.9230769230769231, "f1-score": 0.935064935064935, "precision": 0.9473684210526315, "support": 39}, "siren": {"recall": 0.9375, "f1-score": 0.9090909090909091, "precision": 0.8823529411764706, "support": 16}, "weighted avg": {"recall": 0.8476190476190476, "f1-score": 0.8480143572580547, "precision": 0.8729486673759119, "support": 105}, "gunshot": {"recall": 0.6190476190476191, "f1-score": 0.7647058823529412, "precision": 1.0, "support": 21}, "macro avg": {"recall": 0.8354233769104459, "f1-score": 0.8416093710211358, "precision": 0.8763492594761945, "support": 105}, "casual": {"recall": 0.8620689655172413, "f1-score": 0.7575757575757576, "precision": 0.6756756756756757, "support": 29}}