{"classificador": "KNeighborsClassifier", "accuracy": 0.8380952380952381, "explosion": {"recall": 0.7948717948717948, "f1-score": 0.8611111111111112, "precision": 0.9393939393939394, "support": 39}, "siren": {"recall": 0.8125, "f1-score": 0.896551724137931, "precision": 1.0, "support": 16}, "weighted avg": {"recall": 0.8380952380952381, "f1-score": 0.8454664060182836, "precision": 0.8788497217068647, "support": 105}, "gunshot": {"recall": 0.8095238095238095, "f1-score": 0.8947368421052632, "precision": 1.0, "support": 21}, "macro avg": {"recall": 0.8369825217885563, "f1-score": 0.8532407644089989, "precision": 0.8955627705627706, "support": 105}, "casual": {"recall": 0.9310344827586207, "f1-score": 0.7605633802816901, "precision": 0.6428571428571429, "support": 29}}