{"classificador": "BaggingClassifier", "accuracy": 0.7523809523809524, "explosion": {"recall": 0.7948717948717948, "f1-score": 0.8493150684931507, "precision": 0.9117647058823529, "support": 39}, "siren": {"recall": 0.9375, "f1-score": 0.8333333333333334, "precision": 0.75, "support": 16}, "weighted avg": {"recall": 0.7523809523809524, "f1-score": 0.7515709936942814, "precision": 0.7935688820982938, "support": 105}, "gunshot": {"recall": 0.47619047619047616, "f1-score": 0.6249999999999999, "precision": 0.9090909090909091, "support": 21}, "macro avg": {"recall": 0.7504164298345333, "f1-score": 0.7435787671232877, "precision": 0.7864639037433155, "support": 105}, "casual": {"recall": 0.7931034482758621, "f1-score": 0.6666666666666666, "precision": 0.575, "support": 29}}