{"casual": {"precision": 0.32894736842105265, "recall": 0.8620689655172413, "f1-score": 0.4761904761904762, "support": 29}, "explosion": {"precision": 0.85, "recall": 0.4358974358974359, "f1-score": 0.5762711864406781, "support": 39}, "gunshot": {"precision": 0.0, "recall": 0.0, "f1-score": 0.0, "support": 21}, "siren": {"precision": 0.6666666666666666, "recall": 0.375, "f1-score": 0.4800000000000001, "support": 16}, "accuracy": 0.45714285714285713, "macro avg": {"precision": 0.4614035087719298, "recall": 0.4182416003536693, "f1-score": 0.3831154156577886, "support": 105}, "weighted avg": {"precision": 0.5081537176274018, "recall": 0.45714285714285713, "f1-score": 0.4187057150543834, "support": 105}, "classificador": "BaggingClassifier"}