{"casual": {"precision": 0.4222222222222222, "recall": 0.6551724137931034, "f1-score": 0.5135135135135135, "support": 29}, "explosion": {"precision": 0.7368421052631579, "recall": 0.717948717948718, "f1-score": 0.7272727272727273, "support": 39}, "gunshot": {"precision": 0.0, "recall": 0.0, "f1-score": 0.0, "support": 21}, "siren": {"precision": 0.6818181818181818, "recall": 0.9375, "f1-score": 0.7894736842105263, "support": 16}, "accuracy": 0.5904761904761905, "macro avg": {"precision": 0.4602206273258904, "recall": 0.5776552829354553, "f1-score": 0.5075649812491918, "support": 105}, "weighted avg": {"precision": 0.4941940710361763, "recall": 0.5904761904761905, "f1-score": 0.5322581638371111, "support": 105}, "classificador": "SGDClassifier"}