{"casual": {"precision": 0.38596491228070173, "recall": 0.7586206896551724, "f1-score": 0.5116279069767441, "support": 29}, "explosion": {"precision": 0.75, "recall": 0.6153846153846154, "f1-score": 0.676056338028169, "support": 39}, "gunshot": {"precision": 0.0, "recall": 0.0, "f1-score": 0.0, "support": 21}, "siren": {"precision": 0.6875, "recall": 0.6875, "f1-score": 0.6875, "support": 16}, "accuracy": 0.5428571428571428, "macro avg": {"precision": 0.4558662280701754, "recall": 0.5153763262599469, "f1-score": 0.4687960612512283, "support": 105}, "weighted avg": {"precision": 0.4899331662489557, "recall": 0.5428571428571428, "f1-score": 0.49717529986118253, "support": 105}, "classificador": "SGDClassifier"}