{"casual": {"precision": 0.42105263157894735, "recall": 0.5517241379310345, "f1-score": 0.47761194029850745, "support": 29}, "explosion": {"precision": 0.6842105263157895, "recall": 0.6666666666666666, "f1-score": 0.6753246753246753, "support": 39}, "gunshot": {"precision": 1.0, "recall": 0.14285714285714285, "f1-score": 0.25, "support": 21}, "siren": {"precision": 0.6153846153846154, "recall": 1.0, "f1-score": 0.761904761904762, "support": 16}, "accuracy": 0.580952380952381, "macro avg": {"precision": 0.680161943319838, "recall": 0.590311986863711, "f1-score": 0.5412103443819862, "support": 105}, "weighted avg": {"precision": 0.6641989589358009, "recall": 0.580952380952381, "f1-score": 0.5488465218742404, "support": 105}, "classificador": "Perceptron"}