{"casual": {"precision": 0.4418604651162791, "recall": 0.6551724137931034, "f1-score": 0.5277777777777777, "support": 29}, "explosion": {"precision": 0.6444444444444445, "recall": 0.7435897435897436, "f1-score": 0.6904761904761906, "support": 39}, "gunshot": {"precision": 0.0, "recall": 0.0, "f1-score": 0.0, "support": 21}, "siren": {"precision": 0.7058823529411765, "recall": 0.75, "f1-score": 0.7272727272727272, "support": 16}, "accuracy": 0.5714285714285714, "macro avg": {"precision": 0.448046815625475, "recall": 0.5371905393457117, "f1-score": 0.48638167388167386, "support": 105}, "weighted avg": {"precision": 0.4689657568453739, "recall": 0.5714285714285714, "f1-score": 0.5130522916237202, "support": 105}, "classificador": "SGDClassifier"}