{"casual": {"precision": 0.4126984126984127, "recall": 0.896551724137931, "f1-score": 0.5652173913043478, "support": 29}, "explosion": {"precision": 0.9545454545454546, "recall": 0.5384615384615384, "f1-score": 0.6885245901639344, "support": 39}, "gunshot": {"precision": 0.3888888888888889, "recall": 0.3333333333333333, "f1-score": 0.358974358974359, "support": 21}, "siren": {"precision": 1.0, "recall": 0.125, "f1-score": 0.2222222222222222, "support": 16}, "accuracy": 0.5333333333333333, "macro avg": {"precision": 0.689033189033189, "recall": 0.47333664898320066, "f1-score": 0.45873464066621583, "support": 105}, "weighted avg": {"precision": 0.6986875558304129, "recall": 0.5333333333333333, "f1-score": 0.517502671030825, "support": 105}, "classificador": "KNeighborsClassifier"}