{"casual": {"precision": 0.2972972972972973, "recall": 0.7586206896551724, "f1-score": 0.42718446601941745, "support": 29}, "explosion": {"precision": 0.7894736842105263, "recall": 0.38461538461538464, "f1-score": 0.5172413793103449, "support": 39}, "gunshot": {"precision": 0.0, "recall": 0.0, "f1-score": 0.0, "support": 21}, "siren": {"precision": 0.5, "recall": 0.375, "f1-score": 0.42857142857142855, "support": 16}, "accuracy": 0.4095238095238095, "macro avg": {"precision": 0.3966927453769559, "recall": 0.37955901856763924, "f1-score": 0.3432493184752977, "support": 105}, "weighted avg": {"precision": 0.4515342410079252, "recall": 0.4095238095238095, "f1-score": 0.375408630141042, "support": 105}, "classificador": "SVC"}