{"casual": {"precision": 0.7666666666666667, "recall": 0.7931034482758621, "f1-score": 0.7796610169491527, "support": 29}, "explosion": {"precision": 0.9230769230769231, "recall": 0.9230769230769231, "f1-score": 0.9230769230769231, "support": 39}, "gunshot": {"precision": 0.9375, "recall": 0.7142857142857143, "f1-score": 0.8108108108108109, "support": 21}, "siren": {"precision": 0.8, "recall": 1.0, "f1-score": 0.888888888888889, "support": 16}, "accuracy": 0.8571428571428571, "macro avg": {"precision": 0.8568108974358974, "recall": 0.8576165214096249, "f1-score": 0.8506094099314438, "support": 105}, "weighted avg": {"precision": 0.8640079365079365, "recall": 0.8571428571428571, "f1-score": 0.855803988007378, "support": 105}, "classificador": "SVC"}