{"casual": {"precision": 0.5833333333333334, "recall": 0.7241379310344828, "f1-score": 0.6461538461538462, "support": 29}, "explosion": {"precision": 0.8709677419354839, "recall": 0.6923076923076923, "f1-score": 0.7714285714285716, "support": 39}, "gunshot": {"precision": 0.8, "recall": 0.7619047619047619, "f1-score": 0.7804878048780488, "support": 21}, "siren": {"precision": 0.8333333333333334, "recall": 0.9375, "f1-score": 0.8823529411764706, "support": 16}, "accuracy": 0.7523809523809524, "macro avg": {"precision": 0.7719086021505377, "recall": 0.7789625963117343, "f1-score": 0.7701057909092343, "support": 105}, "weighted avg": {"precision": 0.7715975422427035, "recall": 0.7523809523809524, "f1-score": 0.7555434931946514, "support": 105}, "classificador": "Perceptron"}