{"casual": {"precision": 0.6896551724137931, "recall": 0.6896551724137931, "f1-score": 0.6896551724137931, "support": 29}, "explosion": {"precision": 0.9411764705882353, "recall": 0.8205128205128205, "f1-score": 0.8767123287671232, "support": 39}, "gunshot": {"precision": 0.5384615384615384, "recall": 0.6666666666666666, "f1-score": 0.5957446808510638, "support": 21}, "siren": {"precision": 0.875, "recall": 0.875, "f1-score": 0.875, "support": 16}, "accuracy": 0.7619047619047619, "macro avg": {"precision": 0.7610732953658917, "recall": 0.7629586648983201, "f1-score": 0.759278045507995, "support": 105}, "weighted avg": {"precision": 0.7810816634346046, "recall": 0.7619047619047619, "f1-score": 0.768594467807525, "support": 105}, "classificador": "KNeighborsClassifier"}