{"casual": {"precision": 0.6153846153846154, "recall": 0.5517241379310345, "f1-score": 0.5818181818181819, "support": 29}, "explosion": {"precision": 0.8333333333333334, "recall": 0.7692307692307693, "f1-score": 0.8, "support": 39}, "gunshot": {"precision": 0.8, "recall": 0.5714285714285714, "f1-score": 0.6666666666666666, "support": 21}, "siren": {"precision": 0.5714285714285714, "recall": 1.0, "f1-score": 0.7272727272727273, "support": 16}, "accuracy": 0.7047619047619048, "macro avg": {"precision": 0.70503663003663, "recall": 0.7230958696475938, "f1-score": 0.6939393939393939, "support": 105}, "weighted avg": {"precision": 0.7265620094191523, "recall": 0.7047619047619048, "f1-score": 0.701991341991342, "support": 105}, "classificador": "SGDClassifier"}