{"casual": {"precision": 0.5, "recall": 0.5862068965517241, "f1-score": 0.5396825396825397, "support": 29}, "explosion": {"precision": 0.5957446808510638, "recall": 0.717948717948718, "f1-score": 0.6511627906976744, "support": 39}, "gunshot": {"precision": 0.8333333333333334, "recall": 0.23809523809523808, "f1-score": 0.37037037037037035, "support": 21}, "siren": {"precision": 0.8333333333333334, "recall": 0.9375, "f1-score": 0.8823529411764706, "support": 16}, "accuracy": 0.6190476190476191, "macro avg": {"precision": 0.6906028368794327, "recall": 0.6199377131489201, "f1-score": 0.6108921604817638, "support": 105}, "weighted avg": {"precision": 0.6530226274907125, "recall": 0.6190476190476191, "f1-score": 0.5994434983295643, "support": 105}, "classificador": "Perceptron"}