{"casual": {"precision": 0.56, "recall": 0.4827586206896552, "f1-score": 0.5185185185185185, "support": 29}, "explosion": {"precision": 0.7272727272727273, "recall": 0.8205128205128205, "f1-score": 0.7710843373493976, "support": 39}, "gunshot": {"precision": 0.8125, "recall": 0.6190476190476191, "f1-score": 0.7027027027027026, "support": 21}, "siren": {"precision": 0.7, "recall": 0.875, "f1-score": 0.7777777777777777, "support": 16}, "accuracy": 0.6952380952380952, "macro avg": {"precision": 0.6999431818181818, "recall": 0.6993297650625236, "f1-score": 0.6925208340870991, "support": 105}, "weighted avg": {"precision": 0.6939632034632035, "recall": 0.6952380952380952, "f1-score": 0.6886716894749022, "support": 105}, "classificador": "Perceptron"}