{"casual": {"precision": 0.5625, "recall": 0.6206896551724138, "f1-score": 0.5901639344262296, "support": 29}, "explosion": {"precision": 0.7428571428571429, "recall": 0.6666666666666666, "f1-score": 0.7027027027027027, "support": 39}, "gunshot": {"precision": 0.6521739130434783, "recall": 0.7142857142857143, "f1-score": 0.6818181818181819, "support": 21}, "siren": {"precision": 0.8, "recall": 0.75, "f1-score": 0.7741935483870969, "support": 16}, "accuracy": 0.6761904761904762, "macro avg": {"precision": 0.6893827639751553, "recall": 0.6879105090311987, "f1-score": 0.6872195918335527, "support": 105}, "weighted avg": {"precision": 0.6836150547175393, "recall": 0.6761904761904762, "f1-score": 0.6783375056775375, "support": 105}, "classificador": "LinearSVC"}