{"casual": {"precision": 0.5714285714285714, "recall": 0.8275862068965517, "f1-score": 0.676056338028169, "support": 29}, "explosion": {"precision": 0.96, "recall": 0.6153846153846154, "f1-score": 0.7500000000000001, "support": 39}, "gunshot": {"precision": 0.8823529411764706, "recall": 0.7142857142857143, "f1-score": 0.7894736842105262, "support": 21}, "siren": {"precision": 0.7142857142857143, "recall": 0.9375, "f1-score": 0.8108108108108109, "support": 16}, "accuracy": 0.7428571428571429, "macro avg": {"precision": 0.7820168067226891, "recall": 0.7736891341417204, "f1-score": 0.7565852082623765, "support": 105}, "weighted avg": {"precision": 0.7997086834733893, "recall": 0.7428571428571429, "f1-score": 0.7467386108972468, "support": 105}, "classificador": "SGDClassifier"}