{"casual": {"precision": 0.5, "recall": 0.7931034482758621, "f1-score": 0.6133333333333334, "support": 29}, "explosion": {"precision": 0.8461538461538461, "recall": 0.5641025641025641, "f1-score": 0.676923076923077, "support": 39}, "gunshot": {"precision": 0.8571428571428571, "recall": 0.5714285714285714, "f1-score": 0.6857142857142857, "support": 21}, "siren": {"precision": 0.7368421052631579, "recall": 0.875, "f1-score": 0.7999999999999999, "support": 16}, "accuracy": 0.6761904761904762, "macro avg": {"precision": 0.7350347021399654, "recall": 0.7009086459517494, "f1-score": 0.6939926739926741, "support": 105}, "weighted avg": {"precision": 0.7360902255639097, "recall": 0.6761904761904762, "f1-score": 0.679873015873016, "support": 105}, "classificador": "Perceptron"}