{"casual": {"precision": 0.5853658536585366, "recall": 0.8275862068965517, "f1-score": 0.6857142857142856, "support": 29}, "explosion": {"precision": 0.96, "recall": 0.6153846153846154, "f1-score": 0.7500000000000001, "support": 39}, "gunshot": {"precision": 0.8888888888888888, "recall": 0.7619047619047619, "f1-score": 0.8205128205128205, "support": 21}, "siren": {"precision": 0.7142857142857143, "recall": 0.9375, "f1-score": 0.8108108108108109, "support": 16}, "accuracy": 0.7523809523809524, "macro avg": {"precision": 0.787135114208285, "recall": 0.7855938960464822, "f1-score": 0.7667594792594793, "support": 105}, "weighted avg": {"precision": 0.804865217631768, "recall": 0.7523809523809524, "f1-score": 0.7556138713281569, "support": 105}, "classificador": "SGDClassifier"}