{"casual": {"precision": 0.6666666666666666, "recall": 0.8275862068965517, "f1-score": 0.7384615384615385, "support": 29}, "explosion": {"precision": 0.8947368421052632, "recall": 0.8717948717948718, "f1-score": 0.8831168831168831, "support": 39}, "gunshot": {"precision": 0.7142857142857143, "recall": 0.47619047619047616, "f1-score": 0.5714285714285714, "support": 21}, "siren": {"precision": 0.8823529411764706, "recall": 0.9375, "f1-score": 0.9090909090909091, "support": 16}, "accuracy": 0.7904761904761904, "macro avg": {"precision": 0.7895105410585287, "recall": 0.7782678887204749, "f1-score": 0.7755244755244755, "support": 105}, "weighted avg": {"precision": 0.7937687355644011, "recall": 0.7904761904761904, "f1-score": 0.7847847390704534, "support": 105}, "classificador": "SVC"}