{"casual": {"precision": 0.5365853658536586, "recall": 0.7586206896551724, "f1-score": 0.6285714285714286, "support": 29}, "explosion": {"precision": 0.8275862068965517, "recall": 0.6153846153846154, "f1-score": 0.7058823529411765, "support": 39}, "gunshot": {"precision": 0.6, "recall": 0.5714285714285714, "f1-score": 0.5853658536585366, "support": 21}, "siren": {"precision": 0.8, "recall": 0.75, "f1-score": 0.7741935483870969, "support": 16}, "accuracy": 0.6666666666666666, "macro avg": {"precision": 0.6910428931875525, "recall": 0.6738584691170898, "f1-score": 0.6735032958895597, "support": 105}, "weighted avg": {"precision": 0.697493692178301, "recall": 0.6666666666666666, "f1-score": 0.6708358370885725, "support": 105}, "classificador": "SGDClassifier"}