{"casual": {"precision": 0.5428571428571428, "recall": 0.6551724137931034, "f1-score": 0.5937499999999999, "support": 29}, "explosion": {"precision": 0.78125, "recall": 0.6410256410256411, "f1-score": 0.7042253521126761, "support": 39}, "gunshot": {"precision": 0.5238095238095238, "recall": 0.5238095238095238, "f1-score": 0.5238095238095238, "support": 21}, "siren": {"precision": 0.7647058823529411, "recall": 0.8125, "f1-score": 0.787878787878788, "support": 16}, "accuracy": 0.6476190476190476, "macro avg": {"precision": 0.6531556372549019, "recall": 0.6581268946570671, "f1-score": 0.652415915950247, "support": 105}, "weighted avg": {"precision": 0.6613990596238496, "recall": 0.6476190476190476, "f1-score": 0.650377136556714, "support": 105}, "classificador": "SGDClassifier"}