{"casual": {"precision": 0.575, "recall": 0.7931034482758621, "f1-score": 0.6666666666666666, "support": 29}, "explosion": {"precision": 0.7741935483870968, "recall": 0.6153846153846154, "f1-score": 0.6857142857142857, "support": 39}, "gunshot": {"precision": 0.5882352941176471, "recall": 0.47619047619047616, "f1-score": 0.5263157894736842, "support": 21}, "siren": {"precision": 0.8235294117647058, "recall": 0.875, "f1-score": 0.8484848484848485, "support": 16}, "accuracy": 0.6761904761904762, "macro avg": {"precision": 0.6902395635673624, "recall": 0.6899196349627384, "f1-score": 0.6817953975848713, "support": 105}, "weighted avg": {"precision": 0.6895043823981205, "recall": 0.6761904761904762, "f1-score": 0.6733769488656707, "support": 105}, "classificador": "SGDClassifier"}