{"casual": {"precision": 0.7575757575757576, "recall": 0.8620689655172413, "f1-score": 0.8064516129032258, "support": 29}, "explosion": {"precision": 0.9230769230769231, "recall": 0.9230769230769231, "f1-score": 0.9230769230769231, "support": 39}, "gunshot": {"precision": 1.0, "recall": 0.7619047619047619, "f1-score": 0.8648648648648648, "support": 21}, "siren": {"precision": 0.9411764705882353, "recall": 1.0, "f1-score": 0.9696969696969697, "support": 16}, "accuracy": 0.8857142857142857, "macro avg": {"precision": 0.9054572878102289, "recall": 0.8867626626247316, "f1-score": 0.8910225926354959, "support": 105}, "weighted avg": {"precision": 0.8955097190391308, "recall": 0.8857142857142857, "f1-score": 0.8863277185857831, "support": 105}, "classificador": "KNeighborsClassifier"}