{"casual": {"precision": 0.8125, "recall": 0.896551724137931, "f1-score": 0.8524590163934426, "support": 29}, "explosion": {"precision": 0.9230769230769231, "recall": 0.9230769230769231, "f1-score": 0.9230769230769231, "support": 39}, "gunshot": {"precision": 0.9411764705882353, "recall": 0.7619047619047619, "f1-score": 0.8421052631578947, "support": 21}, "siren": {"precision": 0.8823529411764706, "recall": 0.9375, "f1-score": 0.9090909090909091, "support": 16}, "accuracy": 0.8857142857142857, "macro avg": {"precision": 0.8897765837104072, "recall": 0.879758352279904, "f1-score": 0.8816830279297924, "support": 105}, "weighted avg": {"precision": 0.8899509803921568, "recall": 0.8857142857142857, "f1-score": 0.8852473956874302, "support": 105}, "classificador": "KNeighborsClassifier"}