{"casual": {"precision": 0.6285714285714286, "recall": 0.7586206896551724, "f1-score": 0.6875, "support": 29}, "explosion": {"precision": 0.8611111111111112, "recall": 0.7948717948717948, "f1-score": 0.8266666666666667, "support": 39}, "gunshot": {"precision": 0.8823529411764706, "recall": 0.7142857142857143, "f1-score": 0.7894736842105262, "support": 21}, "siren": {"precision": 0.8823529411764706, "recall": 0.9375, "f1-score": 0.9090909090909091, "support": 16}, "accuracy": 0.7904761904761904, "macro avg": {"precision": 0.8135971055088702, "recall": 0.8013195497031704, "f1-score": 0.8031828149920255, "support": 105}, "weighted avg": {"precision": 0.8043710817660397, "recall": 0.7904761904761904, "f1-score": 0.7933514467988152, "support": 105}, "classificador": "LinearDiscriminantAnalysis"}