{"casual": {"precision": 0.631578947368421, "recall": 0.8275862068965517, "f1-score": 0.716417910447761, "support": 29}, "explosion": {"precision": 0.9090909090909091, "recall": 0.7692307692307693, "f1-score": 0.8333333333333333, "support": 39}, "gunshot": {"precision": 0.9411764705882353, "recall": 0.7619047619047619, "f1-score": 0.8421052631578947, "support": 21}, "siren": {"precision": 0.8823529411764706, "recall": 0.9375, "f1-score": 0.9090909090909091, "support": 16}, "accuracy": 0.8095238095238095, "macro avg": {"precision": 0.8410498170560089, "recall": 0.8240554345080207, "f1-score": 0.8252368540074746, "support": 105}, "weighted avg": {"precision": 0.8347875035181536, "recall": 0.8095238095238095, "f1-score": 0.81434080452148, "support": 105}, "classificador": "SGDClassifier"}