{"casual": {"precision": 0.6511627906976745, "recall": 0.9655172413793104, "f1-score": 0.7777777777777779, "support": 29}, "explosion": {"precision": 1.0, "recall": 0.6153846153846154, "f1-score": 0.761904761904762, "support": 39}, "gunshot": {"precision": 0.85, "recall": 0.8095238095238095, "f1-score": 0.8292682926829269, "support": 21}, "siren": {"precision": 0.8888888888888888, "recall": 1.0, "f1-score": 0.9411764705882353, "support": 16}, "accuracy": 0.8095238095238095, "macro avg": {"precision": 0.8475129198966408, "recall": 0.8476064165719339, "f1-score": 0.8275318257384257, "support": 105}, "weighted avg": {"precision": 0.856723268118617, "recall": 0.8095238095238095, "f1-score": 0.8070790375770907, "support": 105}, "classificador": "Perceptron"}