{"casual": {"precision": 0.6111111111111112, "recall": 0.7586206896551724, "f1-score": 0.676923076923077, "support": 29}, "explosion": {"precision": 0.8285714285714286, "recall": 0.7435897435897436, "f1-score": 0.7837837837837838, "support": 39}, "gunshot": {"precision": 0.8333333333333334, "recall": 0.7142857142857143, "f1-score": 0.7692307692307692, "support": 21}, "siren": {"precision": 0.9375, "recall": 0.9375, "f1-score": 0.9375, "support": 16}, "accuracy": 0.7714285714285715, "macro avg": {"precision": 0.8026289682539683, "recall": 0.7884990368826575, "f1-score": 0.7918594074844074, "support": 105}, "weighted avg": {"precision": 0.7860619803476947, "recall": 0.7714285714285715, "f1-score": 0.7747826947826947, "support": 105}, "classificador": "LinearDiscriminantAnalysis"}