{"casual": {"precision": 0.38181818181818183, "recall": 0.7241379310344828, "f1-score": 0.5000000000000001, "support": 29}, "explosion": {"precision": 0.7428571428571429, "recall": 0.6666666666666666, "f1-score": 0.7027027027027027, "support": 39}, "gunshot": {"precision": 1.0, "recall": 0.047619047619047616, "f1-score": 0.0909090909090909, "support": 21}, "siren": {"precision": 0.8571428571428571, "recall": 0.75, "f1-score": 0.7999999999999999, "support": 16}, "accuracy": 0.5714285714285714, "macro avg": {"precision": 0.7454545454545455, "recall": 0.5471059113300493, "f1-score": 0.5234029484029484, "support": 105}, "weighted avg": {"precision": 0.7119851576994435, "recall": 0.5714285714285714, "f1-score": 0.5391856791856792, "support": 105}, "classificador": "LinearDiscriminantAnalysis"}