{"casual": {"precision": 0.3333333333333333, "recall": 0.6551724137931034, "f1-score": 0.4418604651162791, "support": 29}, "explosion": {"precision": 0.8076923076923077, "recall": 0.5384615384615384, "f1-score": 0.6461538461538461, "support": 39}, "gunshot": {"precision": 1.0, "recall": 0.09523809523809523, "f1-score": 0.17391304347826084, "support": 21}, "siren": {"precision": 0.65, "recall": 0.8125, "f1-score": 0.7222222222222223, "support": 16}, "accuracy": 0.5238095238095238, "macro avg": {"precision": 0.6977564102564102, "recall": 0.5253430118731843, "f1-score": 0.49603739424265203, "support": 105}, "weighted avg": {"precision": 0.6911111111111111, "recall": 0.5238095238095238, "f1-score": 0.5068731710187726, "support": 105}, "classificador": "SVC"}