{"casual": {"precision": 0.35185185185185186, "recall": 0.6551724137931034, "f1-score": 0.4578313253012048, "support": 29}, "explosion": {"precision": 0.8125, "recall": 0.6666666666666666, "f1-score": 0.7323943661971831, "support": 39}, "gunshot": {"precision": 0.5, "recall": 0.047619047619047616, "f1-score": 0.08695652173913042, "support": 21}, "siren": {"precision": 0.7058823529411765, "recall": 0.75, "f1-score": 0.7272727272727272, "support": 16}, "accuracy": 0.5523809523809524, "macro avg": {"precision": 0.5925585511982571, "recall": 0.5298645320197044, "f1-score": 0.5011137351275614, "support": 105}, "weighted avg": {"precision": 0.6065268700072621, "recall": 0.5523809523809524, "f1-score": 0.5266946600791472, "support": 105}, "classificador": "LinearDiscriminantAnalysis"}