{"casual": {"precision": 0.6052631578947368, "recall": 0.7931034482758621, "f1-score": 0.6865671641791046, "support": 29}, "explosion": {"precision": 0.9583333333333334, "recall": 0.5897435897435898, "f1-score": 0.7301587301587301, "support": 39}, "gunshot": {"precision": 0.4411764705882353, "recall": 0.7142857142857143, "f1-score": 0.5454545454545455, "support": 21}, "siren": {"precision": 0.8888888888888888, "recall": 0.5, "f1-score": 0.64, "support": 16}, "accuracy": 0.6571428571428571, "macro avg": {"precision": 0.7234154626762986, "recall": 0.6492831880762916, "f1-score": 0.6505451099480951, "support": 105}, "weighted avg": {"precision": 0.7468053303192621, "recall": 0.6571428571428571, "f1-score": 0.6674398446850471, "support": 105}, "classificador": "KNeighborsClassifier"}