{"casual": {"precision": 0.36538461538461536, "recall": 0.6551724137931034, "f1-score": 0.4691358024691357, "support": 29}, "explosion": {"precision": 0.7027027027027027, "recall": 0.6666666666666666, "f1-score": 0.6842105263157895, "support": 39}, "gunshot": {"precision": 0.6666666666666666, "recall": 0.09523809523809523, "f1-score": 0.16666666666666666, "support": 21}, "siren": {"precision": 0.8461538461538461, "recall": 0.6875, "f1-score": 0.7586206896551724, "support": 16}, "accuracy": 0.5523809523809524, "macro avg": {"precision": 0.6452269577269577, "recall": 0.5261442939244664, "f1-score": 0.519658421276691, "support": 105}, "weighted avg": {"precision": 0.6241906741906742, "recall": 0.5523809523809524, "f1-score": 0.5326388555467, "support": 105}, "classificador": "LinearDiscriminantAnalysis"}