{"casual": {"precision": 0.3076923076923077, "recall": 0.8275862068965517, "f1-score": 0.44859813084112143, "support": 29}, "explosion": {"precision": 0.8666666666666667, "recall": 0.3333333333333333, "f1-score": 0.48148148148148145, "support": 39}, "gunshot": {"precision": 0.0, "recall": 0.0, "f1-score": 0.0, "support": 21}, "siren": {"precision": 0.5833333333333334, "recall": 0.4375, "f1-score": 0.5, "support": 16}, "accuracy": 0.41904761904761906, "macro avg": {"precision": 0.4394230769230769, "recall": 0.39960488505747127, "f1-score": 0.35751990308065074, "support": 105}, "weighted avg": {"precision": 0.4957753357753359, "recall": 0.41904761904761906, "f1-score": 0.37892498640162187, "support": 105}, "classificador": "SVC"}