{"casual": {"precision": 0.4418604651162791, "recall": 0.6551724137931034, "f1-score": 0.5277777777777777, "support": 29}, "explosion": {"precision": 0.6666666666666666, "recall": 0.717948717948718, "f1-score": 0.691358024691358, "support": 39}, "gunshot": {"precision": 0.0, "recall": 0.0, "f1-score": 0.0, "support": 21}, "siren": {"precision": 0.65, "recall": 0.8125, "f1-score": 0.7222222222222223, "support": 16}, "accuracy": 0.5714285714285714, "macro avg": {"precision": 0.43963178294573646, "recall": 0.5464052829354553, "f1-score": 0.4853395061728395, "support": 105}, "weighted avg": {"precision": 0.4687043189368771, "recall": 0.5714285714285714, "f1-score": 0.5126102292768959, "support": 105}, "classificador": "SGDClassifier"}