{"casual": {"precision": 0.4444444444444444, "recall": 0.5517241379310345, "f1-score": 0.4923076923076923, "support": 29}, "explosion": {"precision": 0.7647058823529411, "recall": 0.6666666666666666, "f1-score": 0.7123287671232877, "support": 39}, "gunshot": {"precision": 0.7058823529411765, "recall": 0.5714285714285714, "f1-score": 0.6315789473684211, "support": 21}, "siren": {"precision": 0.6666666666666666, "recall": 0.75, "f1-score": 0.7058823529411765, "support": 16}, "accuracy": 0.6285714285714286, "macro avg": {"precision": 0.6454248366013071, "recall": 0.6349548440065682, "f1-score": 0.6355244399351444, "support": 105}, "weighted avg": {"precision": 0.6495487083722378, "recall": 0.6285714285714286, "f1-score": 0.6344287670145424, "support": 105}, "classificador": "Perceptron"}