{"casual": {"precision": 0.5172413793103449, "recall": 0.5172413793103449, "f1-score": 0.5172413793103449, "support": 29}, "explosion": {"precision": 0.8, "recall": 0.717948717948718, "f1-score": 0.7567567567567569, "support": 39}, "gunshot": {"precision": 0.875, "recall": 0.3333333333333333, "f1-score": 0.48275862068965514, "support": 21}, "siren": {"precision": 0.48484848484848486, "recall": 1.0, "f1-score": 0.653061224489796, "support": 16}, "accuracy": 0.6285714285714286, "macro avg": {"precision": 0.6692724660397075, "recall": 0.6421308576480991, "f1-score": 0.6024544953116382, "support": 105}, "weighted avg": {"precision": 0.688881673881674, "recall": 0.6285714285714286, "f1-score": 0.620004039426981, "support": 105}, "classificador": "SGDClassifier"}