{"casual": {"precision": 0.4594594594594595, "recall": 0.5862068965517241, "f1-score": 0.5151515151515151, "support": 29}, "explosion": {"precision": 0.7647058823529411, "recall": 0.3333333333333333, "f1-score": 0.4642857142857143, "support": 39}, "gunshot": {"precision": 0.5, "recall": 0.047619047619047616, "f1-score": 0.08695652173913042, "support": 21}, "siren": {"precision": 0.32653061224489793, "recall": 1.0, "f1-score": 0.4923076923076923, "support": 16}, "accuracy": 0.44761904761904764, "macro avg": {"precision": 0.5126739885143247, "recall": 0.4917898193760263, "f1-score": 0.38967536087101307, "support": 105}, "weighted avg": {"precision": 0.560688986019118, "recall": 0.44761904761904764, "f1-score": 0.40713854123792015, "support": 105}, "classificador": "Perceptron"}