{"casual": {"precision": 0.3888888888888889, "recall": 0.4827586206896552, "f1-score": 0.43076923076923074, "support": 29}, "explosion": {"precision": 0.7666666666666667, "recall": 0.5897435897435898, "f1-score": 0.6666666666666667, "support": 39}, "gunshot": {"precision": 0.8333333333333334, "recall": 0.23809523809523808, "f1-score": 0.37037037037037035, "support": 21}, "siren": {"precision": 0.48484848484848486, "recall": 1.0, "f1-score": 0.653061224489796, "support": 16}, "accuracy": 0.5523809523809524, "macro avg": {"precision": 0.6184343434343434, "recall": 0.5776493621321208, "f1-score": 0.530216873074016, "support": 105}, "weighted avg": {"precision": 0.6327176527176527, "recall": 0.5523809523809524, "f1-score": 0.5401815720183067, "support": 105}, "classificador": "Perceptron"}