{"casual": {"precision": 0.56, "recall": 0.4827586206896552, "f1-score": 0.5185185185185185, "support": 29}, "explosion": {"precision": 0.7741935483870968, "recall": 0.6153846153846154, "f1-score": 0.6857142857142857, "support": 39}, "gunshot": {"precision": 0.39473684210526316, "recall": 0.7142857142857143, "f1-score": 0.5084745762711864, "support": 21}, "siren": {"precision": 0.6363636363636364, "recall": 0.4375, "f1-score": 0.5185185185185185, "support": 16}, "accuracy": 0.5714285714285714, "macro avg": {"precision": 0.591323506713999, "recall": 0.5624822375899963, "f1-score": 0.5578064747556273, "support": 105}, "weighted avg": {"precision": 0.6181413357440523, "recall": 0.5714285714285714, "f1-score": 0.5786110150274799, "support": 105}, "classificador": "LinearDiscriminantAnalysis"}