{"casual": {"precision": 0.5517241379310345, "recall": 0.5517241379310345, "f1-score": 0.5517241379310345, "support": 29}, "explosion": {"precision": 0.8378378378378378, "recall": 0.7948717948717948, "f1-score": 0.8157894736842105, "support": 39}, "gunshot": {"precision": 0.8333333333333334, "recall": 0.47619047619047616, "f1-score": 0.6060606060606061, "support": 21}, "siren": {"precision": 0.5925925925925926, "recall": 1.0, "f1-score": 0.7441860465116279, "support": 16}, "accuracy": 0.6952380952380952, "macro avg": {"precision": 0.7038719754236996, "recall": 0.7056966022483264, "f1-score": 0.6794400660468697, "support": 105}, "weighted avg": {"precision": 0.7205443538776872, "recall": 0.6952380952380952, "f1-score": 0.6900003709061237, "support": 105}, "classificador": "SGDClassifier"}