{"classificador": "Perceptron", "accuracy": 0.7714285714285715, "explosion": {"recall": 0.7948717948717948, "f1-score": 0.8051948051948051, "precision": 0.8157894736842105, "support": 39}, "siren": {"recall": 1.0, "f1-score": 0.9142857142857143, "precision": 0.8421052631578947, "support": 16}, "weighted avg": {"recall": 0.7714285714285715, "f1-score": 0.7698206555349413, "precision": 0.7711779448621554, "support": 105}, "gunshot": {"recall": 0.7619047619047619, "f1-score": 0.8, "precision": 0.8421052631578947, "support": 21}, "macro avg": {"recall": 0.7943665529872426, "f1-score": 0.7850425436632332, "precision": 0.7801724137931034, "support": 105}, "casual": {"recall": 0.6206896551724138, "f1-score": 0.6206896551724138, "precision": 0.6206896551724138, "support": 29}}