{"classificador": "KNeighborsClassifier", "accuracy": 0.49523809523809526, "explosion": {"recall": 0.2564102564102564, "f1-score": 0.3389830508474576, "precision": 0.5, "support": 39}, "siren": {"recall": 0.5625, "f1-score": 0.6923076923076923, "precision": 0.9, "support": 16}, "weighted avg": {"recall": 0.49523809523809526, "f1-score": 0.4823634070441593, "precision": 0.5317455662616952, "support": 105}, "gunshot": {"recall": 0.47619047619047616, "f1-score": 0.3846153846153846, "precision": 0.3225806451612903, "support": 21}, "macro avg": {"recall": 0.5220510452191487, "f1-score": 0.5115107785179761, "precision": 0.5613269794721407, "support": 105}, "casual": {"recall": 0.7931034482758621, "f1-score": 0.6301369863013699, "precision": 0.5227272727272727, "support": 29}}