{"classificador": "Perceptron", "accuracy": 0.4380952380952381, "explosion": {"recall": 0.1282051282051282, "f1-score": 0.18518518518518517, "precision": 0.3333333333333333, "support": 39}, "siren": {"recall": 0.8125, "f1-score": 0.7647058823529411, "precision": 0.7222222222222222, "support": 16}, "weighted avg": {"recall": 0.4380952380952381, "f1-score": 0.4012684953861424, "precision": 0.41587301587301584, "support": 105}, "gunshot": {"recall": 0.38095238095238093, "f1-score": 0.3333333333333333, "precision": 0.2962962962962963, "support": 21}, "macro avg": {"recall": 0.5028281703928256, "f1-score": 0.455941235353, "precision": 0.44907407407407407, "support": 105}, "casual": {"recall": 0.6896551724137931, "f1-score": 0.5405405405405405, "precision": 0.4444444444444444, "support": 29}}