{"classificador": "LinearSVC", "accuracy": 0.47619047619047616, "explosion": {"recall": 0.2564102564102564, "f1-score": 0.3333333333333333, "precision": 0.47619047619047616, "support": 39}, "siren": {"recall": 0.8125, "f1-score": 0.7647058823529411, "precision": 0.7222222222222222, "support": 16}, "weighted avg": {"recall": 0.47619047619047616, "f1-score": 0.4622876016078073, "precision": 0.48216175359032504, "support": 105}, "gunshot": {"recall": 0.38095238095238093, "f1-score": 0.32653061224489793, "precision": 0.2857142857142857, "support": 21}, "macro avg": {"recall": 0.5262587627889352, "f1-score": 0.4979335017589125, "precision": 0.49603174603174605, "support": 105}, "casual": {"recall": 0.6551724137931034, "f1-score": 0.5671641791044776, "precision": 0.5, "support": 29}}