{"classificador": "LinearSVC", "accuracy": 0.47619047619047616, "explosion": {"recall": 0.23076923076923078, "f1-score": 0.3050847457627119, "precision": 0.45, "support": 39}, "siren": {"recall": 0.75, "f1-score": 0.6666666666666665, "precision": 0.6, "support": 16}, "weighted avg": {"recall": 0.47619047619047616, "f1-score": 0.4506288247974581, "precision": 0.48123809523809524, "support": 105}, "gunshot": {"recall": 0.38095238095238093, "f1-score": 0.4444444444444444, "precision": 0.5333333333333333, "support": 21}, "macro avg": {"recall": 0.5214648856890236, "f1-score": 0.486960356623519, "precision": 0.5008333333333334, "support": 105}, "casual": {"recall": 0.7241379310344828, "f1-score": 0.5316455696202531, "precision": 0.42, "support": 29}}