{"classificador": "BaggingClassifier", "accuracy": 0.5333333333333333, "explosion": {"recall": 0.5641025641025641, "f1-score": 0.6567164179104477, "precision": 0.7857142857142857, "support": 39}, "siren": {"recall": 0.6875, "f1-score": 0.7586206896551724, "precision": 0.8461538461538461, "support": 16}, "weighted avg": {"recall": 0.5333333333333333, "f1-score": 0.5104565362999045, "precision": 0.618777535828227, "support": 105}, "gunshot": {"recall": 0.047619047619047616, "f1-score": 0.08695652173913042, "precision": 0.5, "support": 21}, "macro avg": {"recall": 0.514460575344196, "f1-score": 0.4964525282053085, "precision": 0.6216767103863878, "support": 105}, "casual": {"recall": 0.7586206896551724, "f1-score": 0.4835164835164835, "precision": 0.3548387096774194, "support": 29}}