{"classificador": "LinearSVC", "accuracy": 0.5619047619047619, "explosion": {"recall": 0.41025641025641024, "f1-score": 0.47058823529411764, "precision": 0.5517241379310345, "support": 39}, "siren": {"recall": 0.875, "f1-score": 0.823529411764706, "precision": 0.7777777777777778, "support": 16}, "weighted avg": {"recall": 0.5619047619047619, "f1-score": 0.5502801120448179, "precision": 0.5649950144898019, "support": 105}, "gunshot": {"recall": 0.38095238095238093, "f1-score": 0.4444444444444444, "precision": 0.5333333333333333, "support": 21}, "macro avg": {"recall": 0.5975866805608185, "f1-score": 0.5804738562091504, "precision": 0.5878018355163503, "support": 105}, "casual": {"recall": 0.7241379310344828, "f1-score": 0.5833333333333334, "precision": 0.4883720930232558, "support": 29}}