{"classificador": "SGDClassifier", "accuracy": 0.6095238095238096, "explosion": {"recall": 0.7948717948717948, "f1-score": 0.746987951807229, "precision": 0.7045454545454546, "support": 39}, "siren": {"recall": 0.9375, "f1-score": 0.8571428571428572, "precision": 0.7894736842105263, "support": 16}, "weighted avg": {"recall": 0.6095238095238096, "f1-score": 0.548105154160765, "precision": 0.5003564105067865, "support": 105}, "gunshot": {"recall": 0.0, "f1-score": 0.0, "precision": 0.0, "support": 21}, "macro avg": {"recall": 0.5882653625110521, "f1-score": 0.5277932656178033, "precision": 0.4806476418318524, "support": 105}, "casual": {"recall": 0.6206896551724138, "f1-score": 0.5070422535211268, "precision": 0.42857142857142855, "support": 29}}