{"classificador": "Perceptron", "accuracy": 0.4, "explosion": {"recall": 0.07692307692307693, "f1-score": 0.1090909090909091, "precision": 0.1875, "support": 39}, "siren": {"recall": 0.6875, "f1-score": 0.6875, "precision": 0.6875, "support": 16}, "weighted avg": {"recall": 0.4, "f1-score": 0.3598796570225142, "precision": 0.3542989417989418, "support": 105}, "gunshot": {"recall": 0.38095238095238093, "f1-score": 0.32653061224489793, "precision": 0.2857142857142857, "support": 21}, "macro avg": {"recall": 0.45875765757231274, "f1-score": 0.4159155154690869, "precision": 0.40128968253968256, "support": 105}, "casual": {"recall": 0.6896551724137931, "f1-score": 0.5405405405405405, "precision": 0.4444444444444444, "support": 29}}