{"classificador": "KNeighborsClassifier", "accuracy": 0.5523809523809524, "explosion": {"recall": 0.2564102564102564, "f1-score": 0.37037037037037035, "precision": 0.6666666666666666, "support": 39}, "siren": {"recall": 0.625, "f1-score": 0.7407407407407406, "precision": 0.9090909090909091, "support": 16}, "weighted avg": {"recall": 0.5523809523809524, "f1-score": 0.5328135152696556, "precision": 0.6180777878452296, "support": 105}, "gunshot": {"recall": 0.6666666666666666, "f1-score": 0.49122807017543857, "precision": 0.3888888888888889, "support": 21}, "macro avg": {"recall": 0.5939157824933686, "f1-score": 0.567251461988304, "precision": 0.6306964998825464, "support": 105}, "casual": {"recall": 0.8275862068965517, "f1-score": 0.6666666666666666, "precision": 0.5581395348837209, "support": 29}}