{"classificador": "KNeighborsClassifier", "accuracy": 0.6, "explosion": {"recall": 0.358974358974359, "f1-score": 0.4827586206896552, "precision": 0.7368421052631579, "support": 39}, "siren": {"recall": 0.75, "f1-score": 0.8275862068965517, "precision": 0.9230769230769231, "support": 16}, "weighted avg": {"recall": 0.6, "f1-score": 0.5938475206841023, "precision": 0.6588457156878209, "support": 105}, "gunshot": {"recall": 0.6190476190476191, "f1-score": 0.48148148148148145, "precision": 0.3939393939393939, "support": 21}, "macro avg": {"recall": 0.6389020462296324, "f1-score": 0.6218696207451829, "precision": 0.6634646055698687, "support": 105}, "casual": {"recall": 0.8275862068965517, "f1-score": 0.6956521739130435, "precision": 0.6, "support": 29}}