{"classificador": "SGDClassifier", "accuracy": 0.5714285714285714, "explosion": {"recall": 0.8205128205128205, "f1-score": 0.6736842105263158, "precision": 0.5714285714285714, "support": 39}, "siren": {"recall": 0.8125, "f1-score": 0.787878787878788, "precision": 0.7647058823529411, "support": 16}, "weighted avg": {"recall": 0.5714285714285714, "f1-score": 0.5061146657005156, "precision": 0.4582357943177271, "support": 105}, "gunshot": {"recall": 0.0, "f1-score": 0.0, "precision": 0.0, "support": 21}, "macro avg": {"recall": 0.5375635499557914, "f1-score": 0.4883415692734071, "precision": 0.45122111344537813, "support": 105}, "casual": {"recall": 0.5172413793103449, "f1-score": 0.4918032786885246, "precision": 0.46875, "support": 29}}