{"classificador": "KNeighborsClassifier", "accuracy": 0.5714285714285714, "explosion": {"recall": 0.38461538461538464, "f1-score": 0.5, "precision": 0.7142857142857143, "support": 39}, "siren": {"recall": 0.5, "f1-score": 0.64, "precision": 0.8888888888888888, "support": 16}, "weighted avg": {"recall": 0.5714285714285714, "f1-score": 0.5673650793650793, "precision": 0.6395653817082388, "support": 105}, "gunshot": {"recall": 0.6666666666666666, "f1-score": 0.5, "precision": 0.4, "support": 21}, "macro avg": {"recall": 0.5860963748894783, "f1-score": 0.5766666666666667, "precision": 0.6445436507936507, "support": 105}, "casual": {"recall": 0.7931034482758621, "f1-score": 0.6666666666666666, "precision": 0.575, "support": 29}}