{"classificador": "LinearSVC", "accuracy": 0.6095238095238096, "explosion": {"recall": 0.717948717948718, "f1-score": 0.674698795180723, "precision": 0.6363636363636364, "support": 39}, "siren": {"recall": 0.9375, "f1-score": 0.8333333333333334, "precision": 0.75, "support": 16}, "weighted avg": {"recall": 0.6095238095238096, "f1-score": 0.5931011295566291, "precision": 0.6042899036447423, "support": 105}, "gunshot": {"recall": 0.2857142857142857, "f1-score": 0.3870967741935483, "precision": 0.6, "support": 21}, "macro avg": {"recall": 0.6146010957433371, "f1-score": 0.5987822256769012, "precision": 0.617558651026393, "support": 105}, "casual": {"recall": 0.5172413793103449, "f1-score": 0.5000000000000001, "precision": 0.4838709677419355, "support": 29}}