{"casual": {"precision": 0.6785714285714286, "recall": 0.6551724137931034, "f1-score": 0.6666666666666666, "support": 29}, "explosion": {"precision": 0.9428571428571428, "recall": 0.8461538461538461, "f1-score": 0.8918918918918919, "support": 39}, "gunshot": {"precision": 0.75, "recall": 0.7142857142857143, "f1-score": 0.7317073170731706, "support": 21}, "siren": {"precision": 0.7272727272727273, "recall": 1.0, "f1-score": 0.8421052631578948, "support": 16}, "accuracy": 0.7904761904761904, "macro avg": {"precision": 0.7746753246753246, "recall": 0.803902993558166, "f1-score": 0.783092784697406, "support": 105}, "weighted avg": {"precision": 0.7984415584415585, "recall": 0.7904761904761904, "f1-score": 0.790063380820762, "support": 105}, "classificador": "SVC"}