{"casual": {"precision": 0.6521739130434783, "recall": 0.5172413793103449, "f1-score": 0.576923076923077, "support": 29}, "explosion": {"precision": 0.8, "recall": 0.6153846153846154, "f1-score": 0.6956521739130435, "support": 39}, "gunshot": {"precision": 0.4166666666666667, "recall": 0.7142857142857143, "f1-score": 0.5263157894736842, "support": 21}, "siren": {"precision": 0.75, "recall": 0.75, "f1-score": 0.75, "support": 16}, "accuracy": 0.6285714285714286, "macro avg": {"precision": 0.6547101449275363, "recall": 0.6492279272451686, "f1-score": 0.6372227600774512, "support": 105}, "weighted avg": {"precision": 0.6748861283643893, "recall": 0.6285714285714286, "f1-score": 0.6372746246888124, "support": 105}, "classificador": "LinearDiscriminantAnalysis"}