{"casual": {"precision": 0.7241379310344828, "recall": 0.7241379310344828, "f1-score": 0.7241379310344829, "support": 29}, "explosion": {"precision": 0.9166666666666666, "recall": 0.8461538461538461, "f1-score": 0.8799999999999999, "support": 39}, "gunshot": {"precision": 0.5769230769230769, "recall": 0.7142857142857143, "f1-score": 0.6382978723404256, "support": 21}, "siren": {"precision": 0.8571428571428571, "recall": 0.75, "f1-score": 0.7999999999999999, "support": 16}, "accuracy": 0.7714285714285715, "macro avg": {"precision": 0.7687176329417709, "recall": 0.7586443728685108, "f1-score": 0.760608950843727, "support": 105}, "weighted avg": {"precision": 0.786473050758765, "recall": 0.7714285714285715, "f1-score": 0.7764214792299898, "support": 105}, "classificador": "KNeighborsClassifier"}