{"casual": {"precision": 0.5172413793103449, "recall": 0.5172413793103449, "f1-score": 0.5172413793103449, "support": 29}, "explosion": {"precision": 0.8333333333333334, "recall": 0.7692307692307693, "f1-score": 0.8, "support": 39}, "gunshot": {"precision": 0.8125, "recall": 0.6190476190476191, "f1-score": 0.7027027027027026, "support": 21}, "siren": {"precision": 0.625, "recall": 0.9375, "f1-score": 0.75, "support": 16}, "accuracy": 0.6952380952380952, "macro avg": {"precision": 0.6970186781609196, "recall": 0.7107549418971832, "f1-score": 0.6924860205032619, "support": 105}, "weighted avg": {"precision": 0.7101190476190476, "recall": 0.6952380952380952, "f1-score": 0.6948262548262548, "support": 105}, "classificador": "Perceptron"}