{"casual": {"precision": 0.5161290322580645, "recall": 0.5517241379310345, "f1-score": 0.5333333333333333, "support": 29}, "explosion": {"precision": 0.8333333333333334, "recall": 0.7692307692307693, "f1-score": 0.8, "support": 39}, "gunshot": {"precision": 0.9, "recall": 0.42857142857142855, "f1-score": 0.5806451612903225, "support": 21}, "siren": {"precision": 0.5714285714285714, "recall": 1.0, "f1-score": 0.7272727272727273, "support": 16}, "accuracy": 0.6761904761904762, "macro avg": {"precision": 0.7052227342549924, "recall": 0.6873815839333082, "f1-score": 0.6603128054740959, "support": 105}, "weighted avg": {"precision": 0.7191485626508668, "recall": 0.6761904761904762, "f1-score": 0.6713959875250198, "support": 105}, "classificador": "SGDClassifier"}