{"casual": {"precision": 0.6774193548387096, "recall": 0.7241379310344828, "f1-score": 0.7, "support": 29}, "explosion": {"precision": 0.8378378378378378, "recall": 0.7948717948717948, "f1-score": 0.8157894736842105, "support": 39}, "gunshot": {"precision": 0.5384615384615384, "recall": 0.6666666666666666, "f1-score": 0.5957446808510638, "support": 21}, "siren": {"precision": 0.9090909090909091, "recall": 0.625, "f1-score": 0.7407407407407406, "support": 16}, "accuracy": 0.7238095238095238, "macro avg": {"precision": 0.7407024100572488, "recall": 0.7026690981432361, "f1-score": 0.7130687238190037, "support": 105}, "weighted avg": {"precision": 0.7445141316109057, "recall": 0.7238095238095238, "f1-score": 0.7283645678419846, "support": 105}, "classificador": "KNeighborsClassifier"}