{"classificador": "LinearSVC", "accuracy": 0.8, "explosion": {"recall": 0.7692307692307693, "f1-score": 0.8450704225352113, "precision": 0.9375, "support": 39}, "siren": {"recall": 0.9375, "f1-score": 0.9090909090909091, "precision": 0.8823529411764706, "support": 16}, "weighted avg": {"recall": 0.8, "f1-score": 0.806706105665077, "precision": 0.8358823529411766, "support": 105}, "gunshot": {"recall": 0.7142857142857143, "f1-score": 0.8108108108108109, "precision": 0.9375, "support": 21}, "macro avg": {"recall": 0.8121506726032588, "f1-score": 0.8151560790874937, "precision": 0.8393382352941177, "support": 105}, "casual": {"recall": 0.8275862068965517, "f1-score": 0.6956521739130435, "precision": 0.6, "support": 29}}