{"classificador": "SGDClassifier", "accuracy": 0.8095238095238095, "explosion": {"recall": 0.7435897435897436, "f1-score": 0.8285714285714285, "precision": 0.9354838709677419, "support": 39}, "siren": {"recall": 1.0, "f1-score": 0.9411764705882353, "precision": 0.8888888888888888, "support": 16}, "weighted avg": {"recall": 0.8095238095238095, "f1-score": 0.8151180472188876, "precision": 0.8513240001831661, "support": 105}, "gunshot": {"recall": 0.7142857142857143, "f1-score": 0.8333333333333333, "precision": 1.0, "support": 21}, "macro avg": {"recall": 0.8299861058481748, "f1-score": 0.8293417366946778, "precision": 0.8585322143544015, "support": 105}, "casual": {"recall": 0.8620689655172413, "f1-score": 0.7142857142857144, "precision": 0.6097560975609756, "support": 29}}