{"classificador": "BaggingClassifier", "accuracy": 0.8285714285714286, "explosion": {"recall": 0.8461538461538461, "f1-score": 0.8799999999999999, "precision": 0.9166666666666666, "support": 39}, "siren": {"recall": 1.0, "f1-score": 0.9142857142857143, "precision": 0.8421052631578947, "support": 16}, "weighted avg": {"recall": 0.8285714285714286, "f1-score": 0.8301329147043434, "precision": 0.8529239766081871, "support": 105}, "gunshot": {"recall": 0.6666666666666666, "f1-score": 0.8, "precision": 1.0, "support": 21}, "macro avg": {"recall": 0.8351016799292661, "f1-score": 0.8331868131868131, "precision": 0.8563596491228069, "support": 105}, "casual": {"recall": 0.8275862068965517, "f1-score": 0.7384615384615385, "precision": 0.6666666666666666, "support": 29}}