{"classificador": "SGDClassifier", "accuracy": 0.7333333333333333, "explosion": {"recall": 0.7948717948717948, "f1-score": 0.8157894736842105, "precision": 0.8378378378378378, "support": 39}, "siren": {"recall": 0.9375, "f1-score": 0.8823529411764706, "precision": 0.8333333333333334, "support": 16}, "weighted avg": {"recall": 0.7333333333333333, "f1-score": 0.734609500403099, "precision": 0.7831810381810381, "support": 105}, "gunshot": {"recall": 0.47619047619047616, "f1-score": 0.6451612903225806, "precision": 1.0, "support": 21}, "macro avg": {"recall": 0.7331750505241884, "f1-score": 0.7379998393392937, "precision": 0.7990427927927929, "support": 105}, "casual": {"recall": 0.7241379310344828, "f1-score": 0.6086956521739131, "precision": 0.525, "support": 29}}