{"classificador": "SGDClassifier", "accuracy": 0.7714285714285715, "explosion": {"recall": 0.8205128205128205, "f1-score": 0.8533333333333333, "precision": 0.8888888888888888, "support": 39}, "siren": {"recall": 0.875, "f1-score": 0.8484848484848485, "precision": 0.8235294117647058, "support": 16}, "weighted avg": {"recall": 0.7714285714285715, "f1-score": 0.777897971309736, "precision": 0.8114486820369172, "support": 105}, "gunshot": {"recall": 0.6190476190476191, "f1-score": 0.7647058823529412, "precision": 1.0, "support": 21}, "macro avg": {"recall": 0.768295282303903, "f1-score": 0.7783957219251337, "precision": 0.8191302161890397, "support": 105}, "casual": {"recall": 0.7586206896551724, "f1-score": 0.6470588235294118, "precision": 0.5641025641025641, "support": 29}}