{"classificador": "KNeighborsClassifier", "accuracy": 0.8761904761904762, "explosion": {"recall": 0.8717948717948718, "f1-score": 0.9066666666666667, "precision": 0.9444444444444444, "support": 39}, "siren": {"recall": 0.875, "f1-score": 0.9333333333333333, "precision": 1.0, "support": 16}, "weighted avg": {"recall": 0.8761904761904762, "f1-score": 0.8805327747228768, "precision": 0.8994152046783626, "support": 105}, "gunshot": {"recall": 0.8095238095238095, "f1-score": 0.8947368421052632, "precision": 1.0, "support": 21}, "macro avg": {"recall": 0.8718382910193254, "f1-score": 0.8851767478397485, "precision": 0.9137426900584795, "support": 105}, "casual": {"recall": 0.9310344827586207, "f1-score": 0.8059701492537312, "precision": 0.7105263157894737, "support": 29}}