{"classificador": "LinearSVC", "accuracy": 0.8380952380952381, "explosion": {"recall": 0.8461538461538461, "f1-score": 0.8918918918918919, "precision": 0.9428571428571428, "support": 39}, "siren": {"recall": 1.0, "f1-score": 0.9696969696969697, "precision": 0.9411764705882353, "support": 16}, "weighted avg": {"recall": 0.8380952380952381, "f1-score": 0.840705330257569, "precision": 0.8619923758977277, "support": 105}, "gunshot": {"recall": 0.6666666666666666, "f1-score": 0.7777777777777778, "precision": 0.9333333333333333, "support": 21}, "macro avg": {"recall": 0.8437223695844385, "f1-score": 0.8464088240207643, "precision": 0.8688154209052041, "support": 105}, "casual": {"recall": 0.8620689655172413, "f1-score": 0.746268656716418, "precision": 0.6578947368421053, "support": 29}}