{"classificador": "BaggingClassifier", "accuracy": 0.8, "explosion": {"recall": 0.8461538461538461, "f1-score": 0.8799999999999999, "precision": 0.9166666666666666, "support": 39}, "siren": {"recall": 0.8125, "f1-score": 0.8387096774193549, "precision": 0.8666666666666667, "support": 16}, "weighted avg": {"recall": 0.8, "f1-score": 0.8010070608888716, "precision": 0.8323002471782959, "support": 105}, "gunshot": {"recall": 0.5714285714285714, "f1-score": 0.7058823529411765, "precision": 0.9230769230769231, "support": 21}, "macro avg": {"recall": 0.7816585354300871, "f1-score": 0.7918622933044186, "precision": 0.8351391494684178, "support": 105}, "casual": {"recall": 0.896551724137931, "f1-score": 0.7428571428571429, "precision": 0.6341463414634146, "support": 29}}