{"classificador": "KNeighborsClassifier", "accuracy": 0.8666666666666667, "explosion": {"recall": 0.9230769230769231, "f1-score": 0.9113924050632911, "precision": 0.9, "support": 39}, "siren": {"recall": 0.875, "f1-score": 0.9333333333333333, "precision": 1.0, "support": 16}, "weighted avg": {"recall": 0.8666666666666667, "f1-score": 0.868358448864778, "precision": 0.8861375661375662, "support": 105}, "gunshot": {"recall": 0.7142857142857143, "f1-score": 0.8333333333333333, "precision": 1.0, "support": 21}, "macro avg": {"recall": 0.8522285903751421, "f1-score": 0.8695147679324895, "precision": 0.9055555555555556, "support": 105}, "casual": {"recall": 0.896551724137931, "f1-score": 0.7999999999999999, "precision": 0.7222222222222222, "support": 29}}