{"classificador": "BaggingClassifier", "accuracy": 0.6857142857142857, "explosion": {"recall": 0.717948717948718, "f1-score": 0.7777777777777778, "precision": 0.8484848484848485, "support": 39}, "siren": {"recall": 0.875, "f1-score": 0.8484848484848485, "precision": 0.8235294117647058, "support": 16}, "weighted avg": {"recall": 0.6857142857142857, "f1-score": 0.6895859277708593, "precision": 0.7360962566844921, "support": 105}, "gunshot": {"recall": 0.42857142857142855, "f1-score": 0.5625, "precision": 0.8181818181818182, "support": 21}, "macro avg": {"recall": 0.6864145193886573, "f1-score": 0.6910262730040128, "precision": 0.741867201426025, "support": 105}, "casual": {"recall": 0.7241379310344828, "f1-score": 0.5753424657534246, "precision": 0.4772727272727273, "support": 29}}