{"classificador": "Perceptron", "accuracy": 0.7523809523809524, "explosion": {"recall": 0.7692307692307693, "f1-score": 0.8108108108108107, "precision": 0.8571428571428571, "support": 39}, "siren": {"recall": 1.0, "f1-score": 0.8648648648648648, "precision": 0.7619047619047619, "support": 16}, "weighted avg": {"recall": 0.7523809523809524, "f1-score": 0.7527507098935671, "precision": 0.770265439509137, "support": 105}, "gunshot": {"recall": 0.6190476190476191, "f1-score": 0.7222222222222222, "precision": 0.8666666666666667, "support": 21}, "macro avg": {"recall": 0.7694833901730453, "f1-score": 0.7582046332046332, "precision": 0.7684873949579831, "support": 105}, "casual": {"recall": 0.6896551724137931, "f1-score": 0.6349206349206349, "precision": 0.5882352941176471, "support": 29}}