{"classificador": "SGDClassifier", "accuracy": 0.7904761904761904, "explosion": {"recall": 0.8205128205128205, "f1-score": 0.8421052631578947, "precision": 0.8648648648648649, "support": 39}, "siren": {"recall": 0.875, "f1-score": 0.8484848484848485, "precision": 0.8235294117647058, "support": 16}, "weighted avg": {"recall": 0.7904761904761904, "f1-score": 0.7957012578065209, "precision": 0.8155087860970214, "support": 105}, "gunshot": {"recall": 0.7142857142857143, "f1-score": 0.8333333333333333, "precision": 1.0, "support": 21}, "macro avg": {"recall": 0.7921048061134268, "f1-score": 0.8002116304747884, "precision": 0.8248763469351705, "support": 105}, "casual": {"recall": 0.7586206896551724, "f1-score": 0.676923076923077, "precision": 0.6111111111111112, "support": 29}}