{"casual": {"precision": 0.4634146341463415, "recall": 0.6551724137931034, "f1-score": 0.5428571428571429, "support": 29}, "explosion": {"precision": 0.7575757575757576, "recall": 0.6410256410256411, "f1-score": 0.6944444444444444, "support": 39}, "gunshot": {"precision": 1.0, "recall": 0.23809523809523808, "f1-score": 0.3846153846153846, "support": 21}, "siren": {"precision": 0.5769230769230769, "recall": 0.9375, "f1-score": 0.7142857142857143, "support": 16}, "accuracy": 0.6095238095238096, "macro avg": {"precision": 0.6994783671612939, "recall": 0.6179483232284957, "f1-score": 0.5840506715506716, "support": 105}, "weighted avg": {"precision": 0.6972880777758826, "recall": 0.6095238095238096, "f1-score": 0.5936350950636665, "support": 105}, "classificador": "LinearSVC"}