{"casual": {"precision": 0.38181818181818183, "recall": 0.7241379310344828, "f1-score": 0.5000000000000001, "support": 29}, "explosion": {"precision": 0.75, "recall": 0.6923076923076923, "f1-score": 0.7199999999999999, "support": 39}, "gunshot": {"precision": 0.0, "recall": 0.0, "f1-score": 0.0, "support": 21}, "siren": {"precision": 0.7857142857142857, "recall": 0.6875, "f1-score": 0.7333333333333334, "support": 16}, "accuracy": 0.5619047619047619, "macro avg": {"precision": 0.47938311688311686, "recall": 0.5259864058355438, "f1-score": 0.48833333333333334, "support": 105}, "weighted avg": {"precision": 0.5037538651824366, "recall": 0.5619047619047619, "f1-score": 0.5172698412698412, "support": 105}, "classificador": "SGDClassifier"}