{"casual": {"precision": 0.42857142857142855, "recall": 0.6206896551724138, "f1-score": 0.5070422535211268, "support": 29}, "explosion": {"precision": 0.7647058823529411, "recall": 0.6666666666666666, "f1-score": 0.7123287671232877, "support": 39}, "gunshot": {"precision": 0.8571428571428571, "recall": 0.2857142857142857, "f1-score": 0.42857142857142855, "support": 21}, "siren": {"precision": 0.6363636363636364, "recall": 0.875, "f1-score": 0.7368421052631579, "support": 16}, "accuracy": 0.6095238095238096, "macro avg": {"precision": 0.6716959511077157, "recall": 0.6120176518883416, "f1-score": 0.5961961386197502, "support": 105}, "weighted avg": {"precision": 0.670799228782422, "recall": 0.6095238095238096, "f1-score": 0.6026144852774421, "support": 105}, "classificador": "LinearSVC"}