{"casual": {"precision": 0.6388888888888888, "recall": 0.7931034482758621, "f1-score": 0.7076923076923076, "support": 29}, "explosion": {"precision": 0.8974358974358975, "recall": 0.8974358974358975, "f1-score": 0.8974358974358975, "support": 39}, "gunshot": {"precision": 0.8, "recall": 0.5714285714285714, "f1-score": 0.6666666666666666, "support": 21}, "siren": {"precision": 0.9333333333333333, "recall": 0.875, "f1-score": 0.9032258064516129, "support": 16}, "accuracy": 0.8, "macro avg": {"precision": 0.8174145299145299, "recall": 0.7842419792850828, "f1-score": 0.7937551695616212, "support": 105}, "weighted avg": {"precision": 0.812010582010582, "recall": 0.8, "f1-score": 0.7997589507266927, "support": 105}, "classificador": "BaggingClassifier"}