{"classificador": "Perceptron", "accuracy": 0.42857142857142855, "explosion": {"recall": 0.1282051282051282, "f1-score": 0.17543859649122806, "precision": 0.2777777777777778, "support": 39}, "siren": {"recall": 0.9375, "f1-score": 0.7692307692307693, "precision": 0.6521739130434783, "support": 16}, "weighted avg": {"recall": 0.42857142857142855, "f1-score": 0.3856566991905337, "precision": 0.3807588075880759, "support": 105}, "gunshot": {"recall": 0.23809523809523808, "f1-score": 0.22727272727272724, "precision": 0.21739130434782608, "support": 21}, "macro avg": {"recall": 0.49836388467853987, "f1-score": 0.435842666105824, "precision": 0.40878696830446565, "support": 105}, "casual": {"recall": 0.6896551724137931, "f1-score": 0.5714285714285714, "precision": 0.4878048780487805, "support": 29}}