{"classificador": "BaggingClassifier", "accuracy": 0.42857142857142855, "explosion": {"recall": 0.38461538461538464, "f1-score": 0.44776119402985076, "precision": 0.5357142857142857, "support": 39}, "siren": {"recall": 0.4375, "f1-score": 0.4666666666666667, "precision": 0.5, "support": 16}, "weighted avg": {"recall": 0.42857142857142855, "f1-score": 0.3891468777609503, "precision": 0.5731731402238315, "support": 105}, "gunshot": {"recall": 0.047619047619047616, "f1-score": 0.0909090909090909, "precision": 1.0, "support": 21}, "macro avg": {"recall": 0.40708878047240116, "f1-score": 0.372213358780523, "precision": 0.5976382488479263, "support": 105}, "casual": {"recall": 0.7586206896551724, "f1-score": 0.4835164835164835, "precision": 0.3548387096774194, "support": 29}}