{"classificador": "SGDClassifier", "accuracy": 0.580952380952381, "explosion": {"recall": 0.7435897435897436, "f1-score": 0.6444444444444445, "precision": 0.5686274509803921, "support": 39}, "siren": {"recall": 0.9375, "f1-score": 0.8333333333333334, "precision": 0.75, "support": 16}, "weighted avg": {"recall": 0.580952380952381, "f1-score": 0.5154043839758126, "precision": 0.46358543417366943, "support": 105}, "gunshot": {"recall": 0.0, "f1-score": 0.0, "precision": 0.0, "support": 21}, "macro avg": {"recall": 0.566824160035367, "f1-score": 0.5043650793650793, "precision": 0.45465686274509803, "support": 105}, "casual": {"recall": 0.5862068965517241, "f1-score": 0.5396825396825397, "precision": 0.5, "support": 29}}