{"classificador": "SGDClassifier", "accuracy": 0.6476190476190476, "explosion": {"recall": 0.6666666666666666, "f1-score": 0.6666666666666666, "precision": 0.6666666666666666, "support": 39}, "siren": {"recall": 0.9375, "f1-score": 0.8823529411764706, "precision": 0.8333333333333334, "support": 16}, "weighted avg": {"recall": 0.6476190476190476, "f1-score": 0.6200663171251406, "precision": 0.6823329641934293, "support": 105}, "gunshot": {"recall": 0.19047619047619047, "f1-score": 0.3076923076923077, "precision": 0.8, "support": 21}, "macro avg": {"recall": 0.6469365763546797, "f1-score": 0.6239002011060835, "precision": 0.7087209302325582, "support": 105}, "casual": {"recall": 0.7931034482758621, "f1-score": 0.6388888888888888, "precision": 0.5348837209302325, "support": 29}}