{"classificador": "LinearSVC", "accuracy": 0.4857142857142857, "explosion": {"recall": 0.28205128205128205, "f1-score": 0.3548387096774194, "precision": 0.4782608695652174, "support": 39}, "siren": {"recall": 0.9375, "f1-score": 0.8333333333333334, "precision": 0.75, "support": 16}, "weighted avg": {"recall": 0.4857142857142857, "f1-score": 0.4631621180883711, "precision": 0.47344474021492655, "support": 105}, "gunshot": {"recall": 0.23809523809523808, "f1-score": 0.24390243902439024, "precision": 0.25, "support": 21}, "macro avg": {"recall": 0.5368254231400783, "f1-score": 0.498863690931321, "precision": 0.4886128364389234, "support": 105}, "casual": {"recall": 0.6896551724137931, "f1-score": 0.5633802816901408, "precision": 0.47619047619047616, "support": 29}}