{"classificador": "LinearSVC", "accuracy": 0.6571428571428571, "explosion": {"recall": 0.7948717948717948, "f1-score": 0.7045454545454547, "precision": 0.6326530612244898, "support": 39}, "siren": {"recall": 1.0, "f1-score": 0.9142857142857143, "precision": 0.8421052631578947, "support": 16}, "weighted avg": {"recall": 0.6571428571428571, "f1-score": 0.6175991204562634, "precision": 0.7176479614402151, "support": 105}, "gunshot": {"recall": 0.14285714285714285, "f1-score": 0.25, "precision": 1.0, "support": 21}, "macro avg": {"recall": 0.6482253378805103, "f1-score": 0.618001443001443, "precision": 0.7583954634485373, "support": 105}, "casual": {"recall": 0.6551724137931034, "f1-score": 0.6031746031746031, "precision": 0.5588235294117647, "support": 29}}