{"classificador": "LinearSVC", "accuracy": 0.44761904761904764, "explosion": {"recall": 0.15384615384615385, "f1-score": 0.2, "precision": 0.2857142857142857, "support": 39}, "siren": {"recall": 0.9375, "f1-score": 0.8571428571428572, "precision": 0.7894736842105263, "support": 16}, "weighted avg": {"recall": 0.44761904761904764, "f1-score": 0.4076699619556763, "precision": 0.4072905477980666, "support": 105}, "gunshot": {"recall": 0.23809523809523808, "f1-score": 0.27027027027027023, "precision": 0.3125, "support": 21}, "macro avg": {"recall": 0.5133948307439686, "f1-score": 0.46646866646866647, "precision": 0.45406484962406013, "support": 105}, "casual": {"recall": 0.7241379310344828, "f1-score": 0.5384615384615385, "precision": 0.42857142857142855, "support": 29}}