{"classificador": "SGDClassifier", "accuracy": 0.5333333333333333, "explosion": {"recall": 0.41025641025641024, "f1-score": 0.4507042253521127, "precision": 0.5, "support": 39}, "siren": {"recall": 0.875, "f1-score": 0.823529411764706, "precision": 0.7777777777777778, "support": 16}, "weighted avg": {"recall": 0.5333333333333333, "f1-score": 0.5166531425988392, "precision": 0.6202328042328042, "support": 105}, "gunshot": {"recall": 0.23809523809523808, "f1-score": 0.3846153846153846, "precision": 1.0, "support": 21}, "macro avg": {"recall": 0.5618723948465327, "f1-score": 0.5476236478381141, "precision": 0.6744444444444444, "support": 105}, "casual": {"recall": 0.7241379310344828, "f1-score": 0.5316455696202531, "precision": 0.42, "support": 29}}