{"classificador": "BaggingClassifier", "accuracy": 0.4857142857142857, "explosion": {"recall": 0.48717948717948717, "f1-score": 0.5352112676056338, "precision": 0.59375, "support": 39}, "siren": {"recall": 0.625, "f1-score": 0.6060606060606061, "precision": 0.5882352941176471, "support": 16}, "weighted avg": {"recall": 0.4857142857142857, "f1-score": 0.44742190516838404, "precision": 0.6156261140819964, "support": 105}, "gunshot": {"recall": 0.047619047619047616, "f1-score": 0.0909090909090909, "precision": 1.0, "support": 21}, "macro avg": {"recall": 0.4709841164582544, "f1-score": 0.4330452411438327, "precision": 0.6409508689839573, "support": 105}, "casual": {"recall": 0.7241379310344828, "f1-score": 0.5000000000000001, "precision": 0.38181818181818183, "support": 29}}