{"classificador": "KNeighborsClassifier", "accuracy": 0.5714285714285714, "explosion": {"recall": 0.3333333333333333, "f1-score": 0.45614035087719296, "precision": 0.7222222222222222, "support": 39}, "siren": {"recall": 0.75, "f1-score": 0.8571428571428571, "precision": 1.0, "support": 16}, "weighted avg": {"recall": 0.5714285714285714, "f1-score": 0.5662558850837768, "precision": 0.6422520132197551, "support": 105}, "gunshot": {"recall": 0.5238095238095238, "f1-score": 0.4230769230769231, "precision": 0.3548387096774194, "support": 21}, "macro avg": {"recall": 0.6086822660098522, "f1-score": 0.5984735944180789, "precision": 0.6556288693385468, "support": 105}, "casual": {"recall": 0.8275862068965517, "f1-score": 0.6575342465753425, "precision": 0.5454545454545454, "support": 29}}