{"classificador": "LinearSVC", "accuracy": 0.5238095238095238, "explosion": {"recall": 0.46153846153846156, "f1-score": 0.48000000000000004, "precision": 0.5, "support": 39}, "siren": {"recall": 0.875, "f1-score": 0.823529411764706, "precision": 0.7777777777777778, "support": 16}, "weighted avg": {"recall": 0.5238095238095238, "f1-score": 0.5106004583651643, "precision": 0.515038665038665, "support": 105}, "gunshot": {"recall": 0.23809523809523808, "f1-score": 0.30303030303030304, "precision": 0.4166666666666667, "support": 21}, "macro avg": {"recall": 0.5488308387015284, "f1-score": 0.5339928698752229, "precision": 0.5389957264957265, "support": 105}, "casual": {"recall": 0.6206896551724138, "f1-score": 0.5294117647058824, "precision": 0.46153846153846156, "support": 29}}