{"classificador": "Perceptron", "accuracy": 0.47619047619047616, "explosion": {"recall": 0.23076923076923078, "f1-score": 0.2903225806451613, "precision": 0.391304347826087, "support": 39}, "siren": {"recall": 0.8125, "f1-score": 0.8125, "precision": 0.8125, "support": 16}, "weighted avg": {"recall": 0.47619047619047616, "f1-score": 0.4471567670209436, "precision": 0.4576150957277321, "support": 105}, "gunshot": {"recall": 0.23809523809523808, "f1-score": 0.2631578947368421, "precision": 0.29411764705882354, "support": 21}, "macro avg": {"recall": 0.5186169792850828, "f1-score": 0.4889310162813983, "precision": 0.49182743749673785, "support": 105}, "casual": {"recall": 0.7931034482758621, "f1-score": 0.5897435897435898, "precision": 0.46938775510204084, "support": 29}}