{"classificador": "SGDClassifier", "accuracy": 0.5142857142857142, "explosion": {"recall": 0.28205128205128205, "f1-score": 0.3548387096774194, "precision": 0.4782608695652174, "support": 39}, "siren": {"recall": 0.875, "f1-score": 0.7777777777777777, "precision": 0.7, "support": 16}, "weighted avg": {"recall": 0.5142857142857142, "f1-score": 0.4845840207847376, "precision": 0.526467590380634, "support": 105}, "gunshot": {"recall": 0.2857142857142857, "f1-score": 0.3870967741935483, "precision": 0.6, "support": 21}, "macro avg": {"recall": 0.5589672540103574, "f1-score": 0.5219036240541617, "precision": 0.5551421404682274, "support": 105}, "casual": {"recall": 0.7931034482758621, "f1-score": 0.5679012345679012, "precision": 0.4423076923076923, "support": 29}}