{"classificador": "LinearSVC", "accuracy": 0.6476190476190476, "explosion": {"recall": 0.8717948717948718, "f1-score": 0.7157894736842105, "precision": 0.6071428571428571, "support": 39}, "siren": {"recall": 1.0, "f1-score": 0.9142857142857143, "precision": 0.8421052631578947, "support": 16}, "weighted avg": {"recall": 0.6476190476190476, "f1-score": 0.6031435732187611, "precision": 0.7072701595257986, "support": 105}, "gunshot": {"recall": 0.14285714285714285, "f1-score": 0.25, "precision": 1.0, "support": 21}, "macro avg": {"recall": 0.6329733484905898, "f1-score": 0.6039473684210526, "precision": 0.7512009189640768, "support": 105}, "casual": {"recall": 0.5172413793103449, "f1-score": 0.5357142857142857, "precision": 0.5555555555555556, "support": 29}}