{"classificador": "Perceptron", "accuracy": 0.4095238095238095, "explosion": {"recall": 0.10256410256410256, "f1-score": 0.14035087719298245, "precision": 0.2222222222222222, "support": 39}, "siren": {"recall": 0.8125, "f1-score": 0.7647058823529411, "precision": 0.7222222222222222, "support": 16}, "weighted avg": {"recall": 0.4095238095238095, "f1-score": 0.3661553729816208, "precision": 0.3609599395313681, "support": 105}, "gunshot": {"recall": 0.23809523809523808, "f1-score": 0.24390243902439024, "precision": 0.25, "support": 21}, "macro avg": {"recall": 0.46932431792345586, "f1-score": 0.4218551842579631, "precision": 0.40575396825396826, "support": 105}, "casual": {"recall": 0.7241379310344828, "f1-score": 0.5384615384615385, "precision": 0.42857142857142855, "support": 29}}