{"classificador": "Perceptron", "accuracy": 0.6476190476190476, "explosion": {"recall": 0.8717948717948718, "f1-score": 0.7157894736842105, "precision": 0.6071428571428571, "support": 39}, "siren": {"recall": 0.9375, "f1-score": 0.8571428571428572, "precision": 0.7894736842105263, "support": 16}, "weighted avg": {"recall": 0.6476190476190476, "f1-score": 0.6202864303616183, "precision": 0.6733471878453898, "support": 105}, "gunshot": {"recall": 0.2857142857142857, "f1-score": 0.42857142857142855, "precision": 0.8571428571428571, "support": 21}, "macro avg": {"recall": 0.6358212548945308, "f1-score": 0.6253759398496241, "precision": 0.7047441974501472, "support": 105}, "casual": {"recall": 0.4482758620689655, "f1-score": 0.4999999999999999, "precision": 0.5652173913043478, "support": 29}}