{"casual": {"precision": 0.76, "recall": 0.6551724137931034, "f1-score": 0.7037037037037037, "support": 29}, "explosion": {"precision": 0.9, "recall": 0.9230769230769231, "f1-score": 0.9113924050632911, "support": 39}, "gunshot": {"precision": 0.8, "recall": 0.7619047619047619, "f1-score": 0.7804878048780488, "support": 21}, "siren": {"precision": 0.8, "recall": 1.0, "f1-score": 0.888888888888889, "support": 16}, "accuracy": 0.8285714285714286, "macro avg": {"precision": 0.815, "recall": 0.8350385246936971, "f1-score": 0.8211182006334831, "support": 105}, "weighted avg": {"precision": 0.826095238095238, "recall": 0.8285714285714286, "f1-score": 0.8244207364717812, "support": 105}, "classificador": "KNeighborsClassifier"}