{"casual": {"precision": 0.6086956521739131, "recall": 0.4827586206896552, "f1-score": 0.5384615384615384, "support": 29}, "explosion": {"precision": 0.7941176470588235, "recall": 0.6923076923076923, "f1-score": 0.7397260273972601, "support": 39}, "gunshot": {"precision": 0.5172413793103449, "recall": 0.7142857142857143, "f1-score": 0.6000000000000001, "support": 21}, "siren": {"precision": 0.7894736842105263, "recall": 0.9375, "f1-score": 0.8571428571428572, "support": 16}, "accuracy": 0.6761904761904762, "macro avg": {"precision": 0.6773820906884018, "recall": 0.7067130068207654, "f1-score": 0.6838326057504139, "support": 105}, "weighted avg": {"precision": 0.6868229529640311, "recall": 0.6761904761904762, "f1-score": 0.6740855752206046, "support": 105}, "classificador": "LinearDiscriminantAnalysis"}