{"casual": {"precision": 0.5128205128205128, "recall": 0.6896551724137931, "f1-score": 0.5882352941176471, "support": 29}, "explosion": {"precision": 0.7741935483870968, "recall": 0.6153846153846154, "f1-score": 0.6857142857142857, "support": 39}, "gunshot": {"precision": 0.5555555555555556, "recall": 0.47619047619047616, "f1-score": 0.5128205128205129, "support": 21}, "siren": {"precision": 0.7647058823529411, "recall": 0.8125, "f1-score": 0.787878787878788, "support": 16}, "accuracy": 0.638095238095238, "macro avg": {"precision": 0.6518188747790266, "recall": 0.6484325659972212, "f1-score": 0.6436622201328084, "support": 105}, "weighted avg": {"precision": 0.6568314670781464, "recall": 0.638095238095238, "f1-score": 0.6397806861672408, "support": 105}, "classificador": "Perceptron"}