{"casual": {"precision": 0.5384615384615384, "recall": 0.7241379310344828, "f1-score": 0.6176470588235294, "support": 29}, "explosion": {"precision": 0.7878787878787878, "recall": 0.6666666666666666, "f1-score": 0.7222222222222221, "support": 39}, "gunshot": {"precision": 0.7692307692307693, "recall": 0.47619047619047616, "f1-score": 0.588235294117647, "support": 21}, "siren": {"precision": 0.65, "recall": 0.8125, "f1-score": 0.7222222222222223, "support": 16}, "accuracy": 0.6666666666666666, "macro avg": {"precision": 0.6863927738927739, "recall": 0.6698737684729064, "f1-score": 0.6625816993464052, "support": 105}, "weighted avg": {"precision": 0.6942524142524142, "recall": 0.6666666666666666, "f1-score": 0.6665421724245253, "support": 105}, "classificador": "SGDClassifier"}