{"casual": {"precision": 0.5714285714285714, "recall": 0.5517241379310345, "f1-score": 0.5614035087719299, "support": 29}, "explosion": {"precision": 0.7647058823529411, "recall": 0.6666666666666666, "f1-score": 0.7123287671232877, "support": 39}, "gunshot": {"precision": 0.5416666666666666, "recall": 0.6190476190476191, "f1-score": 0.5777777777777778, "support": 21}, "siren": {"precision": 0.7368421052631579, "recall": 0.875, "f1-score": 0.7999999999999999, "support": 16}, "accuracy": 0.6571428571428571, "macro avg": {"precision": 0.6536608064278343, "recall": 0.6781096059113301, "f1-score": 0.6628775134182489, "support": 105}, "weighted avg": {"precision": 0.6624707777847981, "recall": 0.6571428571428571, "f1-score": 0.6570938762431192, "support": 105}, "classificador": "LinearDiscriminantAnalysis"}