{"casual": {"precision": 0.59375, "recall": 0.6551724137931034, "f1-score": 0.6229508196721311, "support": 29}, "explosion": {"precision": 0.8823529411764706, "recall": 0.7692307692307693, "f1-score": 0.8219178082191781, "support": 39}, "gunshot": {"precision": 0.75, "recall": 0.7142857142857143, "f1-score": 0.7317073170731706, "support": 21}, "siren": {"precision": 0.7894736842105263, "recall": 0.9375, "f1-score": 0.8571428571428572, "support": 16}, "accuracy": 0.7523809523809524, "macro avg": {"precision": 0.7538941563467492, "recall": 0.7690472243273968, "f1-score": 0.7584297005268342, "support": 105}, "weighted avg": {"precision": 0.7620199395547692, "recall": 0.7523809523809524, "f1-score": 0.7542905491796387, "support": 105}, "classificador": "SGDClassifier"}