{"casual": {"precision": 0.6097560975609756, "recall": 0.8620689655172413, "f1-score": 0.7142857142857144, "support": 29}, "explosion": {"precision": 0.8787878787878788, "recall": 0.7435897435897436, "f1-score": 0.8055555555555556, "support": 39}, "gunshot": {"precision": 1.0, "recall": 0.6190476190476191, "f1-score": 0.7647058823529412, "support": 21}, "siren": {"precision": 0.8333333333333334, "recall": 0.9375, "f1-score": 0.8823529411764706, "support": 16}, "accuracy": 0.780952380952381, "macro avg": {"precision": 0.8304693274205469, "recall": 0.7905515820386511, "f1-score": 0.7917250233426705, "support": 105}, "weighted avg": {"precision": 0.8217998803364657, "recall": 0.780952380952381, "f1-score": 0.7838802187541685, "support": 105}, "classificador": "SGDClassifier"}