{"casual": {"precision": 0.5384615384615384, "recall": 0.7241379310344828, "f1-score": 0.6176470588235294, "support": 29}, "explosion": {"precision": 0.8484848484848485, "recall": 0.717948717948718, "f1-score": 0.7777777777777778, "support": 39}, "gunshot": {"precision": 0.9230769230769231, "recall": 0.5714285714285714, "f1-score": 0.7058823529411765, "support": 21}, "siren": {"precision": 0.7, "recall": 0.875, "f1-score": 0.7777777777777777, "support": 16}, "accuracy": 0.7142857142857143, "macro avg": {"precision": 0.7525058275058276, "recall": 0.7221288051029431, "f1-score": 0.7197712418300654, "support": 105}, "weighted avg": {"precision": 0.7551515151515152, "recall": 0.7142857142857143, "f1-score": 0.7191721132897604, "support": 105}, "classificador": "LinearDiscriminantAnalysis"}