{"casual": {"precision": 0.625, "recall": 0.6896551724137931, "f1-score": 0.6557377049180328, "support": 29}, "explosion": {"precision": 0.8648648648648649, "recall": 0.8205128205128205, "f1-score": 0.8421052631578947, "support": 39}, "gunshot": {"precision": 0.8333333333333334, "recall": 0.7142857142857143, "f1-score": 0.7692307692307692, "support": 21}, "siren": {"precision": 0.7777777777777778, "recall": 0.875, "f1-score": 0.823529411764706, "support": 16}, "accuracy": 0.7714285714285715, "macro avg": {"precision": 0.775243993993994, "recall": 0.774863426803082, "f1-score": 0.7726507872678506, "support": 105}, "weighted avg": {"precision": 0.7790397540397541, "recall": 0.7714285714285715, "f1-score": 0.7732268137891647, "support": 105}, "classificador": "LinearSVC"}