{"casual": {"precision": 0.5641025641025641, "recall": 0.7586206896551724, "f1-score": 0.6470588235294118, "support": 29}, "explosion": {"precision": 0.8571428571428571, "recall": 0.7692307692307693, "f1-score": 0.8108108108108107, "support": 39}, "gunshot": {"precision": 0.9285714285714286, "recall": 0.6190476190476191, "f1-score": 0.742857142857143, "support": 21}, "siren": {"precision": 0.8823529411764706, "recall": 0.9375, "f1-score": 0.9090909090909091, "support": 16}, "accuracy": 0.7619047619047619, "macro avg": {"precision": 0.80804244774833, "recall": 0.7710997694833902, "f1-score": 0.7774544215720687, "support": 105}, "weighted avg": {"precision": 0.7943351699654221, "recall": 0.7619047619047619, "f1-score": 0.7669693528517059, "support": 105}, "classificador": "LinearDiscriminantAnalysis"}