{"casual": {"precision": 0.6785714285714286, "recall": 0.6551724137931034, "f1-score": 0.6666666666666666, "support": 29}, "explosion": {"precision": 0.8918918918918919, "recall": 0.8461538461538461, "f1-score": 0.868421052631579, "support": 39}, "gunshot": {"precision": 0.8333333333333334, "recall": 0.7142857142857143, "f1-score": 0.7692307692307692, "support": 21}, "siren": {"precision": 0.6818181818181818, "recall": 0.9375, "f1-score": 0.7894736842105263, "support": 16}, "accuracy": 0.780952380952381, "macro avg": {"precision": 0.7714037089037089, "recall": 0.788277993558166, "f1-score": 0.7734480431848854, "support": 105}, "weighted avg": {"precision": 0.7892518678232965, "recall": 0.780952380952381, "f1-score": 0.7808302808302808, "support": 105}, "classificador": "Perceptron"}