{"casual": {"precision": 0.6, "recall": 0.7241379310344828, "f1-score": 0.65625, "support": 29}, "explosion": {"precision": 0.8823529411764706, "recall": 0.7692307692307693, "f1-score": 0.8219178082191781, "support": 39}, "gunshot": {"precision": 0.8333333333333334, "recall": 0.7142857142857143, "f1-score": 0.7692307692307692, "support": 21}, "siren": {"precision": 0.7777777777777778, "recall": 0.875, "f1-score": 0.823529411764706, "support": 16}, "accuracy": 0.7619047619047619, "macro avg": {"precision": 0.7733660130718955, "recall": 0.7706636036377416, "f1-score": 0.7677319973036634, "support": 105}, "weighted avg": {"precision": 0.7786305633364456, "recall": 0.7619047619047619, "f1-score": 0.7658701072631371, "support": 105}, "classificador": "LinearSVC"}