{"casual": {"precision": 0.5476190476190477, "recall": 0.7931034482758621, "f1-score": 0.647887323943662, "support": 29}, "explosion": {"precision": 0.8235294117647058, "recall": 0.717948717948718, "f1-score": 0.767123287671233, "support": 39}, "gunshot": {"precision": 0.8, "recall": 0.38095238095238093, "f1-score": 0.5161290322580645, "support": 21}, "siren": {"precision": 0.7368421052631579, "recall": 0.875, "f1-score": 0.7999999999999999, "support": 16}, "accuracy": 0.6952380952380952, "macro avg": {"precision": 0.7269976411617279, "recall": 0.6917511367942403, "f1-score": 0.6827849109682398, "support": 105}, "weighted avg": {"precision": 0.7294102202284423, "recall": 0.6952380952380952, "f1-score": 0.6890023837234632, "support": 105}, "classificador": "Perceptron"}