{"casual": {"precision": 0.6857142857142857, "recall": 0.8275862068965517, "f1-score": 0.75, "support": 29}, "explosion": {"precision": 0.9714285714285714, "recall": 0.8717948717948718, "f1-score": 0.9189189189189189, "support": 39}, "gunshot": {"precision": 0.9375, "recall": 0.7142857142857143, "f1-score": 0.8108108108108109, "support": 21}, "siren": {"precision": 0.7894736842105263, "recall": 0.9375, "f1-score": 0.8571428571428572, "support": 16}, "accuracy": 0.8380952380952381, "macro avg": {"precision": 0.8460291353383458, "recall": 0.8377916982442845, "f1-score": 0.8342181467181468, "support": 105}, "weighted avg": {"precision": 0.8580048335123523, "recall": 0.8380952380952381, "f1-score": 0.8412300055157199, "support": 105}, "classificador": "KNeighborsClassifier"}