{"casual": {"precision": 0.6, "recall": 0.9310344827586207, "f1-score": 0.7297297297297297, "support": 29}, "explosion": {"precision": 1.0, "recall": 0.6410256410256411, "f1-score": 0.7812500000000001, "support": 39}, "gunshot": {"precision": 0.9411764705882353, "recall": 0.7619047619047619, "f1-score": 0.8421052631578947, "support": 21}, "siren": {"precision": 0.8333333333333334, "recall": 0.9375, "f1-score": 0.8823529411764706, "support": 16}, "accuracy": 0.7904761904761904, "macro avg": {"precision": 0.8436274509803922, "recall": 0.8178662214222558, "f1-score": 0.8088594835160238, "support": 105}, "weighted avg": {"precision": 0.8523622782446311, "recall": 0.7904761904761904, "f1-score": 0.7945978071171569, "support": 105}, "classificador": "Perceptron"}