{"casual": {"precision": 0.625, "recall": 0.8620689655172413, "f1-score": 0.7246376811594203, "support": 29}, "explosion": {"precision": 0.9, "recall": 0.6923076923076923, "f1-score": 0.7826086956521738, "support": 39}, "gunshot": {"precision": 0.9411764705882353, "recall": 0.7619047619047619, "f1-score": 0.8421052631578947, "support": 21}, "siren": {"precision": 0.8888888888888888, "recall": 1.0, "f1-score": 0.9411764705882353, "support": 16}, "accuracy": 0.8, "macro avg": {"precision": 0.838766339869281, "recall": 0.8290703549324239, "f1-score": 0.822632027639431, "support": 105}, "weighted avg": {"precision": 0.8305897914721445, "recall": 0.8, "f1-score": 0.8026596756170049, "support": 105}, "classificador": "SGDClassifier"}