{"casual": {"precision": 0.7272727272727273, "recall": 0.8275862068965517, "f1-score": 0.7741935483870968, "support": 29}, "explosion": {"precision": 0.9722222222222222, "recall": 0.8974358974358975, "f1-score": 0.9333333333333333, "support": 39}, "gunshot": {"precision": 0.8947368421052632, "recall": 0.8095238095238095, "f1-score": 0.8500000000000001, "support": 21}, "siren": {"precision": 0.8823529411764706, "recall": 0.9375, "f1-score": 0.9090909090909091, "support": 16}, "accuracy": 0.8666666666666667, "macro avg": {"precision": 0.8691461831941708, "recall": 0.8680114784640647, "f1-score": 0.8666544477028348, "support": 105}, "weighted avg": {"precision": 0.8753780619105695, "recall": 0.8666666666666667, "f1-score": 0.8690196899874318, "support": 105}, "classificador": "KNeighborsClassifier"}