{"classificador": "KNeighborsClassifier", "accuracy": 0.5523809523809524, "explosion": {"recall": 0.38461538461538464, "f1-score": 0.5263157894736842, "precision": 0.8333333333333334, "support": 39}, "siren": {"recall": 0.5, "f1-score": 0.6153846153846154, "precision": 0.8, "support": 16}, "weighted avg": {"recall": 0.5523809523809524, "f1-score": 0.5541514521090326, "precision": 0.6537150568729515, "support": 105}, "gunshot": {"recall": 0.7142857142857143, "f1-score": 0.5, "precision": 0.38461538461538464, "support": 21}, "macro avg": {"recall": 0.572139067828723, "f1-score": 0.5596788325578586, "precision": 0.6360661268556005, "support": 105}, "casual": {"recall": 0.6896551724137931, "f1-score": 0.5970149253731344, "precision": 0.5263157894736842, "support": 29}}