{"classificador": "LinearSVC", "accuracy": 0.638095238095238, "explosion": {"recall": 0.5641025641025641, "f1-score": 0.6285714285714286, "precision": 0.7096774193548387, "support": 39}, "siren": {"recall": 0.875, "f1-score": 0.823529411764706, "precision": 0.7777777777777778, "support": 16}, "weighted avg": {"recall": 0.638095238095238, "f1-score": 0.6396171100018956, "precision": 0.6578437937071714, "support": 105}, "gunshot": {"recall": 0.5714285714285714, "f1-score": 0.6315789473684211, "precision": 0.7058823529411765, "support": 21}, "macro avg": {"recall": 0.6664258873310598, "f1-score": 0.6606258292790801, "precision": 0.67012925931332, "support": 105}, "casual": {"recall": 0.6551724137931034, "f1-score": 0.5588235294117647, "precision": 0.48717948717948717, "support": 29}}