{"classificador": "SGDClassifier", "accuracy": 0.5714285714285714, "explosion": {"recall": 0.8205128205128205, "f1-score": 0.7191011235955057, "precision": 0.64, "support": 39}, "siren": {"recall": 0.75, "f1-score": 0.75, "precision": 0.75, "support": 16}, "weighted avg": {"recall": 0.5714285714285714, "f1-score": 0.5113524061309918, "precision": 0.46530891330891333, "support": 105}, "gunshot": {"recall": 0.0, "f1-score": 0.0, "precision": 0.0, "support": 21}, "macro avg": {"recall": 0.5305592396109637, "f1-score": 0.48492233972240584, "precision": 0.45006410256410256, "support": 105}, "casual": {"recall": 0.5517241379310345, "f1-score": 0.47058823529411764, "precision": 0.41025641025641024, "support": 29}}