{"classificador": "Perceptron", "accuracy": 0.6190476190476191, "explosion": {"recall": 0.48717948717948717, "f1-score": 0.5757575757575758, "precision": 0.7037037037037037, "support": 39}, "siren": {"recall": 0.875, "f1-score": 0.875, "precision": 0.875, "support": 16}, "weighted avg": {"recall": 0.6190476190476191, "f1-score": 0.6204641809803101, "precision": 0.6433829261415469, "support": 105}, "gunshot": {"recall": 0.6190476190476191, "f1-score": 0.52, "precision": 0.4482758620689655, "support": 21}, "macro avg": {"recall": 0.6590998800050525, "f1-score": 0.6459152003910068, "precision": 0.6506842853825612, "support": 105}, "casual": {"recall": 0.6551724137931034, "f1-score": 0.6129032258064515, "precision": 0.5757575757575758, "support": 29}}