{"classificador": "KNeighborsClassifier", "accuracy": 0.6, "explosion": {"recall": 0.5384615384615384, "f1-score": 0.6885245901639344, "precision": 0.9545454545454546, "support": 39}, "siren": {"recall": 0.5, "f1-score": 0.6153846153846154, "precision": 0.8, "support": 16}, "weighted avg": {"recall": 0.6, "f1-score": 0.6144004352225542, "precision": 0.7018136249715198, "support": 105}, "gunshot": {"recall": 0.6666666666666666, "f1-score": 0.5, "precision": 0.4, "support": 21}, "macro avg": {"recall": 0.5986958443854995, "f1-score": 0.600231032730421, "precision": 0.6702153110047846, "support": 105}, "casual": {"recall": 0.6896551724137931, "f1-score": 0.5970149253731344, "precision": 0.5263157894736842, "support": 29}}