{"classificador": "Perceptron", "accuracy": 0.7238095238095238, "explosion": {"recall": 0.7948717948717948, "f1-score": 0.7848101265822786, "precision": 0.775, "support": 39}, "siren": {"recall": 0.875, "f1-score": 0.823529411764706, "precision": 0.7777777777777778, "support": 16}, "weighted avg": {"recall": 0.7238095238095238, "f1-score": 0.7220454026602869, "precision": 0.7220935274694672, "support": 105}, "gunshot": {"recall": 0.7142857142857143, "f1-score": 0.7500000000000001, "precision": 0.7894736842105263, "support": 21}, "macro avg": {"recall": 0.733970411772136, "f1-score": 0.7299357617797286, "precision": 0.7284200083542189, "support": 105}, "casual": {"recall": 0.5517241379310345, "f1-score": 0.5614035087719299, "precision": 0.5714285714285714, "support": 29}}