{"classificador": "SGDClassifier", "accuracy": 0.49523809523809526, "explosion": {"recall": 0.48717948717948717, "f1-score": 0.5757575757575758, "precision": 0.7037037037037037, "support": 39}, "siren": {"recall": 0.75, "f1-score": 0.7272727272727272, "precision": 0.7058823529411765, "support": 16}, "weighted avg": {"recall": 0.49523809523809526, "f1-score": 0.45501240332701004, "precision": 0.46560535325241215, "support": 105}, "gunshot": {"recall": 0.0, "f1-score": 0.0, "precision": 0.0, "support": 21}, "macro avg": {"recall": 0.49032935455349247, "f1-score": 0.4437351038474634, "precision": 0.4398965141612201, "support": 105}, "casual": {"recall": 0.7241379310344828, "f1-score": 0.4719101123595506, "precision": 0.35, "support": 29}}