{"classificador": "SGDClassifier", "accuracy": 0.4857142857142857, "explosion": {"recall": 0.4358974358974359, "f1-score": 0.53125, "precision": 0.68, "support": 39}, "siren": {"recall": 0.8125, "f1-score": 0.7647058823529411, "precision": 0.7222222222222222, "support": 16}, "weighted avg": {"recall": 0.4857142857142857, "f1-score": 0.44132056668821373, "precision": 0.45617272572111284, "support": 105}, "gunshot": {"recall": 0.0, "f1-score": 0.0, "precision": 0.0, "support": 21}, "macro avg": {"recall": 0.4931338417329797, "f1-score": 0.43937358597285064, "precision": 0.43523297491039425, "support": 105}, "casual": {"recall": 0.7241379310344828, "f1-score": 0.4615384615384615, "precision": 0.3387096774193548, "support": 29}}