{"classificador": "Perceptron", "accuracy": 0.6285714285714286, "explosion": {"recall": 0.5384615384615384, "f1-score": 0.6, "precision": 0.6774193548387096, "support": 39}, "siren": {"recall": 0.875, "f1-score": 0.8484848484848485, "precision": 0.8235294117647058, "support": 16}, "weighted avg": {"recall": 0.6285714285714286, "f1-score": 0.629972562648619, "precision": 0.6552890403473216, "support": 105}, "gunshot": {"recall": 0.5238095238095238, "f1-score": 0.611111111111111, "precision": 0.7333333333333333, "support": 21}, "macro avg": {"recall": 0.6567315586712138, "f1-score": 0.6557440603215251, "precision": 0.6776181440318063, "support": 105}, "casual": {"recall": 0.6896551724137931, "f1-score": 0.5633802816901408, "precision": 0.47619047619047616, "support": 29}}