{"classificador": "BaggingClassifier", "accuracy": 0.5142857142857142, "explosion": {"recall": 0.38461538461538464, "f1-score": 0.4918032786885246, "precision": 0.6818181818181818, "support": 39}, "siren": {"recall": 0.5625, "f1-score": 0.5806451612903225, "precision": 0.6, "support": 16}, "weighted avg": {"recall": 0.5142857142857142, "f1-score": 0.5057208293288976, "precision": 0.6515877670716379, "support": 105}, "gunshot": {"recall": 0.2857142857142857, "f1-score": 0.4444444444444445, "precision": 1.0, "support": 21}, "macro avg": {"recall": 0.5151039693065556, "f1-score": 0.5110913529739547, "precision": 0.6672287390029326, "support": 105}, "casual": {"recall": 0.8275862068965517, "f1-score": 0.5274725274725275, "precision": 0.3870967741935484, "support": 29}}