{"classificador": "Perceptron", "accuracy": 0.5714285714285714, "explosion": {"recall": 0.38461538461538464, "f1-score": 0.4918032786885246, "precision": 0.6818181818181818, "support": 39}, "siren": {"recall": 0.875, "f1-score": 0.8484848484848485, "precision": 0.8235294117647058, "support": 16}, "weighted avg": {"recall": 0.5714285714285714, "f1-score": 0.5664496400492707, "precision": 0.603680259982781, "support": 105}, "gunshot": {"recall": 0.5714285714285714, "f1-score": 0.5333333333333333, "precision": 0.5, "support": 21}, "macro avg": {"recall": 0.6215540924592649, "f1-score": 0.602208182028085, "precision": 0.61443213649096, "support": 105}, "casual": {"recall": 0.6551724137931034, "f1-score": 0.5352112676056338, "precision": 0.4523809523809524, "support": 29}}