{"classificador": "SGDClassifier", "accuracy": 0.44761904761904764, "explosion": {"recall": 0.3076923076923077, "f1-score": 0.41379310344827586, "precision": 0.631578947368421, "support": 39}, "siren": {"recall": 0.8125, "f1-score": 0.7647058823529411, "precision": 0.7222222222222222, "support": 16}, "weighted avg": {"recall": 0.44761904761904764, "f1-score": 0.3968084935123475, "precision": 0.4353287863107188, "support": 105}, "gunshot": {"recall": 0.0, "f1-score": 0.0, "precision": 0.0, "support": 21}, "macro avg": {"recall": 0.46970324933687, "f1-score": 0.4092080797836376, "precision": 0.42053984463646676, "support": 105}, "casual": {"recall": 0.7586206896551724, "f1-score": 0.4583333333333333, "precision": 0.3283582089552239, "support": 29}}