{"classificador": "LinearSVC", "accuracy": 0.6095238095238096, "explosion": {"recall": 0.8205128205128205, "f1-score": 0.7032967032967034, "precision": 0.6153846153846154, "support": 39}, "siren": {"recall": 0.875, "f1-score": 0.823529411764706, "precision": 0.7777777777777778, "support": 16}, "weighted avg": {"recall": 0.6095238095238096, "f1-score": 0.5728099239695879, "precision": 0.6307305000853388, "support": 105}, "gunshot": {"recall": 0.14285714285714285, "f1-score": 0.24, "precision": 0.75, "support": 21}, "macro avg": {"recall": 0.5889028356700771, "f1-score": 0.5667065287653523, "precision": 0.6567583402260821, "support": 105}, "casual": {"recall": 0.5172413793103449, "f1-score": 0.5000000000000001, "precision": 0.4838709677419355, "support": 29}}