{"classificador": "Perceptron", "accuracy": 0.580952380952381, "explosion": {"recall": 0.6666666666666666, "f1-score": 0.619047619047619, "precision": 0.5777777777777777, "support": 39}, "siren": {"recall": 0.9375, "f1-score": 0.8108108108108109, "precision": 0.7142857142857143, "support": 16}, "weighted avg": {"recall": 0.580952380952381, "f1-score": 0.5420764563621706, "precision": 0.5496651994130985, "support": 105}, "gunshot": {"recall": 0.09523809523809523, "f1-score": 0.15384615384615385, "precision": 0.4, "support": 21}, "macro avg": {"recall": 0.5800236042692939, "f1-score": 0.5387832887832888, "precision": 0.5553688141923436, "support": 105}, "casual": {"recall": 0.6206896551724138, "f1-score": 0.5714285714285715, "precision": 0.5294117647058824, "support": 29}}