{"casual": {"precision": 0.4, "recall": 0.6896551724137931, "f1-score": 0.5063291139240508, "support": 29}, "explosion": {"precision": 0.78125, "recall": 0.6410256410256411, "f1-score": 0.7042253521126761, "support": 39}, "gunshot": {"precision": 0.75, "recall": 0.14285714285714285, "f1-score": 0.24, "support": 21}, "siren": {"precision": 0.7894736842105263, "recall": 0.9375, "f1-score": 0.8571428571428572, "support": 16}, "accuracy": 0.6, "macro avg": {"precision": 0.6801809210526315, "recall": 0.6027594890741442, "f1-score": 0.576924330794896, "support": 105}, "weighted avg": {"precision": 0.6709555137844612, "recall": 0.6, "f1-score": 0.5800249404807386, "support": 105}, "classificador": "SVC", "mediaTempoClassificacaoCadaAudio": 0.009694955462501162, "desvioTempoClassificacaoCadaAudio": 0.00488942185904037}