{"casual": {"precision": 0.40384615384615385, "recall": 0.7241379310344828, "f1-score": 0.5185185185185185, "support": 29}, "explosion": {"precision": 0.78125, "recall": 0.6410256410256411, "f1-score": 0.7042253521126761, "support": 39}, "gunshot": {"precision": 1.0, "recall": 0.14285714285714285, "f1-score": 0.25, "support": 21}, "siren": {"precision": 0.8333333333333334, "recall": 0.9375, "f1-score": 0.8823529411764706, "support": 16}, "accuracy": 0.6095238095238096, "macro avg": {"precision": 0.7546073717948718, "recall": 0.6113801787293167, "f1-score": 0.5887742029519163, "support": 105}, "weighted avg": {"precision": 0.7287011599511599, "recall": 0.6095238095238096, "f1-score": 0.5892330745548089, "support": 105}, "classificador": "SVC", "mediaTempoClassificacaoCadaAudio": 0.010981786818731399, "desvioTempoClassificacaoCadaAudio": 0.006301911578358352}