{"casual": {"precision": 0.7666666666666667, "recall": 0.7931034482758621, "f1-score": 0.7796610169491527, "support": 29}, "explosion": {"precision": 0.9210526315789473, "recall": 0.8974358974358975, "f1-score": 0.9090909090909091, "support": 39}, "gunshot": {"precision": 0.8888888888888888, "recall": 0.7619047619047619, "f1-score": 0.8205128205128205, "support": 21}, "siren": {"precision": 0.8421052631578947, "recall": 1.0, "f1-score": 0.9142857142857143, "support": 16}, "accuracy": 0.8571428571428571, "macro avg": {"precision": 0.8546783625730994, "recall": 0.8631110269041303, "f1-score": 0.8558876152096492, "support": 105}, "weighted avg": {"precision": 0.8599498746867167, "recall": 0.8571428571428571, "f1-score": 0.8564195771943957, "support": 105}, "classificador": "SVC", "mediaTempoClassificacaoCadaAudio": 0.04591576939537412, "desvioTempoClassificacaoCadaAudio": 0.03296323247737916}