{"casual": {"precision": 0.35185185185185186, "recall": 0.6551724137931034, "f1-score": 0.4578313253012048, "support": 29}, "explosion": {"precision": 0.8108108108108109, "recall": 0.7692307692307693, "f1-score": 0.7894736842105263, "support": 39}, "gunshot": {"precision": 1.0, "recall": 0.047619047619047616, "f1-score": 0.0909090909090909, "support": 21}, "siren": {"precision": 0.7692307692307693, "recall": 0.625, "f1-score": 0.6896551724137931, "support": 16}, "accuracy": 0.5714285714285714, "macro avg": {"precision": 0.7329733579733579, "recall": 0.5242555576607302, "f1-score": 0.5069673182086538, "support": 105}, "weighted avg": {"precision": 0.7155525488858824, "recall": 0.5714285714285714, "f1-score": 0.5429538646253054, "support": 105}, "classificador": "LinearDiscriminantAnalysis"}