{"casual": {"precision": 0.40425531914893614, "recall": 0.6551724137931034, "f1-score": 0.4999999999999999, "support": 29}, "explosion": {"precision": 0.8235294117647058, "recall": 0.717948717948718, "f1-score": 0.767123287671233, "support": 39}, "gunshot": {"precision": 0.8333333333333334, "recall": 0.23809523809523808, "f1-score": 0.37037037037037035, "support": 21}, "siren": {"precision": 0.7222222222222222, "recall": 0.8125, "f1-score": 0.7647058823529411, "support": 16}, "accuracy": 0.6190476190476191, "macro avg": {"precision": 0.6958350716172994, "recall": 0.6059290924592649, "f1-score": 0.600549885098636, "support": 105}, "weighted avg": {"precision": 0.6942533987590308, "recall": 0.6190476190476191, "f1-score": 0.6136274296628851, "support": 105}, "classificador": "SVC"}