{"casual": {"precision": 0.48484848484848486, "recall": 0.5517241379310345, "f1-score": 0.5161290322580646, "support": 29}, "explosion": {"precision": 0.7045454545454546, "recall": 0.7948717948717948, "f1-score": 0.746987951807229, "support": 39}, "gunshot": {"precision": 0.8571428571428571, "recall": 0.2857142857142857, "f1-score": 0.42857142857142855, "support": 21}, "siren": {"precision": 0.7619047619047619, "recall": 1.0, "f1-score": 0.8648648648648648, "support": 16}, "accuracy": 0.6571428571428571, "macro avg": {"precision": 0.7021103896103896, "recall": 0.6580775546292787, "f1-score": 0.6391383193753968, "support": 105}, "weighted avg": {"precision": 0.6831271902700475, "recall": 0.6571428571428571, "f1-score": 0.6375058085124157, "support": 105}, "classificador": "LinearSVC"}