{"casual": {"precision": 0.3220338983050847, "recall": 0.6551724137931034, "f1-score": 0.43181818181818177, "support": 29}, "explosion": {"precision": 0.8214285714285714, "recall": 0.5897435897435898, "f1-score": 0.6865671641791046, "support": 39}, "gunshot": {"precision": 0.0, "recall": 0.0, "f1-score": 0.0, "support": 21}, "siren": {"precision": 0.6666666666666666, "recall": 0.75, "f1-score": 0.7058823529411765, "support": 16}, "accuracy": 0.5142857142857142, "macro avg": {"precision": 0.45253228410008073, "recall": 0.49872900088417327, "f1-score": 0.45606692473461574, "support": 105}, "weighted avg": {"precision": 0.4956320381259848, "recall": 0.5142857142857142, "f1-score": 0.48183775545496355, "support": 105}, "classificador": "LinearDiscriminantAnalysis"}