{"casual": {"precision": 0.5384615384615384, "recall": 0.4827586206896552, "f1-score": 0.509090909090909, "support": 29}, "explosion": {"precision": 0.8292682926829268, "recall": 0.8717948717948718, "f1-score": 0.8500000000000001, "support": 39}, "gunshot": {"precision": 0.6666666666666666, "recall": 0.5714285714285714, "f1-score": 0.6153846153846153, "support": 21}, "siren": {"precision": 0.7, "recall": 0.875, "f1-score": 0.7777777777777777, "support": 16}, "accuracy": 0.7047619047619048, "macro avg": {"precision": 0.683599124452783, "recall": 0.7002455159782746, "f1-score": 0.6880633255633255, "support": 105}, "weighted avg": {"precision": 0.6967318860001785, "recall": 0.7047619047619048, "f1-score": 0.6979157879157879, "support": 105}, "classificador": "Perceptron"}