{"casual": {"precision": 0.6296296296296297, "recall": 0.5862068965517241, "f1-score": 0.6071428571428571, "support": 29}, "explosion": {"precision": 0.8611111111111112, "recall": 0.7948717948717948, "f1-score": 0.8266666666666667, "support": 39}, "gunshot": {"precision": 0.7777777777777778, "recall": 0.6666666666666666, "f1-score": 0.717948717948718, "support": 21}, "siren": {"precision": 0.625, "recall": 0.9375, "f1-score": 0.75, "support": 16}, "accuracy": 0.7333333333333333, "macro avg": {"precision": 0.7233796296296297, "recall": 0.7463113395225464, "f1-score": 0.7254395604395605, "support": 105}, "weighted avg": {"precision": 0.7445326278659612, "recall": 0.7333333333333333, "f1-score": 0.7326101517530089, "support": 105}, "classificador": "SGDClassifier"}