{"casual": {"precision": 0.7666666666666667, "recall": 0.7931034482758621, "f1-score": 0.7796610169491527, "support": 29}, "explosion": {"precision": 0.9473684210526315, "recall": 0.9230769230769231, "f1-score": 0.935064935064935, "support": 39}, "gunshot": {"precision": 0.8888888888888888, "recall": 0.7619047619047619, "f1-score": 0.8205128205128205, "support": 21}, "siren": {"precision": 0.8421052631578947, "recall": 1.0, "f1-score": 0.9142857142857143, "support": 16}, "accuracy": 0.8666666666666667, "macro avg": {"precision": 0.8612573099415204, "recall": 0.8695212833143868, "f1-score": 0.8623811217031555, "support": 105}, "weighted avg": {"precision": 0.8697243107769423, "recall": 0.8666666666666667, "f1-score": 0.8660670725561767, "support": 105}, "classificador": "SVC", "mediaTempoClassificacaoCadaAudio": 0.05001748629978725, "desvioTempoClassificacaoCadaAudio": 0.037860534930968616}