{"casual": {"precision": 0.5714285714285714, "recall": 0.6896551724137931, "f1-score": 0.625, "support": 29}, "explosion": {"precision": 0.8235294117647058, "recall": 0.717948717948718, "f1-score": 0.767123287671233, "support": 39}, "gunshot": {"precision": 0.8235294117647058, "recall": 0.6666666666666666, "f1-score": 0.7368421052631577, "support": 21}, "siren": {"precision": 0.8421052631578947, "recall": 1.0, "f1-score": 0.9142857142857143, "support": 16}, "accuracy": 0.7428571428571429, "macro avg": {"precision": 0.7651481645289695, "recall": 0.7685676392572944, "f1-score": 0.7608127768050262, "support": 105}, "weighted avg": {"precision": 0.7567321665508308, "recall": 0.7428571428571429, "f1-score": 0.7442387034121508, "support": 105}, "classificador": "LinearDiscriminantAnalysis"}