{"casual": {"precision": 0.5714285714285714, "recall": 0.6896551724137931, "f1-score": 0.625, "support": 29}, "explosion": {"precision": 0.8333333333333334, "recall": 0.7692307692307693, "f1-score": 0.8, "support": 39}, "gunshot": {"precision": 0.7777777777777778, "recall": 0.6666666666666666, "f1-score": 0.717948717948718, "support": 21}, "siren": {"precision": 0.875, "recall": 0.875, "f1-score": 0.875, "support": 16}, "accuracy": 0.7428571428571429, "macro avg": {"precision": 0.7643849206349206, "recall": 0.7501381520778072, "f1-score": 0.7544871794871795, "support": 105}, "weighted avg": {"precision": 0.756235827664399, "recall": 0.7428571428571429, "f1-score": 0.7466849816849818, "support": 105}, "classificador": "LinearDiscriminantAnalysis"}