{"casual": {"precision": 0.4888888888888889, "recall": 0.7586206896551724, "f1-score": 0.5945945945945945, "support": 29}, "explosion": {"precision": 0.8518518518518519, "recall": 0.5897435897435898, "f1-score": 0.6969696969696971, "support": 39}, "gunshot": {"precision": 0.75, "recall": 0.5714285714285714, "f1-score": 0.6486486486486486, "support": 21}, "siren": {"precision": 0.8235294117647058, "recall": 0.875, "f1-score": 0.8484848484848485, "support": 16}, "accuracy": 0.6761904761904762, "macro avg": {"precision": 0.7285675381263617, "recall": 0.6986982127068333, "f1-score": 0.6971744471744472, "support": 105}, "weighted avg": {"precision": 0.7269187675070028, "recall": 0.6761904761904762, "f1-score": 0.6821184821184821, "support": 105}, "classificador": "Perceptron"}