{"casual": {"precision": 0.625, "recall": 0.6896551724137931, "f1-score": 0.6557377049180328, "support": 29}, "explosion": {"precision": 0.8333333333333334, "recall": 0.7692307692307693, "f1-score": 0.8, "support": 39}, "gunshot": {"precision": 0.8421052631578947, "recall": 0.7619047619047619, "f1-score": 0.8, "support": 21}, "siren": {"precision": 0.8888888888888888, "recall": 1.0, "f1-score": 0.9411764705882353, "support": 16}, "accuracy": 0.780952380952381, "macro avg": {"precision": 0.7973318713450293, "recall": 0.805197675887331, "f1-score": 0.7992285438765672, "support": 105}, "weighted avg": {"precision": 0.7860136452241715, "recall": 0.780952380952381, "f1-score": 0.7816687330669974, "support": 105}, "classificador": "SGDClassifier"}