{"casual": {"precision": 0.625, "recall": 0.6896551724137931, "f1-score": 0.6557377049180328, "support": 29}, "explosion": {"precision": 0.868421052631579, "recall": 0.8461538461538461, "f1-score": 0.8571428571428572, "support": 39}, "gunshot": {"precision": 0.8823529411764706, "recall": 0.7142857142857143, "f1-score": 0.7894736842105262, "support": 21}, "siren": {"precision": 0.7777777777777778, "recall": 0.875, "f1-score": 0.823529411764706, "support": 16}, "accuracy": 0.780952380952381, "macro avg": {"precision": 0.7883879428964569, "recall": 0.7812736832133385, "f1-score": 0.7814709145090306, "support": 105}, "weighted avg": {"precision": 0.7901645453503038, "recall": 0.780952380952381, "f1-score": 0.7828607888366736, "support": 105}, "classificador": "LinearDiscriminantAnalysis"}