{"casual": {"precision": 0.76, "recall": 0.6551724137931034, "f1-score": 0.7037037037037037, "support": 29}, "explosion": {"precision": 0.868421052631579, "recall": 0.8461538461538461, "f1-score": 0.8571428571428572, "support": 39}, "gunshot": {"precision": 0.7272727272727273, "recall": 0.7619047619047619, "f1-score": 0.7441860465116279, "support": 21}, "siren": {"precision": 0.75, "recall": 0.9375, "f1-score": 0.8333333333333334, "support": 16}, "accuracy": 0.7904761904761904, "macro avg": {"precision": 0.7764234449760765, "recall": 0.8001827554629278, "f1-score": 0.7845914851728806, "support": 105}, "weighted avg": {"precision": 0.7922014126224654, "recall": 0.7904761904761904, "f1-score": 0.7885449442481557, "support": 105}, "classificador": "SVC", "mediaTempoClassificacaoCadaAudio": 0.04774772553216843, "desvioTempoClassificacaoCadaAudio": 0.03583784587121147}