{"casual": {"precision": 0.6111111111111112, "recall": 0.7586206896551724, "f1-score": 0.676923076923077, "support": 29}, "explosion": {"precision": 0.8974358974358975, "recall": 0.8974358974358975, "f1-score": 0.8974358974358975, "support": 39}, "gunshot": {"precision": 0.9090909090909091, "recall": 0.47619047619047616, "f1-score": 0.6249999999999999, "support": 21}, "siren": {"precision": 0.7894736842105263, "recall": 0.9375, "f1-score": 0.8571428571428572, "support": 16}, "accuracy": 0.780952380952381, "macro avg": {"precision": 0.8017779004621111, "recall": 0.7674367658203866, "f1-score": 0.7641254578754579, "support": 105}, "weighted avg": {"precision": 0.8042353358142833, "recall": 0.780952380952381, "f1-score": 0.7759052851909995, "support": 105}, "classificador": "SVC"}