{"casual": {"precision": 0.44642857142857145, "recall": 0.8620689655172413, "f1-score": 0.5882352941176471, "support": 29}, "explosion": {"precision": 0.875, "recall": 0.5384615384615384, "f1-score": 0.6666666666666667, "support": 39}, "gunshot": {"precision": 0.5714285714285714, "recall": 0.19047619047619047, "f1-score": 0.2857142857142857, "support": 21}, "siren": {"precision": 0.7777777777777778, "recall": 0.875, "f1-score": 0.823529411764706, "support": 16}, "accuracy": 0.6095238095238096, "macro avg": {"precision": 0.6676587301587301, "recall": 0.6165016736137425, "f1-score": 0.5910364145658263, "support": 105}, "weighted avg": {"precision": 0.681103552532124, "recall": 0.6095238095238096, "f1-score": 0.592717086834734, "support": 105}, "classificador": "Perceptron"}