{"casual": {"precision": 0.5882352941176471, "recall": 0.6896551724137931, "f1-score": 0.6349206349206349, "support": 29}, "explosion": {"precision": 0.8709677419354839, "recall": 0.6923076923076923, "f1-score": 0.7714285714285716, "support": 39}, "gunshot": {"precision": 0.8, "recall": 0.7619047619047619, "f1-score": 0.7804878048780488, "support": 21}, "siren": {"precision": 0.75, "recall": 0.9375, "f1-score": 0.8333333333333334, "support": 16}, "accuracy": 0.7428571428571429, "macro avg": {"precision": 0.7523007590132827, "recall": 0.7703419066565618, "f1-score": 0.7550425861401472, "support": 105}, "weighted avg": {"precision": 0.7602530044275775, "recall": 0.7428571428571429, "f1-score": 0.7449713327065244, "support": 105}, "classificador": "SGDClassifier"}