{"casual": {"precision": 0.5526315789473685, "recall": 0.7241379310344828, "f1-score": 0.6268656716417911, "support": 29}, "explosion": {"precision": 0.7857142857142857, "recall": 0.5641025641025641, "f1-score": 0.6567164179104477, "support": 39}, "gunshot": {"precision": 0.5882352941176471, "recall": 0.47619047619047616, "f1-score": 0.5263157894736842, "support": 21}, "siren": {"precision": 0.6363636363636364, "recall": 0.875, "f1-score": 0.7368421052631579, "support": 16}, "accuracy": 0.638095238095238, "macro avg": {"precision": 0.6407361987857344, "recall": 0.6598577428318808, "f1-score": 0.6366849960722702, "support": 105}, "weighted avg": {"precision": 0.6590850694344723, "recall": 0.638095238095238, "f1-score": 0.6346014289454981, "support": 105}, "classificador": "SGDClassifier"}