{"casual": {"precision": 0.5789473684210527, "recall": 0.7586206896551724, "f1-score": 0.6567164179104478, "support": 29}, "explosion": {"precision": 0.7916666666666666, "recall": 0.48717948717948717, "f1-score": 0.6031746031746031, "support": 39}, "gunshot": {"precision": 0.6, "recall": 0.7142857142857143, "f1-score": 0.6521739130434783, "support": 21}, "siren": {"precision": 0.8333333333333334, "recall": 0.9375, "f1-score": 0.8823529411764706, "support": 16}, "accuracy": 0.6761904761904762, "macro avg": {"precision": 0.7009868421052632, "recall": 0.7243964727800934, "f1-score": 0.6986044688262499, "support": 105}, "weighted avg": {"precision": 0.7009314954051796, "recall": 0.6761904761904762, "f1-score": 0.6703036654852293, "support": 105}, "classificador": "SGDClassifier"}