{"casual": {"precision": 0.5, "recall": 0.5517241379310345, "f1-score": 0.5245901639344263, "support": 29}, "explosion": {"precision": 0.7741935483870968, "recall": 0.6153846153846154, "f1-score": 0.6857142857142857, "support": 39}, "gunshot": {"precision": 0.5909090909090909, "recall": 0.6190476190476191, "f1-score": 0.6046511627906977, "support": 21}, "siren": {"precision": 0.7, "recall": 0.875, "f1-score": 0.7777777777777777, "support": 16}, "accuracy": 0.638095238095238, "macro avg": {"precision": 0.641275659824047, "recall": 0.6652890930908173, "f1-score": 0.6481833475542969, "support": 105}, "weighted avg": {"precision": 0.6505013266303589, "recall": 0.638095238095238, "f1-score": 0.6390294358095676, "support": 105}, "classificador": "LinearDiscriminantAnalysis"}