{"casual": {"precision": 0.5641025641025641, "recall": 0.7586206896551724, "f1-score": 0.6470588235294118, "support": 29}, "explosion": {"precision": 0.7777777777777778, "recall": 0.5384615384615384, "f1-score": 0.6363636363636364, "support": 39}, "gunshot": {"precision": 0.5238095238095238, "recall": 0.5238095238095238, "f1-score": 0.5238095238095238, "support": 21}, "siren": {"precision": 0.8333333333333334, "recall": 0.9375, "f1-score": 0.8823529411764706, "support": 16}, "accuracy": 0.6571428571428571, "macro avg": {"precision": 0.6747557997557998, "recall": 0.6895979379815587, "f1-score": 0.6723962312197607, "support": 105}, "weighted avg": {"precision": 0.6764346764346764, "recall": 0.6571428571428571, "f1-score": 0.6542908072319836, "support": 105}, "classificador": "SVC"}