{"casual": {"precision": 0.6857142857142857, "recall": 0.8275862068965517, "f1-score": 0.75, "support": 29}, "explosion": {"precision": 0.8157894736842105, "recall": 0.7948717948717948, "f1-score": 0.8051948051948051, "support": 39}, "gunshot": {"precision": 0.625, "recall": 0.47619047619047616, "f1-score": 0.5405405405405405, "support": 21}, "siren": {"precision": 0.9375, "recall": 0.9375, "f1-score": 0.9375, "support": 16}, "accuracy": 0.7619047619047619, "macro avg": {"precision": 0.766000939849624, "recall": 0.7590371194897056, "f1-score": 0.7583088364338364, "support": 105}, "weighted avg": {"precision": 0.7602524167561762, "recall": 0.7619047619047619, "f1-score": 0.7571804643233214, "support": 105}, "classificador": "BaggingClassifier"}