{"casual": {"precision": 0.4318181818181818, "recall": 0.6551724137931034, "f1-score": 0.5205479452054794, "support": 29}, "explosion": {"precision": 0.5925925925925926, "recall": 0.41025641025641024, "f1-score": 0.4848484848484849, "support": 39}, "gunshot": {"precision": 0.35294117647058826, "recall": 0.2857142857142857, "f1-score": 0.31578947368421056, "support": 21}, "siren": {"precision": 0.7647058823529411, "recall": 0.8125, "f1-score": 0.787878787878788, "support": 16}, "accuracy": 0.5142857142857142, "macro avg": {"precision": 0.535514458308576, "recall": 0.5409107774409498, "f1-score": 0.5272661729042407, "support": 105}, "weighted avg": {"precision": 0.5264847353082647, "recall": 0.5142857142857142, "f1-score": 0.5070725797474176, "support": 105}, "classificador": "LinearDiscriminantAnalysis"}