{"casual": {"precision": 0.6666666666666666, "recall": 0.8275862068965517, "f1-score": 0.7384615384615385, "support": 29}, "explosion": {"precision": 0.9210526315789473, "recall": 0.8974358974358975, "f1-score": 0.9090909090909091, "support": 39}, "gunshot": {"precision": 0.9230769230769231, "recall": 0.5714285714285714, "f1-score": 0.7058823529411765, "support": 21}, "siren": {"precision": 0.8888888888888888, "recall": 1.0, "f1-score": 0.9411764705882353, "support": 16}, "accuracy": 0.8285714285714286, "macro avg": {"precision": 0.8499212775528565, "recall": 0.8241126689402551, "f1-score": 0.823652817770465, "support": 105}, "weighted avg": {"precision": 0.8462973673499989, "recall": 0.8285714285714286, "f1-score": 0.8262122191533956, "support": 105}, "classificador": "SVC"}