{"casual": {"precision": 0.6296296296296297, "recall": 0.5862068965517241, "f1-score": 0.6071428571428571, "support": 29}, "explosion": {"precision": 0.8333333333333334, "recall": 0.7692307692307693, "f1-score": 0.8, "support": 39}, "gunshot": {"precision": 0.7727272727272727, "recall": 0.8095238095238095, "f1-score": 0.7906976744186046, "support": 21}, "siren": {"precision": 0.75, "recall": 0.9375, "f1-score": 0.8333333333333334, "support": 16}, "accuracy": 0.7523809523809524, "macro avg": {"precision": 0.7464225589225589, "recall": 0.7756153688265757, "f1-score": 0.7577934662236988, "support": 105}, "weighted avg": {"precision": 0.7522526855860189, "recall": 0.7523809523809524, "f1-score": 0.749953593840637, "support": 105}, "classificador": "SGDClassifier"}