{"casual": {"precision": 0.5, "recall": 0.7241379310344828, "f1-score": 0.591549295774648, "support": 29}, "explosion": {"precision": 0.8076923076923077, "recall": 0.5384615384615384, "f1-score": 0.6461538461538461, "support": 39}, "gunshot": {"precision": 0.6, "recall": 0.5714285714285714, "f1-score": 0.5853658536585366, "support": 21}, "siren": {"precision": 0.7647058823529411, "recall": 0.8125, "f1-score": 0.787878787878788, "support": 16}, "accuracy": 0.638095238095238, "macro avg": {"precision": 0.6680995475113122, "recall": 0.6616320102311481, "f1-score": 0.6527369458664547, "support": 105}, "weighted avg": {"precision": 0.6746218487394958, "recall": 0.638095238095238, "f1-score": 0.6405111724795681, "support": 105}, "classificador": "Perceptron"}