{"casual": {"precision": 0.6428571428571429, "recall": 0.6206896551724138, "f1-score": 0.6315789473684211, "support": 29}, "explosion": {"precision": 0.7058823529411765, "recall": 0.6153846153846154, "f1-score": 0.6575342465753424, "support": 39}, "gunshot": {"precision": 0.4482758620689655, "recall": 0.6190476190476191, "f1-score": 0.52, "support": 21}, "siren": {"precision": 0.7857142857142857, "recall": 0.6875, "f1-score": 0.7333333333333334, "support": 16}, "accuracy": 0.6285714285714286, "macro avg": {"precision": 0.6456824108953927, "recall": 0.635655472401162, "f1-score": 0.6356116318192743, "support": 105}, "weighted avg": {"precision": 0.6491189579279988, "recall": 0.6285714285714286, "f1-score": 0.6344091278424372, "support": 105}, "classificador": "LinearDiscriminantAnalysis"}