{"casual": {"precision": 0.5581395348837209, "recall": 0.8275862068965517, "f1-score": 0.6666666666666666, "support": 29}, "explosion": {"precision": 0.7586206896551724, "recall": 0.5641025641025641, "f1-score": 0.6470588235294118, "support": 39}, "gunshot": {"precision": 0.7333333333333333, "recall": 0.5238095238095238, "f1-score": 0.611111111111111, "support": 21}, "siren": {"precision": 0.6666666666666666, "recall": 0.75, "f1-score": 0.7058823529411765, "support": 16}, "accuracy": 0.6571428571428571, "macro avg": {"precision": 0.6791900561347233, "recall": 0.6663745737021599, "f1-score": 0.6576797385620915, "support": 105}, "weighted avg": {"precision": 0.6841801911890124, "recall": 0.6571428571428571, "f1-score": 0.6542483660130719, "support": 105}, "classificador": "SGDClassifier"}