{"casual": {"precision": 0.5833333333333334, "recall": 0.4827586206896552, "f1-score": 0.5283018867924529, "support": 29}, "explosion": {"precision": 0.8285714285714286, "recall": 0.7435897435897436, "f1-score": 0.7837837837837838, "support": 39}, "gunshot": {"precision": 0.5357142857142857, "recall": 0.7142857142857143, "f1-score": 0.6122448979591837, "support": 21}, "siren": {"precision": 0.7777777777777778, "recall": 0.875, "f1-score": 0.823529411764706, "support": 16}, "accuracy": 0.6857142857142857, "macro avg": {"precision": 0.6813492063492064, "recall": 0.7039085196412783, "f1-score": 0.6869649950750316, "support": 105}, "weighted avg": {"precision": 0.6945275888133031, "recall": 0.6857142857142857, "f1-score": 0.6849708164754938, "support": 105}, "classificador": "LinearDiscriminantAnalysis"}