{"casual": {"precision": 0.4883720930232558, "recall": 0.7241379310344828, "f1-score": 0.5833333333333334, "support": 29}, "explosion": {"precision": 0.7777777777777778, "recall": 0.5384615384615384, "f1-score": 0.6363636363636364, "support": 39}, "gunshot": {"precision": 0.7333333333333333, "recall": 0.5238095238095238, "f1-score": 0.611111111111111, "support": 21}, "siren": {"precision": 0.75, "recall": 0.9375, "f1-score": 0.8333333333333334, "support": 16}, "accuracy": 0.6476190476190476, "macro avg": {"precision": 0.6873708010335917, "recall": 0.6809772483263863, "f1-score": 0.6660353535353536, "support": 105}, "weighted avg": {"precision": 0.6847249907715025, "recall": 0.6476190476190476, "f1-score": 0.6466810966810966, "support": 105}, "classificador": "Perceptron"}