{"casual": {"precision": 0.6176470588235294, "recall": 0.7241379310344828, "f1-score": 0.6666666666666667, "support": 29}, "explosion": {"precision": 0.8529411764705882, "recall": 0.7435897435897436, "f1-score": 0.7945205479452054, "support": 39}, "gunshot": {"precision": 0.5384615384615384, "recall": 0.6666666666666666, "f1-score": 0.5957446808510638, "support": 21}, "siren": {"precision": 1.0, "recall": 0.6875, "f1-score": 0.8148148148148148, "support": 16}, "accuracy": 0.7142857142857143, "macro avg": {"precision": 0.752262443438914, "recall": 0.7054735853227232, "f1-score": 0.7179366775694377, "support": 105}, "weighted avg": {"precision": 0.7474682180564532, "recall": 0.7142857142857143, "f1-score": 0.7225458098867211, "support": 105}, "classificador": "KNeighborsClassifier"}