{"casual": {"precision": 0.6774193548387096, "recall": 0.7241379310344828, "f1-score": 0.7, "support": 29}, "explosion": {"precision": 0.8611111111111112, "recall": 0.7948717948717948, "f1-score": 0.8266666666666667, "support": 39}, "gunshot": {"precision": 0.5769230769230769, "recall": 0.7142857142857143, "f1-score": 0.6382978723404256, "support": 21}, "siren": {"precision": 0.8333333333333334, "recall": 0.625, "f1-score": 0.7142857142857143, "support": 16}, "accuracy": 0.7333333333333333, "macro avg": {"precision": 0.7371967190515577, "recall": 0.7145738600479979, "f1-score": 0.7198125633232016, "support": 105}, "weighted avg": {"precision": 0.7493067864035606, "recall": 0.7333333333333333, "f1-score": 0.7368840642640035, "support": 105}, "classificador": "KNeighborsClassifier"}