{"casual": {"precision": 0.5789473684210527, "recall": 0.7586206896551724, "f1-score": 0.6567164179104478, "support": 29}, "explosion": {"precision": 0.875, "recall": 0.717948717948718, "f1-score": 0.7887323943661971, "support": 39}, "gunshot": {"precision": 0.8888888888888888, "recall": 0.7619047619047619, "f1-score": 0.8205128205128205, "support": 21}, "siren": {"precision": 0.8235294117647058, "recall": 0.875, "f1-score": 0.8484848484848485, "support": 16}, "accuracy": 0.7619047619047619, "macro avg": {"precision": 0.7915914172686618, "recall": 0.778368542377163, "f1-score": 0.7786116203185784, "support": 105}, "weighted avg": {"precision": 0.7881677232296427, "recall": 0.7619047619047619, "f1-score": 0.767732060059157, "support": 105}, "classificador": "LinearDiscriminantAnalysis"}