{"casual": {"precision": 0.5641025641025641, "recall": 0.7586206896551724, "f1-score": 0.6470588235294118, "support": 29}, "explosion": {"precision": 0.8787878787878788, "recall": 0.7435897435897436, "f1-score": 0.8055555555555556, "support": 39}, "gunshot": {"precision": 0.9333333333333333, "recall": 0.6666666666666666, "f1-score": 0.7777777777777778, "support": 21}, "siren": {"precision": 0.8333333333333334, "recall": 0.9375, "f1-score": 0.8823529411764706, "support": 16}, "accuracy": 0.7619047619047619, "macro avg": {"precision": 0.8023892773892775, "recall": 0.7765942749778957, "f1-score": 0.7781862745098039, "support": 105}, "weighted avg": {"precision": 0.7958574758574759, "recall": 0.7619047619047619, "f1-score": 0.7679271708683473, "support": 105}, "classificador": "Perceptron"}