{"casual": {"precision": 0.6388888888888888, "recall": 0.7931034482758621, "f1-score": 0.7076923076923076, "support": 29}, "explosion": {"precision": 0.90625, "recall": 0.7435897435897436, "f1-score": 0.8169014084507042, "support": 39}, "gunshot": {"precision": 0.8888888888888888, "recall": 0.7619047619047619, "f1-score": 0.8205128205128205, "support": 21}, "siren": {"precision": 0.8421052631578947, "recall": 1.0, "f1-score": 0.9142857142857143, "support": 16}, "accuracy": 0.8, "macro avg": {"precision": 0.8190332602339181, "recall": 0.8246494884425919, "f1-score": 0.8148480627353866, "support": 105}, "weighted avg": {"precision": 0.8191607490949595, "recall": 0.8, "f1-score": 0.802300690590429, "support": 105}, "classificador": "LinearDiscriminantAnalysis"}