{"casual": {"precision": 0.6857142857142857, "recall": 0.8275862068965517, "f1-score": 0.75, "support": 29}, "explosion": {"precision": 0.9722222222222222, "recall": 0.8974358974358975, "f1-score": 0.9333333333333333, "support": 39}, "gunshot": {"precision": 0.9333333333333333, "recall": 0.6666666666666666, "f1-score": 0.7777777777777778, "support": 21}, "siren": {"precision": 0.8421052631578947, "recall": 1.0, "f1-score": 0.9142857142857143, "support": 16}, "accuracy": 0.8476190476190476, "macro avg": {"precision": 0.8583437761069339, "recall": 0.847922192749779, "f1-score": 0.8438492063492063, "support": 105}, "weighted avg": {"precision": 0.8654863348848311, "recall": 0.8476190476190476, "f1-score": 0.8486848072562359, "support": 105}, "classificador": "SVC"}