{"casual": {"precision": 0.6206896551724138, "recall": 0.6206896551724138, "f1-score": 0.6206896551724138, "support": 29}, "explosion": {"precision": 0.85, "recall": 0.8717948717948718, "f1-score": 0.8607594936708861, "support": 39}, "gunshot": {"precision": 0.8823529411764706, "recall": 0.7142857142857143, "f1-score": 0.7894736842105262, "support": 21}, "siren": {"precision": 0.7894736842105263, "recall": 0.9375, "f1-score": 0.8571428571428572, "support": 16}, "accuracy": 0.780952380952381, "macro avg": {"precision": 0.7856290701398527, "recall": 0.78606756031325, "f1-score": 0.7820164225491708, "support": 105}, "weighted avg": {"precision": 0.7839141972578505, "recall": 0.780952380952381, "f1-score": 0.7796462222463937, "support": 105}, "classificador": "Perceptron"}