{"casual": {"precision": 0.6, "recall": 0.7241379310344828, "f1-score": 0.65625, "support": 29}, "explosion": {"precision": 0.8048780487804879, "recall": 0.8461538461538461, "f1-score": 0.8250000000000001, "support": 39}, "gunshot": {"precision": 0.9285714285714286, "recall": 0.6190476190476191, "f1-score": 0.742857142857143, "support": 21}, "siren": {"precision": 0.9333333333333333, "recall": 0.875, "f1-score": 0.9032258064516129, "support": 16}, "accuracy": 0.7714285714285715, "macro avg": {"precision": 0.8166957026713124, "recall": 0.766084849058987, "f1-score": 0.781833237327189, "support": 105}, "weighted avg": {"precision": 0.7926054974835463, "recall": 0.7714285714285715, "f1-score": 0.7738844086021506, "support": 105}, "classificador": "SGDClassifier"}