{"classificador": "BaggingClassifier", "accuracy": 0.819047619047619, "explosion": {"recall": 0.8461538461538461, "f1-score": 0.8799999999999999, "precision": 0.9166666666666666, "support": 39}, "siren": {"recall": 1.0, "f1-score": 0.888888888888889, "precision": 0.8, "support": 16}, "weighted avg": {"recall": 0.819047619047619, "f1-score": 0.8208187830687831, "precision": 0.8438775510204081, "support": 105}, "gunshot": {"recall": 0.6666666666666666, "f1-score": 0.8, "precision": 1.0, "support": 21}, "macro avg": {"recall": 0.8264809902740937, "f1-score": 0.8219097222222221, "precision": 0.8434523809523808, "support": 105}, "casual": {"recall": 0.7931034482758621, "f1-score": 0.71875, "precision": 0.6571428571428571, "support": 29}}