{"classificador": "BaggingClassifier", "accuracy": 0.8095238095238095, "explosion": {"recall": 0.8205128205128205, "f1-score": 0.8767123287671232, "precision": 0.9411764705882353, "support": 39}, "siren": {"recall": 0.875, "f1-score": 0.9032258064516129, "precision": 0.9333333333333333, "support": 16}, "weighted avg": {"recall": 0.8095238095238095, "f1-score": 0.8129724556842172, "precision": 0.8290618703621799, "support": 105}, "gunshot": {"recall": 0.6666666666666666, "f1-score": 0.717948717948718, "precision": 0.7777777777777778, "support": 21}, "macro avg": {"recall": 0.8060621131741821, "f1-score": 0.811038877470968, "precision": 0.827545579635363, "support": 105}, "casual": {"recall": 0.8620689655172413, "f1-score": 0.746268656716418, "precision": 0.6578947368421053, "support": 29}}