{"classificador": "Perceptron", "accuracy": 0.6666666666666666, "explosion": {"recall": 0.7948717948717948, "f1-score": 0.7209302325581396, "precision": 0.6595744680851063, "support": 39}, "siren": {"recall": 0.9375, "f1-score": 0.8823529411764706, "precision": 0.8333333333333334, "support": 16}, "weighted avg": {"recall": 0.6666666666666666, "f1-score": 0.6368461596524916, "precision": 0.6677672487434689, "support": 105}, "gunshot": {"recall": 0.19047619047619047, "f1-score": 0.2962962962962963, "precision": 0.6666666666666666, "support": 21}, "macro avg": {"recall": 0.6531257894404445, "f1-score": 0.6336250262378853, "precision": 0.6869524405506884, "support": 105}, "casual": {"recall": 0.6896551724137931, "f1-score": 0.6349206349206349, "precision": 0.5882352941176471, "support": 29}}