{"classificador": "KNeighborsClassifier", "accuracy": 0.8571428571428571, "explosion": {"recall": 0.8461538461538461, "f1-score": 0.8799999999999999, "precision": 0.9166666666666666, "support": 39}, "siren": {"recall": 0.875, "f1-score": 0.9333333333333333, "precision": 1.0, "support": 16}, "weighted avg": {"recall": 0.8571428571428571, "f1-score": 0.861380069144775, "precision": 0.8840659340659341, "support": 105}, "gunshot": {"recall": 0.7619047619047619, "f1-score": 0.8648648648648648, "precision": 1.0, "support": 21}, "macro avg": {"recall": 0.8535232727043072, "f1-score": 0.8680789613142554, "precision": 0.9022435897435898, "support": 105}, "casual": {"recall": 0.9310344827586207, "f1-score": 0.7941176470588235, "precision": 0.6923076923076923, "support": 29}}