{"classificador": "BaggingClassifier", "accuracy": 0.8095238095238095, "explosion": {"recall": 0.8974358974358975, "f1-score": 0.9210526315789475, "precision": 0.9459459459459459, "support": 39}, "siren": {"recall": 0.8125, "f1-score": 0.8125, "precision": 0.8125, "support": 16}, "weighted avg": {"recall": 0.8095238095238095, "f1-score": 0.8123540193768003, "precision": 0.8353112511007248, "support": 105}, "gunshot": {"recall": 0.6190476190476191, "f1-score": 0.742857142857143, "precision": 0.9285714285714286, "support": 21}, "macro avg": {"recall": 0.789142430845017, "f1-score": 0.7982069212209628, "precision": 0.8296490804714489, "support": 105}, "casual": {"recall": 0.8275862068965517, "f1-score": 0.716417910447761, "precision": 0.631578947368421, "support": 29}}