{"classificador": "SGDClassifier", "accuracy": 0.7142857142857143, "explosion": {"recall": 0.8461538461538461, "f1-score": 0.8354430379746836, "precision": 0.825, "support": 39}, "siren": {"recall": 0.875, "f1-score": 0.7777777777777777, "precision": 0.7, "support": 16}, "weighted avg": {"recall": 0.7142857142857143, "f1-score": 0.7089430601195605, "precision": 0.7430272108843538, "support": 105}, "gunshot": {"recall": 0.42857142857142855, "f1-score": 0.5806451612903225, "precision": 0.9, "support": 21}, "macro avg": {"recall": 0.7012244221295945, "f1-score": 0.6969039942606959, "precision": 0.7419642857142856, "support": 105}, "casual": {"recall": 0.6551724137931034, "f1-score": 0.5937499999999999, "precision": 0.5428571428571428, "support": 29}}