{"classificador": "SGDClassifier", "accuracy": 0.780952380952381, "explosion": {"recall": 0.7435897435897436, "f1-score": 0.8285714285714285, "precision": 0.9354838709677419, "support": 39}, "siren": {"recall": 0.9375, "f1-score": 0.8571428571428572, "precision": 0.7894736842105263, "support": 16}, "weighted avg": {"recall": 0.780952380952381, "f1-score": 0.7877551020408161, "precision": 0.8294386635353135, "support": 105}, "gunshot": {"recall": 0.6666666666666666, "f1-score": 0.8, "precision": 1.0, "support": 21}, "macro avg": {"recall": 0.7938356542882404, "f1-score": 0.7928571428571428, "precision": 0.8275808522092012, "support": 105}, "casual": {"recall": 0.8275862068965517, "f1-score": 0.6857142857142856, "precision": 0.5853658536585366, "support": 29}}