{"classificador": "LinearSVC", "accuracy": 0.780952380952381, "explosion": {"recall": 0.8205128205128205, "f1-score": 0.8648648648648648, "precision": 0.9142857142857143, "support": 39}, "siren": {"recall": 0.875, "f1-score": 0.8484848484848485, "precision": 0.8235294117647058, "support": 16}, "weighted avg": {"recall": 0.780952380952381, "f1-score": 0.7859346129934365, "precision": 0.8136778814089738, "support": 105}, "gunshot": {"recall": 0.6190476190476191, "f1-score": 0.742857142857143, "precision": 0.9285714285714286, "support": 21}, "macro avg": {"recall": 0.7769159719590755, "f1-score": 0.7831693611105376, "precision": 0.8140325360913596, "support": 105}, "casual": {"recall": 0.7931034482758621, "f1-score": 0.676470588235294, "precision": 0.5897435897435898, "support": 29}}