{"classificador": "BaggingClassifier", "accuracy": 0.7142857142857143, "explosion": {"recall": 0.7435897435897436, "f1-score": 0.8285714285714285, "precision": 0.9354838709677419, "support": 39}, "siren": {"recall": 0.875, "f1-score": 0.7777777777777777, "precision": 0.7, "support": 16}, "weighted avg": {"recall": 0.7142857142857143, "f1-score": 0.7200566893424035, "precision": 0.7772570415331106, "support": 105}, "gunshot": {"recall": 0.47619047619047616, "f1-score": 0.6249999999999999, "precision": 0.9090909090909091, "support": 21}, "macro avg": {"recall": 0.713350227358848, "f1-score": 0.7106150793650793, "precision": 0.7640506717588489, "support": 105}, "casual": {"recall": 0.7586206896551724, "f1-score": 0.6111111111111112, "precision": 0.5116279069767442, "support": 29}}