{"classificador": "KNeighborsClassifier", "accuracy": 0.8380952380952381, "explosion": {"recall": 0.8461538461538461, "f1-score": 0.8799999999999999, "precision": 0.9166666666666666, "support": 39}, "siren": {"recall": 0.75, "f1-score": 0.8571428571428571, "precision": 1.0, "support": 16}, "weighted avg": {"recall": 0.8380952380952381, "f1-score": 0.8420395087096622, "precision": 0.8675210084033613, "support": 105}, "gunshot": {"recall": 0.7619047619047619, "f1-score": 0.8421052631578947, "precision": 0.9411764705882353, "support": 21}, "macro avg": {"recall": 0.8222732727043072, "f1-score": 0.8404642039882314, "precision": 0.8832107843137256, "support": 105}, "casual": {"recall": 0.9310344827586207, "f1-score": 0.7826086956521738, "precision": 0.675, "support": 29}}