{"classificador": "SGDClassifier", "accuracy": 0.8095238095238095, "explosion": {"recall": 0.7948717948717948, "f1-score": 0.8493150684931507, "precision": 0.9117647058823529, "support": 39}, "siren": {"recall": 0.9375, "f1-score": 0.9090909090909091, "precision": 0.8823529411764706, "support": 16}, "weighted avg": {"recall": 0.8095238095238095, "f1-score": 0.8149054662392802, "precision": 0.8330305095010977, "support": 105}, "gunshot": {"recall": 0.7619047619047619, "f1-score": 0.8421052631578947, "precision": 0.9411764705882353, "support": 21}, "macro avg": {"recall": 0.8218450012631047, "f1-score": 0.8243702344279129, "precision": 0.8392289348171701, "support": 105}, "casual": {"recall": 0.7931034482758621, "f1-score": 0.696969696969697, "precision": 0.6216216216216216, "support": 29}}