{"classificador": "SGDClassifier", "accuracy": 0.6952380952380952, "explosion": {"recall": 0.7692307692307693, "f1-score": 0.7792207792207793, "precision": 0.7894736842105263, "support": 39}, "siren": {"recall": 0.9375, "f1-score": 0.7894736842105263, "precision": 0.6818181818181818, "support": 16}, "weighted avg": {"recall": 0.6952380952380952, "f1-score": 0.691190814198333, "precision": 0.7428963823700666, "support": 105}, "gunshot": {"recall": 0.42857142857142855, "f1-score": 0.6, "precision": 1.0, "support": 21}, "macro avg": {"recall": 0.6976186528988253, "f1-score": 0.6883274620116726, "precision": 0.7497674109516215, "support": 105}, "casual": {"recall": 0.6551724137931034, "f1-score": 0.5846153846153845, "precision": 0.5277777777777778, "support": 29}}