{"casual": {"precision": 0.48717948717948717, "recall": 0.6551724137931034, "f1-score": 0.5588235294117647, "support": 29}, "explosion": {"precision": 0.8, "recall": 0.717948717948718, "f1-score": 0.7567567567567569, "support": 39}, "gunshot": {"precision": 1.0, "recall": 0.6190476190476191, "f1-score": 0.7647058823529412, "support": 21}, "siren": {"precision": 0.8333333333333334, "recall": 0.9375, "f1-score": 0.8823529411764706, "support": 16}, "accuracy": 0.7142857142857143, "macro avg": {"precision": 0.7801282051282051, "recall": 0.7324171876973601, "f1-score": 0.7406597774244833, "support": 105}, "weighted avg": {"precision": 0.7586813186813186, "recall": 0.7142857142857143, "f1-score": 0.7228177757589522, "support": 105}, "classificador": "LinearDiscriminantAnalysis"}