{"casual": {"precision": 0.5384615384615384, "recall": 0.7241379310344828, "f1-score": 0.6176470588235294, "support": 29}, "explosion": {"precision": 0.8333333333333334, "recall": 0.7692307692307693, "f1-score": 0.8, "support": 39}, "gunshot": {"precision": 0.9230769230769231, "recall": 0.5714285714285714, "f1-score": 0.7058823529411765, "support": 21}, "siren": {"precision": 0.8823529411764706, "recall": 0.9375, "f1-score": 0.9090909090909091, "support": 16}, "accuracy": 0.7428571428571429, "macro avg": {"precision": 0.7943061840120663, "recall": 0.7505743179234559, "f1-score": 0.7581550802139038, "support": 105}, "weighted avg": {"precision": 0.7773109243697479, "recall": 0.7428571428571429, "f1-score": 0.7474357015533486, "support": 105}, "classificador": "LinearSVC"}