{"casual": {"precision": 0.6571428571428571, "recall": 0.7931034482758621, "f1-score": 0.71875, "support": 29}, "explosion": {"precision": 0.8974358974358975, "recall": 0.8974358974358975, "f1-score": 0.8974358974358975, "support": 39}, "gunshot": {"precision": 0.7647058823529411, "recall": 0.6190476190476191, "f1-score": 0.6842105263157895, "support": 21}, "siren": {"precision": 0.8571428571428571, "recall": 0.75, "f1-score": 0.7999999999999999, "support": 16}, "accuracy": 0.7904761904761904, "macro avg": {"precision": 0.7941068735186382, "recall": 0.7648967411898446, "f1-score": 0.7750991059379216, "support": 105}, "weighted avg": {"precision": 0.7983833533413365, "recall": 0.7904761904761904, "f1-score": 0.7905921052631578, "support": 105}, "classificador": "BaggingClassifier"}