{"casual": {"precision": 0.625, "recall": 0.6896551724137931, "f1-score": 0.6557377049180328, "support": 29}, "explosion": {"precision": 0.8536585365853658, "recall": 0.8974358974358975, "f1-score": 0.875, "support": 39}, "gunshot": {"precision": 1.0, "recall": 0.6190476190476191, "f1-score": 0.7647058823529412, "support": 21}, "siren": {"precision": 0.8421052631578947, "recall": 1.0, "f1-score": 0.9142857142857143, "support": 16}, "accuracy": 0.8, "macro avg": {"precision": 0.8301909499358151, "recall": 0.8015346722243274, "f1-score": 0.8024323253891721, "support": 105}, "weighted avg": {"precision": 0.8180130203557674, "recall": 0.8, "f1-score": 0.7983694133391063, "support": 105}, "classificador": "SVC"}