{"casual": {"precision": 0.75, "recall": 0.9310344827586207, "f1-score": 0.8307692307692308, "support": 29}, "explosion": {"precision": 0.9428571428571428, "recall": 0.8461538461538461, "f1-score": 0.8918918918918919, "support": 39}, "gunshot": {"precision": 0.85, "recall": 0.8095238095238095, "f1-score": 0.8292682926829269, "support": 21}, "siren": {"precision": 0.9285714285714286, "recall": 0.8125, "f1-score": 0.8666666666666666, "support": 16}, "accuracy": 0.8571428571428571, "macro avg": {"precision": 0.8678571428571429, "recall": 0.849803034609069, "f1-score": 0.854649020502679, "support": 105}, "weighted avg": {"precision": 0.868843537414966, "recall": 0.8571428571428571, "f1-score": 0.8586418313247581, "support": 105}, "classificador": "KNeighborsClassifier"}