{"casual": {"precision": 0.6060606060606061, "recall": 0.6896551724137931, "f1-score": 0.6451612903225807, "support": 29}, "explosion": {"precision": 0.8333333333333334, "recall": 0.7692307692307693, "f1-score": 0.8, "support": 39}, "gunshot": {"precision": 0.8125, "recall": 0.6190476190476191, "f1-score": 0.7027027027027026, "support": 21}, "siren": {"precision": 0.7, "recall": 0.875, "f1-score": 0.7777777777777777, "support": 16}, "accuracy": 0.7333333333333333, "macro avg": {"precision": 0.7379734848484849, "recall": 0.7382333901730453, "f1-score": 0.7314104427007653, "support": 105}, "weighted avg": {"precision": 0.7460786435786436, "recall": 0.7333333333333333, "f1-score": 0.7343893201957717, "support": 105}, "classificador": "LinearDiscriminantAnalysis"}