{"casual": {"precision": 0.6388888888888888, "recall": 0.7931034482758621, "f1-score": 0.7076923076923076, "support": 29}, "explosion": {"precision": 0.875, "recall": 0.8974358974358975, "f1-score": 0.8860759493670887, "support": 39}, "gunshot": {"precision": 0.9285714285714286, "recall": 0.6190476190476191, "f1-score": 0.742857142857143, "support": 21}, "siren": {"precision": 0.9333333333333333, "recall": 0.875, "f1-score": 0.9032258064516129, "support": 16}, "accuracy": 0.8095238095238095, "macro avg": {"precision": 0.8439484126984127, "recall": 0.7961467411898446, "f1-score": 0.809962801592038, "support": 105}, "weighted avg": {"precision": 0.8293915343915343, "recall": 0.8095238095238095, "f1-score": 0.8107776366820876, "support": 105}, "classificador": "SVC"}