{"casual": {"precision": 0.48484848484848486, "recall": 0.5517241379310345, "f1-score": 0.5161290322580646, "support": 29}, "explosion": {"precision": 0.8125, "recall": 0.6666666666666666, "f1-score": 0.7323943661971831, "support": 39}, "gunshot": {"precision": 1.0, "recall": 0.3333333333333333, "f1-score": 0.5, "support": 21}, "siren": {"precision": 0.48484848484848486, "recall": 1.0, "f1-score": 0.653061224489796, "support": 16}, "accuracy": 0.6190476190476191, "macro avg": {"precision": 0.6955492424242424, "recall": 0.6379310344827587, "f1-score": 0.6003961557362609, "support": 105}, "weighted avg": {"precision": 0.709577922077922, "recall": 0.6190476190476191, "f1-score": 0.6140962077048643, "support": 105}, "classificador": "SGDClassifier"}