{"casual": {"precision": 0.6296296296296297, "recall": 0.5862068965517241, "f1-score": 0.6071428571428571, "support": 29}, "explosion": {"precision": 0.8, "recall": 0.8205128205128205, "f1-score": 0.810126582278481, "support": 39}, "gunshot": {"precision": 0.5384615384615384, "recall": 0.6666666666666666, "f1-score": 0.5957446808510638, "support": 21}, "siren": {"precision": 0.9166666666666666, "recall": 0.6875, "f1-score": 0.7857142857142857, "support": 16}, "accuracy": 0.7047619047619048, "macro avg": {"precision": 0.7211894586894586, "recall": 0.6902215959328027, "f1-score": 0.6996821014966719, "support": 105}, "weighted avg": {"precision": 0.7184154117487451, "recall": 0.7047619047619048, "f1-score": 0.7074680612886145, "support": 105}, "classificador": "KNeighborsClassifier"}