{"casual": {"precision": 0.48148148148148145, "recall": 0.4482758620689655, "f1-score": 0.4642857142857143, "support": 29}, "explosion": {"precision": 0.8214285714285714, "recall": 0.5897435897435898, "f1-score": 0.6865671641791046, "support": 39}, "gunshot": {"precision": 0.4117647058823529, "recall": 0.6666666666666666, "f1-score": 0.509090909090909, "support": 21}, "siren": {"precision": 0.625, "recall": 0.625, "f1-score": 0.625, "support": 16}, "accuracy": 0.5714285714285714, "macro avg": {"precision": 0.5849186896981015, "recall": 0.5824215296198054, "f1-score": 0.571235946888932, "support": 105}, "weighted avg": {"precision": 0.6156736768781587, "recall": 0.5714285714285714, "f1-score": 0.5802982305540941, "support": 105}, "classificador": "LinearDiscriminantAnalysis"}