{"casual": {"precision": 0.48484848484848486, "recall": 0.5517241379310345, "f1-score": 0.5161290322580646, "support": 29}, "explosion": {"precision": 0.8181818181818182, "recall": 0.6923076923076923, "f1-score": 0.7500000000000001, "support": 39}, "gunshot": {"precision": 1.0, "recall": 0.47619047619047616, "f1-score": 0.6451612903225806, "support": 21}, "siren": {"precision": 0.5517241379310345, "recall": 1.0, "f1-score": 0.7111111111111111, "support": 16}, "accuracy": 0.6571428571428571, "macro avg": {"precision": 0.7136886102403344, "recall": 0.6800555766073008, "f1-score": 0.6556003584229392, "support": 105}, "weighted avg": {"precision": 0.7218788873961288, "recall": 0.6571428571428571, "f1-score": 0.6585133981908176, "support": 105}, "classificador": "SGDClassifier"}