{"casual": {"precision": 0.5813953488372093, "recall": 0.8620689655172413, "f1-score": 0.6944444444444445, "support": 29}, "explosion": {"precision": 0.9310344827586207, "recall": 0.6923076923076923, "f1-score": 0.7941176470588235, "support": 39}, "gunshot": {"precision": 1.0, "recall": 0.7142857142857143, "f1-score": 0.8333333333333333, "support": 21}, "siren": {"precision": 0.8333333333333334, "recall": 0.9375, "f1-score": 0.8823529411764706, "support": 16}, "accuracy": 0.780952380952381, "macro avg": {"precision": 0.8364407912322909, "recall": 0.801540593027662, "f1-score": 0.8010620915032679, "support": 105}, "weighted avg": {"precision": 0.8333727931161772, "recall": 0.780952380952381, "f1-score": 0.7878773731714909, "support": 105}, "classificador": "Perceptron"}