{"casual": {"precision": 0.6, "recall": 0.7241379310344828, "f1-score": 0.65625, "support": 29}, "explosion": {"precision": 0.8484848484848485, "recall": 0.717948717948718, "f1-score": 0.7777777777777778, "support": 39}, "gunshot": {"precision": 0.9444444444444444, "recall": 0.8095238095238095, "f1-score": 0.8717948717948718, "support": 21}, "siren": {"precision": 0.8421052631578947, "recall": 1.0, "f1-score": 0.9142857142857143, "support": 16}, "accuracy": 0.780952380952381, "macro avg": {"precision": 0.8087586390217969, "recall": 0.8129026146267526, "f1-score": 0.8050270909645909, "support": 105}, "weighted avg": {"precision": 0.7980754917597023, "recall": 0.780952380952381, "f1-score": 0.7838175911390197, "support": 105}, "classificador": "Perceptron"}