{"casual": {"precision": 0.625, "recall": 0.8620689655172413, "f1-score": 0.7246376811594203, "support": 29}, "explosion": {"precision": 0.9259259259259259, "recall": 0.6410256410256411, "f1-score": 0.7575757575757577, "support": 39}, "gunshot": {"precision": 0.9444444444444444, "recall": 0.8095238095238095, "f1-score": 0.8717948717948718, "support": 21}, "siren": {"precision": 0.8, "recall": 1.0, "f1-score": 0.888888888888889, "support": 16}, "accuracy": 0.7904761904761904, "macro avg": {"precision": 0.8238425925925925, "recall": 0.828154604016673, "f1-score": 0.8107242998547347, "support": 105}, "weighted avg": {"precision": 0.8273280423280422, "recall": 0.7904761904761904, "f1-score": 0.791332017418974, "support": 105}, "classificador": "Perceptron"}