{"casual": {"precision": 0.5609756097560976, "recall": 0.7931034482758621, "f1-score": 0.6571428571428573, "support": 29}, "explosion": {"precision": 0.92, "recall": 0.5897435897435898, "f1-score": 0.71875, "support": 39}, "gunshot": {"precision": 0.8888888888888888, "recall": 0.7619047619047619, "f1-score": 0.8205128205128205, "support": 21}, "siren": {"precision": 0.7142857142857143, "recall": 0.9375, "f1-score": 0.8108108108108109, "support": 16}, "accuracy": 0.7333333333333333, "macro avg": {"precision": 0.7710375532326752, "recall": 0.7705629499810535, "f1-score": 0.7518041221166222, "support": 105}, "weighted avg": {"precision": 0.7832717216968088, "recall": 0.7333333333333333, "f1-score": 0.7361155720084291, "support": 105}, "classificador": "Perceptron"}