{"casual": {"precision": 0.5434782608695652, "recall": 0.8620689655172413, "f1-score": 0.6666666666666666, "support": 29}, "explosion": {"precision": 0.92, "recall": 0.5897435897435898, "f1-score": 0.71875, "support": 39}, "gunshot": {"precision": 0.9375, "recall": 0.7142857142857143, "f1-score": 0.8108108108108109, "support": 21}, "siren": {"precision": 0.8333333333333334, "recall": 0.9375, "f1-score": 0.8823529411764706, "support": 16}, "accuracy": 0.7428571428571429, "macro avg": {"precision": 0.8085778985507247, "recall": 0.7758995673866363, "f1-score": 0.769645104663487, "support": 105}, "weighted avg": {"precision": 0.8063019323671498, "recall": 0.7428571428571429, "f1-score": 0.747707213516037, "support": 105}, "classificador": "Perceptron"}