{"casual": {"precision": 0.5483870967741935, "recall": 0.5862068965517241, "f1-score": 0.5666666666666665, "support": 29}, "explosion": {"precision": 0.8055555555555556, "recall": 0.7435897435897436, "f1-score": 0.7733333333333334, "support": 39}, "gunshot": {"precision": 0.8571428571428571, "recall": 0.5714285714285714, "f1-score": 0.6857142857142857, "support": 21}, "siren": {"precision": 0.6666666666666666, "recall": 1.0, "f1-score": 0.8, "support": 16}, "accuracy": 0.7047619047619048, "macro avg": {"precision": 0.7194380440348181, "recall": 0.7253063028925097, "f1-score": 0.7064285714285714, "support": 105}, "weighted avg": {"precision": 0.7236815156169994, "recall": 0.7047619047619048, "f1-score": 0.7027936507936509, "support": 105}, "classificador": "SGDClassifier", "mediaTempoClassificacaoCadaAudio": 0.0023505869365873793, "desvioTempoClassificacaoCadaAudio": 0.0003528966259649806}