{"casual": {"precision": 0.5483870967741935, "recall": 0.5862068965517241, "f1-score": 0.5666666666666665, "support": 29}, "explosion": {"precision": 0.8055555555555556, "recall": 0.7435897435897436, "f1-score": 0.7733333333333334, "support": 39}, "gunshot": {"precision": 0.7777777777777778, "recall": 0.6666666666666666, "f1-score": 0.717948717948718, "support": 21}, "siren": {"precision": 0.75, "recall": 0.9375, "f1-score": 0.8333333333333334, "support": 16}, "accuracy": 0.7142857142857143, "macro avg": {"precision": 0.7204301075268817, "recall": 0.7334908267020336, "f1-score": 0.7228205128205129, "support": 105}, "weighted avg": {"precision": 0.7205069124423963, "recall": 0.7142857142857143, "f1-score": 0.7143199023199023, "support": 105}, "classificador": "SGDClassifier", "mediaTempoClassificacaoCadaAudio": 0.0023588339487711587, "desvioTempoClassificacaoCadaAudio": 0.00023747016568124727}