{"casual": {"precision": 0.5666666666666667, "recall": 0.5862068965517241, "f1-score": 0.576271186440678, "support": 29}, "explosion": {"precision": 0.8108108108108109, "recall": 0.7692307692307693, "f1-score": 0.7894736842105263, "support": 39}, "gunshot": {"precision": 0.7777777777777778, "recall": 0.6666666666666666, "f1-score": 0.717948717948718, "support": 21}, "siren": {"precision": 0.75, "recall": 0.9375, "f1-score": 0.8333333333333334, "support": 16}, "accuracy": 0.7238095238095238, "macro avg": {"precision": 0.7263138138138138, "recall": 0.73990108311229, "f1-score": 0.729256730483314, "support": 105}, "weighted avg": {"precision": 0.7275075075075076, "recall": 0.7238095238095238, "f1-score": 0.722967566678539, "support": 105}, "classificador": "SGDClassifier", "mediaTempoClassificacaoCadaAudio": 0.0024222669147309804, "desvioTempoClassificacaoCadaAudio": 0.00040234206468995915}