{"casual": {"precision": 0.6521739130434783, "recall": 0.5172413793103449, "f1-score": 0.576923076923077, "support": 29}, "explosion": {"precision": 0.8064516129032258, "recall": 0.6410256410256411, "f1-score": 0.7142857142857142, "support": 39}, "gunshot": {"precision": 0.42857142857142855, "recall": 0.7142857142857143, "f1-score": 0.5357142857142858, "support": 21}, "siren": {"precision": 0.8125, "recall": 0.8125, "f1-score": 0.8125, "support": 16}, "accuracy": 0.6476190476190476, "macro avg": {"precision": 0.6749242386295331, "recall": 0.671263183655425, "f1-score": 0.6598557692307692, "support": 105}, "weighted avg": {"precision": 0.6891872036332064, "recall": 0.6476190476190476, "f1-score": 0.6555991627420199, "support": 105}, "classificador": "LinearDiscriminantAnalysis", "mediaTempoClassificacaoCadaAudio": 0.0038644586290631977, "desvioTempoClassificacaoCadaAudio": 0.0005398910085979857}