{"casual": {"precision": 0.4090909090909091, "recall": 0.6206896551724138, "f1-score": 0.49315068493150693, "support": 29}, "explosion": {"precision": 0.7948717948717948, "recall": 0.7948717948717948, "f1-score": 0.7948717948717948, "support": 39}, "gunshot": {"precision": 0.75, "recall": 0.14285714285714285, "f1-score": 0.24, "support": 21}, "siren": {"precision": 0.8333333333333334, "recall": 0.9375, "f1-score": 0.8823529411764706, "support": 16}, "accuracy": 0.638095238095238, "macro avg": {"precision": 0.6968240093240093, "recall": 0.6239796482253379, "f1-score": 0.602593855244943, "support": 105}, "weighted avg": {"precision": 0.6852092352092352, "recall": 0.638095238095238, "f1-score": 0.6138953992555926, "support": 105}, "classificador": "DecisionTreeClassifier", "mediaTempoClassificacaoCadaAudio": 0.0050966739654541016, "desvioTempoClassificacaoCadaAudio": 0.002523770805944011}