{"casual": {"precision": 0.5769230769230769, "recall": 0.5172413793103449, "f1-score": 0.5454545454545454, "support": 29}, "explosion": {"precision": 0.8064516129032258, "recall": 0.6410256410256411, "f1-score": 0.7142857142857142, "support": 39}, "gunshot": {"precision": 0.45454545454545453, "recall": 0.7142857142857143, "f1-score": 0.5555555555555556, "support": 21}, "siren": {"precision": 0.8, "recall": 0.75, "f1-score": 0.7741935483870969, "support": 16}, "accuracy": 0.638095238095238, "macro avg": {"precision": 0.6594800360929394, "recall": 0.655638183655425, "f1-score": 0.647372340920728, "support": 105}, "weighted avg": {"precision": 0.6716936826614246, "recall": 0.638095238095238, "f1-score": 0.6450389344398562, "support": 105}, "classificador": "LinearDiscriminantAnalysis", "mediaTempoClassificacaoCadaAudio": 0.0038852759769984653, "desvioTempoClassificacaoCadaAudio": 0.0006064015146153422}