{"casual": {"precision": 0.64, "recall": 0.5517241379310345, "f1-score": 0.5925925925925927, "support": 29}, "explosion": {"precision": 0.8333333333333334, "recall": 0.7692307692307693, "f1-score": 0.8, "support": 39}, "gunshot": {"precision": 0.4666666666666667, "recall": 0.6666666666666666, "f1-score": 0.5490196078431373, "support": 21}, "siren": {"precision": 0.7857142857142857, "recall": 0.6875, "f1-score": 0.7333333333333334, "support": 16}, "accuracy": 0.6761904761904762, "macro avg": {"precision": 0.6814285714285714, "recall": 0.6687803934571176, "f1-score": 0.6687363834422659, "support": 105}, "weighted avg": {"precision": 0.6993469387755101, "recall": 0.6761904761904762, "f1-score": 0.6823612407926134, "support": 105}, "classificador": "KNeighborsClassifier", "mediaTempoClassificacaoCadaAudio": 0.2860084329332624, "desvioTempoClassificacaoCadaAudio": 0.23660095511023546}