{"casual": {"precision": 0.5806451612903226, "recall": 0.6206896551724138, "f1-score": 0.6000000000000001, "support": 29}, "explosion": {"precision": 0.8333333333333334, "recall": 0.7692307692307693, "f1-score": 0.8, "support": 39}, "gunshot": {"precision": 0.75, "recall": 0.5714285714285714, "f1-score": 0.6486486486486486, "support": 21}, "siren": {"precision": 0.6818181818181818, "recall": 0.9375, "f1-score": 0.7894736842105263, "support": 16}, "accuracy": 0.7142857142857143, "macro avg": {"precision": 0.7114491691104594, "recall": 0.7247122489579386, "f1-score": 0.7095305832147938, "support": 105}, "weighted avg": {"precision": 0.7237885770143835, "recall": 0.7142857142857143, "f1-score": 0.7128876244665718, "support": 105}, "classificador": "SGDClassifier", "mediaTempoClassificacaoCadaAudio": 0.004446377073015486, "desvioTempoClassificacaoCadaAudio": 0.0028582125048722184}