{"casual": {"precision": 0.3253012048192771, "recall": 0.9310344827586207, "f1-score": 0.4821428571428571, "support": 29}, "explosion": {"precision": 1.0, "recall": 0.1794871794871795, "f1-score": 0.30434782608695654, "support": 39}, "gunshot": {"precision": 0.0, "recall": 0.0, "f1-score": 0.0, "support": 21}, "siren": {"precision": 0.8666666666666667, "recall": 0.8125, "f1-score": 0.8387096774193549, "support": 16}, "accuracy": 0.44761904761904764, "macro avg": {"precision": 0.547991967871486, "recall": 0.48075541556145, "f1-score": 0.4063000901622921, "support": 105}, "weighted avg": {"precision": 0.5933371581564353, "recall": 0.44761904761904764, "f1-score": 0.37401012298327463, "support": 105}, "classificador": "QuadraticDiscriminantAnalysis", "mediaTempoClassificacaoCadaAudio": 0.010451482591174897, "desvioTempoClassificacaoCadaAudio": 0.0067598865617914}