{"casual": {"precision": 0.6060606060606061, "recall": 0.6896551724137931, "f1-score": 0.6451612903225807, "support": 29}, "explosion": {"precision": 0.8181818181818182, "recall": 0.6923076923076923, "f1-score": 0.7500000000000001, "support": 39}, "gunshot": {"precision": 0.7894736842105263, "recall": 0.7142857142857143, "f1-score": 0.7500000000000001, "support": 21}, "siren": {"precision": 0.8, "recall": 1.0, "f1-score": 0.888888888888889, "support": 16}, "accuracy": 0.7428571428571429, "macro avg": {"precision": 0.7534290271132376, "recall": 0.7740621447517999, "f1-score": 0.7585125448028674, "support": 105}, "weighted avg": {"precision": 0.7510837700311385, "recall": 0.7428571428571429, "f1-score": 0.7422085680150198, "support": 105}, "classificador": "Perceptron", "mediaTempoClassificacaoCadaAudio": 0.00514372189839681, "desvioTempoClassificacaoCadaAudio": 0.00304771784505796}