{"casual": {"precision": 0.5945945945945946, "recall": 0.7586206896551724, "f1-score": 0.6666666666666667, "support": 29}, "explosion": {"precision": 0.9230769230769231, "recall": 0.9230769230769231, "f1-score": 0.9230769230769231, "support": 39}, "gunshot": {"precision": 0.7692307692307693, "recall": 0.47619047619047616, "f1-score": 0.588235294117647, "support": 21}, "siren": {"precision": 0.8125, "recall": 0.8125, "f1-score": 0.8125, "support": 16}, "accuracy": 0.7714285714285715, "macro avg": {"precision": 0.7748505717255717, "recall": 0.742597022230643, "f1-score": 0.7476197209653093, "support": 105}, "weighted avg": {"precision": 0.7847341847341847, "recall": 0.7714285714285715, "f1-score": 0.7684407096171803, "support": 105}, "classificador": "BaggingClassifier"}