{"casual": {"precision": 0.7428571428571429, "recall": 0.896551724137931, "f1-score": 0.8125, "support": 29}, "explosion": {"precision": 0.972972972972973, "recall": 0.9230769230769231, "f1-score": 0.9473684210526315, "support": 39}, "gunshot": {"precision": 1.0, "recall": 0.7142857142857143, "f1-score": 0.8333333333333333, "support": 21}, "siren": {"precision": 0.8888888888888888, "recall": 1.0, "f1-score": 0.9411764705882353, "support": 16}, "accuracy": 0.8857142857142857, "macro avg": {"precision": 0.9011797511797511, "recall": 0.8834785903751421, "f1-score": 0.8835945562435501, "support": 105}, "weighted avg": {"precision": 0.9020097648669078, "recall": 0.8857142857142857, "f1-score": 0.8863684947663276, "support": 105}, "classificador": "KNeighborsClassifier"}