{"casual": {"precision": 0.6363636363636364, "recall": 0.7241379310344828, "f1-score": 0.6774193548387097, "support": 29}, "explosion": {"precision": 0.8378378378378378, "recall": 0.7948717948717948, "f1-score": 0.8157894736842105, "support": 39}, "gunshot": {"precision": 0.8823529411764706, "recall": 0.7142857142857143, "f1-score": 0.7894736842105262, "support": 21}, "siren": {"precision": 0.8888888888888888, "recall": 1.0, "f1-score": 0.9411764705882353, "support": 16}, "accuracy": 0.7904761904761904, "macro avg": {"precision": 0.8113608260667083, "recall": 0.8083238600479979, "f1-score": 0.8059647458304204, "support": 105}, "weighted avg": {"precision": 0.7988748106395165, "recall": 0.7904761904761904, "f1-score": 0.791416396779425, "support": 105}, "classificador": "LinearDiscriminantAnalysis"}