{"casual": {"precision": 0.6215139442231076, "recall": 0.5379310344827586, "f1-score": 0.5767097966728281, "support": 290}, "explosion": {"precision": 0.7964601769911505, "recall": 0.6923076923076923, "f1-score": 0.7407407407407407, "support": 390}, "gunshot": {"precision": 0.478125, "recall": 0.7285714285714285, "f1-score": 0.5773584905660377, "support": 210}, "siren": {"precision": 0.8928571428571429, "recall": 0.78125, "f1-score": 0.8333333333333334, "support": 160}, "accuracy": 0.6704761904761904, "macro avg": {"precision": 0.6972390660178502, "recall": 0.6850150388404699, "f1-score": 0.682035590328235, "support": 1050}, "weighted avg": {"precision": 0.6991637197222789, "recall": 0.6704761904761904, "f1-score": 0.6768698535963907, "support": 1050}, "classificador": "QuadraticDiscriminantAnalysis", "mediaTempoClassificacaoCadaAudio": 0.004588426635378883, "desvioTempoClassificacaoCadaAudio": 0.002641869089505565}