{"casual": {"precision": 0.6081632653061224, "recall": 0.5137931034482759, "f1-score": 0.5570093457943925, "support": 290}, "explosion": {"precision": 0.7680412371134021, "recall": 0.764102564102564, "f1-score": 0.7660668380462726, "support": 390}, "gunshot": {"precision": 0.5359712230215827, "recall": 0.7095238095238096, "f1-score": 0.6106557377049181, "support": 210}, "siren": {"precision": 0.841726618705036, "recall": 0.73125, "f1-score": 0.7826086956521738, "support": 160}, "accuracy": 0.679047619047619, "macro avg": {"precision": 0.6884755860365358, "recall": 0.6796673692686623, "f1-score": 0.6790851542994393, "support": 1050}, "weighted avg": {"precision": 0.6886987097527052, "recall": 0.679047619047619, "f1-score": 0.6797655936579055, "support": 1050}, "classificador": "QuadraticDiscriminantAnalysis", "mediaTempoClassificacaoCadaAudio": 0.004795959790547689, "desvioTempoClassificacaoCadaAudio": 0.0008688718001756866}