{"casual": {"precision": 0.6434316353887399, "recall": 0.8275862068965517, "f1-score": 0.7239819004524887, "support": 290}, "explosion": {"precision": 0.9262536873156342, "recall": 0.8051282051282052, "f1-score": 0.8614540466392318, "support": 390}, "gunshot": {"precision": 0.8773006134969326, "recall": 0.680952380952381, "f1-score": 0.7667560321715817, "support": 210}, "siren": {"precision": 0.8285714285714286, "recall": 0.90625, "f1-score": 0.8656716417910447, "support": 160}, "accuracy": 0.8019047619047619, "macro avg": {"precision": 0.8188893411931838, "recall": 0.8049791982442844, "f1-score": 0.8044659052635867, "support": 1050}, "weighted avg": {"precision": 0.8234653997348726, "recall": 0.8019047619047619, "f1-score": 0.8051886273934489, "support": 1050}, "classificador": "SVC", "mediaTempoClassificacaoCadaAudio": 0.057222209657941545, "desvioTempoClassificacaoCadaAudio": 0.041632917668057684}