{"casual": {"precision": 0.6694677871148459, "recall": 0.8241379310344827, "f1-score": 0.7387944358578052, "support": 290}, "explosion": {"precision": 0.9289772727272727, "recall": 0.8384615384615385, "f1-score": 0.8814016172506739, "support": 390}, "gunshot": {"precision": 0.8795180722891566, "recall": 0.6952380952380952, "f1-score": 0.7765957446808509, "support": 210}, "siren": {"precision": 0.84, "recall": 0.91875, "f1-score": 0.8776119402985074, "support": 160}, "accuracy": 0.8180952380952381, "macro avg": {"precision": 0.8294907830328188, "recall": 0.8191468911835291, "f1-score": 0.8186009345219594, "support": 1050}, "weighted avg": {"precision": 0.8338529426739663, "recall": 0.8180952380952381, "f1-score": 0.820476222816444, "support": 1050}, "classificador": "SVC", "mediaTempoClassificacaoCadaAudio": 0.050930143083844866, "desvioTempoClassificacaoCadaAudio": 0.036752288008230945}