{"casual": {"precision": 0.6769662921348315, "recall": 0.8310344827586207, "f1-score": 0.7461300309597524, "support": 290}, "explosion": {"precision": 0.930835734870317, "recall": 0.8282051282051283, "f1-score": 0.8765264586160109, "support": 390}, "gunshot": {"precision": 0.8869047619047619, "recall": 0.7095238095238096, "f1-score": 0.7883597883597884, "support": 210}, "siren": {"precision": 0.8324022346368715, "recall": 0.93125, "f1-score": 0.8790560471976401, "support": 160}, "accuracy": 0.820952380952381, "macro avg": {"precision": 0.8317772558866955, "recall": 0.8250033551218896, "f1-score": 0.822518081283298, "support": 1050}, "weighted avg": {"precision": 0.8369338274861183, "recall": 0.820952380952381, "f1-score": 0.823264334234048, "support": 1050}, "classificador": "SVC", "mediaTempoClassificacaoCadaAudio": 0.05694506894974481, "desvioTempoClassificacaoCadaAudio": 0.04146936356498507}