{"casual": {"precision": 0.7243589743589743, "recall": 0.7793103448275862, "f1-score": 0.7508305647840531, "support": 290}, "explosion": {"precision": 0.8917525773195877, "recall": 0.8871794871794871, "f1-score": 0.8894601542416453, "support": 390}, "gunshot": {"precision": 0.8370786516853933, "recall": 0.7095238095238096, "f1-score": 0.7680412371134021, "support": 210}, "siren": {"precision": 0.8604651162790697, "recall": 0.925, "f1-score": 0.891566265060241, "support": 160}, "accuracy": 0.8276190476190476, "macro avg": {"precision": 0.8284138299107562, "recall": 0.8252534103827207, "f1-score": 0.8249745552998353, "support": 1050}, "weighted avg": {"precision": 0.8298176601688815, "recall": 0.8276190476190476, "f1-score": 0.8272091296619714, "support": 1050}, "classificador": "KNeighborsClassifier", "mediaTempoClassificacaoCadaAudio": 0.21230557736896333, "desvioTempoClassificacaoCadaAudio": 0.16247334923541132}