{"casual": {"precision": 0.659217877094972, "recall": 0.8137931034482758, "f1-score": 0.728395061728395, "support": 290}, "explosion": {"precision": 0.9154929577464789, "recall": 0.8333333333333334, "f1-score": 0.87248322147651, "support": 390}, "gunshot": {"precision": 0.89375, "recall": 0.680952380952381, "f1-score": 0.7729729729729731, "support": 210}, "siren": {"precision": 0.8361581920903954, "recall": 0.925, "f1-score": 0.8783382789317506, "support": 160}, "accuracy": 0.8114285714285714, "macro avg": {"precision": 0.8261547567329616, "recall": 0.8132697044334976, "f1-score": 0.8130473837774073, "support": 1050}, "weighted avg": {"precision": 0.828274522488697, "recall": 0.8114285714285714, "f1-score": 0.8136775935528361, "support": 1050}, "classificador": "SVC", "mediaTempoClassificacaoCadaAudio": 0.05739415077936082, "desvioTempoClassificacaoCadaAudio": 0.041747345517440505}