{"casual": {"precision": 0.6574585635359116, "recall": 0.8206896551724138, "f1-score": 0.7300613496932516, "support": 290}, "explosion": {"precision": 0.9204545454545454, "recall": 0.8307692307692308, "f1-score": 0.8733153638814015, "support": 390}, "gunshot": {"precision": 0.8950617283950617, "recall": 0.6904761904761905, "f1-score": 0.7795698924731183, "support": 210}, "siren": {"precision": 0.8333333333333334, "recall": 0.90625, "f1-score": 0.8682634730538922, "support": 160}, "accuracy": 0.8114285714285714, "macro avg": {"precision": 0.8265770426797131, "recall": 0.8120462691044588, "f1-score": 0.812802519775416, "support": 1050}, "weighted avg": {"precision": 0.829463383284746, "recall": 0.8114285714285714, "f1-score": 0.8142310632693021, "support": 1050}, "classificador": "SVC", "mediaTempoClassificacaoCadaAudio": 0.05747781867072696, "desvioTempoClassificacaoCadaAudio": 0.04186699221692787}