{"casual": {"precision": 0.5427872860635696, "recall": 0.7655172413793103, "f1-score": 0.6351931330472103, "support": 290}, "explosion": {"precision": 0.8303571428571429, "recall": 0.7153846153846154, "f1-score": 0.768595041322314, "support": 390}, "gunshot": {"precision": 0.9230769230769231, "recall": 0.5714285714285714, "f1-score": 0.7058823529411765, "support": 210}, "siren": {"precision": 0.8628571428571429, "recall": 0.94375, "f1-score": 0.9014925373134328, "support": 160}, "accuracy": 0.7352380952380952, "macro avg": {"precision": 0.7897696237136946, "recall": 0.7490201070481243, "f1-score": 0.7527907661560334, "support": 1050}, "weighted avg": {"precision": 0.7744294241676358, "recall": 0.7352380952380952, "f1-score": 0.7394592140830378, "support": 1050}, "classificador": "Perceptron", "mediaTempoClassificacaoCadaAudio": 0.0024225927534557525, "desvioTempoClassificacaoCadaAudio": 0.00023704432636390208}