{"casual": {"precision": 0.5128205128205128, "recall": 0.6896551724137931, "f1-score": 0.5882352941176471, "support": 29}, "explosion": {"precision": 0.7878787878787878, "recall": 0.6666666666666666, "f1-score": 0.7222222222222221, "support": 39}, "gunshot": {"precision": 0.7333333333333333, "recall": 0.5238095238095238, "f1-score": 0.611111111111111, "support": 21}, "siren": {"precision": 0.6666666666666666, "recall": 0.75, "f1-score": 0.7058823529411765, "support": 16}, "accuracy": 0.6571428571428571, "macro avg": {"precision": 0.6751748251748251, "recall": 0.6575328407224958, "f1-score": 0.6568627450980392, "support": 105}, "weighted avg": {"precision": 0.6825308025308024, "recall": 0.6571428571428571, "f1-score": 0.6605042016806721, "support": 105}, "classificador": "LinearDiscriminantAnalysis"}