{"casual": {"precision": 0.4864864864864865, "recall": 0.6206896551724138, "f1-score": 0.5454545454545455, "support": 29}, "explosion": {"precision": 0.7727272727272727, "recall": 0.4358974358974359, "f1-score": 0.5573770491803278, "support": 39}, "gunshot": {"precision": 0.5652173913043478, "recall": 0.6190476190476191, "f1-score": 0.5909090909090909, "support": 21}, "siren": {"precision": 0.6521739130434783, "recall": 0.9375, "f1-score": 0.7692307692307693, "support": 16}, "accuracy": 0.6, "macro avg": {"precision": 0.6191512658903964, "recall": 0.6532836775293672, "f1-score": 0.6157428636936834, "support": 105}, "weighted avg": {"precision": 0.6337982816243686, "recall": 0.6, "f1-score": 0.5930730471714077, "support": 105}, "classificador": "Perceptron"}