{"casual": {"precision": 0.5833333333333334, "recall": 0.7241379310344828, "f1-score": 0.6461538461538462, "support": 29}, "explosion": {"precision": 0.8108108108108109, "recall": 0.7692307692307693, "f1-score": 0.7894736842105263, "support": 39}, "gunshot": {"precision": 0.875, "recall": 0.6666666666666666, "f1-score": 0.7567567567567567, "support": 21}, "siren": {"precision": 0.9375, "recall": 0.9375, "f1-score": 0.9375, "support": 16}, "accuracy": 0.7619047619047619, "macro avg": {"precision": 0.8016610360360361, "recall": 0.7743838417329797, "f1-score": 0.7824710717802823, "support": 105}, "weighted avg": {"precision": 0.7801265551265553, "recall": 0.7619047619047619, "f1-score": 0.7659031153767996, "support": 105}, "classificador": "LinearSVC"}