{"casual": {"precision": 0.5555555555555556, "recall": 0.6896551724137931, "f1-score": 0.6153846153846154, "support": 29}, "explosion": {"precision": 0.8064516129032258, "recall": 0.6410256410256411, "f1-score": 0.7142857142857142, "support": 39}, "gunshot": {"precision": 0.8235294117647058, "recall": 0.6666666666666666, "f1-score": 0.7368421052631577, "support": 21}, "siren": {"precision": 0.7142857142857143, "recall": 0.9375, "f1-score": 0.8108108108108109, "support": 16}, "accuracy": 0.7047619047619048, "macro avg": {"precision": 0.7249555736273003, "recall": 0.7337118700265252, "f1-score": 0.7193308114360746, "support": 105}, "weighted avg": {"precision": 0.726527743713973, "recall": 0.7047619047619048, "f1-score": 0.7061900370171046, "support": 105}, "classificador": "LinearSVC"}