{"casual": {"precision": 0.6285714285714286, "recall": 0.7586206896551724, "f1-score": 0.6875, "support": 29}, "explosion": {"precision": 0.8095238095238095, "recall": 0.8717948717948718, "f1-score": 0.8395061728395062, "support": 39}, "gunshot": {"precision": 1.0, "recall": 0.6666666666666666, "f1-score": 0.8, "support": 21}, "siren": {"precision": 1.0, "recall": 0.875, "f1-score": 0.9333333333333333, "support": 16}, "accuracy": 0.8, "macro avg": {"precision": 0.8595238095238096, "recall": 0.7930205570291777, "f1-score": 0.8150848765432099, "support": 105}, "weighted avg": {"precision": 0.8266666666666667, "recall": 0.8, "f1-score": 0.8039197530864198, "support": 105}, "classificador": "Perceptron"}