{"casual": {"precision": 0.5111111111111111, "recall": 0.7931034482758621, "f1-score": 0.6216216216216216, "support": 29}, "explosion": {"precision": 0.7741935483870968, "recall": 0.6153846153846154, "f1-score": 0.6857142857142857, "support": 39}, "gunshot": {"precision": 0.7142857142857143, "recall": 0.47619047619047616, "f1-score": 0.5714285714285714, "support": 21}, "siren": {"precision": 0.8, "recall": 0.75, "f1-score": 0.7741935483870969, "support": 16}, "accuracy": 0.6571428571428571, "macro avg": {"precision": 0.6998975934459806, "recall": 0.6586696349627384, "f1-score": 0.6632395067878939, "support": 105}, "weighted avg": {"precision": 0.6934835296125618, "recall": 0.6571428571428571, "f1-score": 0.6586379137531211, "support": 105}, "classificador": "LinearDiscriminantAnalysis"}