{"casual": {"precision": 0.47619047619047616, "recall": 0.6896551724137931, "f1-score": 0.5633802816901408, "support": 29}, "explosion": {"precision": 0.7741935483870968, "recall": 0.6153846153846154, "f1-score": 0.6857142857142857, "support": 39}, "gunshot": {"precision": 0.7333333333333333, "recall": 0.5238095238095238, "f1-score": 0.611111111111111, "support": 21}, "siren": {"precision": 0.7058823529411765, "recall": 0.75, "f1-score": 0.7272727272727272, "support": 16}, "accuracy": 0.638095238095238, "macro avg": {"precision": 0.6723999277130207, "recall": 0.6447123279019831, "f1-score": 0.6468696014470662, "support": 105}, "weighted avg": {"precision": 0.6733065699398038, "recall": 0.638095238095238, "f1-score": 0.6433388788720781, "support": 105}, "classificador": "LinearDiscriminantAnalysis"}