{"casual": {"precision": 0.5405405405405406, "recall": 0.6896551724137931, "f1-score": 0.6060606060606061, "support": 29}, "explosion": {"precision": 0.62, "recall": 0.7948717948717948, "f1-score": 0.6966292134831461, "support": 39}, "gunshot": {"precision": 1.0, "recall": 0.09523809523809523, "f1-score": 0.17391304347826084, "support": 21}, "siren": {"precision": 0.9375, "recall": 0.9375, "f1-score": 0.9375, "support": 16}, "accuracy": 0.6476190476190476, "macro avg": {"precision": 0.7745101351351351, "recall": 0.6293162656309208, "f1-score": 0.6035257157555032, "support": 105}, "weighted avg": {"precision": 0.7224350064350065, "recall": 0.6476190476190476, "f1-score": 0.6037759125204167, "support": 105}, "classificador": "SGDClassifier"}