{"casual": {"precision": 0.6060606060606061, "recall": 0.6896551724137931, "f1-score": 0.6451612903225807, "support": 29}, "explosion": {"precision": 0.7647058823529411, "recall": 0.6666666666666666, "f1-score": 0.7123287671232877, "support": 39}, "gunshot": {"precision": 0.7, "recall": 0.6666666666666666, "f1-score": 0.6829268292682926, "support": 21}, "siren": {"precision": 0.7222222222222222, "recall": 0.8125, "f1-score": 0.7647058823529411, "support": 16}, "accuracy": 0.6952380952380952, "macro avg": {"precision": 0.6982471776589423, "recall": 0.7088721264367815, "f1-score": 0.7012806922667756, "support": 105}, "weighted avg": {"precision": 0.7014746908864555, "recall": 0.6952380952380952, "f1-score": 0.6958786368518501, "support": 105}, "classificador": "SGDClassifier"}