{"casual": {"precision": 0.7407407407407407, "recall": 0.6896551724137931, "f1-score": 0.7142857142857143, "support": 29}, "explosion": {"precision": 0.9142857142857143, "recall": 0.8205128205128205, "f1-score": 0.8648648648648648, "support": 39}, "gunshot": {"precision": 0.6956521739130435, "recall": 0.7619047619047619, "f1-score": 0.7272727272727272, "support": 21}, "siren": {"precision": 0.75, "recall": 0.9375, "f1-score": 0.8333333333333334, "support": 16}, "accuracy": 0.7904761904761904, "macro avg": {"precision": 0.7751696572348746, "recall": 0.8023931887078439, "f1-score": 0.78493915993916, "support": 105}, "weighted avg": {"precision": 0.7975935237218881, "recall": 0.7904761904761904, "f1-score": 0.7909531052388195, "support": 105}, "classificador": "SVC"}