{"casual": {"precision": 0.68, "recall": 0.5862068965517241, "f1-score": 0.6296296296296295, "support": 29}, "explosion": {"precision": 0.7222222222222222, "recall": 0.6666666666666666, "f1-score": 0.6933333333333334, "support": 39}, "gunshot": {"precision": 0.45161290322580644, "recall": 0.6666666666666666, "f1-score": 0.5384615384615384, "support": 21}, "siren": {"precision": 0.8461538461538461, "recall": 0.6875, "f1-score": 0.7586206896551724, "support": 16}, "accuracy": 0.6476190476190476, "macro avg": {"precision": 0.6749972429004687, "recall": 0.6517600574712643, "f1-score": 0.6550112977699185, "support": 105}, "weighted avg": {"precision": 0.6753238016463823, "recall": 0.6476190476190476, "f1-score": 0.6547131676327079, "support": 105}, "classificador": "LinearDiscriminantAnalysis"}