{"casual": {"precision": 0.6944444444444444, "recall": 0.8620689655172413, "f1-score": 0.7692307692307692, "support": 29}, "explosion": {"precision": 0.9210526315789473, "recall": 0.8974358974358975, "f1-score": 0.9090909090909091, "support": 39}, "gunshot": {"precision": 0.7777777777777778, "recall": 0.6666666666666666, "f1-score": 0.717948717948718, "support": 21}, "siren": {"precision": 0.9230769230769231, "recall": 0.75, "f1-score": 0.8275862068965517, "support": 16}, "accuracy": 0.819047619047619, "macro avg": {"precision": 0.8290879442195231, "recall": 0.7940428824049514, "f1-score": 0.805964150791737, "support": 105}, "weighted avg": {"precision": 0.8301191011717327, "recall": 0.819047619047619, "f1-score": 0.8198146680905302, "support": 105}, "classificador": "KNeighborsClassifier"}