{"casual": {"precision": 0.75, "recall": 0.8275862068965517, "f1-score": 0.7868852459016394, "support": 29}, "explosion": {"precision": 0.9411764705882353, "recall": 0.8205128205128205, "f1-score": 0.8767123287671232, "support": 39}, "gunshot": {"precision": 0.8333333333333334, "recall": 0.7142857142857143, "f1-score": 0.7692307692307692, "support": 21}, "siren": {"precision": 0.7619047619047619, "recall": 1.0, "f1-score": 0.8648648648648648, "support": 16}, "accuracy": 0.8285714285714286, "macro avg": {"precision": 0.8216036414565826, "recall": 0.8405961854237717, "f1-score": 0.8244233021910992, "support": 105}, "weighted avg": {"precision": 0.8394891289849272, "recall": 0.8285714285714286, "f1-score": 0.828601304235708, "support": 105}, "classificador": "SVC"}