{"casual": {"precision": 0.6206896551724138, "recall": 0.6206896551724138, "f1-score": 0.6206896551724138, "support": 29}, "explosion": {"precision": 0.825, "recall": 0.8461538461538461, "f1-score": 0.8354430379746836, "support": 39}, "gunshot": {"precision": 0.8823529411764706, "recall": 0.7142857142857143, "f1-score": 0.7894736842105262, "support": 21}, "siren": {"precision": 0.7894736842105263, "recall": 0.9375, "f1-score": 0.8571428571428572, "support": 16}, "accuracy": 0.7714285714285715, "macro avg": {"precision": 0.7793790701398526, "recall": 0.7796573039029936, "f1-score": 0.7756873086251201, "support": 105}, "weighted avg": {"precision": 0.7746284829721363, "recall": 0.7714285714285715, "f1-score": 0.7702429672735183, "support": 105}, "classificador": "LinearDiscriminantAnalysis"}