{"casual": {"precision": 0.7857142857142857, "recall": 0.7586206896551724, "f1-score": 0.7719298245614034, "support": 29}, "explosion": {"precision": 0.9024390243902439, "recall": 0.9487179487179487, "f1-score": 0.9249999999999999, "support": 39}, "gunshot": {"precision": 0.9444444444444444, "recall": 0.8095238095238095, "f1-score": 0.8717948717948718, "support": 21}, "siren": {"precision": 0.8888888888888888, "recall": 1.0, "f1-score": 0.9411764705882353, "support": 16}, "accuracy": 0.8761904761904762, "macro avg": {"precision": 0.8803716608594657, "recall": 0.8792156119742327, "f1-score": 0.8774752917361277, "support": 105}, "weighted avg": {"precision": 0.8765370646903748, "recall": 0.8761904761904762, "f1-score": 0.8745474357084263, "support": 105}, "classificador": "KNeighborsClassifier"}