{"casual": {"precision": 0.5625, "recall": 0.6206896551724138, "f1-score": 0.5901639344262296, "support": 29}, "explosion": {"precision": 0.8108108108108109, "recall": 0.7692307692307693, "f1-score": 0.7894736842105263, "support": 39}, "gunshot": {"precision": 0.7777777777777778, "recall": 0.6666666666666666, "f1-score": 0.717948717948718, "support": 21}, "siren": {"precision": 0.8333333333333334, "recall": 0.9375, "f1-score": 0.8823529411764706, "support": 16}, "accuracy": 0.7333333333333333, "macro avg": {"precision": 0.7461054804804805, "recall": 0.7485217727674625, "f1-score": 0.7449848194404861, "support": 105}, "weighted avg": {"precision": 0.7390551265551265, "recall": 0.7333333333333333, "f1-score": 0.7342742658887408, "support": 105}, "classificador": "LinearDiscriminantAnalysis"}