{"casual": {"precision": 0.5714285714285714, "recall": 0.6896551724137931, "f1-score": 0.625, "support": 29}, "explosion": {"precision": 0.875, "recall": 0.717948717948718, "f1-score": 0.7887323943661971, "support": 39}, "gunshot": {"precision": 0.8888888888888888, "recall": 0.7619047619047619, "f1-score": 0.8205128205128205, "support": 21}, "siren": {"precision": 0.8, "recall": 1.0, "f1-score": 0.888888888888889, "support": 16}, "accuracy": 0.7619047619047619, "macro avg": {"precision": 0.7838293650793651, "recall": 0.7923771630668183, "f1-score": 0.7807835259419765, "support": 105}, "weighted avg": {"precision": 0.7825056689342403, "recall": 0.7619047619047619, "f1-score": 0.7651290936502205, "support": 105}, "classificador": "SGDClassifier"}