{"casual": {"precision": 0.625, "recall": 0.6896551724137931, "f1-score": 0.6557377049180328, "support": 29}, "explosion": {"precision": 0.8461538461538461, "recall": 0.8461538461538461, "f1-score": 0.8461538461538461, "support": 39}, "gunshot": {"precision": 0.875, "recall": 0.6666666666666666, "f1-score": 0.7567567567567567, "support": 21}, "siren": {"precision": 0.8333333333333334, "recall": 0.9375, "f1-score": 0.8823529411764706, "support": 16}, "accuracy": 0.780952380952381, "macro avg": {"precision": 0.7948717948717949, "recall": 0.7849939213085765, "f1-score": 0.7852503122512765, "support": 105}, "weighted avg": {"precision": 0.7888888888888889, "recall": 0.780952380952381, "f1-score": 0.7811993561270321, "support": 105}, "classificador": "LinearDiscriminantAnalysis"}