{"casual": {"precision": 0.6153846153846154, "recall": 0.5517241379310345, "f1-score": 0.5818181818181819, "support": 29}, "explosion": {"precision": 0.7435897435897436, "recall": 0.7435897435897436, "f1-score": 0.7435897435897437, "support": 39}, "gunshot": {"precision": 0.8947368421052632, "recall": 0.8095238095238095, "f1-score": 0.8500000000000001, "support": 21}, "siren": {"precision": 0.7619047619047619, "recall": 1.0, "f1-score": 0.8648648648648648, "support": 16}, "accuracy": 0.7428571428571429, "macro avg": {"precision": 0.753903990746096, "recall": 0.7762094227611469, "f1-score": 0.7600681975681977, "support": 105}, "weighted avg": {"precision": 0.7412009878175292, "recall": 0.7428571428571429, "f1-score": 0.7386720486720486, "support": 105}, "classificador": "Perceptron"}