{"casual": {"precision": 0.8, "recall": 0.8275862068965517, "f1-score": 0.8135593220338982, "support": 29}, "explosion": {"precision": 0.95, "recall": 0.9743589743589743, "f1-score": 0.9620253164556962, "support": 39}, "gunshot": {"precision": 0.9411764705882353, "recall": 0.7619047619047619, "f1-score": 0.8421052631578947, "support": 21}, "siren": {"precision": 0.8888888888888888, "recall": 1.0, "f1-score": 0.9411764705882353, "support": 16}, "accuracy": 0.8952380952380953, "macro avg": {"precision": 0.8950163398692811, "recall": 0.890962485790072, "f1-score": 0.889716593058931, "support": 105}, "weighted avg": {"precision": 0.8974945533769062, "recall": 0.8952380952380953, "f1-score": 0.8938594451093596, "support": 105}, "classificador": "KNeighborsClassifier"}