{"casual": {"precision": 0.5641025641025641, "recall": 0.7586206896551724, "f1-score": 0.6470588235294118, "support": 29}, "explosion": {"precision": 0.8787878787878788, "recall": 0.7435897435897436, "f1-score": 0.8055555555555556, "support": 39}, "gunshot": {"precision": 1.0, "recall": 0.6666666666666666, "f1-score": 0.8, "support": 21}, "siren": {"precision": 0.7894736842105263, "recall": 0.9375, "f1-score": 0.8571428571428572, "support": 16}, "accuracy": 0.7619047619047619, "macro avg": {"precision": 0.8080910317752423, "recall": 0.7765942749778957, "f1-score": 0.7774393090569561, "support": 105}, "weighted avg": {"precision": 0.8025074340863815, "recall": 0.7619047619047619, "f1-score": 0.7685300786981459, "support": 105}, "classificador": "Perceptron"}