{"casual": {"precision": 0.6285714285714286, "recall": 0.7586206896551724, "f1-score": 0.6875, "support": 29}, "explosion": {"precision": 0.9117647058823529, "recall": 0.7948717948717948, "f1-score": 0.8493150684931507, "support": 39}, "gunshot": {"precision": 0.8333333333333334, "recall": 0.7142857142857143, "f1-score": 0.7692307692307692, "support": 21}, "siren": {"precision": 0.8333333333333334, "recall": 0.9375, "f1-score": 0.8823529411764706, "support": 16}, "accuracy": 0.7904761904761904, "macro avg": {"precision": 0.8017507002801121, "recall": 0.8013195497031704, "f1-score": 0.7970996947250976, "support": 105}, "weighted avg": {"precision": 0.8059116980125384, "recall": 0.7904761904761904, "f1-score": 0.7936407703228816, "support": 105}, "classificador": "SGDClassifier"}