{"casual": {"precision": 0.6153846153846154, "recall": 0.8275862068965517, "f1-score": 0.7058823529411765, "support": 29}, "explosion": {"precision": 0.9, "recall": 0.6923076923076923, "f1-score": 0.7826086956521738, "support": 39}, "gunshot": {"precision": 0.8888888888888888, "recall": 0.7619047619047619, "f1-score": 0.8205128205128205, "support": 21}, "siren": {"precision": 0.8333333333333334, "recall": 0.9375, "f1-score": 0.8823529411764706, "support": 16}, "accuracy": 0.780952380952381, "macro avg": {"precision": 0.8094017094017094, "recall": 0.8048246652772515, "f1-score": 0.7978392025706603, "support": 105}, "weighted avg": {"precision": 0.809010989010989, "recall": 0.780952380952381, "f1-score": 0.784197558622111, "support": 105}, "classificador": "SGDClassifier"}