{"casual": {"precision": 0.6944444444444444, "recall": 0.8620689655172413, "f1-score": 0.7692307692307692, "support": 29}, "explosion": {"precision": 0.9411764705882353, "recall": 0.8205128205128205, "f1-score": 0.8767123287671232, "support": 39}, "gunshot": {"precision": 0.9411764705882353, "recall": 0.7619047619047619, "f1-score": 0.8421052631578947, "support": 21}, "siren": {"precision": 0.8888888888888888, "recall": 1.0, "f1-score": 0.9411764705882353, "support": 16}, "accuracy": 0.8476190476190476, "macro avg": {"precision": 0.8664215686274509, "recall": 0.8611216369837059, "f1-score": 0.8573062079360056, "support": 105}, "weighted avg": {"precision": 0.8650638032990974, "recall": 0.8476190476190476, "f1-score": 0.8499286398603588, "support": 105}, "classificador": "SVC", "mediaTempoClassificacaoCadaAudio": 0.05011132785252163, "desvioTempoClassificacaoCadaAudio": 0.03628834290567023}