{"casual": {"precision": 0.7058823529411765, "recall": 0.8275862068965517, "f1-score": 0.7619047619047619, "support": 29}, "explosion": {"precision": 0.8974358974358975, "recall": 0.8974358974358975, "f1-score": 0.8974358974358975, "support": 39}, "gunshot": {"precision": 0.9411764705882353, "recall": 0.7619047619047619, "f1-score": 0.8421052631578947, "support": 21}, "siren": {"precision": 0.9333333333333333, "recall": 0.875, "f1-score": 0.9032258064516129, "support": 16}, "accuracy": 0.8476190476190476, "macro avg": {"precision": 0.8694570135746607, "recall": 0.8404817165593028, "f1-score": 0.8511679322375417, "support": 105}, "weighted avg": {"precision": 0.85874883286648, "recall": 0.8476190476190476, "f1-score": 0.8498196335693304, "support": 105}, "classificador": "KNeighborsClassifier"}