{"casual": {"precision": 0.7142857142857143, "recall": 0.8620689655172413, "f1-score": 0.7812500000000001, "support": 29}, "explosion": {"precision": 0.9230769230769231, "recall": 0.9230769230769231, "f1-score": 0.9230769230769231, "support": 39}, "gunshot": {"precision": 1.0, "recall": 0.7619047619047619, "f1-score": 0.8648648648648648, "support": 21}, "siren": {"precision": 0.9333333333333333, "recall": 0.875, "f1-score": 0.9032258064516129, "support": 16}, "accuracy": 0.8666666666666667, "macro avg": {"precision": 0.8926739926739926, "recall": 0.8555126626247316, "f1-score": 0.8681043985983503, "support": 105}, "weighted avg": {"precision": 0.882358276643991, "recall": 0.8666666666666667, "f1-score": 0.8692383339560759, "support": 105}, "classificador": "KNeighborsClassifier"}