{"casual": {"precision": 0.6388888888888888, "recall": 0.7931034482758621, "f1-score": 0.7076923076923076, "support": 29}, "explosion": {"precision": 0.9142857142857143, "recall": 0.8205128205128205, "f1-score": 0.8648648648648648, "support": 39}, "gunshot": {"precision": 0.9411764705882353, "recall": 0.7619047619047619, "f1-score": 0.8421052631578947, "support": 21}, "siren": {"precision": 0.8823529411764706, "recall": 0.9375, "f1-score": 0.9090909090909091, "support": 16}, "accuracy": 0.819047619047619, "macro avg": {"precision": 0.8441760037348273, "recall": 0.8282552576733611, "f1-score": 0.830938336201494, "support": 105}, "weighted avg": {"precision": 0.8387359388199724, "recall": 0.819047619047619, "f1-score": 0.8236425878531141, "support": 105}, "classificador": "LinearSVC"}