{"casual": {"precision": 0.6875, "recall": 0.7586206896551724, "f1-score": 0.7213114754098361, "support": 29}, "explosion": {"precision": 0.9166666666666666, "recall": 0.8461538461538461, "f1-score": 0.8799999999999999, "support": 39}, "gunshot": {"precision": 0.9411764705882353, "recall": 0.7619047619047619, "f1-score": 0.8421052631578947, "support": 21}, "siren": {"precision": 0.75, "recall": 0.9375, "f1-score": 0.8333333333333334, "support": 16}, "accuracy": 0.819047619047619, "macro avg": {"precision": 0.8238357843137254, "recall": 0.8260448244284451, "f1-score": 0.819187517975266, "support": 105}, "weighted avg": {"precision": 0.8328781512605042, "recall": 0.819047619047619, "f1-score": 0.8214816823479462, "support": 105}, "classificador": "SVC"}