{"casual": {"precision": 0.5384615384615384, "recall": 0.7241379310344828, "f1-score": 0.6176470588235294, "support": 29}, "explosion": {"precision": 0.9090909090909091, "recall": 0.7692307692307693, "f1-score": 0.8333333333333333, "support": 39}, "gunshot": {"precision": 0.9285714285714286, "recall": 0.6190476190476191, "f1-score": 0.742857142857143, "support": 21}, "siren": {"precision": 0.7894736842105263, "recall": 0.9375, "f1-score": 0.8571428571428572, "support": 16}, "accuracy": 0.7523809523809524, "macro avg": {"precision": 0.7913993900836007, "recall": 0.7624790798282177, "f1-score": 0.7627450980392158, "support": 105}, "weighted avg": {"precision": 0.7923953239742714, "recall": 0.7523809523809524, "f1-score": 0.7592957182873149, "support": 105}, "classificador": "LinearDiscriminantAnalysis"}