{"casual": {"precision": 0.6875, "recall": 0.7586206896551724, "f1-score": 0.7213114754098361, "support": 29}, "explosion": {"precision": 0.8974358974358975, "recall": 0.8974358974358975, "f1-score": 0.8974358974358975, "support": 39}, "gunshot": {"precision": 0.9333333333333333, "recall": 0.6666666666666666, "f1-score": 0.7777777777777778, "support": 21}, "siren": {"precision": 0.7894736842105263, "recall": 0.9375, "f1-score": 0.8571428571428572, "support": 16}, "accuracy": 0.819047619047619, "macro avg": {"precision": 0.8269357287449393, "recall": 0.8150558134394341, "f1-score": 0.8134170019415922, "support": 105}, "weighted avg": {"precision": 0.8301817042606516, "recall": 0.819047619047619, "f1-score": 0.8187204936619455, "support": 105}, "classificador": "SVC", "mediaTempoClassificacaoCadaAudio": 0.010091604505266463, "desvioTempoClassificacaoCadaAudio": 0.005110108551976887}