{"casual": {"precision": 0.6774193548387096, "recall": 0.7241379310344828, "f1-score": 0.7, "support": 29}, "explosion": {"precision": 0.8717948717948718, "recall": 0.8717948717948718, "f1-score": 0.8717948717948718, "support": 39}, "gunshot": {"precision": 0.8235294117647058, "recall": 0.6666666666666666, "f1-score": 0.7368421052631577, "support": 21}, "siren": {"precision": 0.8333333333333334, "recall": 0.9375, "f1-score": 0.8823529411764706, "support": 16}, "accuracy": 0.8, "macro avg": {"precision": 0.8015192429329051, "recall": 0.8000248673740052, "f1-score": 0.797747479558625, "support": 105}, "weighted avg": {"precision": 0.8025963073401403, "recall": 0.8, "f1-score": 0.7989650597080938, "support": 105}, "classificador": "SVC", "mediaTempoClassificacaoCadaAudio": 0.009712534859066918, "desvioTempoClassificacaoCadaAudio": 0.005277802454415585}