{"casual": {"precision": 0.6764705882352942, "recall": 0.7931034482758621, "f1-score": 0.7301587301587301, "support": 29}, "explosion": {"precision": 0.9166666666666666, "recall": 0.8461538461538461, "f1-score": 0.8799999999999999, "support": 39}, "gunshot": {"precision": 0.875, "recall": 0.6666666666666666, "f1-score": 0.7567567567567567, "support": 21}, "siren": {"precision": 0.7894736842105263, "recall": 0.9375, "f1-score": 0.8571428571428572, "support": 16}, "accuracy": 0.8095238095238095, "macro avg": {"precision": 0.8144027347781218, "recall": 0.8108559902740937, "f1-score": 0.806014586014586, "support": 105}, "weighted avg": {"precision": 0.8226116762494472, "recall": 0.8095238095238095, "f1-score": 0.8104836264836265, "support": 105}, "classificador": "SVC", "mediaTempoClassificacaoCadaAudio": 0.009192469006492978, "desvioTempoClassificacaoCadaAudio": 0.005409983210651541}