{"classificador": "KNeighborsClassifier", "accuracy": 0.6476190476190476, "explosion": {"recall": 0.48717948717948717, "f1-score": 0.6129032258064516, "precision": 0.8260869565217391, "support": 39}, "siren": {"recall": 0.6875, "f1-score": 0.7857142857142857, "precision": 0.9166666666666666, "support": 16}, "weighted avg": {"recall": 0.6476190476190476, "f1-score": 0.6475099358739912, "precision": 0.703386992365759, "support": 105}, "gunshot": {"recall": 0.6190476190476191, "f1-score": 0.5416666666666666, "precision": 0.48148148148148145, "support": 21}, "macro avg": {"recall": 0.663949017936087, "f1-score": 0.6586821556579621, "precision": 0.7014076133767742, "support": 105}, "casual": {"recall": 0.8620689655172413, "f1-score": 0.6944444444444445, "precision": 0.5813953488372093, "support": 29}}