{"classificador": "BaggingClassifier", "accuracy": 0.6095238095238096, "explosion": {"recall": 0.5641025641025641, "f1-score": 0.6376811594202899, "precision": 0.7333333333333333, "support": 39}, "siren": {"recall": 0.5625, "f1-score": 0.6666666666666666, "precision": 0.8181818181818182, "support": 16}, "weighted avg": {"recall": 0.6095238095238096, "f1-score": 0.6120457458345658, "precision": 0.6409082186812833, "support": 105}, "gunshot": {"recall": 0.5238095238095238, "f1-score": 0.5, "precision": 0.4782608695652174, "support": 21}, "macro avg": {"recall": 0.602258194391815, "f1-score": 0.6082298136645963, "precision": 0.6415903467335069, "support": 105}, "casual": {"recall": 0.7586206896551724, "f1-score": 0.6285714285714286, "precision": 0.5365853658536586, "support": 29}}