{"classificador": "Perceptron", "accuracy": 0.6190476190476191, "explosion": {"recall": 0.5128205128205128, "f1-score": 0.5797101449275363, "precision": 0.6666666666666666, "support": 39}, "siren": {"recall": 0.75, "f1-score": 0.7999999999999999, "precision": 0.8571428571428571, "support": 16}, "weighted avg": {"recall": 0.6190476190476191, "f1-score": 0.6181090407177363, "precision": 0.6348979591836734, "support": 105}, "gunshot": {"recall": 0.5238095238095238, "f1-score": 0.5238095238095238, "precision": 0.5238095238095238, "support": 21}, "macro avg": {"recall": 0.6363126815713023, "f1-score": 0.6353002070393374, "precision": 0.6494047619047619, "support": 105}, "casual": {"recall": 0.7586206896551724, "f1-score": 0.6376811594202898, "precision": 0.55, "support": 29}}