{"classificador": "KNeighborsClassifier", "accuracy": 0.6476190476190476, "explosion": {"recall": 0.5128205128205128, "f1-score": 0.6349206349206349, "precision": 0.8333333333333334, "support": 39}, "siren": {"recall": 0.625, "f1-score": 0.7692307692307693, "precision": 1.0, "support": 16}, "weighted avg": {"recall": 0.6476190476190476, "f1-score": 0.6502972661027373, "precision": 0.7153439153439154, "support": 105}, "gunshot": {"recall": 0.6190476190476191, "f1-score": 0.5531914893617021, "precision": 0.5, "support": 21}, "macro avg": {"recall": 0.6547342743463433, "f1-score": 0.6582546422971954, "precision": 0.7222222222222222, "support": 105}, "casual": {"recall": 0.8620689655172413, "f1-score": 0.6756756756756757, "precision": 0.5555555555555556, "support": 29}}