{"classificador": "BaggingClassifier", "accuracy": 0.5428571428571428, "explosion": {"recall": 0.48717948717948717, "f1-score": 0.5428571428571428, "precision": 0.6129032258064516, "support": 39}, "siren": {"recall": 0.5, "f1-score": 0.5714285714285715, "precision": 0.6666666666666666, "support": 16}, "weighted avg": {"recall": 0.5428571428571428, "f1-score": 0.5454665389213433, "precision": 0.6417591170279342, "support": 105}, "gunshot": {"recall": 0.38095238095238093, "f1-score": 0.5517241379310345, "precision": 1.0, "support": 21}, "macro avg": {"recall": 0.5316881394467601, "f1-score": 0.5490325835361148, "precision": 0.6717443249701314, "support": 105}, "casual": {"recall": 0.7586206896551724, "f1-score": 0.5301204819277108, "precision": 0.4074074074074074, "support": 29}}