{"classificador": "SGDClassifier", "accuracy": 0.638095238095238, "explosion": {"recall": 0.7692307692307693, "f1-score": 0.6818181818181818, "precision": 0.6122448979591837, "support": 39}, "siren": {"recall": 0.875, "f1-score": 0.823529411764706, "precision": 0.7777777777777778, "support": 16}, "weighted avg": {"recall": 0.638095238095238, "f1-score": 0.5919810964823753, "precision": 0.7070348774430407, "support": 105}, "gunshot": {"recall": 0.09523809523809523, "f1-score": 0.17391304347826084, "precision": 1.0, "support": 21}, "macro avg": {"recall": 0.6159016988758368, "f1-score": 0.5813536208037486, "precision": 0.7433390022675737, "support": 105}, "casual": {"recall": 0.7241379310344828, "f1-score": 0.6461538461538462, "precision": 0.5833333333333334, "support": 29}}