{"classificador": "KNeighborsClassifier", "accuracy": 0.6952380952380952, "explosion": {"recall": 0.5641025641025641, "f1-score": 0.7096774193548387, "precision": 0.9565217391304348, "support": 39}, "siren": {"recall": 0.875, "f1-score": 0.9032258064516129, "precision": 0.9333333333333333, "support": 16}, "weighted avg": {"recall": 0.6952380952380952, "f1-score": 0.7026076988330239, "precision": 0.7608497505633149, "support": 105}, "gunshot": {"recall": 0.7142857142857143, "f1-score": 0.6000000000000001, "precision": 0.5172413793103449, "support": 21}, "macro avg": {"recall": 0.7280022420108627, "f1-score": 0.7174049109292249, "precision": 0.7465109550487914, "support": 105}, "casual": {"recall": 0.7586206896551724, "f1-score": 0.6567164179104478, "precision": 0.5789473684210527, "support": 29}}