{"classificador": "LinearSVC", "accuracy": 0.5619047619047619, "explosion": {"recall": 0.358974358974359, "f1-score": 0.4307692307692308, "precision": 0.5384615384615384, "support": 39}, "siren": {"recall": 0.9375, "f1-score": 0.8823529411764706, "precision": 0.8333333333333334, "support": 16}, "weighted avg": {"recall": 0.5619047619047619, "f1-score": 0.5418036305431263, "precision": 0.5670177045177045, "support": 105}, "gunshot": {"recall": 0.3333333333333333, "f1-score": 0.41176470588235287, "precision": 0.5384615384615384, "support": 21}, "macro avg": {"recall": 0.6057277851458887, "f1-score": 0.5805723688076629, "precision": 0.5973557692307693, "support": 105}, "casual": {"recall": 0.7931034482758621, "f1-score": 0.5974025974025974, "precision": 0.4791666666666667, "support": 29}}