{"classificador": "BaggingClassifier", "accuracy": 0.5428571428571428, "explosion": {"recall": 0.48717948717948717, "f1-score": 0.5757575757575758, "precision": 0.7037037037037037, "support": 39}, "siren": {"recall": 0.6875, "f1-score": 0.7333333333333334, "precision": 0.7857142857142857, "support": 16}, "weighted avg": {"recall": 0.5428571428571428, "f1-score": 0.5406171606171607, "precision": 0.6840898317895897, "support": 105}, "gunshot": {"recall": 0.23809523809523808, "f1-score": 0.3846153846153846, "precision": 1.0, "support": 21}, "macro avg": {"recall": 0.5428488537324745, "f1-score": 0.5484265734265734, "precision": 0.7155748363375481, "support": 105}, "casual": {"recall": 0.7586206896551724, "f1-score": 0.4999999999999999, "precision": 0.3728813559322034, "support": 29}}