{"classificador": "Perceptron", "accuracy": 0.49523809523809526, "explosion": {"recall": 0.3076923076923077, "f1-score": 0.37500000000000006, "precision": 0.48, "support": 39}, "siren": {"recall": 0.9375, "f1-score": 0.8108108108108109, "precision": 0.7142857142857143, "support": 16}, "weighted avg": {"recall": 0.49523809523809526, "f1-score": 0.4804639927774257, "precision": 0.48913426423200856, "support": 105}, "gunshot": {"recall": 0.42857142857142855, "f1-score": 0.42857142857142855, "precision": 0.42857142857142855, "support": 21}, "macro avg": {"recall": 0.5563719685486928, "f1-score": 0.5229985449201867, "precision": 0.5109774436090225, "support": 105}, "casual": {"recall": 0.5517241379310345, "f1-score": 0.47761194029850745, "precision": 0.42105263157894735, "support": 29}}