{"classificador": "SGDClassifier", "accuracy": 0.6, "explosion": {"recall": 0.41025641025641024, "f1-score": 0.4923076923076924, "precision": 0.6153846153846154, "support": 39}, "siren": {"recall": 0.9375, "f1-score": 0.8823529411764706, "precision": 0.8333333333333334, "support": 16}, "weighted avg": {"recall": 0.6, "f1-score": 0.5796150232244797, "precision": 0.6209235209235209, "support": 105}, "gunshot": {"recall": 0.3333333333333333, "f1-score": 0.43749999999999994, "precision": 0.6363636363636364, "support": 21}, "macro avg": {"recall": 0.6357896772767462, "f1-score": 0.6112680064723066, "precision": 0.6462703962703963, "support": 105}, "casual": {"recall": 0.8620689655172413, "f1-score": 0.6329113924050632, "precision": 0.5, "support": 29}}