{"classificador": "Perceptron", "accuracy": 0.6857142857142857, "explosion": {"recall": 0.7948717948717948, "f1-score": 0.7560975609756098, "precision": 0.7209302325581395, "support": 39}, "siren": {"recall": 1.0, "f1-score": 0.8648648648648648, "precision": 0.7619047619047619, "support": 16}, "weighted avg": {"recall": 0.6857142857142857, "f1-score": 0.6689561601356884, "precision": 0.6947865580340663, "support": 105}, "gunshot": {"recall": 0.3333333333333333, "f1-score": 0.4666666666666666, "precision": 0.7777777777777778, "support": 21}, "macro avg": {"recall": 0.6872236958443855, "f1-score": 0.6694482567333426, "precision": 0.7057781930601698, "support": 105}, "casual": {"recall": 0.6206896551724138, "f1-score": 0.5901639344262296, "precision": 0.5625, "support": 29}}