{"classificador": "Perceptron", "accuracy": 0.4380952380952381, "explosion": {"recall": 0.23076923076923078, "f1-score": 0.3050847457627119, "precision": 0.45, "support": 39}, "siren": {"recall": 0.875, "f1-score": 0.7999999999999999, "precision": 0.7368421052631579, "support": 16}, "weighted avg": {"recall": 0.4380952380952381, "f1-score": 0.4153260596079507, "precision": 0.4397048142565297, "support": 105}, "gunshot": {"recall": 0.23809523809523808, "f1-score": 0.2631578947368421, "precision": 0.29411764705882354, "support": 21}, "macro avg": {"recall": 0.49113853100922067, "f1-score": 0.45744527550950387, "precision": 0.4620766727743729, "support": 105}, "casual": {"recall": 0.6206896551724138, "f1-score": 0.4615384615384615, "precision": 0.3673469387755102, "support": 29}}