{"classificador": "Perceptron", "accuracy": 0.5238095238095238, "explosion": {"recall": 0.3333333333333333, "f1-score": 0.3939393939393939, "precision": 0.48148148148148145, "support": 39}, "siren": {"recall": 0.9375, "f1-score": 0.9375, "precision": 0.9375, "support": 16}, "weighted avg": {"recall": 0.5238095238095238, "f1-score": 0.504143475572047, "precision": 0.5197089947089947, "support": 105}, "gunshot": {"recall": 0.23809523809523808, "f1-score": 0.2857142857142857, "precision": 0.35714285714285715, "support": 21}, "macro avg": {"recall": 0.5668873152709359, "f1-score": 0.5471455627705628, "precision": 0.5586144179894179, "support": 105}, "casual": {"recall": 0.7586206896551724, "f1-score": 0.5714285714285715, "precision": 0.4583333333333333, "support": 29}}