{"classificador": "Perceptron", "accuracy": 0.6285714285714286, "explosion": {"recall": 0.6666666666666666, "f1-score": 0.6666666666666666, "precision": 0.6666666666666666, "support": 39}, "siren": {"recall": 1.0, "f1-score": 0.8205128205128205, "precision": 0.6956521739130435, "support": 16}, "weighted avg": {"recall": 0.6285714285714286, "f1-score": 0.6113308913308912, "precision": 0.6631469979296065, "support": 105}, "gunshot": {"recall": 0.2857142857142857, "f1-score": 0.42857142857142855, "precision": 0.8571428571428571, "support": 21}, "macro avg": {"recall": 0.6432676518883416, "f1-score": 0.6173992673992674, "precision": 0.6798654244306418, "support": 105}, "casual": {"recall": 0.6206896551724138, "f1-score": 0.5538461538461539, "precision": 0.5, "support": 29}}