{"classificador": "KNeighborsClassifier", "accuracy": 0.6571428571428571, "explosion": {"recall": 0.5384615384615384, "f1-score": 0.6774193548387096, "precision": 0.9130434782608695, "support": 39}, "siren": {"recall": 0.75, "f1-score": 0.7999999999999999, "precision": 0.8571428571428571, "support": 16}, "weighted avg": {"recall": 0.6571428571428571, "f1-score": 0.6617890284704249, "precision": 0.7203920303299185, "support": 105}, "gunshot": {"recall": 0.5714285714285714, "f1-score": 0.5333333333333333, "precision": 0.5, "support": 21}, "macro avg": {"recall": 0.6718690791966654, "f1-score": 0.6670717336868464, "precision": 0.7039102202145681, "support": 105}, "casual": {"recall": 0.8275862068965517, "f1-score": 0.6575342465753425, "precision": 0.5454545454545454, "support": 29}}