{"classificador": "LinearSVC", "accuracy": 0.6857142857142857, "explosion": {"recall": 0.8205128205128205, "f1-score": 0.7619047619047619, "precision": 0.7111111111111111, "support": 39}, "siren": {"recall": 0.9375, "f1-score": 0.8333333333333334, "precision": 0.75, "support": 16}, "weighted avg": {"recall": 0.6857142857142857, "f1-score": 0.6742643844800026, "precision": 0.7251388888888889, "support": 105}, "gunshot": {"recall": 0.38095238095238093, "f1-score": 0.5517241379310345, "precision": 1.0, "support": 21}, "macro avg": {"recall": 0.6812930245042313, "f1-score": 0.6760848205873644, "precision": 0.7480902777777778, "support": 105}, "casual": {"recall": 0.5862068965517241, "f1-score": 0.5573770491803278, "precision": 0.53125, "support": 29}}