{"classificador": "Perceptron", "accuracy": 0.6190476190476191, "explosion": {"recall": 0.5128205128205128, "f1-score": 0.5970149253731343, "precision": 0.7142857142857143, "support": 39}, "siren": {"recall": 0.8125, "f1-score": 0.8387096774193549, "precision": 0.8666666666666667, "support": 16}, "weighted avg": {"recall": 0.6190476190476191, "f1-score": 0.6199933036934954, "precision": 0.6423696145124718, "support": 105}, "gunshot": {"recall": 0.5238095238095238, "f1-score": 0.5116279069767442, "precision": 0.5, "support": 21}, "macro avg": {"recall": 0.6433169919161298, "f1-score": 0.6390120404857866, "precision": 0.6514880952380953, "support": 105}, "casual": {"recall": 0.7241379310344828, "f1-score": 0.6086956521739131, "precision": 0.525, "support": 29}}