{"classificador": "LinearSVC", "accuracy": 0.5904761904761905, "explosion": {"recall": 0.7435897435897436, "f1-score": 0.6666666666666667, "precision": 0.6041666666666666, "support": 39}, "siren": {"recall": 0.9375, "f1-score": 0.8333333333333334, "precision": 0.75, "support": 16}, "weighted avg": {"recall": 0.5904761904761905, "f1-score": 0.5275702075702076, "precision": 0.4767857142857143, "support": 105}, "gunshot": {"recall": 0.0, "f1-score": 0.0, "precision": 0.0, "support": 21}, "macro avg": {"recall": 0.5754448496905393, "f1-score": 0.5134615384615385, "precision": 0.46354166666666663, "support": 105}, "casual": {"recall": 0.6206896551724138, "f1-score": 0.5538461538461539, "precision": 0.5, "support": 29}}