{"classificador": "Perceptron", "accuracy": 0.4857142857142857, "explosion": {"recall": 0.2564102564102564, "f1-score": 0.3278688524590163, "precision": 0.45454545454545453, "support": 39}, "siren": {"recall": 0.875, "f1-score": 0.8484848484848485, "precision": 0.8235294117647058, "support": 16}, "weighted avg": {"recall": 0.4857142857142857, "f1-score": 0.4649724026773207, "precision": 0.48035311094134625, "support": 105}, "gunshot": {"recall": 0.2857142857142857, "f1-score": 0.2857142857142857, "precision": 0.2857142857142857, "support": 21}, "macro avg": {"recall": 0.5353156182897563, "f1-score": 0.5074088885564295, "precision": 0.5076139546727783, "support": 105}, "casual": {"recall": 0.7241379310344828, "f1-score": 0.5675675675675675, "precision": 0.4666666666666667, "support": 29}}