{"classificador": "KNeighborsClassifier", "accuracy": 0.6571428571428571, "explosion": {"recall": 0.4358974358974359, "f1-score": 0.6071428571428571, "precision": 1.0, "support": 39}, "siren": {"recall": 0.75, "f1-score": 0.8275862068965517, "precision": 0.9230769230769231, "support": 16}, "weighted avg": {"recall": 0.6571428571428571, "f1-score": 0.6568574189159772, "precision": 0.7668807383093098, "support": 105}, "gunshot": {"recall": 0.7619047619047619, "f1-score": 0.5925925925925926, "precision": 0.48484848484848486, "support": 21}, "macro avg": {"recall": 0.6938471011746874, "f1-score": 0.6758444986650426, "precision": 0.744838494838495, "support": 105}, "casual": {"recall": 0.8275862068965517, "f1-score": 0.676056338028169, "precision": 0.5714285714285714, "support": 29}}