{"classificador": "Perceptron", "accuracy": 0.4857142857142857, "explosion": {"recall": 0.28205128205128205, "f1-score": 0.36065573770491804, "precision": 0.5, "support": 39}, "siren": {"recall": 0.8125, "f1-score": 0.8125, "precision": 0.8125, "support": 16}, "weighted avg": {"recall": 0.4857142857142857, "f1-score": 0.4677607070175959, "precision": 0.4961120448179272, "support": 105}, "gunshot": {"recall": 0.2857142857142857, "f1-score": 0.31578947368421056, "precision": 0.35294117647058826, "support": 21}, "macro avg": {"recall": 0.5261008747000127, "f1-score": 0.5051476952523455, "precision": 0.5213602941176471, "support": 105}, "casual": {"recall": 0.7241379310344828, "f1-score": 0.5316455696202531, "precision": 0.42, "support": 29}}