{"classificador": "BaggingClassifier", "accuracy": 0.5142857142857142, "explosion": {"recall": 0.5384615384615384, "f1-score": 0.6774193548387096, "precision": 0.9130434782608695, "support": 39}, "siren": {"recall": 0.5, "f1-score": 0.6153846153846154, "precision": 0.8, "support": 16}, "weighted avg": {"recall": 0.5142857142857142, "f1-score": 0.4966876352570602, "precision": 0.655729074238391, "support": 105}, "gunshot": {"recall": 0.047619047619047616, "f1-score": 0.08695652173913042, "precision": 0.5, "support": 21}, "macro avg": {"recall": 0.47841669824428446, "f1-score": 0.46615224420273504, "precision": 0.6389751552795031, "support": 105}, "casual": {"recall": 0.8275862068965517, "f1-score": 0.48484848484848486, "precision": 0.34285714285714286, "support": 29}}