{"classificador": "LinearSVC", "accuracy": 0.5238095238095238, "explosion": {"recall": 0.41025641025641024, "f1-score": 0.4571428571428572, "precision": 0.5161290322580645, "support": 39}, "siren": {"recall": 0.9375, "f1-score": 0.8823529411764706, "precision": 0.8333333333333334, "support": 16}, "weighted avg": {"recall": 0.5238095238095238, "f1-score": 0.5097372282246232, "precision": 0.5133465712537311, "support": 105}, "gunshot": {"recall": 0.23809523809523808, "f1-score": 0.2777777777777778, "precision": 0.3333333333333333, "support": 21}, "macro avg": {"recall": 0.560256015536188, "f1-score": 0.5400326797385621, "precision": 0.5365525832677681, "support": 105}, "casual": {"recall": 0.6551724137931034, "f1-score": 0.5428571428571429, "precision": 0.4634146341463415, "support": 29}}