{"casual": {"precision": 0.7222222222222222, "recall": 0.896551724137931, "f1-score": 0.7999999999999999, "support": 29}, "explosion": {"precision": 0.918918918918919, "recall": 0.8717948717948718, "f1-score": 0.8947368421052632, "support": 39}, "gunshot": {"precision": 0.9444444444444444, "recall": 0.8095238095238095, "f1-score": 0.8717948717948718, "support": 21}, "siren": {"precision": 0.9285714285714286, "recall": 0.8125, "f1-score": 0.8666666666666666, "support": 16}, "accuracy": 0.8571428571428571, "macro avg": {"precision": 0.8785392535392536, "recall": 0.847592601364153, "f1-score": 0.8582995951417004, "support": 105}, "weighted avg": {"precision": 0.8711691283119855, "recall": 0.8571428571428571, "f1-score": 0.8597056744425164, "support": 105}, "classificador": "KNeighborsClassifier"}