{"casual": {"precision": 0.5348837209302325, "recall": 0.7931034482758621, "f1-score": 0.6388888888888888, "support": 29}, "explosion": {"precision": 0.8285714285714286, "recall": 0.7435897435897436, "f1-score": 0.7837837837837838, "support": 39}, "gunshot": {"precision": 0.9, "recall": 0.42857142857142855, "f1-score": 0.5806451612903225, "support": 21}, "siren": {"precision": 0.8235294117647058, "recall": 0.875, "f1-score": 0.8484848484848485, "support": 16}, "accuracy": 0.7142857142857143, "macro avg": {"precision": 0.7717461403165917, "recall": 0.7100661551092586, "f1-score": 0.7129506706119609, "support": 105}, "weighted avg": {"precision": 0.7609750877095024, "recall": 0.7142857142857143, "f1-score": 0.7129966791257114, "support": 105}, "classificador": "LinearSVC"}