{"casual": {"precision": 0.6, "recall": 0.7241379310344828, "f1-score": 0.65625, "support": 29}, "explosion": {"precision": 0.8333333333333334, "recall": 0.7692307692307693, "f1-score": 0.8, "support": 39}, "gunshot": {"precision": 0.9375, "recall": 0.7142857142857143, "f1-score": 0.8108108108108109, "support": 21}, "siren": {"precision": 0.8333333333333334, "recall": 0.9375, "f1-score": 0.8823529411764706, "support": 16}, "accuracy": 0.7714285714285715, "macro avg": {"precision": 0.8010416666666668, "recall": 0.7862886036377416, "f1-score": 0.7873534379968203, "support": 105}, "weighted avg": {"precision": 0.7897222222222222, "recall": 0.7714285714285715, "f1-score": 0.7750088008176244, "support": 105}, "classificador": "Perceptron"}