{"casual": {"precision": 0.4864864864864865, "recall": 0.6206896551724138, "f1-score": 0.5454545454545455, "support": 29}, "explosion": {"precision": 0.7142857142857143, "recall": 0.7692307692307693, "f1-score": 0.7407407407407408, "support": 39}, "gunshot": {"precision": 1.0, "recall": 0.42857142857142855, "f1-score": 0.6, "support": 21}, "siren": {"precision": 0.8235294117647058, "recall": 0.875, "f1-score": 0.8484848484848485, "support": 16}, "accuracy": 0.6761904761904762, "macro avg": {"precision": 0.7560754031342267, "recall": 0.6733729632436529, "f1-score": 0.6836700336700338, "support": 105}, "weighted avg": {"precision": 0.7251592528903453, "recall": 0.6761904761904762, "f1-score": 0.675074555074555, "support": 105}, "classificador": "LinearDiscriminantAnalysis"}