{"casual": {"precision": 0.48717948717948717, "recall": 0.6551724137931034, "f1-score": 0.5588235294117647, "support": 29}, "explosion": {"precision": 0.7777777777777778, "recall": 0.717948717948718, "f1-score": 0.7466666666666666, "support": 39}, "gunshot": {"precision": 1.0, "recall": 0.5714285714285714, "f1-score": 0.7272727272727273, "support": 21}, "siren": {"precision": 0.7777777777777778, "recall": 0.875, "f1-score": 0.823529411764706, "support": 16}, "accuracy": 0.6952380952380952, "macro avg": {"precision": 0.7606837606837606, "recall": 0.7048874257925981, "f1-score": 0.7140730837789662, "support": 105}, "weighted avg": {"precision": 0.7419617419617419, "recall": 0.6952380952380952, "f1-score": 0.7026198115609881, "support": 105}, "classificador": "BaggingClassifier"}