{"casual": {"precision": 0.4523809523809524, "recall": 0.6551724137931034, "f1-score": 0.5352112676056338, "support": 29}, "explosion": {"precision": 0.6666666666666666, "recall": 0.46153846153846156, "f1-score": 0.5454545454545455, "support": 39}, "gunshot": {"precision": 0.55, "recall": 0.5238095238095238, "f1-score": 0.5365853658536585, "support": 21}, "siren": {"precision": 0.75, "recall": 0.75, "f1-score": 0.75, "support": 16}, "accuracy": 0.5714285714285714, "macro avg": {"precision": 0.6047619047619048, "recall": 0.5976300997852722, "f1-score": 0.5918127947284595, "support": 105}, "weighted avg": {"precision": 0.5968480725623583, "recall": 0.5714285714285714, "f1-score": 0.572020444916357, "support": 105}, "classificador": "LinearDiscriminantAnalysis"}