{"casual": {"precision": 0.46511627906976744, "recall": 0.6896551724137931, "f1-score": 0.5555555555555556, "support": 29}, "explosion": {"precision": 0.72, "recall": 0.46153846153846156, "f1-score": 0.5625, "support": 39}, "gunshot": {"precision": 0.6111111111111112, "recall": 0.5238095238095238, "f1-score": 0.5641025641025642, "support": 21}, "siren": {"precision": 0.7894736842105263, "recall": 0.9375, "f1-score": 0.8571428571428572, "support": 16}, "accuracy": 0.6095238095238096, "macro avg": {"precision": 0.6464252685978512, "recall": 0.6531257894404446, "f1-score": 0.6348252442002442, "support": 105}, "weighted avg": {"precision": 0.6384122321307144, "recall": 0.6095238095238096, "f1-score": 0.6058004825861969, "support": 105}, "classificador": "LinearDiscriminantAnalysis"}