{"casual": {"precision": 0.4857142857142857, "recall": 0.5862068965517241, "f1-score": 0.53125, "support": 29}, "explosion": {"precision": 0.7741935483870968, "recall": 0.6153846153846154, "f1-score": 0.6857142857142857, "support": 39}, "gunshot": {"precision": 0.6875, "recall": 0.5238095238095238, "f1-score": 0.5945945945945946, "support": 21}, "siren": {"precision": 0.6521739130434783, "recall": 0.9375, "f1-score": 0.7692307692307693, "support": 16}, "accuracy": 0.638095238095238, "macro avg": {"precision": 0.6498954367862152, "recall": 0.6657252589364658, "f1-score": 0.6451974123849123, "support": 105}, "weighted avg": {"precision": 0.6585861455381592, "recall": 0.638095238095238, "f1-score": 0.637555104162247, "support": 105}, "classificador": "SVC"}