{"casual": {"precision": 0.6060606060606061, "recall": 0.6896551724137931, "f1-score": 0.6451612903225807, "support": 29}, "explosion": {"precision": 0.8157894736842105, "recall": 0.7948717948717948, "f1-score": 0.8051948051948051, "support": 39}, "gunshot": {"precision": 0.9333333333333333, "recall": 0.6666666666666666, "f1-score": 0.7777777777777778, "support": 21}, "siren": {"precision": 0.8421052631578947, "recall": 1.0, "f1-score": 0.9142857142857143, "support": 16}, "accuracy": 0.7714285714285715, "macro avg": {"precision": 0.7993221690590111, "recall": 0.7877984084880636, "f1-score": 0.7856048968952194, "support": 105}, "weighted avg": {"precision": 0.785383154856839, "recall": 0.7714285714285715, "f1-score": 0.772135043655781, "support": 105}, "classificador": "SGDClassifier"}