{"casual": {"precision": 0.6153846153846154, "recall": 0.8275862068965517, "f1-score": 0.7058823529411765, "support": 29}, "explosion": {"precision": 0.8787878787878788, "recall": 0.7435897435897436, "f1-score": 0.8055555555555556, "support": 39}, "gunshot": {"precision": 0.9375, "recall": 0.7142857142857143, "f1-score": 0.8108108108108109, "support": 21}, "siren": {"precision": 0.9411764705882353, "recall": 1.0, "f1-score": 0.9696969696969697, "support": 16}, "accuracy": 0.8, "macro avg": {"precision": 0.8432122411901823, "recall": 0.8213654161930024, "f1-score": 0.8229864222511282, "support": 105}, "weighted avg": {"precision": 0.8272876633170752, "recall": 0.8, "f1-score": 0.8040898423251365, "support": 105}, "classificador": "LinearDiscriminantAnalysis"}