{"casual": {"precision": 0.5897435897435898, "recall": 0.7931034482758621, "f1-score": 0.676470588235294, "support": 29}, "explosion": {"precision": 0.8787878787878788, "recall": 0.7435897435897436, "f1-score": 0.8055555555555556, "support": 39}, "gunshot": {"precision": 0.9375, "recall": 0.7142857142857143, "f1-score": 0.8108108108108109, "support": 21}, "siren": {"precision": 0.8823529411764706, "recall": 0.9375, "f1-score": 0.9090909090909091, "support": 16}, "accuracy": 0.780952380952381, "macro avg": {"precision": 0.8220961024269847, "recall": 0.79711972653783, "f1-score": 0.8004819659231425, "support": 105}, "weighted avg": {"precision": 0.8112422708010943, "recall": 0.780952380952381, "f1-score": 0.7867313837902074, "support": 105}, "classificador": "LinearDiscriminantAnalysis"}