{"casual": {"precision": 0.5952380952380952, "recall": 0.8620689655172413, "f1-score": 0.7042253521126761, "support": 29}, "explosion": {"precision": 0.896551724137931, "recall": 0.6666666666666666, "f1-score": 0.7647058823529411, "support": 39}, "gunshot": {"precision": 0.8823529411764706, "recall": 0.7142857142857143, "f1-score": 0.7894736842105262, "support": 21}, "siren": {"precision": 0.8235294117647058, "recall": 0.875, "f1-score": 0.8484848484848485, "support": 16}, "accuracy": 0.7619047619047619, "macro avg": {"precision": 0.7994180430793008, "recall": 0.7795053366174056, "f1-score": 0.776722441790248, "support": 105}, "weighted avg": {"precision": 0.7993648033926214, "recall": 0.7619047619047619, "f1-score": 0.7657216149258185, "support": 105}, "classificador": "Perceptron"}