{"casual": {"precision": 0.575, "recall": 0.7931034482758621, "f1-score": 0.6666666666666666, "support": 29}, "explosion": {"precision": 0.875, "recall": 0.717948717948718, "f1-score": 0.7887323943661971, "support": 39}, "gunshot": {"precision": 0.9375, "recall": 0.7142857142857143, "f1-score": 0.8108108108108109, "support": 21}, "siren": {"precision": 0.8823529411764706, "recall": 0.9375, "f1-score": 0.9090909090909091, "support": 16}, "accuracy": 0.7714285714285715, "macro avg": {"precision": 0.8174632352941177, "recall": 0.7907094701275736, "f1-score": 0.7938251952336459, "support": 105}, "weighted avg": {"precision": 0.8057633053221287, "recall": 0.7714285714285715, "f1-score": 0.7777750312961581, "support": 105}, "classificador": "LinearDiscriminantAnalysis"}