{"casual": {"precision": 0.6060606060606061, "recall": 0.6896551724137931, "f1-score": 0.6451612903225807, "support": 29}, "explosion": {"precision": 0.8571428571428571, "recall": 0.7692307692307693, "f1-score": 0.8108108108108107, "support": 39}, "gunshot": {"precision": 0.9411764705882353, "recall": 0.7619047619047619, "f1-score": 0.8421052631578947, "support": 21}, "siren": {"precision": 0.75, "recall": 0.9375, "f1-score": 0.8333333333333334, "support": 16}, "accuracy": 0.7714285714285715, "macro avg": {"precision": 0.7885949834479247, "recall": 0.789572675887331, "f1-score": 0.7828526744061549, "support": 105}, "weighted avg": {"precision": 0.7882765227303041, "recall": 0.7714285714285715, "f1-score": 0.7747508847678626, "support": 105}, "classificador": "Perceptron"}