{"casual": {"precision": 0.7692307692307693, "recall": 0.6896551724137931, "f1-score": 0.7272727272727274, "support": 29}, "explosion": {"precision": 0.9142857142857143, "recall": 0.8205128205128205, "f1-score": 0.8648648648648648, "support": 39}, "gunshot": {"precision": 0.7, "recall": 0.6666666666666666, "f1-score": 0.6829268292682926, "support": 21}, "siren": {"precision": 0.6666666666666666, "recall": 1.0, "f1-score": 0.8, "support": 16}, "accuracy": 0.780952380952381, "macro avg": {"precision": 0.7625457875457875, "recall": 0.7942086648983201, "f1-score": 0.7687661053514712, "support": 105}, "weighted avg": {"precision": 0.793633350776208, "recall": 0.780952380952381, "f1-score": 0.7805914498597425, "support": 105}, "classificador": "SVC"}