{"casual": {"precision": 0.6764705882352942, "recall": 0.7931034482758621, "f1-score": 0.7301587301587301, "support": 29}, "explosion": {"precision": 0.9166666666666666, "recall": 0.8461538461538461, "f1-score": 0.8799999999999999, "support": 39}, "gunshot": {"precision": 0.7142857142857143, "recall": 0.7142857142857143, "f1-score": 0.7142857142857143, "support": 21}, "siren": {"precision": 1.0, "recall": 0.875, "f1-score": 0.9333333333333333, "support": 16}, "accuracy": 0.8095238095238095, "macro avg": {"precision": 0.8268557422969188, "recall": 0.8071357521788557, "f1-score": 0.8144444444444445, "support": 105}, "weighted avg": {"precision": 0.8225490196078432, "recall": 0.8095238095238095, "f1-score": 0.813599395313681, "support": 105}, "classificador": "KNeighborsClassifier"}