{"casual": {"precision": 0.7407407407407407, "recall": 0.6896551724137931, "f1-score": 0.7142857142857143, "support": 29}, "explosion": {"precision": 0.9428571428571428, "recall": 0.8461538461538461, "f1-score": 0.8918918918918919, "support": 39}, "gunshot": {"precision": 0.6296296296296297, "recall": 0.8095238095238095, "f1-score": 0.7083333333333334, "support": 21}, "siren": {"precision": 0.875, "recall": 0.875, "f1-score": 0.875, "support": 16}, "accuracy": 0.8, "macro avg": {"precision": 0.7970568783068783, "recall": 0.8050832070228622, "f1-score": 0.7973777348777349, "support": 105}, "weighted avg": {"precision": 0.8140488788107836, "recall": 0.8, "f1-score": 0.8035530428387572, "support": 105}, "classificador": "KNeighborsClassifier"}