{"casual": {"precision": 0.48717948717948717, "recall": 0.6551724137931034, "f1-score": 0.5588235294117647, "support": 29}, "explosion": {"precision": 0.5740740740740741, "recall": 0.7948717948717948, "f1-score": 0.6666666666666666, "support": 39}, "gunshot": {"precision": 0.0, "recall": 0.0, "f1-score": 0.0, "support": 21}, "siren": {"precision": 0.9166666666666666, "recall": 0.6875, "f1-score": 0.7857142857142857, "support": 16}, "accuracy": 0.580952380952381, "macro avg": {"precision": 0.4944800569800569, "recall": 0.5343860521662246, "f1-score": 0.5028011204481793, "support": 105}, "weighted avg": {"precision": 0.4874643874643874, "recall": 0.580952380952381, "f1-score": 0.521688675470188, "support": 105}, "classificador": "SGDClassifier"}