{"casual": {"precision": 0.36507936507936506, "recall": 0.7931034482758621, "f1-score": 0.5, "support": 29}, "explosion": {"precision": 0.8064516129032258, "recall": 0.6410256410256411, "f1-score": 0.7142857142857142, "support": 39}, "gunshot": {"precision": 0.6666666666666666, "recall": 0.09523809523809523, "f1-score": 0.16666666666666666, "support": 21}, "siren": {"precision": 0.75, "recall": 0.375, "f1-score": 0.5, "support": 16}, "accuracy": 0.5333333333333333, "macro avg": {"precision": 0.6470494111623144, "recall": 0.4760917961348996, "f1-score": 0.47023809523809523, "support": 105}, "weighted avg": {"precision": 0.6479896618145465, "recall": 0.5333333333333333, "f1-score": 0.5129251700680272, "support": 105}, "classificador": "BaggingClassifier"}