{"casual": {"precision": 0.39285714285714285, "recall": 0.7586206896551724, "f1-score": 0.5176470588235293, "support": 29}, "explosion": {"precision": 0.7741935483870968, "recall": 0.6153846153846154, "f1-score": 0.6857142857142857, "support": 39}, "gunshot": {"precision": 0.7777777777777778, "recall": 0.3333333333333333, "f1-score": 0.4666666666666666, "support": 21}, "siren": {"precision": 0.8888888888888888, "recall": 0.5, "f1-score": 0.64, "support": 16}, "accuracy": 0.580952380952381, "macro avg": {"precision": 0.7084293394777266, "recall": 0.5518346595932803, "f1-score": 0.5775070028011204, "support": 105}, "weighted avg": {"precision": 0.6870662960524713, "recall": 0.580952380952381, "f1-score": 0.5885202080832332, "support": 105}, "classificador": "BaggingClassifier"}