{"casual": {"precision": 0.5, "recall": 0.5862068965517241, "f1-score": 0.5396825396825397, "support": 29}, "explosion": {"precision": 0.675, "recall": 0.6923076923076923, "f1-score": 0.6835443037974683, "support": 39}, "gunshot": {"precision": 0.8888888888888888, "recall": 0.38095238095238093, "f1-score": 0.5333333333333333, "support": 21}, "siren": {"precision": 0.7272727272727273, "recall": 1.0, "f1-score": 0.8421052631578948, "support": 16}, "accuracy": 0.6476190476190476, "macro avg": {"precision": 0.6977904040404042, "recall": 0.6648667424529493, "f1-score": 0.649666359992809, "support": 105}, "weighted avg": {"precision": 0.6774098124098124, "recall": 0.6476190476190476, "f1-score": 0.6379305305659164, "support": 105}, "classificador": "Perceptron"}