{"casual": {"precision": 0.45454545454545453, "recall": 0.6896551724137931, "f1-score": 0.547945205479452, "support": 29}, "explosion": {"precision": 0.6153846153846154, "recall": 0.8205128205128205, "f1-score": 0.7032967032967034, "support": 39}, "gunshot": {"precision": 0.0, "recall": 0.0, "f1-score": 0.0, "support": 21}, "siren": {"precision": 0.8888888888888888, "recall": 0.5, "f1-score": 0.64, "support": 16}, "accuracy": 0.5714285714285714, "macro avg": {"precision": 0.4897047397047397, "recall": 0.5025419982316535, "f1-score": 0.4728104771940389, "support": 105}, "weighted avg": {"precision": 0.48956228956228953, "recall": 0.5714285714285714, "f1-score": 0.5100855465473861, "support": 105}, "classificador": "SGDClassifier"}