{"casual": {"precision": 0.38028169014084506, "recall": 0.9310344827586207, "f1-score": 0.54, "support": 29}, "explosion": {"precision": 0.9166666666666666, "recall": 0.5641025641025641, "f1-score": 0.6984126984126983, "support": 39}, "gunshot": {"precision": 1.0, "recall": 0.09523809523809523, "f1-score": 0.17391304347826084, "support": 21}, "siren": {"precision": 1.0, "recall": 0.5, "f1-score": 0.6666666666666666, "support": 16}, "accuracy": 0.5619047619047619, "macro avg": {"precision": 0.824237089201878, "recall": 0.52259378552482, "f1-score": 0.5197481021394064, "support": 105}, "weighted avg": {"precision": 0.797887323943662, "recall": 0.5619047619047619, "f1-score": 0.5449231982648132, "support": 105}, "classificador": "BaggingClassifier"}