{"casual": {"precision": 0.34328358208955223, "recall": 0.7931034482758621, "f1-score": 0.4791666666666667, "support": 29}, "explosion": {"precision": 0.8275862068965517, "recall": 0.6153846153846154, "f1-score": 0.7058823529411765, "support": 39}, "gunshot": {"precision": 0.3333333333333333, "recall": 0.047619047619047616, "f1-score": 0.08333333333333333, "support": 21}, "siren": {"precision": 1.0, "recall": 0.375, "f1-score": 0.5454545454545454, "support": 16}, "accuracy": 0.5142857142857142, "macro avg": {"precision": 0.6260507805798593, "recall": 0.4577767778198813, "f1-score": 0.45345922459893045, "support": 105}, "weighted avg": {"precision": 0.6212484376148812, "recall": 0.5142857142857142, "f1-score": 0.49430969357439947, "support": 105}, "classificador": "BaggingClassifier"}