{"casual": {"precision": 0.359375, "recall": 0.7931034482758621, "f1-score": 0.4946236559139785, "support": 29}, "explosion": {"precision": 0.8148148148148148, "recall": 0.5641025641025641, "f1-score": 0.6666666666666667, "support": 39}, "gunshot": {"precision": 0.5, "recall": 0.047619047619047616, "f1-score": 0.08695652173913042, "support": 21}, "siren": {"precision": 0.6666666666666666, "recall": 0.5, "f1-score": 0.5714285714285715, "support": 16}, "accuracy": 0.5142857142857142, "macro avg": {"precision": 0.5852141203703703, "recall": 0.47620626499936847, "f1-score": 0.45491885393708675, "support": 105}, "weighted avg": {"precision": 0.6034887566137566, "recall": 0.5142857142857142, "f1-score": 0.4886955249608025, "support": 105}, "classificador": "SVC"}