{"casual": {"precision": 0.37777777777777777, "recall": 0.5862068965517241, "f1-score": 0.45945945945945943, "support": 29}, "explosion": {"precision": 0.75, "recall": 0.6153846153846154, "f1-score": 0.676056338028169, "support": 39}, "gunshot": {"precision": 0.0, "recall": 0.0, "f1-score": 0.0, "support": 21}, "siren": {"precision": 0.5384615384615384, "recall": 0.875, "f1-score": 0.6666666666666667, "support": 16}, "accuracy": 0.5238095238095238, "macro avg": {"precision": 0.416559829059829, "recall": 0.5191478779840849, "f1-score": 0.4505456160385738, "support": 105}, "weighted avg": {"precision": 0.46496133496133496, "recall": 0.5238095238095238, "f1-score": 0.47959226832466273, "support": 105}, "classificador": "Perceptron"}