{"casual": {"precision": 0.6285714285714286, "recall": 0.7586206896551724, "f1-score": 0.6875, "support": 29}, "explosion": {"precision": 0.8529411764705882, "recall": 0.7435897435897436, "f1-score": 0.7945205479452054, "support": 39}, "gunshot": {"precision": 0.8888888888888888, "recall": 0.7619047619047619, "f1-score": 0.8205128205128205, "support": 21}, "siren": {"precision": 0.8333333333333334, "recall": 0.9375, "f1-score": 0.8823529411764706, "support": 16}, "accuracy": 0.780952380952381, "macro avg": {"precision": 0.8009337068160598, "recall": 0.8004037987874195, "f1-score": 0.7962215774086242, "support": 105}, "weighted avg": {"precision": 0.7951740696278511, "recall": 0.780952380952381, "f1-score": 0.783544930090055, "support": 105}, "classificador": "SGDClassifier"}