{"casual": {"precision": 0.6285714285714286, "recall": 0.7586206896551724, "f1-score": 0.6875, "support": 29}, "explosion": {"precision": 0.9032258064516129, "recall": 0.717948717948718, "f1-score": 0.8, "support": 39}, "gunshot": {"precision": 0.8421052631578947, "recall": 0.7619047619047619, "f1-score": 0.8, "support": 21}, "siren": {"precision": 0.75, "recall": 0.9375, "f1-score": 0.8333333333333334, "support": 16}, "accuracy": 0.7714285714285715, "macro avg": {"precision": 0.7809756245452341, "recall": 0.793993542377163, "f1-score": 0.7802083333333334, "support": 105}, "weighted avg": {"precision": 0.7917960800619059, "recall": 0.7714285714285715, "f1-score": 0.7740079365079364, "support": 105}, "classificador": "LinearDiscriminantAnalysis"}