{"casual": {"precision": 0.7272727272727273, "recall": 0.8275862068965517, "f1-score": 0.7741935483870968, "support": 29}, "explosion": {"precision": 0.8947368421052632, "recall": 0.8717948717948718, "f1-score": 0.8831168831168831, "support": 39}, "gunshot": {"precision": 1.0, "recall": 0.8095238095238095, "f1-score": 0.8947368421052632, "support": 21}, "siren": {"precision": 0.9411764705882353, "recall": 1.0, "f1-score": 0.9696969696969697, "support": 16}, "accuracy": 0.8666666666666667, "macro avg": {"precision": 0.8907965099915565, "recall": 0.8772262220538083, "f1-score": 0.8804360608265532, "support": 105}, "weighted avg": {"precision": 0.8766139948802488, "recall": 0.8666666666666667, "f1-score": 0.8685504432775838, "support": 105}, "classificador": "KNeighborsClassifier"}