{"casual": {"precision": 0.6190476190476191, "recall": 0.896551724137931, "f1-score": 0.732394366197183, "support": 29}, "explosion": {"precision": 0.9615384615384616, "recall": 0.6410256410256411, "f1-score": 0.7692307692307693, "support": 39}, "gunshot": {"precision": 0.9411764705882353, "recall": 0.7619047619047619, "f1-score": 0.8421052631578947, "support": 21}, "siren": {"precision": 0.8, "recall": 1.0, "f1-score": 0.888888888888889, "support": 16}, "accuracy": 0.7904761904761904, "macro avg": {"precision": 0.8304406377935789, "recall": 0.8248705317670835, "f1-score": 0.8081548218686839, "support": 105}, "weighted avg": {"precision": 0.8382579698546084, "recall": 0.7904761904761904, "f1-score": 0.7918654225548221, "support": 105}, "classificador": "SGDClassifier"}