{"casual": {"precision": 0.5, "recall": 0.8275862068965517, "f1-score": 0.6233766233766235, "support": 29}, "explosion": {"precision": 0.88, "recall": 0.5641025641025641, "f1-score": 0.6875, "support": 39}, "gunshot": {"precision": 0.9230769230769231, "recall": 0.5714285714285714, "f1-score": 0.7058823529411765, "support": 21}, "siren": {"precision": 0.7368421052631579, "recall": 0.875, "f1-score": 0.7999999999999999, "support": 16}, "accuracy": 0.6857142857142857, "macro avg": {"precision": 0.7599797570850203, "recall": 0.7095293356069219, "f1-score": 0.70418974407945, "support": 105}, "weighted avg": {"precision": 0.7618484673221514, "recall": 0.6857142857142857, "f1-score": 0.6906090618065408, "support": 105}, "classificador": "Perceptron"}