{"casual": {"precision": 0.5454545454545454, "recall": 0.8275862068965517, "f1-score": 0.6575342465753425, "support": 29}, "explosion": {"precision": 0.9230769230769231, "recall": 0.6153846153846154, "f1-score": 0.7384615384615384, "support": 39}, "gunshot": {"precision": 0.8666666666666667, "recall": 0.6190476190476191, "f1-score": 0.7222222222222222, "support": 21}, "siren": {"precision": 0.75, "recall": 0.9375, "f1-score": 0.8333333333333334, "support": 16}, "accuracy": 0.7238095238095238, "macro avg": {"precision": 0.7712995337995339, "recall": 0.7498796103321965, "f1-score": 0.7378878351481092, "support": 105}, "weighted avg": {"precision": 0.7811255411255411, "recall": 0.7238095238095238, "f1-score": 0.7273189823874755, "support": 105}, "classificador": "Perceptron"}