{"casual": {"precision": 0.3269230769230769, "recall": 0.5862068965517241, "f1-score": 0.41975308641975306, "support": 29}, "explosion": {"precision": 0.7777777777777778, "recall": 0.717948717948718, "f1-score": 0.7466666666666666, "support": 39}, "gunshot": {"precision": 1.0, "recall": 0.047619047619047616, "f1-score": 0.0909090909090909, "support": 21}, "siren": {"precision": 0.75, "recall": 0.75, "f1-score": 0.75, "support": 16}, "accuracy": 0.5523809523809524, "macro avg": {"precision": 0.7136752136752137, "recall": 0.5254436655298724, "f1-score": 0.5018322109988776, "support": 105}, "weighted avg": {"precision": 0.6934676434676436, "recall": 0.5523809523809524, "f1-score": 0.5257326706215595, "support": 105}, "classificador": "LinearDiscriminantAnalysis"}