{"casual": {"precision": 0.5121951219512195, "recall": 0.7241379310344828, "f1-score": 0.6000000000000001, "support": 29}, "explosion": {"precision": 0.8571428571428571, "recall": 0.46153846153846156, "f1-score": 0.6, "support": 39}, "gunshot": {"precision": 0.3611111111111111, "recall": 0.6190476190476191, "f1-score": 0.45614035087719296, "support": 21}, "siren": {"precision": 0.8571428571428571, "recall": 0.375, "f1-score": 0.5217391304347825, "support": 16}, "accuracy": 0.5523809523809524, "macro avg": {"precision": 0.6468979868370113, "recall": 0.5449310029051408, "f1-score": 0.544469870327994, "support": 105}, "weighted avg": {"precision": 0.6626652286931032, "recall": 0.5523809523809524, "f1-score": 0.5593026043369292, "support": 105}, "classificador": "KNeighborsClassifier"}