{"casual": {"precision": 0.5, "recall": 0.6551724137931034, "f1-score": 0.5671641791044776, "support": 29}, "explosion": {"precision": 0.8181818181818182, "recall": 0.46153846153846156, "f1-score": 0.5901639344262295, "support": 39}, "gunshot": {"precision": 0.6153846153846154, "recall": 0.7619047619047619, "f1-score": 0.6808510638297872, "support": 21}, "siren": {"precision": 0.7368421052631579, "recall": 0.875, "f1-score": 0.7999999999999999, "support": 16}, "accuracy": 0.638095238095238, "macro avg": {"precision": 0.6676021347073979, "recall": 0.6884039093090817, "f1-score": 0.6595447943401236, "support": 105}, "weighted avg": {"precision": 0.6773489668226509, "recall": 0.638095238095238, "f1-score": 0.6339240664483651, "support": 105}, "classificador": "Perceptron"}