{"casual": {"precision": 0.3389830508474576, "recall": 0.6896551724137931, "f1-score": 0.45454545454545453, "support": 29}, "explosion": {"precision": 0.6923076923076923, "recall": 0.46153846153846156, "f1-score": 0.553846153846154, "support": 39}, "gunshot": {"precision": 0.8, "recall": 0.19047619047619047, "f1-score": 0.3076923076923077, "support": 21}, "siren": {"precision": 0.6666666666666666, "recall": 0.625, "f1-score": 0.6451612903225806, "support": 16}, "accuracy": 0.49523809523809526, "macro avg": {"precision": 0.6244893524554541, "recall": 0.4916674561071113, "f1-score": 0.49031130160162417, "support": 105}, "weighted avg": {"precision": 0.6123540489642185, "recall": 0.49523809523809526, "f1-score": 0.4911041646525518, "support": 105}, "classificador": "LinearDiscriminantAnalysis"}