{"casual": {"precision": 0.7058823529411765, "recall": 0.8275862068965517, "f1-score": 0.7619047619047619, "support": 29}, "explosion": {"precision": 0.8947368421052632, "recall": 0.8717948717948718, "f1-score": 0.8831168831168831, "support": 39}, "gunshot": {"precision": 0.9333333333333333, "recall": 0.6666666666666666, "f1-score": 0.7777777777777778, "support": 21}, "siren": {"precision": 0.8888888888888888, "recall": 1.0, "f1-score": 0.9411764705882353, "support": 16}, "accuracy": 0.8380952380952381, "macro avg": {"precision": 0.8557103543171655, "recall": 0.8415119363395225, "f1-score": 0.8409939733469145, "support": 105}, "weighted avg": {"precision": 0.8494052123773486, "recall": 0.8380952380952381, "f1-score": 0.8374186038051585, "support": 105}, "classificador": "SVC"}