{"casual": {"precision": 0.7857142857142857, "recall": 0.7586206896551724, "f1-score": 0.7719298245614034, "support": 29}, "explosion": {"precision": 0.868421052631579, "recall": 0.8461538461538461, "f1-score": 0.8571428571428572, "support": 39}, "gunshot": {"precision": 0.7727272727272727, "recall": 0.8095238095238095, "f1-score": 0.7906976744186046, "support": 21}, "siren": {"precision": 0.8823529411764706, "recall": 0.9375, "f1-score": 0.9090909090909091, "support": 16}, "accuracy": 0.8285714285714286, "macro avg": {"precision": 0.8273038880624021, "recall": 0.8379495863332069, "f1-score": 0.8322153163034436, "support": 105}, "weighted avg": {"precision": 0.8285624297565917, "recall": 0.8285714285714286, "f1-score": 0.8282346861818798, "support": 105}, "classificador": "SVC", "mediaTempoClassificacaoCadaAudio": 0.04788068362644741, "desvioTempoClassificacaoCadaAudio": 0.036705927675859416}