{"casual": {"precision": 0.6875, "recall": 0.7586206896551724, "f1-score": 0.7213114754098361, "support": 29}, "explosion": {"precision": 0.9166666666666666, "recall": 0.8461538461538461, "f1-score": 0.8799999999999999, "support": 39}, "gunshot": {"precision": 0.7058823529411765, "recall": 0.5714285714285714, "f1-score": 0.6315789473684211, "support": 21}, "siren": {"precision": 0.8, "recall": 1.0, "f1-score": 0.888888888888889, "support": 16}, "accuracy": 0.7904761904761904, "macro avg": {"precision": 0.7775122549019609, "recall": 0.7940507768093974, "f1-score": 0.7804448279167865, "support": 105}, "weighted avg": {"precision": 0.7934383753501401, "recall": 0.7904761904761904, "f1-score": 0.7878420276556601, "support": 105}, "classificador": "SVC"}