{"casual": {"precision": 0.6666666666666666, "recall": 0.6206896551724138, "f1-score": 0.6428571428571429, "support": 29}, "explosion": {"precision": 0.9411764705882353, "recall": 0.8205128205128205, "f1-score": 0.8767123287671232, "support": 39}, "gunshot": {"precision": 0.625, "recall": 0.7142857142857143, "f1-score": 0.6666666666666666, "support": 21}, "siren": {"precision": 0.8, "recall": 1.0, "f1-score": 0.888888888888889, "support": 16}, "accuracy": 0.7714285714285715, "macro avg": {"precision": 0.7582107843137256, "recall": 0.7888720474927372, "f1-score": 0.7687812567949553, "support": 105}, "weighted avg": {"precision": 0.7806115779645191, "recall": 0.7714285714285715, "f1-score": 0.7719700970190206, "support": 105}, "classificador": "SVC"}