{"casual": {"precision": 0.5555555555555556, "recall": 0.6896551724137931, "f1-score": 0.6153846153846154, "support": 29}, "explosion": {"precision": 0.7941176470588235, "recall": 0.6923076923076923, "f1-score": 0.7397260273972601, "support": 39}, "gunshot": {"precision": 0.8235294117647058, "recall": 0.6666666666666666, "f1-score": 0.7368421052631577, "support": 21}, "siren": {"precision": 0.8333333333333334, "recall": 0.9375, "f1-score": 0.8823529411764706, "support": 16}, "accuracy": 0.7238095238095238, "macro avg": {"precision": 0.7516339869281047, "recall": 0.746532382847038, "f1-score": 0.7435764223053759, "support": 105}, "weighted avg": {"precision": 0.7400871459694989, "recall": 0.7238095238095238, "f1-score": 0.7265409541333031, "support": 105}, "classificador": "SGDClassifier"}