{"casual": {"precision": 0.5588235294117647, "recall": 0.6551724137931034, "f1-score": 0.6031746031746031, "support": 29}, "explosion": {"precision": 0.7575757575757576, "recall": 0.6410256410256411, "f1-score": 0.6944444444444444, "support": 39}, "gunshot": {"precision": 0.6666666666666666, "recall": 0.6666666666666666, "f1-score": 0.6666666666666666, "support": 21}, "siren": {"precision": 0.8823529411764706, "recall": 0.9375, "f1-score": 0.9090909090909091, "support": 16}, "accuracy": 0.6952380952380952, "macro avg": {"precision": 0.7163547237076648, "recall": 0.7250911803713528, "f1-score": 0.7183441558441558, "support": 105}, "weighted avg": {"precision": 0.7035141329258977, "recall": 0.6952380952380952, "f1-score": 0.6963890606747749, "support": 105}, "classificador": "SGDClassifier"}