{"casual": {"precision": 0.7419354838709677, "recall": 0.7931034482758621, "f1-score": 0.7666666666666667, "support": 29}, "explosion": {"precision": 0.9428571428571428, "recall": 0.8461538461538461, "f1-score": 0.8918918918918919, "support": 39}, "gunshot": {"precision": 0.7391304347826086, "recall": 0.8095238095238095, "f1-score": 0.7727272727272727, "support": 21}, "siren": {"precision": 0.875, "recall": 0.875, "f1-score": 0.875, "support": 16}, "accuracy": 0.8285714285714286, "macro avg": {"precision": 0.8247307653776799, "recall": 0.8309452759883795, "f1-score": 0.8265714578214578, "support": 105}, "weighted avg": {"precision": 0.8362790165154421, "recall": 0.8285714285714286, "f1-score": 0.8308989508989509, "support": 105}, "classificador": "KNeighborsClassifier"}