{"casual": {"precision": 0.5588235294117647, "recall": 0.6551724137931034, "f1-score": 0.6031746031746031, "support": 29}, "explosion": {"precision": 0.9655172413793104, "recall": 0.717948717948718, "f1-score": 0.8235294117647058, "support": 39}, "gunshot": {"precision": 0.6666666666666666, "recall": 0.19047619047619047, "f1-score": 0.2962962962962963, "support": 21}, "siren": {"precision": 0.4444444444444444, "recall": 1.0, "f1-score": 0.6153846153846153, "support": 16}, "accuracy": 0.638095238095238, "macro avg": {"precision": 0.6588629704755464, "recall": 0.640899330554503, "f1-score": 0.5845962316550551, "support": 105}, "weighted avg": {"precision": 0.7140206274080514, "recall": 0.638095238095238, "f1-score": 0.6255055868501246, "support": 105}, "classificador": "SVC"}