{"casual": {"precision": 0.5757575757575758, "recall": 0.6551724137931034, "f1-score": 0.6129032258064515, "support": 29}, "explosion": {"precision": 0.8571428571428571, "recall": 0.7692307692307693, "f1-score": 0.8108108108108107, "support": 39}, "gunshot": {"precision": 0.8333333333333334, "recall": 0.47619047619047616, "f1-score": 0.6060606060606061, "support": 21}, "siren": {"precision": 0.64, "recall": 1.0, "f1-score": 0.7804878048780487, "support": 16}, "accuracy": 0.7142857142857143, "macro avg": {"precision": 0.7265584415584416, "recall": 0.7251484148035873, "f1-score": 0.7025656118889793, "support": 105}, "weighted avg": {"precision": 0.7415765821480106, "recall": 0.7142857142857143, "f1-score": 0.7105799311936211, "support": 105}, "classificador": "SGDClassifier"}