{"casual": {"precision": 0.575, "recall": 0.7931034482758621, "f1-score": 0.6666666666666666, "support": 29}, "explosion": {"precision": 0.8571428571428571, "recall": 0.7692307692307693, "f1-score": 0.8108108108108107, "support": 39}, "gunshot": {"precision": 1.0, "recall": 0.6190476190476191, "f1-score": 0.7647058823529412, "support": 21}, "siren": {"precision": 0.8235294117647058, "recall": 0.875, "f1-score": 0.8484848484848485, "support": 16}, "accuracy": 0.7619047619047619, "macro avg": {"precision": 0.8139180672268906, "recall": 0.7640954591385626, "f1-score": 0.7726670520788168, "support": 105}, "weighted avg": {"precision": 0.8026670668267306, "recall": 0.7619047619047619, "f1-score": 0.7675193910488027, "support": 105}, "classificador": "SGDClassifier"}