{"casual": {"precision": 0.6, "recall": 0.7241379310344828, "f1-score": 0.65625, "support": 29}, "explosion": {"precision": 0.8292682926829268, "recall": 0.8717948717948718, "f1-score": 0.8500000000000001, "support": 39}, "gunshot": {"precision": 1.0, "recall": 0.6666666666666666, "f1-score": 0.8, "support": 21}, "siren": {"precision": 0.8666666666666667, "recall": 0.8125, "f1-score": 0.8387096774193549, "support": 16}, "accuracy": 0.780952380952381, "macro avg": {"precision": 0.8239837398373984, "recall": 0.7687748673740052, "f1-score": 0.7862399193548388, "support": 105}, "weighted avg": {"precision": 0.8057917150600076, "recall": 0.780952380952381, "f1-score": 0.7847676651305684, "support": 105}, "classificador": "Perceptron"}