{"casual": {"precision": 0.5294117647058824, "recall": 0.6206896551724138, "f1-score": 0.5714285714285715, "support": 29}, "explosion": {"precision": 0.8275862068965517, "recall": 0.6153846153846154, "f1-score": 0.7058823529411765, "support": 39}, "gunshot": {"precision": 0.5, "recall": 0.19047619047619047, "f1-score": 0.27586206896551724, "support": 21}, "siren": {"precision": 0.4411764705882353, "recall": 0.9375, "f1-score": 0.6, "support": 16}, "accuracy": 0.580952380952381, "macro avg": {"precision": 0.5745436105476673, "recall": 0.5910126152583048, "f1-score": 0.5382932483338163, "support": 105}, "weighted avg": {"precision": 0.6208345407128368, "recall": 0.580952380952381, "f1-score": 0.5666089884229554, "support": 105}, "classificador": "Perceptron"}