{"casual": {"precision": 0.56, "recall": 0.4827586206896552, "f1-score": 0.5185185185185185, "support": 29}, "explosion": {"precision": 0.8275862068965517, "recall": 0.6153846153846154, "f1-score": 0.7058823529411765, "support": 39}, "gunshot": {"precision": 0.325, "recall": 0.6190476190476191, "f1-score": 0.42622950819672134, "support": 21}, "siren": {"precision": 0.6363636363636364, "recall": 0.4375, "f1-score": 0.5185185185185185, "support": 16}, "accuracy": 0.5523809523809524, "macro avg": {"precision": 0.587237460815047, "recall": 0.5386727137804724, "f1-score": 0.5422872245437337, "support": 105}, "weighted avg": {"precision": 0.62402552619794, "recall": 0.5523809523809524, "f1-score": 0.5696529978111463, "support": 105}, "classificador": "LinearDiscriminantAnalysis"}