{"casual": {"precision": 0.6666666666666666, "recall": 0.6896551724137931, "f1-score": 0.6779661016949153, "support": 29}, "explosion": {"precision": 0.96875, "recall": 0.7948717948717948, "f1-score": 0.8732394366197183, "support": 39}, "gunshot": {"precision": 0.7142857142857143, "recall": 0.47619047619047616, "f1-score": 0.5714285714285714, "support": 21}, "siren": {"precision": 0.5517241379310345, "recall": 1.0, "f1-score": 0.7111111111111111, "support": 16}, "accuracy": 0.7333333333333333, "macro avg": {"precision": 0.7253566297208538, "recall": 0.740179360869016, "f1-score": 0.7084363052135791, "support": 105}, "weighted avg": {"precision": 0.7708778051450466, "recall": 0.7333333333333333, "f1-score": 0.7342393595723745, "support": 105}, "classificador": "SVC"}