{"casual": {"precision": 0.5454545454545454, "recall": 0.6206896551724138, "f1-score": 0.5806451612903226, "support": 29}, "explosion": {"precision": 0.7714285714285715, "recall": 0.6923076923076923, "f1-score": 0.7297297297297296, "support": 39}, "gunshot": {"precision": 0.6666666666666666, "recall": 0.38095238095238093, "f1-score": 0.4848484848484849, "support": 21}, "siren": {"precision": 0.6, "recall": 0.9375, "f1-score": 0.7317073170731707, "support": 16}, "accuracy": 0.6476190476190476, "macro avg": {"precision": 0.6458874458874458, "recall": 0.6578624321081218, "f1-score": 0.6317326732354269, "support": 105}, "weighted avg": {"precision": 0.6619418676561533, "recall": 0.6476190476190476, "f1-score": 0.6398790894463593, "support": 105}, "classificador": "Perceptron"}