{"casual": {"precision": 0.5666666666666667, "recall": 0.5862068965517241, "f1-score": 0.576271186440678, "support": 29}, "explosion": {"precision": 0.7096774193548387, "recall": 0.5641025641025641, "f1-score": 0.6285714285714286, "support": 39}, "gunshot": {"precision": 0.42857142857142855, "recall": 0.5714285714285714, "f1-score": 0.48979591836734687, "support": 21}, "siren": {"precision": 0.8125, "recall": 0.8125, "f1-score": 0.8125, "support": 16}, "accuracy": 0.6095238095238096, "macro avg": {"precision": 0.6293538786482336, "recall": 0.6335595080207148, "f1-score": 0.6267846333448633, "support": 105}, "weighted avg": {"precision": 0.629626216077829, "recall": 0.6095238095238096, "f1-score": 0.6143987086359968, "support": 105}, "classificador": "LinearDiscriminantAnalysis"}