{"casual": {"precision": 0.5625, "recall": 0.6206896551724138, "f1-score": 0.5901639344262296, "support": 29}, "explosion": {"precision": 0.7096774193548387, "recall": 0.5641025641025641, "f1-score": 0.6285714285714286, "support": 39}, "gunshot": {"precision": 0.5416666666666666, "recall": 0.6190476190476191, "f1-score": 0.5777777777777778, "support": 21}, "siren": {"precision": 0.7777777777777778, "recall": 0.875, "f1-score": 0.823529411764706, "support": 16}, "accuracy": 0.638095238095238, "macro avg": {"precision": 0.6479054659498208, "recall": 0.6697099595806493, "f1-score": 0.6550106381350356, "support": 105}, "weighted avg": {"precision": 0.6458034647550778, "recall": 0.638095238095238, "f1-score": 0.6375127974687143, "support": 105}, "classificador": "Perceptron"}