{"casual": {"precision": 0.7586206896551724, "recall": 0.7586206896551724, "f1-score": 0.7586206896551724, "support": 29}, "explosion": {"precision": 0.9444444444444444, "recall": 0.8717948717948718, "f1-score": 0.9066666666666667, "support": 39}, "gunshot": {"precision": 0.8095238095238095, "recall": 0.8095238095238095, "f1-score": 0.8095238095238095, "support": 21}, "siren": {"precision": 0.8421052631578947, "recall": 1.0, "f1-score": 0.9142857142857143, "support": 16}, "accuracy": 0.8476190476190476, "macro avg": {"precision": 0.8386735516953303, "recall": 0.8599848427434634, "f1-score": 0.8472742200328407, "support": 105}, "weighted avg": {"precision": 0.8505430242272348, "recall": 0.8476190476190476, "f1-score": 0.8475102040816327, "support": 105}, "classificador": "KNeighborsClassifier"}