{"casual": {"precision": 0.5806451612903226, "recall": 0.6206896551724138, "f1-score": 0.6000000000000001, "support": 29}, "explosion": {"precision": 0.7941176470588235, "recall": 0.6923076923076923, "f1-score": 0.7397260273972601, "support": 39}, "gunshot": {"precision": 0.6956521739130435, "recall": 0.7619047619047619, "f1-score": 0.7272727272727272, "support": 21}, "siren": {"precision": 0.7647058823529411, "recall": 0.8125, "f1-score": 0.787878787878788, "support": 16}, "accuracy": 0.7047619047619048, "macro avg": {"precision": 0.7087802161537826, "recall": 0.721850527346217, "f1-score": 0.7137193856371938, "support": 105}, "weighted avg": {"precision": 0.7109836922146139, "recall": 0.7047619047619048, "f1-score": 0.7059819328312478, "support": 105}, "classificador": "SGDClassifier"}