{"casual": {"precision": 0.5405405405405406, "recall": 0.6896551724137931, "f1-score": 0.6060606060606061, "support": 29}, "explosion": {"precision": 0.8571428571428571, "recall": 0.6153846153846154, "f1-score": 0.7164179104477612, "support": 39}, "gunshot": {"precision": 0.6428571428571429, "recall": 0.42857142857142855, "f1-score": 0.5142857142857143, "support": 21}, "siren": {"precision": 0.5769230769230769, "recall": 0.9375, "f1-score": 0.7142857142857143, "support": 16}, "accuracy": 0.6476190476190476, "macro avg": {"precision": 0.6543659043659042, "recall": 0.6677778040924593, "f1-score": 0.637762486269949, "support": 105}, "weighted avg": {"precision": 0.6841430127144412, "recall": 0.6476190476190476, "f1-score": 0.6451869286837304, "support": 105}, "classificador": "Perceptron"}