{"casual": {"precision": 0.7241379310344828, "recall": 0.7241379310344828, "f1-score": 0.7241379310344829, "support": 29}, "explosion": {"precision": 0.8611111111111112, "recall": 0.7948717948717948, "f1-score": 0.8266666666666667, "support": 39}, "gunshot": {"precision": 0.5769230769230769, "recall": 0.7142857142857143, "f1-score": 0.6382978723404256, "support": 21}, "siren": {"precision": 0.8571428571428571, "recall": 0.75, "f1-score": 0.7999999999999999, "support": 16}, "accuracy": 0.7523809523809524, "macro avg": {"precision": 0.7548287440528819, "recall": 0.7458238600479979, "f1-score": 0.7472756175103937, "support": 105}, "weighted avg": {"precision": 0.7658381301238444, "recall": 0.7523809523809524, "f1-score": 0.7566119554204662, "support": 105}, "classificador": "KNeighborsClassifier"}