{"casual": {"precision": 0.6875, "recall": 0.7586206896551724, "f1-score": 0.7213114754098361, "support": 29}, "explosion": {"precision": 0.8611111111111112, "recall": 0.7948717948717948, "f1-score": 0.8266666666666667, "support": 39}, "gunshot": {"precision": 0.5555555555555556, "recall": 0.7142857142857143, "f1-score": 0.6250000000000001, "support": 21}, "siren": {"precision": 0.9, "recall": 0.5625, "f1-score": 0.6923076923076923, "support": 16}, "accuracy": 0.7333333333333333, "macro avg": {"precision": 0.7510416666666667, "recall": 0.7075695497031704, "f1-score": 0.7163214585960487, "support": 105}, "weighted avg": {"precision": 0.7579761904761906, "recall": 0.7333333333333333, "f1-score": 0.7367614844172221, "support": 105}, "classificador": "KNeighborsClassifier"}