{"casual": {"precision": 0.7142857142857143, "recall": 0.6896551724137931, "f1-score": 0.7017543859649122, "support": 29}, "explosion": {"precision": 0.8611111111111112, "recall": 0.7948717948717948, "f1-score": 0.8266666666666667, "support": 39}, "gunshot": {"precision": 0.5769230769230769, "recall": 0.7142857142857143, "f1-score": 0.6382978723404256, "support": 21}, "siren": {"precision": 0.8666666666666667, "recall": 0.8125, "f1-score": 0.8387096774193549, "support": 16}, "accuracy": 0.7523809523809524, "macro avg": {"precision": 0.7547466422466423, "recall": 0.7528281703928256, "f1-score": 0.7513571505978398, "support": 105}, "weighted avg": {"precision": 0.7645682888540031, "recall": 0.7523809523809524, "f1-score": 0.7563284509603911, "support": 105}, "classificador": "KNeighborsClassifier"}