{"casual": {"precision": 0.6666666666666666, "recall": 0.7586206896551724, "f1-score": 0.7096774193548386, "support": 29}, "explosion": {"precision": 0.9333333333333333, "recall": 0.717948717948718, "f1-score": 0.8115942028985509, "support": 39}, "gunshot": {"precision": 0.5172413793103449, "recall": 0.7142857142857143, "f1-score": 0.6000000000000001, "support": 21}, "siren": {"precision": 0.8461538461538461, "recall": 0.6875, "f1-score": 0.7586206896551724, "support": 16}, "accuracy": 0.7238095238095238, "macro avg": {"precision": 0.7408488063660478, "recall": 0.7195887804724012, "f1-score": 0.7199730779771405, "support": 105}, "weighted avg": {"precision": 0.7631796555934486, "recall": 0.7238095238095238, "f1-score": 0.73305476294111, "support": 105}, "classificador": "KNeighborsClassifier"}