{"casual": {"precision": 0.5757575757575758, "recall": 0.6551724137931034, "f1-score": 0.6129032258064515, "support": 29}, "explosion": {"precision": 0.8, "recall": 0.6153846153846154, "f1-score": 0.6956521739130435, "support": 39}, "gunshot": {"precision": 0.5, "recall": 0.42857142857142855, "f1-score": 0.4615384615384615, "support": 21}, "siren": {"precision": 0.625, "recall": 0.9375, "f1-score": 0.75, "support": 16}, "accuracy": 0.638095238095238, "macro avg": {"precision": 0.625189393939394, "recall": 0.6591571144372869, "f1-score": 0.6300234653144892, "support": 105}, "weighted avg": {"precision": 0.6513997113997115, "recall": 0.638095238095238, "f1-score": 0.6342565335552712, "support": 105}, "classificador": "Perceptron"}