{"casual": {"precision": 0.5833333333333334, "recall": 0.4827586206896552, "f1-score": 0.5283018867924529, "support": 29}, "explosion": {"precision": 0.8275862068965517, "recall": 0.6153846153846154, "f1-score": 0.7058823529411765, "support": 39}, "gunshot": {"precision": 0.34146341463414637, "recall": 0.6666666666666666, "f1-score": 0.4516129032258065, "support": 21}, "siren": {"precision": 0.6363636363636364, "recall": 0.4375, "f1-score": 0.5185185185185185, "support": 16}, "accuracy": 0.5619047619047619, "macro avg": {"precision": 0.597186647806917, "recall": 0.5505774756852343, "f1-score": 0.5510789153694886, "support": 105}, "weighted avg": {"precision": 0.6337626535692137, "recall": 0.5619047619047619, "f1-score": 0.5774317499592881, "support": 105}, "classificador": "LinearDiscriminantAnalysis"}