{"casual": {"precision": 0.71875, "recall": 0.7931034482758621, "f1-score": 0.7540983606557378, "support": 29}, "explosion": {"precision": 0.8484848484848485, "recall": 0.717948717948718, "f1-score": 0.7777777777777778, "support": 39}, "gunshot": {"precision": 0.5161290322580645, "recall": 0.7619047619047619, "f1-score": 0.6153846153846153, "support": 21}, "siren": {"precision": 0.8888888888888888, "recall": 0.5, "f1-score": 0.64, "support": 16}, "accuracy": 0.7142857142857143, "macro avg": {"precision": 0.7430631924079505, "recall": 0.6932392320323355, "f1-score": 0.6968151884545327, "support": 105}, "weighted avg": {"precision": 0.7523389618147684, "recall": 0.7142857142857143, "f1-score": 0.717764406813587, "support": 105}, "classificador": "KNeighborsClassifier"}