{"casual": {"precision": 0.5517241379310345, "recall": 0.5517241379310345, "f1-score": 0.5517241379310345, "support": 29}, "explosion": {"precision": 0.8571428571428571, "recall": 0.6153846153846154, "f1-score": 0.7164179104477612, "support": 39}, "gunshot": {"precision": 0.8, "recall": 0.19047619047619047, "f1-score": 0.3076923076923077, "support": 21}, "siren": {"precision": 0.37209302325581395, "recall": 1.0, "f1-score": 0.5423728813559322, "support": 16}, "accuracy": 0.5714285714285714, "macro avg": {"precision": 0.6452400045824263, "recall": 0.5893962359479601, "f1-score": 0.5295518093567589, "support": 105}, "weighted avg": {"precision": 0.6874481885777567, "recall": 0.5714285714285714, "f1-score": 0.5626647911494863, "support": 105}, "classificador": "SVC"}