{"casual": {"precision": 0.65625, "recall": 0.7241379310344828, "f1-score": 0.6885245901639345, "support": 29}, "explosion": {"precision": 0.8378378378378378, "recall": 0.7948717948717948, "f1-score": 0.8157894736842105, "support": 39}, "gunshot": {"precision": 0.5384615384615384, "recall": 0.6666666666666666, "f1-score": 0.5957446808510638, "support": 21}, "siren": {"precision": 1.0, "recall": 0.625, "f1-score": 0.7692307692307693, "support": 16}, "accuracy": 0.7238095238095238, "macro avg": {"precision": 0.758137344074844, "recall": 0.7026690981432361, "f1-score": 0.7173223784824945, "support": 105}, "weighted avg": {"precision": 0.7525201712701712, "recall": 0.7238095238095238, "f1-score": 0.7295365066095518, "support": 105}, "classificador": "KNeighborsClassifier"}