{"casual": {"precision": 0.5, "recall": 0.5172413793103449, "f1-score": 0.5084745762711865, "support": 29}, "explosion": {"precision": 0.8571428571428571, "recall": 0.6153846153846154, "f1-score": 0.7164179104477612, "support": 39}, "gunshot": {"precision": 0.6666666666666666, "recall": 0.09523809523809523, "f1-score": 0.16666666666666666, "support": 21}, "siren": {"precision": 0.36363636363636365, "recall": 1.0, "f1-score": 0.5333333333333333, "support": 16}, "accuracy": 0.5428571428571428, "macro avg": {"precision": 0.5968614718614719, "recall": 0.5569660224832639, "f1-score": 0.4812231216797369, "support": 105}, "weighted avg": {"precision": 0.6452071737786024, "recall": 0.5428571428571428, "f1-score": 0.5211370909777183, "support": 105}, "classificador": "SVC"}