{"casual": {"precision": 0.5, "recall": 0.5517241379310345, "f1-score": 0.5245901639344263, "support": 29}, "explosion": {"precision": 0.8125, "recall": 0.6666666666666666, "f1-score": 0.7323943661971831, "support": 39}, "gunshot": {"precision": 1.0, "recall": 0.19047619047619047, "f1-score": 0.32, "support": 21}, "siren": {"precision": 0.43243243243243246, "recall": 1.0, "f1-score": 0.6037735849056604, "support": 16}, "accuracy": 0.5904761904761905, "macro avg": {"precision": 0.6862331081081081, "recall": 0.6022167487684729, "f1-score": 0.5451895287593175, "support": 105}, "weighted avg": {"precision": 0.7057754182754182, "recall": 0.5904761904761905, "f1-score": 0.5729225942312292, "support": 105}, "classificador": "SGDClassifier"}