Classificador,Acurácia Média,Desvio Acc,Tempo Médio (ms),Desvio Tempo (ms)
KNN,0.6186666666666667,0.0050251070317230105,17.638220923287527,5.153117040765458
SGD,0.5632380952380953,0.011034474939398306,2.4370459601992653,0.1216781789344947
SVM,0.6620952380952381,0.004908228086371482,7.706920850844609,1.8881094995894723
Perceptron,0.6279999999999999,0.022702652506678623,2.4522831780569896,0.12625093577079421
LDA,0.5645714285714286,0.01771940530218322,2.468259993053618,0.12073072214665295
