{"casual": {"precision": 0.5909090909090909, "recall": 0.4482758620689655, "f1-score": 0.5098039215686274, "support": 29}, "explosion": {"precision": 0.7931034482758621, "recall": 0.5897435897435898, "f1-score": 0.676470588235294, "support": 39}, "gunshot": {"precision": 0.42105263157894735, "recall": 0.7619047619047619, "f1-score": 0.5423728813559322, "support": 21}, "siren": {"precision": 0.6875, "recall": 0.6875, "f1-score": 0.6875, "support": 16}, "accuracy": 0.6, "macro avg": {"precision": 0.6231412926909751, "recall": 0.6218560534293293, "f1-score": 0.6040368477899634, "support": 105}, "weighted avg": {"precision": 0.6467571750693347, "recall": 0.6, "f1-score": 0.6052999730965832, "support": 105}, "classificador": "LinearDiscriminantAnalysis"}