{"casual": {"precision": 0.5909090909090909, "recall": 0.4482758620689655, "f1-score": 0.5098039215686274, "support": 29}, "explosion": {"precision": 0.7666666666666667, "recall": 0.5897435897435898, "f1-score": 0.6666666666666667, "support": 39}, "gunshot": {"precision": 0.41025641025641024, "recall": 0.7619047619047619, "f1-score": 0.5333333333333333, "support": 21}, "siren": {"precision": 0.6428571428571429, "recall": 0.5625, "f1-score": 0.6000000000000001, "support": 16}, "accuracy": 0.580952380952381, "macro avg": {"precision": 0.6026723276723277, "recall": 0.5906060534293293, "f1-score": 0.5774509803921569, "support": 105}, "weighted avg": {"precision": 0.6279758336901194, "recall": 0.580952380952381, "f1-score": 0.5865172735760971, "support": 105}, "classificador": "LinearDiscriminantAnalysis"}