{"casual": {"precision": 0.5833333333333334, "recall": 0.4827586206896552, "f1-score": 0.5283018867924529, "support": 29}, "explosion": {"precision": 0.7586206896551724, "recall": 0.5641025641025641, "f1-score": 0.6470588235294118, "support": 39}, "gunshot": {"precision": 0.43243243243243246, "recall": 0.7619047619047619, "f1-score": 0.5517241379310345, "support": 21}, "siren": {"precision": 0.7333333333333333, "recall": 0.6875, "f1-score": 0.7096774193548386, "support": 16}, "accuracy": 0.6, "macro avg": {"precision": 0.6269299471885679, "recall": 0.6240664866742454, "f1-score": 0.6091905669019345, "support": 105}, "weighted avg": {"precision": 0.6411170283584077, "recall": 0.6, "f1-score": 0.6047342327700699, "support": 105}, "classificador": "LinearDiscriminantAnalysis"}