{"casual": {"precision": 0.6666666666666666, "recall": 0.6896551724137931, "f1-score": 0.6779661016949153, "support": 29}, "explosion": {"precision": 0.8205128205128205, "recall": 0.8205128205128205, "f1-score": 0.8205128205128205, "support": 39}, "gunshot": {"precision": 0.5769230769230769, "recall": 0.7142857142857143, "f1-score": 0.6382978723404256, "support": 21}, "siren": {"precision": 1.0, "recall": 0.625, "f1-score": 0.7692307692307693, "support": 16}, "accuracy": 0.7333333333333333, "macro avg": {"precision": 0.766025641025641, "recall": 0.712363426803082, "f1-score": 0.7265018909447327, "support": 105}, "weighted avg": {"precision": 0.7566544566544566, "recall": 0.7333333333333333, "f1-score": 0.7368853769142264, "support": 105}, "classificador": "KNeighborsClassifier"}