{"casual": {"precision": 0.6190476190476191, "recall": 0.4482758620689655, "f1-score": 0.52, "support": 29}, "explosion": {"precision": 0.7931034482758621, "recall": 0.5897435897435898, "f1-score": 0.676470588235294, "support": 39}, "gunshot": {"precision": 0.41025641025641024, "recall": 0.7619047619047619, "f1-score": 0.5333333333333333, "support": 21}, "siren": {"precision": 0.6875, "recall": 0.6875, "f1-score": 0.6875, "support": 16}, "accuracy": 0.6, "macro avg": {"precision": 0.6274768693949728, "recall": 0.6218560534293293, "f1-score": 0.6043259803921568, "support": 105}, "weighted avg": {"precision": 0.6523695242907065, "recall": 0.6, "f1-score": 0.6063081232492996, "support": 105}, "classificador": "LinearDiscriminantAnalysis"}