{"casual": {"precision": 0.6666666666666666, "recall": 0.6896551724137931, "f1-score": 0.6779661016949153, "support": 29}, "explosion": {"precision": 0.8823529411764706, "recall": 0.7692307692307693, "f1-score": 0.8219178082191781, "support": 39}, "gunshot": {"precision": 0.9166666666666666, "recall": 0.5238095238095238, "f1-score": 0.6666666666666667, "support": 21}, "siren": {"precision": 0.5517241379310345, "recall": 1.0, "f1-score": 0.7111111111111111, "support": 16}, "accuracy": 0.7333333333333333, "macro avg": {"precision": 0.7543526031102095, "recall": 0.7456738663635215, "f1-score": 0.7194154219229678, "support": 105}, "weighted avg": {"precision": 0.7792636594867833, "recall": 0.7333333333333333, "f1-score": 0.7342246594997931, "support": 105}, "classificador": "SVC"}