{"casual": {"precision": 0.5625, "recall": 0.6206896551724138, "f1-score": 0.5901639344262296, "support": 29}, "explosion": {"precision": 0.8421052631578947, "recall": 0.8205128205128205, "f1-score": 0.8311688311688312, "support": 39}, "gunshot": {"precision": 0.52, "recall": 0.6190476190476191, "f1-score": 0.5652173913043478, "support": 21}, "siren": {"precision": 0.8, "recall": 0.5, "f1-score": 0.6153846153846154, "support": 16}, "accuracy": 0.6761904761904762, "macro avg": {"precision": 0.6811513157894737, "recall": 0.6400625236832134, "f1-score": 0.650483693071006, "support": 105}, "weighted avg": {"precision": 0.6940438596491227, "recall": 0.6761904761904762, "f1-score": 0.6785338816903832, "support": 105}, "classificador": "KNeighborsClassifier"}