{"casual": {"precision": 0.696969696969697, "recall": 0.7931034482758621, "f1-score": 0.7419354838709677, "support": 29}, "explosion": {"precision": 0.9444444444444444, "recall": 0.8717948717948718, "f1-score": 0.9066666666666667, "support": 39}, "gunshot": {"precision": 0.8823529411764706, "recall": 0.7142857142857143, "f1-score": 0.7894736842105262, "support": 21}, "siren": {"precision": 0.8421052631578947, "recall": 1.0, "f1-score": 0.9142857142857143, "support": 16}, "accuracy": 0.8380952380952381, "macro avg": {"precision": 0.8414680864371267, "recall": 0.8447960085891121, "f1-score": 0.8380903872584687, "support": 105}, "weighted avg": {"precision": 0.8480814335303499, "recall": 0.8380952380952381, "f1-score": 0.8388918840881004, "support": 105}, "classificador": "SVC"}