{"casual": {"precision": 0.5714285714285714, "recall": 0.8275862068965517, "f1-score": 0.676056338028169, "support": 29}, "explosion": {"precision": 0.9354838709677419, "recall": 0.7435897435897436, "f1-score": 0.8285714285714285, "support": 39}, "gunshot": {"precision": 0.8, "recall": 0.5714285714285714, "f1-score": 0.6666666666666666, "support": 21}, "siren": {"precision": 0.8235294117647058, "recall": 0.875, "f1-score": 0.8484848484848485, "support": 16}, "accuracy": 0.7523809523809524, "macro avg": {"precision": 0.7826104635402547, "recall": 0.7544011304787166, "f1-score": 0.7549448204377782, "support": 105}, "weighted avg": {"precision": 0.7907787631181504, "recall": 0.7523809523809524, "f1-score": 0.7571016865986685, "support": 105}, "classificador": "Perceptron"}