{"casual": {"precision": 0.48484848484848486, "recall": 0.5517241379310345, "f1-score": 0.5161290322580646, "support": 29}, "explosion": {"precision": 0.7692307692307693, "recall": 0.5128205128205128, "f1-score": 0.6153846153846154, "support": 39}, "gunshot": {"precision": 0.7142857142857143, "recall": 0.23809523809523808, "f1-score": 0.35714285714285715, "support": 21}, "siren": {"precision": 0.38461538461538464, "recall": 0.9375, "f1-score": 0.5454545454545454, "support": 16}, "accuracy": 0.5333333333333333, "macro avg": {"precision": 0.5882450882450883, "recall": 0.5600349722116964, "f1-score": 0.5085277625600206, "support": 105}, "weighted avg": {"precision": 0.6210900210900212, "recall": 0.5333333333333333, "f1-score": 0.5256668063119676, "support": 105}, "classificador": "Perceptron"}