{"casual": {"precision": 0.8, "recall": 0.8275862068965517, "f1-score": 0.8135593220338982, "support": 29}, "explosion": {"precision": 0.9473684210526315, "recall": 0.9230769230769231, "f1-score": 0.935064935064935, "support": 39}, "gunshot": {"precision": 0.7619047619047619, "recall": 0.7619047619047619, "f1-score": 0.7619047619047619, "support": 21}, "siren": {"precision": 0.9375, "recall": 0.9375, "f1-score": 0.9375, "support": 16}, "accuracy": 0.8666666666666667, "macro avg": {"precision": 0.8616932957393484, "recall": 0.8625169729695592, "f1-score": 0.8620072547508988, "support": 105}, "weighted avg": {"precision": 0.8680701754385965, "recall": 0.8666666666666667, "f1-score": 0.8672452648239573, "support": 105}, "classificador": "KNeighborsClassifier"}