{"casual": {"precision": 0.6785714285714286, "recall": 0.6551724137931034, "f1-score": 0.6666666666666666, "support": 29}, "explosion": {"precision": 0.8717948717948718, "recall": 0.8717948717948718, "f1-score": 0.8717948717948718, "support": 39}, "gunshot": {"precision": 0.6956521739130435, "recall": 0.7619047619047619, "f1-score": 0.7272727272727272, "support": 21}, "siren": {"precision": 0.8666666666666667, "recall": 0.8125, "f1-score": 0.8387096774193549, "support": 16}, "accuracy": 0.780952380952381, "macro avg": {"precision": 0.7781712852365027, "recall": 0.7753430118731843, "f1-score": 0.7761109857884051, "support": 105}, "weighted avg": {"precision": 0.782418416642019, "recall": 0.780952380952381, "f1-score": 0.7811944328073359, "support": 105}, "classificador": "KNeighborsClassifier"}