{"casual": {"precision": 0.5588235294117647, "recall": 0.6551724137931034, "f1-score": 0.6031746031746031, "support": 29}, "explosion": {"precision": 0.8260869565217391, "recall": 0.48717948717948717, "f1-score": 0.6129032258064516, "support": 39}, "gunshot": {"precision": 0.6153846153846154, "recall": 0.7619047619047619, "f1-score": 0.6808510638297872, "support": 21}, "siren": {"precision": 0.6818181818181818, "recall": 0.9375, "f1-score": 0.7894736842105263, "support": 16}, "accuracy": 0.6571428571428571, "macro avg": {"precision": 0.6705283207840752, "recall": 0.7104391657193381, "f1-score": 0.6716006442553422, "support": 105}, "weighted avg": {"precision": 0.6881470618043507, "recall": 0.6571428571428571, "f1-score": 0.6507118151077054, "support": 105}, "classificador": "Perceptron"}