{"casual": {"precision": 0.7407407407407407, "recall": 0.6896551724137931, "f1-score": 0.7142857142857143, "support": 29}, "explosion": {"precision": 0.9117647058823529, "recall": 0.7948717948717948, "f1-score": 0.8493150684931507, "support": 39}, "gunshot": {"precision": 0.6521739130434783, "recall": 0.7142857142857143, "f1-score": 0.6818181818181819, "support": 21}, "siren": {"precision": 0.7142857142857143, "recall": 0.9375, "f1-score": 0.8108108108108109, "support": 16}, "accuracy": 0.7714285714285715, "macro avg": {"precision": 0.7547412684880717, "recall": 0.7840781703928256, "f1-score": 0.7640574438519644, "support": 105}, "weighted avg": {"precision": 0.7825193201274068, "recall": 0.7714285714285715, "f1-score": 0.772654554063556, "support": 105}, "classificador": "SVC"}