{"casual": {"precision": 0.6060606060606061, "recall": 0.6896551724137931, "f1-score": 0.6451612903225807, "support": 29}, "explosion": {"precision": 0.8378378378378378, "recall": 0.7948717948717948, "f1-score": 0.8157894736842105, "support": 39}, "gunshot": {"precision": 0.7647058823529411, "recall": 0.6190476190476191, "f1-score": 0.6842105263157895, "support": 21}, "siren": {"precision": 0.7777777777777778, "recall": 0.875, "f1-score": 0.823529411764706, "support": 16}, "accuracy": 0.7428571428571429, "macro avg": {"precision": 0.7465955260072907, "recall": 0.7446436465833017, "f1-score": 0.7421726755218216, "support": 105}, "weighted avg": {"precision": 0.7500447735741854, "recall": 0.7428571428571429, "f1-score": 0.7435272241324373, "support": 105}, "classificador": "SVC", "mediaTempoClassificacaoCadaAudio": 0.012470320292881558, "desvioTempoClassificacaoCadaAudio": 0.008024432760213912}