{"casual": {"precision": 0.7, "recall": 0.7241379310344828, "f1-score": 0.711864406779661, "support": 29}, "explosion": {"precision": 0.8461538461538461, "recall": 0.8461538461538461, "f1-score": 0.8461538461538461, "support": 39}, "gunshot": {"precision": 0.8333333333333334, "recall": 0.7142857142857143, "f1-score": 0.7692307692307692, "support": 21}, "siren": {"precision": 0.8333333333333334, "recall": 0.9375, "f1-score": 0.8823529411764706, "support": 16}, "accuracy": 0.8, "macro avg": {"precision": 0.8032051282051282, "recall": 0.8055193728685108, "f1-score": 0.8024004908351867, "support": 105}, "weighted avg": {"precision": 0.8012698412698412, "recall": 0.8, "f1-score": 0.7991958191359986, "support": 105}, "classificador": "SVC", "mediaTempoClassificacaoCadaAudio": 0.011241204398018973, "desvioTempoClassificacaoCadaAudio": 0.005699356208823247}