{"casual": {"precision": 0.6551724137931034, "recall": 0.6551724137931034, "f1-score": 0.6551724137931034, "support": 29}, "explosion": {"precision": 0.8421052631578947, "recall": 0.8205128205128205, "f1-score": 0.8311688311688312, "support": 39}, "gunshot": {"precision": 0.7368421052631579, "recall": 0.6666666666666666, "f1-score": 0.7, "support": 21}, "siren": {"precision": 0.7894736842105263, "recall": 0.9375, "f1-score": 0.8571428571428572, "support": 16}, "accuracy": 0.7619047619047619, "macro avg": {"precision": 0.7558983666061705, "recall": 0.7699629752431476, "f1-score": 0.760871025526198, "support": 105}, "weighted avg": {"precision": 0.7614035087719299, "recall": 0.7619047619047619, "f1-score": 0.7602844774273346, "support": 105}, "classificador": "SVC", "mediaTempoClassificacaoCadaAudio": 0.009394464038667224, "desvioTempoClassificacaoCadaAudio": 0.004534637378254008}