{"casual": {"precision": 0.59375, "recall": 0.6551724137931034, "f1-score": 0.6229508196721311, "support": 29}, "explosion": {"precision": 0.9117647058823529, "recall": 0.7948717948717948, "f1-score": 0.8493150684931507, "support": 39}, "gunshot": {"precision": 0.7777777777777778, "recall": 0.6666666666666666, "f1-score": 0.717948717948718, "support": 21}, "siren": {"precision": 0.7142857142857143, "recall": 0.9375, "f1-score": 0.8108108108108109, "support": 16}, "accuracy": 0.7523809523809524, "macro avg": {"precision": 0.7493945494864612, "recall": 0.7635527188328912, "f1-score": 0.7502563542312027, "support": 105}, "weighted avg": {"precision": 0.7670426503934907, "recall": 0.7523809523809524, "f1-score": 0.7546548332535308, "support": 105}, "classificador": "Perceptron"}