{"casual": {"precision": 0.7105263157894737, "recall": 0.9310344827586207, "f1-score": 0.8059701492537312, "support": 29}, "explosion": {"precision": 0.9444444444444444, "recall": 0.8717948717948718, "f1-score": 0.9066666666666667, "support": 39}, "gunshot": {"precision": 1.0, "recall": 0.7619047619047619, "f1-score": 0.8648648648648648, "support": 21}, "siren": {"precision": 1.0, "recall": 0.9375, "f1-score": 0.967741935483871, "support": 16}, "accuracy": 0.8761904761904762, "macro avg": {"precision": 0.9137426900584795, "recall": 0.8755585291145636, "f1-score": 0.8863109040672834, "support": 105}, "weighted avg": {"precision": 0.8994152046783626, "recall": 0.8761904761904762, "f1-score": 0.8798015948405934, "support": 105}, "classificador": "KNeighborsClassifier"}