{"casual": {"precision": 0.7142857142857143, "recall": 0.8620689655172413, "f1-score": 0.7812500000000001, "support": 29}, "explosion": {"precision": 0.9210526315789473, "recall": 0.8974358974358975, "f1-score": 0.9090909090909091, "support": 39}, "gunshot": {"precision": 0.9411764705882353, "recall": 0.7619047619047619, "f1-score": 0.8421052631578947, "support": 21}, "siren": {"precision": 0.9333333333333333, "recall": 0.875, "f1-score": 0.9032258064516129, "support": 16}, "accuracy": 0.8571428571428571, "macro avg": {"precision": 0.8774620374465576, "recall": 0.8491024062144752, "f1-score": 0.8589179946751042, "support": 105}, "weighted avg": {"precision": 0.86984169106239, "recall": 0.8571428571428571, "f1-score": 0.8594916084198767, "support": 105}, "classificador": "KNeighborsClassifier"}