{"casual": {"precision": 0.7222222222222222, "recall": 0.896551724137931, "f1-score": 0.7999999999999999, "support": 29}, "explosion": {"precision": 0.9210526315789473, "recall": 0.8974358974358975, "f1-score": 0.9090909090909091, "support": 39}, "gunshot": {"precision": 1.0, "recall": 0.7619047619047619, "f1-score": 0.8648648648648648, "support": 21}, "siren": {"precision": 1.0, "recall": 0.9375, "f1-score": 0.967741935483871, "support": 16}, "accuracy": 0.8761904761904762, "macro avg": {"precision": 0.9108187134502924, "recall": 0.8733480958696476, "f1-score": 0.8854244273599112, "support": 105}, "weighted avg": {"precision": 0.8939571150097465, "recall": 0.8761904761904762, "f1-score": 0.87905312937571, "support": 105}, "classificador": "KNeighborsClassifier"}