{"casual": {"precision": 0.4634146341463415, "recall": 0.6551724137931034, "f1-score": 0.5428571428571429, "support": 29}, "explosion": {"precision": 0.8636363636363636, "recall": 0.48717948717948717, "f1-score": 0.6229508196721312, "support": 39}, "gunshot": {"precision": 0.8235294117647058, "recall": 0.6666666666666666, "f1-score": 0.7368421052631577, "support": 21}, "siren": {"precision": 0.64, "recall": 1.0, "f1-score": 0.7804878048780487, "support": 16}, "accuracy": 0.6476190476190476, "macro avg": {"precision": 0.6976451023868527, "recall": 0.7022546419098143, "f1-score": 0.6707844681676202, "support": 105}, "weighted avg": {"precision": 0.7109996211344847, "recall": 0.6476190476190476, "f1-score": 0.6476136018918606, "support": 105}, "classificador": "Perceptron"}