{"casual": {"precision": 0.5609756097560976, "recall": 0.7931034482758621, "f1-score": 0.6571428571428573, "support": 29}, "explosion": {"precision": 0.9655172413793104, "recall": 0.717948717948718, "f1-score": 0.8235294117647058, "support": 39}, "gunshot": {"precision": 0.9285714285714286, "recall": 0.6190476190476191, "f1-score": 0.742857142857143, "support": 21}, "siren": {"precision": 0.7142857142857143, "recall": 0.9375, "f1-score": 0.8108108108108109, "support": 16}, "accuracy": 0.7523809523809524, "macro avg": {"precision": 0.7923374984981377, "recall": 0.7668999463180498, "f1-score": 0.7585850556438792, "support": 105}, "weighted avg": {"precision": 0.8081146335742035, "recall": 0.7523809523809524, "f1-score": 0.7595025037041844, "support": 105}, "classificador": "Perceptron"}