{"casual": {"precision": 0.6388888888888888, "recall": 0.7931034482758621, "f1-score": 0.7076923076923076, "support": 29}, "explosion": {"precision": 0.9428571428571428, "recall": 0.8461538461538461, "f1-score": 0.8918918918918919, "support": 39}, "gunshot": {"precision": 0.9333333333333333, "recall": 0.6666666666666666, "f1-score": 0.7777777777777778, "support": 21}, "siren": {"precision": 0.8421052631578947, "recall": 1.0, "f1-score": 0.9142857142857143, "support": 16}, "accuracy": 0.819047619047619, "macro avg": {"precision": 0.8392961570593149, "recall": 0.8264809902740937, "f1-score": 0.8229119229119228, "support": 105}, "weighted avg": {"precision": 0.8416465767593586, "recall": 0.819047619047619, "f1-score": 0.8216072901787187, "support": 105}, "classificador": "SVC"}