{"casual": {"precision": 0.6216216216216216, "recall": 0.7931034482758621, "f1-score": 0.696969696969697, "support": 29}, "explosion": {"precision": 0.9090909090909091, "recall": 0.7692307692307693, "f1-score": 0.8333333333333333, "support": 39}, "gunshot": {"precision": 0.8333333333333334, "recall": 0.7142857142857143, "f1-score": 0.7692307692307692, "support": 21}, "siren": {"precision": 0.8823529411764706, "recall": 0.9375, "f1-score": 0.9090909090909091, "support": 16}, "accuracy": 0.7904761904761904, "macro avg": {"precision": 0.8115997013055837, "recall": 0.8035299829480864, "f1-score": 0.8021561771561772, "support": 105}, "weighted avg": {"precision": 0.810468757527581, "recall": 0.7904761904761904, "f1-score": 0.7943944943944945, "support": 105}, "classificador": "KNeighborsClassifier"}