{"casual": {"precision": 0.5384615384615384, "recall": 0.7241379310344828, "f1-score": 0.6176470588235294, "support": 29}, "explosion": {"precision": 0.875, "recall": 0.717948717948718, "f1-score": 0.7887323943661971, "support": 39}, "gunshot": {"precision": 0.9230769230769231, "recall": 0.5714285714285714, "f1-score": 0.7058823529411765, "support": 21}, "siren": {"precision": 0.7142857142857143, "recall": 0.9375, "f1-score": 0.8108108108108109, "support": 16}, "accuracy": 0.7238095238095238, "macro avg": {"precision": 0.762706043956044, "recall": 0.7377538051029431, "f1-score": 0.7307681542354285, "support": 105}, "weighted avg": {"precision": 0.7671768707482993, "recall": 0.7238095238095238, "f1-score": 0.7282745759133498, "support": 105}, "classificador": "SGDClassifier"}