{"casual": {"precision": 0.6111111111111112, "recall": 0.7586206896551724, "f1-score": 0.676923076923077, "support": 29}, "explosion": {"precision": 0.9142857142857143, "recall": 0.8205128205128205, "f1-score": 0.8648648648648648, "support": 39}, "gunshot": {"precision": 0.9411764705882353, "recall": 0.7619047619047619, "f1-score": 0.8421052631578947, "support": 21}, "siren": {"precision": 0.8235294117647058, "recall": 0.875, "f1-score": 0.8484848484848485, "support": 16}, "accuracy": 0.8, "macro avg": {"precision": 0.8225256769374416, "recall": 0.8040095680181887, "f1-score": 0.8080945133576712, "support": 105}, "weighted avg": {"precision": 0.8221003957138411, "recall": 0.8, "f1-score": 0.8059092101197365, "support": 105}, "classificador": "LinearSVC"}