{"casual": {"precision": 0.6578947368421053, "recall": 0.8620689655172413, "f1-score": 0.746268656716418, "support": 29}, "explosion": {"precision": 0.9393939393939394, "recall": 0.7948717948717948, "f1-score": 0.8611111111111112, "support": 39}, "gunshot": {"precision": 0.9333333333333333, "recall": 0.6666666666666666, "f1-score": 0.7777777777777778, "support": 21}, "siren": {"precision": 0.8421052631578947, "recall": 1.0, "f1-score": 0.9142857142857143, "support": 16}, "accuracy": 0.819047619047619, "macro avg": {"precision": 0.8431818181818183, "recall": 0.8309018567639257, "f1-score": 0.8248608149727552, "support": 105}, "weighted avg": {"precision": 0.8456094782410571, "recall": 0.819047619047619, "f1-score": 0.8208288489525164, "support": 105}, "classificador": "SGDClassifier"}