{"casual": {"precision": 0.5263157894736842, "recall": 0.6896551724137931, "f1-score": 0.5970149253731344, "support": 29}, "explosion": {"precision": 0.7428571428571429, "recall": 0.6666666666666666, "f1-score": 0.7027027027027027, "support": 39}, "gunshot": {"precision": 0.7272727272727273, "recall": 0.38095238095238093, "f1-score": 0.5, "support": 21}, "siren": {"precision": 0.6666666666666666, "recall": 0.875, "f1-score": 0.7567567567567567, "support": 16}, "accuracy": 0.6476190476190476, "macro avg": {"precision": 0.6657780815675552, "recall": 0.6530685550082101, "f1-score": 0.6391185962081485, "support": 105}, "weighted avg": {"precision": 0.6683236229100891, "recall": 0.6476190476190476, "f1-score": 0.641209012850804, "support": 105}, "classificador": "Perceptron"}