{"classificador": "LinearSVC", "accuracy": 0.8, "explosion": {"recall": 0.8717948717948718, "f1-score": 0.8607594936708861, "precision": 0.85, "support": 39}, "siren": {"recall": 0.875, "f1-score": 0.823529411764706, "precision": 0.7777777777777778, "support": 16}, "weighted avg": {"recall": 0.8, "f1-score": 0.7977982677535915, "precision": 0.8236205593348449, "support": 105}, "gunshot": {"recall": 0.5714285714285714, "f1-score": 0.7272727272727273, "precision": 1.0, "support": 21}, "macro avg": {"recall": 0.7864524125299988, "f1-score": 0.79039040817708, "precision": 0.8283730158730158, "support": 105}, "casual": {"recall": 0.8275862068965517, "f1-score": 0.75, "precision": 0.6857142857142857, "support": 29}}