{"classificador": "Perceptron", "accuracy": 0.7619047619047619, "explosion": {"recall": 0.7692307692307693, "f1-score": 0.7894736842105263, "precision": 0.8108108108108109, "support": 39}, "siren": {"recall": 1.0, "f1-score": 0.9142857142857143, "precision": 0.8421052631578947, "support": 16}, "weighted avg": {"recall": 0.7619047619047619, "f1-score": 0.762374239169352, "precision": 0.780907674591885, "support": 105}, "gunshot": {"recall": 0.6190476190476191, "f1-score": 0.742857142857143, "precision": 0.9285714285714286, "support": 21}, "macro avg": {"recall": 0.7781040798282177, "f1-score": 0.7757166353383459, "precision": 0.7953718756350335, "support": 105}, "casual": {"recall": 0.7241379310344828, "f1-score": 0.65625, "precision": 0.6, "support": 29}}