{"classificador": "KNeighborsClassifier", "accuracy": 0.7619047619047619, "explosion": {"recall": 0.6923076923076923, "f1-score": 0.7826086956521738, "precision": 0.9, "support": 39}, "siren": {"recall": 0.6875, "f1-score": 0.7857142857142857, "precision": 0.9166666666666666, "support": 16}, "weighted avg": {"recall": 0.7619047619047619, "f1-score": 0.7659795814166364, "precision": 0.800967146548542, "support": 105}, "gunshot": {"recall": 0.7619047619047619, "f1-score": 0.7804878048780488, "precision": 0.8, "support": 21}, "macro avg": {"recall": 0.7595660445875962, "f1-score": 0.7677582521166826, "precision": 0.8053294573643411, "support": 105}, "casual": {"recall": 0.896551724137931, "f1-score": 0.7222222222222221, "precision": 0.6046511627906976, "support": 29}}