{"classificador": "KNeighborsClassifier", "accuracy": 0.7047619047619048, "explosion": {"recall": 0.5897435897435898, "f1-score": 0.7301587301587301, "precision": 0.9583333333333334, "support": 39}, "siren": {"recall": 0.75, "f1-score": 0.8275862068965517, "precision": 0.9230769230769231, "support": 16}, "weighted avg": {"recall": 0.7047619047619048, "f1-score": 0.7118719551788731, "precision": 0.7707645455319874, "support": 105}, "gunshot": {"recall": 0.7142857142857143, "f1-score": 0.6521739130434783, "precision": 0.6, "support": 21}, "macro avg": {"recall": 0.720403877731464, "f1-score": 0.7191463791913566, "precision": 0.7598874478234943, "support": 105}, "casual": {"recall": 0.8275862068965517, "f1-score": 0.6666666666666666, "precision": 0.5581395348837209, "support": 29}}