{"classificador": "KNeighborsClassifier", "accuracy": 0.780952380952381, "explosion": {"recall": 0.7692307692307693, "f1-score": 0.8219178082191781, "precision": 0.8823529411764706, "support": 39}, "siren": {"recall": 0.75, "f1-score": 0.8275862068965517, "precision": 0.9230769230769231, "support": 16}, "weighted avg": {"recall": 0.780952380952381, "f1-score": 0.7844733642157855, "precision": 0.8033303469835977, "support": 105}, "gunshot": {"recall": 0.7142857142857143, "f1-score": 0.7500000000000001, "precision": 0.7894736842105263, "support": 21}, "macro avg": {"recall": 0.7738963622584313, "f1-score": 0.7836995331906972, "precision": 0.8089822973723904, "support": 105}, "casual": {"recall": 0.8620689655172413, "f1-score": 0.7352941176470588, "precision": 0.6410256410256411, "support": 29}}