{"classificador": "BaggingClassifier", "accuracy": 0.7428571428571429, "explosion": {"recall": 0.8717948717948718, "f1-score": 0.8947368421052632, "precision": 0.918918918918919, "support": 39}, "siren": {"recall": 0.8125, "f1-score": 0.8125, "precision": 0.8125, "support": 16}, "weighted avg": {"recall": 0.7428571428571429, "f1-score": 0.7342967716883139, "precision": 0.7907716157716157, "support": 105}, "gunshot": {"recall": 0.3333333333333333, "f1-score": 0.48275862068965514, "precision": 0.875, "support": 21}, "macro avg": {"recall": 0.7113036030061892, "f1-score": 0.7118824273425652, "precision": 0.7879683660933661, "support": 105}, "casual": {"recall": 0.8275862068965517, "f1-score": 0.6575342465753425, "precision": 0.5454545454545454, "support": 29}}