{"classificador": "BaggingClassifier", "accuracy": 0.6761904761904762, "explosion": {"recall": 0.7948717948717948, "f1-score": 0.8611111111111112, "precision": 0.9393939393939394, "support": 39}, "siren": {"recall": 0.9375, "f1-score": 0.7894736842105263, "precision": 0.6818181818181818, "support": 16}, "weighted avg": {"recall": 0.6761904761904762, "f1-score": 0.6707208972731326, "precision": 0.7277571634714493, "support": 105}, "gunshot": {"recall": 0.2857142857142857, "f1-score": 0.4137931034482759, "precision": 0.75, "support": 21}, "macro avg": {"recall": 0.668314623594796, "f1-score": 0.6498972915938868, "precision": 0.7058982683982684, "support": 105}, "casual": {"recall": 0.6551724137931034, "f1-score": 0.5352112676056338, "precision": 0.4523809523809524, "support": 29}}