{"classificador": "BaggingClassifier", "accuracy": 0.638095238095238, "explosion": {"recall": 0.6666666666666666, "f1-score": 0.7647058823529411, "precision": 0.896551724137931, "support": 39}, "siren": {"recall": 0.625, "f1-score": 0.625, "precision": 0.625, "support": 16}, "weighted avg": {"recall": 0.638095238095238, "f1-score": 0.6325182776388546, "precision": 0.7110269041303525, "support": 105}, "gunshot": {"recall": 0.2857142857142857, "f1-score": 0.4137931034482759, "precision": 0.75, "support": 21}, "macro avg": {"recall": 0.6098624794745484, "f1-score": 0.6051957341046252, "precision": 0.6880802387267905, "support": 105}, "casual": {"recall": 0.8620689655172413, "f1-score": 0.6172839506172839, "precision": 0.4807692307692308, "support": 29}}