{"classificador": "LinearSVC", "accuracy": 0.7714285714285715, "explosion": {"recall": 0.8974358974358975, "f1-score": 0.8641975308641975, "precision": 0.8333333333333334, "support": 39}, "siren": {"recall": 0.8125, "f1-score": 0.8125, "precision": 0.8125, "support": 16}, "weighted avg": {"recall": 0.7714285714285715, "f1-score": 0.7715017235850569, "precision": 0.7990476190476191, "support": 105}, "gunshot": {"recall": 0.5714285714285714, "f1-score": 0.7272727272727273, "precision": 1.0, "support": 21}, "macro avg": {"recall": 0.7513755999747379, "f1-score": 0.7650550645342311, "precision": 0.8114583333333334, "support": 105}, "casual": {"recall": 0.7241379310344828, "f1-score": 0.65625, "precision": 0.6, "support": 29}}