{"classificador": "LinearSVC", "accuracy": 0.6571428571428571, "explosion": {"recall": 0.8974358974358975, "f1-score": 0.7692307692307692, "precision": 0.6730769230769231, "support": 39}, "siren": {"recall": 0.875, "f1-score": 0.875, "precision": 0.875, "support": 16}, "weighted avg": {"recall": 0.6571428571428571, "f1-score": 0.6185069124423963, "precision": 0.6756132756132756, "support": 105}, "gunshot": {"recall": 0.14285714285714285, "f1-score": 0.24, "precision": 0.75, "support": 21}, "macro avg": {"recall": 0.6253749842111911, "f1-score": 0.6081544665012406, "precision": 0.7033071095571095, "support": 105}, "casual": {"recall": 0.5862068965517241, "f1-score": 0.5483870967741935, "precision": 0.5151515151515151, "support": 29}}