{"classificador": "KNeighborsClassifier", "accuracy": 0.8, "explosion": {"recall": 0.7692307692307693, "f1-score": 0.8450704225352113, "precision": 0.9375, "support": 39}, "siren": {"recall": 0.8125, "f1-score": 0.8666666666666666, "precision": 0.9285714285714286, "support": 16}, "weighted avg": {"recall": 0.8, "f1-score": 0.8031607222105435, "precision": 0.8215404582885786, "support": 105}, "gunshot": {"recall": 0.7142857142857143, "f1-score": 0.7142857142857143, "precision": 0.7142857142857143, "support": 21}, "macro avg": {"recall": 0.7981420519136037, "f1-score": 0.8005355516181667, "precision": 0.8161419172932332, "support": 105}, "casual": {"recall": 0.896551724137931, "f1-score": 0.7761194029850746, "precision": 0.6842105263157895, "support": 29}}