{"classificador": "Perceptron", "accuracy": 0.6761904761904762, "explosion": {"recall": 0.5384615384615384, "f1-score": 0.6461538461538461, "precision": 0.8076923076923077, "support": 39}, "siren": {"recall": 1.0, "f1-score": 0.8, "precision": 0.6666666666666666, "support": 16}, "weighted avg": {"recall": 0.6761904761904762, "f1-score": 0.6742415275969543, "precision": 0.7308738880167452, "support": 105}, "gunshot": {"recall": 0.5714285714285714, "f1-score": 0.7058823529411765, "precision": 0.9230769230769231, "support": 21}, "macro avg": {"recall": 0.7171276998863205, "f1-score": 0.6929386272385445, "precision": 0.7303113553113553, "support": 105}, "casual": {"recall": 0.7586206896551724, "f1-score": 0.6197183098591549, "precision": 0.5238095238095238, "support": 29}}