{"casual": {"precision": 0.6764705882352942, "recall": 0.7931034482758621, "f1-score": 0.7301587301587301, "support": 29}, "explosion": {"precision": 0.9210526315789473, "recall": 0.8974358974358975, "f1-score": 0.9090909090909091, "support": 39}, "gunshot": {"precision": 1.0, "recall": 0.7142857142857143, "f1-score": 0.8333333333333333, "support": 21}, "siren": {"precision": 0.8333333333333334, "recall": 0.9375, "f1-score": 0.8823529411764706, "support": 16}, "accuracy": 0.8380952380952381, "macro avg": {"precision": 0.8577141382868937, "recall": 0.8355812649993685, "f1-score": 0.8387339784398608, "support": 105}, "weighted avg": {"precision": 0.855924124035579, "recall": 0.8380952380952381, "f1-score": 0.8404456732187825, "support": 105}, "classificador": "SVC"}