{"casual": {"precision": 0.5952380952380952, "recall": 0.8620689655172413, "f1-score": 0.7042253521126761, "support": 29}, "explosion": {"precision": 0.90625, "recall": 0.7435897435897436, "f1-score": 0.8169014084507042, "support": 39}, "gunshot": {"precision": 0.8333333333333334, "recall": 0.7142857142857143, "f1-score": 0.7692307692307692, "support": 21}, "siren": {"precision": 0.9230769230769231, "recall": 0.75, "f1-score": 0.8275862068965517, "support": 16}, "accuracy": 0.7714285714285715, "macro avg": {"precision": 0.814474587912088, "recall": 0.7674861058481748, "f1-score": 0.7794859341726753, "support": 105}, "weighted avg": {"precision": 0.8083322431536717, "recall": 0.7714285714285715, "f1-score": 0.777875386714629, "support": 105}, "classificador": "KNeighborsClassifier"}