{"casual": {"precision": 0.4883720930232558, "recall": 0.7241379310344828, "f1-score": 0.5833333333333334, "support": 29}, "explosion": {"precision": 0.8064516129032258, "recall": 0.6410256410256411, "f1-score": 0.7142857142857142, "support": 39}, "gunshot": {"precision": 0.9166666666666666, "recall": 0.5238095238095238, "f1-score": 0.6666666666666667, "support": 21}, "siren": {"precision": 0.7894736842105263, "recall": 0.9375, "f1-score": 0.8571428571428572, "support": 16}, "accuracy": 0.6857142857142857, "macro avg": {"precision": 0.7502410142009186, "recall": 0.706618273967412, "f1-score": 0.7053571428571428, "support": 105}, "weighted avg": {"precision": 0.7380569766501776, "recall": 0.6857142857142857, "f1-score": 0.6903628117913833, "support": 105}, "classificador": "LinearDiscriminantAnalysis"}