{"casual": {"precision": 0.6451612903225806, "recall": 0.6896551724137931, "f1-score": 0.6666666666666667, "support": 29}, "explosion": {"precision": 0.8717948717948718, "recall": 0.8717948717948718, "f1-score": 0.8717948717948718, "support": 39}, "gunshot": {"precision": 0.9375, "recall": 0.7142857142857143, "f1-score": 0.8108108108108109, "support": 21}, "siren": {"precision": 0.7894736842105263, "recall": 0.9375, "f1-score": 0.8571428571428572, "support": 16}, "accuracy": 0.8, "macro avg": {"precision": 0.8109824615819947, "recall": 0.8033089396235948, "f1-score": 0.8016038016038016, "support": 105}, "weighted avg": {"precision": 0.8097976796830788, "recall": 0.8, "f1-score": 0.8007109149966293, "support": 105}, "classificador": "SVC"}