{"casual": {"precision": 0.5365853658536586, "recall": 0.7586206896551724, "f1-score": 0.6285714285714286, "support": 29}, "explosion": {"precision": 0.7714285714285715, "recall": 0.6923076923076923, "f1-score": 0.7297297297297296, "support": 39}, "gunshot": {"precision": 0.75, "recall": 0.42857142857142855, "f1-score": 0.5454545454545454, "support": 21}, "siren": {"precision": 0.8235294117647058, "recall": 0.875, "f1-score": 0.8484848484848485, "support": 16}, "accuracy": 0.6857142857142857, "macro avg": {"precision": 0.720385837261734, "recall": 0.6886249526335733, "f1-score": 0.688060138060138, "support": 105}, "weighted avg": {"precision": 0.7102205760352922, "recall": 0.6857142857142857, "f1-score": 0.6830317516031801, "support": 105}, "classificador": "LinearSVC"}