{"casual": {"precision": 0.696969696969697, "recall": 0.7931034482758621, "f1-score": 0.7419354838709677, "support": 29}, "explosion": {"precision": 0.9210526315789473, "recall": 0.8974358974358975, "f1-score": 0.9090909090909091, "support": 39}, "gunshot": {"precision": 1.0, "recall": 0.7619047619047619, "f1-score": 0.8648648648648648, "support": 21}, "siren": {"precision": 0.8333333333333334, "recall": 0.9375, "f1-score": 0.8823529411764706, "support": 16}, "accuracy": 0.8476190476190476, "macro avg": {"precision": 0.8628389154704944, "recall": 0.8474860269041303, "f1-score": 0.849561049750803, "support": 105}, "weighted avg": {"precision": 0.8615857826384142, "recall": 0.8476190476190476, "f1-score": 0.8500046067408497, "support": 105}, "classificador": "BaggingClassifier"}