{"casual": {"precision": 0.5454545454545454, "recall": 0.8275862068965517, "f1-score": 0.6575342465753425, "support": 29}, "explosion": {"precision": 0.782608695652174, "recall": 0.46153846153846156, "f1-score": 0.5806451612903226, "support": 39}, "gunshot": {"precision": 0.5714285714285714, "recall": 0.5714285714285714, "f1-score": 0.5714285714285714, "support": 21}, "siren": {"precision": 0.8823529411764706, "recall": 0.9375, "f1-score": 0.9090909090909091, "support": 16}, "accuracy": 0.6571428571428571, "macro avg": {"precision": 0.6954611884279402, "recall": 0.6995133099658961, "f1-score": 0.6796747220962864, "support": 105}, "weighted avg": {"precision": 0.6900720762613346, "recall": 0.6571428571428571, "f1-score": 0.6500867522520197, "support": 105}, "classificador": "Perceptron"}