{"casual": {"precision": 0.6896551724137931, "recall": 0.6896551724137931, "f1-score": 0.6896551724137931, "support": 29}, "explosion": {"precision": 0.9166666666666666, "recall": 0.8461538461538461, "f1-score": 0.8799999999999999, "support": 39}, "gunshot": {"precision": 0.7727272727272727, "recall": 0.8095238095238095, "f1-score": 0.7906976744186046, "support": 21}, "siren": {"precision": 0.8333333333333334, "recall": 0.9375, "f1-score": 0.8823529411764706, "support": 16}, "accuracy": 0.8095238095238095, "macro avg": {"precision": 0.8030956112852664, "recall": 0.8207082070228622, "f1-score": 0.8106764470022171, "support": 105}, "weighted avg": {"precision": 0.8124819624819624, "recall": 0.8095238095238095, "f1-score": 0.8099266497296593, "support": 105}, "classificador": "KNeighborsClassifier"}