{"casual": {"precision": 0.47058823529411764, "recall": 0.5517241379310345, "f1-score": 0.507936507936508, "support": 29}, "explosion": {"precision": 0.8064516129032258, "recall": 0.6410256410256411, "f1-score": 0.7142857142857142, "support": 39}, "gunshot": {"precision": 0.7222222222222222, "recall": 0.6190476190476191, "f1-score": 0.6666666666666666, "support": 21}, "siren": {"precision": 0.6818181818181818, "recall": 0.9375, "f1-score": 0.7894736842105263, "support": 16}, "accuracy": 0.6571428571428571, "macro avg": {"precision": 0.6702700630594368, "recall": 0.6873243495010737, "f1-score": 0.6695906432748537, "support": 105}, "weighted avg": {"precision": 0.677851707642979, "recall": 0.6571428571428571, "f1-score": 0.6592274336635239, "support": 105}, "classificador": "Perceptron"}