{"casual": {"precision": 0.5806451612903226, "recall": 0.6206896551724138, "f1-score": 0.6000000000000001, "support": 29}, "explosion": {"precision": 0.8275862068965517, "recall": 0.6153846153846154, "f1-score": 0.7058823529411765, "support": 39}, "gunshot": {"precision": 0.6071428571428571, "recall": 0.8095238095238095, "f1-score": 0.6938775510204083, "support": 21}, "siren": {"precision": 0.8235294117647058, "recall": 0.875, "f1-score": 0.8484848484848485, "support": 16}, "accuracy": 0.6952380952380952, "macro avg": {"precision": 0.7097259092736092, "recall": 0.7301495200202097, "f1-score": 0.7120611881116083, "support": 105}, "weighted avg": {"precision": 0.7146765936630491, "recall": 0.6952380952380952, "f1-score": 0.6959675991608766, "support": 105}, "classificador": "Perceptron"}