{"casual": {"precision": 0.6, "recall": 0.7241379310344828, "f1-score": 0.65625, "support": 29}, "explosion": {"precision": 0.8, "recall": 0.6153846153846154, "f1-score": 0.6956521739130435, "support": 39}, "gunshot": {"precision": 0.5882352941176471, "recall": 0.47619047619047616, "f1-score": 0.5263157894736842, "support": 21}, "siren": {"precision": 0.6521739130434783, "recall": 0.9375, "f1-score": 0.7692307692307693, "support": 16}, "accuracy": 0.6666666666666666, "macro avg": {"precision": 0.6601023017902814, "recall": 0.6883032556523936, "f1-score": 0.6618621831543742, "support": 105}, "weighted avg": {"precision": 0.6798830836682499, "recall": 0.6666666666666666, "f1-score": 0.662114368278556, "support": 105}, "classificador": "SGDClassifier"}