{"casual": {"precision": 0.6666666666666666, "recall": 0.7586206896551724, "f1-score": 0.7096774193548386, "support": 29}, "explosion": {"precision": 0.9230769230769231, "recall": 0.9230769230769231, "f1-score": 0.9230769230769231, "support": 39}, "gunshot": {"precision": 0.8461538461538461, "recall": 0.5238095238095238, "f1-score": 0.6470588235294118, "support": 21}, "siren": {"precision": 0.8, "recall": 1.0, "f1-score": 0.888888888888889, "support": 16}, "accuracy": 0.8095238095238095, "macro avg": {"precision": 0.808974358974359, "recall": 0.8013767841354048, "f1-score": 0.7921755137125156, "support": 105}, "weighted avg": {"precision": 0.8181196581196581, "recall": 0.8095238095238095, "f1-score": 0.803724787406002, "support": 105}, "classificador": "SVC"}