{"casual": {"precision": 0.7142857142857143, "recall": 0.6896551724137931, "f1-score": 0.7017543859649122, "support": 29}, "explosion": {"precision": 0.918918918918919, "recall": 0.8717948717948718, "f1-score": 0.8947368421052632, "support": 39}, "gunshot": {"precision": 0.7272727272727273, "recall": 0.7619047619047619, "f1-score": 0.7441860465116279, "support": 21}, "siren": {"precision": 0.8333333333333334, "recall": 0.9375, "f1-score": 0.8823529411764706, "support": 16}, "accuracy": 0.8095238095238095, "macro avg": {"precision": 0.7984526734526735, "recall": 0.8152137015283567, "f1-score": 0.8057575539395685, "support": 105}, "weighted avg": {"precision": 0.8110303253160396, "recall": 0.8095238095238095, "f1-score": 0.809439695911004, "support": 105}, "classificador": "KNeighborsClassifier"}