{"casual": {"precision": 0.6176470588235294, "recall": 0.7241379310344828, "f1-score": 0.6666666666666667, "support": 29}, "explosion": {"precision": 0.8918918918918919, "recall": 0.8461538461538461, "f1-score": 0.868421052631579, "support": 39}, "gunshot": {"precision": 0.9333333333333333, "recall": 0.6666666666666666, "f1-score": 0.7777777777777778, "support": 21}, "siren": {"precision": 0.7894736842105263, "recall": 0.9375, "f1-score": 0.8571428571428572, "support": 16}, "accuracy": 0.7904761904761904, "macro avg": {"precision": 0.8080864920648203, "recall": 0.7936146109637489, "f1-score": 0.7925020885547202, "support": 105}, "weighted avg": {"precision": 0.808829785114615, "recall": 0.7904761904761904, "f1-score": 0.7928511755579426, "support": 105}, "classificador": "SVC"}