{"casual": {"precision": 0.5, "recall": 0.6551724137931034, "f1-score": 0.5671641791044776, "support": 29}, "explosion": {"precision": 0.75, "recall": 0.6923076923076923, "f1-score": 0.7199999999999999, "support": 39}, "gunshot": {"precision": 0.9230769230769231, "recall": 0.5714285714285714, "f1-score": 0.7058823529411765, "support": 21}, "siren": {"precision": 0.7222222222222222, "recall": 0.8125, "f1-score": 0.7647058823529411, "support": 16}, "accuracy": 0.6761904761904762, "macro avg": {"precision": 0.7238247863247864, "recall": 0.6828521693823417, "f1-score": 0.6894381035996487, "support": 105}, "weighted avg": {"precision": 0.7113349613349613, "recall": 0.6761904761904762, "f1-score": 0.6817769973661106, "support": 105}, "classificador": "LinearDiscriminantAnalysis"}