{"casual": {"precision": 0.6842105263157895, "recall": 0.896551724137931, "f1-score": 0.7761194029850746, "support": 29}, "explosion": {"precision": 0.9333333333333333, "recall": 0.717948717948718, "f1-score": 0.8115942028985509, "support": 39}, "gunshot": {"precision": 0.6956521739130435, "recall": 0.7619047619047619, "f1-score": 0.7272727272727272, "support": 21}, "siren": {"precision": 0.9285714285714286, "recall": 0.8125, "f1-score": 0.8666666666666666, "support": 16}, "accuracy": 0.7904761904761904, "macro avg": {"precision": 0.8104418655333987, "recall": 0.7972263009978527, "f1-score": 0.7954132499557548, "support": 105}, "weighted avg": {"precision": 0.8162661311664253, "recall": 0.7904761904761904, "f1-score": 0.7933241003714722, "support": 105}, "classificador": "KNeighborsClassifier"}