{"casual": {"precision": 0.5789473684210527, "recall": 0.7586206896551724, "f1-score": 0.6567164179104478, "support": 29}, "explosion": {"precision": 0.8292682926829268, "recall": 0.8717948717948718, "f1-score": 0.8500000000000001, "support": 39}, "gunshot": {"precision": 1.0, "recall": 0.5714285714285714, "f1-score": 0.7272727272727273, "support": 21}, "siren": {"precision": 0.8571428571428571, "recall": 0.75, "f1-score": 0.7999999999999999, "support": 16}, "accuracy": 0.7619047619047619, "macro avg": {"precision": 0.8163396295617091, "recall": 0.7379610332196539, "f1-score": 0.7584972862957937, "support": 105}, "weighted avg": {"precision": 0.7985259315536226, "recall": 0.7619047619047619, "f1-score": 0.7644524132583833, "support": 105}, "classificador": "BaggingClassifier"}