{"casual": {"precision": 0.4878048780487805, "recall": 0.6896551724137931, "f1-score": 0.5714285714285714, "support": 29}, "explosion": {"precision": 0.8461538461538461, "recall": 0.5641025641025641, "f1-score": 0.676923076923077, "support": 39}, "gunshot": {"precision": 0.631578947368421, "recall": 0.5714285714285714, "f1-score": 0.6, "support": 21}, "siren": {"precision": 0.7368421052631579, "recall": 0.875, "f1-score": 0.7999999999999999, "support": 16}, "accuracy": 0.6476190476190476, "macro avg": {"precision": 0.6755949442085514, "recall": 0.6750465769862322, "f1-score": 0.6620879120879121, "support": 105}, "weighted avg": {"precision": 0.6876092670701143, "recall": 0.6476190476190476, "f1-score": 0.6511564625850341, "support": 105}, "classificador": "SGDClassifier"}