{"casual": {"precision": 0.7096774193548387, "recall": 0.7586206896551724, "f1-score": 0.7333333333333333, "support": 29}, "explosion": {"precision": 0.9705882352941176, "recall": 0.8461538461538461, "f1-score": 0.9041095890410958, "support": 39}, "gunshot": {"precision": 0.75, "recall": 0.7142857142857143, "f1-score": 0.7317073170731706, "support": 21}, "siren": {"precision": 0.8, "recall": 1.0, "f1-score": 0.888888888888889, "support": 16}, "accuracy": 0.819047619047619, "macro avg": {"precision": 0.8075664136622391, "recall": 0.8297650625236832, "f1-score": 0.8145097820841222, "support": 105}, "weighted avg": {"precision": 0.8284151079786753, "recall": 0.819047619047619, "f1-score": 0.8201430144764592, "support": 105}, "classificador": "KNeighborsClassifier"}