{"casual": {"precision": 0.6153846153846154, "recall": 0.8275862068965517, "f1-score": 0.7058823529411765, "support": 29}, "explosion": {"precision": 0.9444444444444444, "recall": 0.8717948717948718, "f1-score": 0.9066666666666667, "support": 39}, "gunshot": {"precision": 0.8333333333333334, "recall": 0.47619047619047616, "f1-score": 0.6060606060606061, "support": 21}, "siren": {"precision": 0.8333333333333334, "recall": 0.9375, "f1-score": 0.8823529411764706, "support": 16}, "accuracy": 0.7904761904761904, "macro avg": {"precision": 0.8066239316239316, "recall": 0.7782678887204749, "f1-score": 0.77524064171123, "support": 105}, "weighted avg": {"precision": 0.8144078144078144, "recall": 0.7904761904761904, "f1-score": 0.7873857906799084, "support": 105}, "classificador": "SVC"}