{"casual": {"precision": 0.5, "recall": 0.6551724137931034, "f1-score": 0.5671641791044776, "support": 29}, "explosion": {"precision": 0.8235294117647058, "recall": 0.717948717948718, "f1-score": 0.767123287671233, "support": 39}, "gunshot": {"precision": 0.8, "recall": 0.5714285714285714, "f1-score": 0.6666666666666666, "support": 21}, "siren": {"precision": 0.7222222222222222, "recall": 0.8125, "f1-score": 0.7647058823529411, "support": 16}, "accuracy": 0.6857142857142857, "macro avg": {"precision": 0.711437908496732, "recall": 0.6892624257925981, "f1-score": 0.6914150039488296, "support": 105}, "weighted avg": {"precision": 0.7140305010893246, "recall": 0.6857142857142857, "f1-score": 0.6914367955319524, "support": 105}, "classificador": "SGDClassifier"}