{"casual": {"precision": 0.5853658536585366, "recall": 0.8275862068965517, "f1-score": 0.6857142857142856, "support": 29}, "explosion": {"precision": 0.9411764705882353, "recall": 0.8205128205128205, "f1-score": 0.8767123287671232, "support": 39}, "gunshot": {"precision": 0.8333333333333334, "recall": 0.47619047619047616, "f1-score": 0.6060606060606061, "support": 21}, "siren": {"precision": 0.8333333333333334, "recall": 0.9375, "f1-score": 0.8823529411764706, "support": 16}, "accuracy": 0.7714285714285715, "macro avg": {"precision": 0.7983022477283597, "recall": 0.7654473758999621, "f1-score": 0.7627100404296213, "support": 105}, "weighted avg": {"precision": 0.8049030994511625, "recall": 0.7714285714285715, "f1-score": 0.7706896656545558, "support": 105}, "classificador": "SVC"}