{"casual": {"precision": 0.7241379310344828, "recall": 0.7241379310344828, "f1-score": 0.7241379310344829, "support": 29}, "explosion": {"precision": 0.9230769230769231, "recall": 0.9230769230769231, "f1-score": 0.9230769230769231, "support": 39}, "gunshot": {"precision": 1.0, "recall": 0.7619047619047619, "f1-score": 0.8648648648648648, "support": 21}, "siren": {"precision": 0.7142857142857143, "recall": 0.9375, "f1-score": 0.8108108108108109, "support": 16}, "accuracy": 0.8380952380952381, "macro avg": {"precision": 0.8403751420992801, "recall": 0.836654904004042, "f1-score": 0.8307226324467705, "support": 105}, "weighted avg": {"precision": 0.8517006802721089, "recall": 0.8380952380952381, "f1-score": 0.8393822393822393, "support": 105}, "classificador": "SVC", "mediaTempoClassificacaoCadaAudio": 0.00926432836623419, "desvioTempoClassificacaoCadaAudio": 0.0045911339078569076}