{"casual": {"precision": 0.6571428571428571, "recall": 0.7931034482758621, "f1-score": 0.71875, "support": 29}, "explosion": {"precision": 0.8918918918918919, "recall": 0.8461538461538461, "f1-score": 0.868421052631579, "support": 39}, "gunshot": {"precision": 0.9333333333333333, "recall": 0.6666666666666666, "f1-score": 0.7777777777777778, "support": 21}, "siren": {"precision": 0.8333333333333334, "recall": 0.9375, "f1-score": 0.8823529411764706, "support": 16}, "accuracy": 0.8095238095238095, "macro avg": {"precision": 0.8289253539253539, "recall": 0.8108559902740937, "f1-score": 0.8118254428964569, "support": 105}, "weighted avg": {"precision": 0.8264215235643807, "recall": 0.8095238095238095, "f1-score": 0.811077632807509, "support": 105}, "classificador": "SVC", "mediaTempoClassificacaoCadaAudio": 0.011006082807268416, "desvioTempoClassificacaoCadaAudio": 0.0049415043293849605}