{"casual": {"precision": 0.7241379310344828, "recall": 0.7241379310344828, "f1-score": 0.7241379310344829, "support": 29}, "explosion": {"precision": 0.9, "recall": 0.9230769230769231, "f1-score": 0.9113924050632911, "support": 39}, "gunshot": {"precision": 1.0, "recall": 0.7619047619047619, "f1-score": 0.8648648648648648, "support": 21}, "siren": {"precision": 0.75, "recall": 0.9375, "f1-score": 0.8333333333333334, "support": 16}, "accuracy": 0.8380952380952381, "macro avg": {"precision": 0.8435344827586206, "recall": 0.836654904004042, "f1-score": 0.833432133573993, "support": 105}, "weighted avg": {"precision": 0.8485714285714285, "recall": 0.8380952380952381, "f1-score": 0.8384742789806081, "support": 105}, "classificador": "SVC", "mediaTempoClassificacaoCadaAudio": 0.008744487308320545, "desvioTempoClassificacaoCadaAudio": 0.004291472036791739}