{"casual": {"precision": 0.6060606060606061, "recall": 0.6896551724137931, "f1-score": 0.6451612903225807, "support": 29}, "explosion": {"precision": 0.8157894736842105, "recall": 0.7948717948717948, "f1-score": 0.8051948051948051, "support": 39}, "gunshot": {"precision": 0.7777777777777778, "recall": 0.6666666666666666, "f1-score": 0.717948717948718, "support": 21}, "siren": {"precision": 0.9375, "recall": 0.9375, "f1-score": 0.9375, "support": 16}, "accuracy": 0.7619047619047619, "macro avg": {"precision": 0.7842819643806486, "recall": 0.7721734084880636, "f1-score": 0.776451203366526, "support": 105}, "weighted avg": {"precision": 0.7688083845978582, "recall": 0.7619047619047619, "f1-score": 0.7637066466559554, "support": 105}, "classificador": "LinearDiscriminantAnalysis"}