{"casual": {"precision": 0.6857142857142857, "recall": 0.8275862068965517, "f1-score": 0.75, "support": 29}, "explosion": {"precision": 0.8611111111111112, "recall": 0.7948717948717948, "f1-score": 0.8266666666666667, "support": 39}, "gunshot": {"precision": 0.8888888888888888, "recall": 0.7619047619047619, "f1-score": 0.8205128205128205, "support": 21}, "siren": {"precision": 0.875, "recall": 0.875, "f1-score": 0.875, "support": 16}, "accuracy": 0.8095238095238095, "macro avg": {"precision": 0.8276785714285715, "recall": 0.814840690918277, "f1-score": 0.8180448717948718, "support": 105}, "weighted avg": {"precision": 0.8203401360544218, "recall": 0.8095238095238095, "f1-score": 0.8116263736263737, "support": 105}, "classificador": "SGDClassifier"}