{"casual": {"precision": 0.6216216216216216, "recall": 0.7931034482758621, "f1-score": 0.696969696969697, "support": 29}, "explosion": {"precision": 0.8823529411764706, "recall": 0.7692307692307693, "f1-score": 0.8219178082191781, "support": 39}, "gunshot": {"precision": 0.9411764705882353, "recall": 0.7619047619047619, "f1-score": 0.8421052631578947, "support": 21}, "siren": {"precision": 0.8235294117647058, "recall": 0.875, "f1-score": 0.8484848484848485, "support": 16}, "accuracy": 0.7904761904761904, "macro avg": {"precision": 0.8171701112877583, "recall": 0.7998097448528483, "f1-score": 0.8023694042079046, "support": 105}, "weighted avg": {"precision": 0.8131425543190248, "recall": 0.7904761904761904, "f1-score": 0.7954941317594526, "support": 105}, "classificador": "SGDClassifier"}