{"casual": {"precision": 0.6216216216216216, "recall": 0.7931034482758621, "f1-score": 0.696969696969697, "support": 29}, "explosion": {"precision": 0.8611111111111112, "recall": 0.7948717948717948, "f1-score": 0.8266666666666667, "support": 39}, "gunshot": {"precision": 0.875, "recall": 0.6666666666666666, "f1-score": 0.7567567567567567, "support": 21}, "siren": {"precision": 0.9375, "recall": 0.9375, "f1-score": 0.9375, "support": 16}, "accuracy": 0.7904761904761904, "macro avg": {"precision": 0.8238081831831832, "recall": 0.7980354774535808, "f1-score": 0.8044732800982801, "support": 105}, "weighted avg": {"precision": 0.8093843843843844, "recall": 0.7904761904761904, "f1-score": 0.7937525057525057, "support": 105}, "classificador": "Perceptron"}