{"casual": {"precision": 0.6071428571428571, "recall": 0.5862068965517241, "f1-score": 0.5964912280701754, "support": 29}, "explosion": {"precision": 0.8, "recall": 0.717948717948718, "f1-score": 0.7567567567567569, "support": 39}, "gunshot": {"precision": 0.625, "recall": 0.7142857142857143, "f1-score": 0.6666666666666666, "support": 21}, "siren": {"precision": 0.8333333333333334, "recall": 0.9375, "f1-score": 0.8823529411764706, "support": 16}, "accuracy": 0.7142857142857143, "macro avg": {"precision": 0.7163690476190476, "recall": 0.7389853321965391, "f1-score": 0.7255668981675174, "support": 105}, "weighted avg": {"precision": 0.7168140589569161, "recall": 0.7142857142857143, "f1-score": 0.7136133922511632, "support": 105}, "classificador": "LinearDiscriminantAnalysis"}