{"casual": {"precision": 0.5555555555555556, "recall": 0.6896551724137931, "f1-score": 0.6153846153846154, "support": 29}, "explosion": {"precision": 0.8620689655172413, "recall": 0.6410256410256411, "f1-score": 0.7352941176470588, "support": 39}, "gunshot": {"precision": 0.75, "recall": 0.7142857142857143, "f1-score": 0.7317073170731706, "support": 21}, "siren": {"precision": 0.75, "recall": 0.9375, "f1-score": 0.8333333333333334, "support": 16}, "accuracy": 0.7142857142857143, "macro avg": {"precision": 0.7294061302681992, "recall": 0.7456166319312871, "f1-score": 0.7289298458595446, "support": 105}, "weighted avg": {"precision": 0.7379219120598431, "recall": 0.7142857142857143, "f1-score": 0.71639820405961, "support": 105}, "classificador": "LinearDiscriminantAnalysis"}