{"classificador": "SGDClassifier", "accuracy": 0.780952380952381, "explosion": {"recall": 0.7435897435897436, "f1-score": 0.8169014084507042, "precision": 0.90625, "support": 39}, "siren": {"recall": 0.9375, "f1-score": 0.9090909090909091, "precision": 0.8823529411764706, "support": 16}, "weighted avg": {"recall": 0.780952380952381, "f1-score": 0.7868919723245678, "precision": 0.8194000649040103, "support": 105}, "gunshot": {"recall": 0.6666666666666666, "f1-score": 0.7777777777777778, "precision": 0.9333333333333333, "support": 21}, "macro avg": {"recall": 0.7938356542882404, "f1-score": 0.7973710952584192, "precision": 0.8268255320420851, "support": 105}, "casual": {"recall": 0.8275862068965517, "f1-score": 0.6857142857142856, "precision": 0.5853658536585366, "support": 29}}