{"classificador": "LinearSVC", "accuracy": 0.8095238095238095, "explosion": {"recall": 0.7948717948717948, "f1-score": 0.8266666666666667, "precision": 0.8611111111111112, "support": 39}, "siren": {"recall": 1.0, "f1-score": 0.9142857142857143, "precision": 0.8421052631578947, "support": 16}, "weighted avg": {"recall": 0.8095238095238095, "f1-score": 0.8090657596371883, "precision": 0.8242164936149899, "support": 105}, "gunshot": {"recall": 0.6666666666666666, "f1-score": 0.7777777777777778, "precision": 0.9333333333333333, "support": 21}, "macro avg": {"recall": 0.8222811671087533, "f1-score": 0.8171825396825396, "precision": 0.8305659983291562, "support": 105}, "casual": {"recall": 0.8275862068965517, "f1-score": 0.75, "precision": 0.6857142857142857, "support": 29}}