{"classificador": "Perceptron", "accuracy": 0.7619047619047619, "explosion": {"recall": 0.7435897435897436, "f1-score": 0.8169014084507042, "precision": 0.90625, "support": 39}, "siren": {"recall": 0.9375, "f1-score": 0.8333333333333334, "precision": 0.75, "support": 16}, "weighted avg": {"recall": 0.7619047619047619, "f1-score": 0.765810812587946, "precision": 0.7994887057387058, "support": 105}, "gunshot": {"recall": 0.6190476190476191, "f1-score": 0.742857142857143, "precision": 0.9285714285714286, "support": 21}, "macro avg": {"recall": 0.7733102027283062, "f1-score": 0.7673906182191187, "precision": 0.7936412545787546, "support": 105}, "casual": {"recall": 0.7931034482758621, "f1-score": 0.676470588235294, "precision": 0.5897435897435898, "support": 29}}