{"classificador": "LinearSVC", "accuracy": 0.8, "explosion": {"recall": 0.8205128205128205, "f1-score": 0.8767123287671232, "precision": 0.9411764705882353, "support": 39}, "siren": {"recall": 0.875, "f1-score": 0.823529411764706, "precision": 0.7777777777777778, "support": 16}, "weighted avg": {"recall": 0.8, "f1-score": 0.8057847585647747, "precision": 0.8272843221372633, "support": 105}, "gunshot": {"recall": 0.7142857142857143, "f1-score": 0.8108108108108109, "precision": 0.9375, "support": 21}, "macro avg": {"recall": 0.8007254957685992, "f1-score": 0.8020055620780843, "precision": 0.8195189674969087, "support": 105}, "casual": {"recall": 0.7931034482758621, "f1-score": 0.696969696969697, "precision": 0.6216216216216216, "support": 29}}