{"classificador": "KNeighborsClassifier", "accuracy": 0.8380952380952381, "explosion": {"recall": 0.8717948717948718, "f1-score": 0.8947368421052632, "precision": 0.918918918918919, "support": 39}, "siren": {"recall": 0.75, "f1-score": 0.8571428571428571, "precision": 1.0, "support": 16}, "weighted avg": {"recall": 0.8380952380952381, "f1-score": 0.8425686063899244, "precision": 0.8660559719383248, "support": 105}, "gunshot": {"recall": 0.7619047619047619, "f1-score": 0.8421052631578947, "precision": 0.9411764705882353, "support": 21}, "macro avg": {"recall": 0.8200628394593912, "f1-score": 0.8396727111897391, "precision": 0.8816905140434552, "support": 105}, "casual": {"recall": 0.896551724137931, "f1-score": 0.7647058823529411, "precision": 0.6666666666666666, "support": 29}}