{"classificador": "BaggingClassifier", "accuracy": 0.8285714285714286, "explosion": {"recall": 0.8974358974358975, "f1-score": 0.9090909090909091, "precision": 0.9210526315789473, "support": 39}, "siren": {"recall": 0.9375, "f1-score": 0.8571428571428572, "precision": 0.7894736842105263, "support": 16}, "weighted avg": {"recall": 0.8285714285714286, "f1-score": 0.8299374699374699, "precision": 0.8492407489311513, "support": 105}, "gunshot": {"recall": 0.6666666666666666, "f1-score": 0.8, "precision": 1.0, "support": 21}, "macro avg": {"recall": 0.8236765030946065, "f1-score": 0.8240981240981241, "precision": 0.846749226006192, "support": 105}, "casual": {"recall": 0.7931034482758621, "f1-score": 0.7301587301587301, "precision": 0.6764705882352942, "support": 29}}