{"classificador": "LinearSVC", "accuracy": 0.7904761904761904, "explosion": {"recall": 0.7948717948717948, "f1-score": 0.8493150684931507, "precision": 0.9117647058823529, "support": 39}, "siren": {"recall": 0.875, "f1-score": 0.8484848484848485, "precision": 0.8235294117647058, "support": 16}, "weighted avg": {"recall": 0.7904761904761904, "f1-score": 0.7952663506249324, "precision": 0.8207756948933418, "support": 105}, "gunshot": {"recall": 0.6666666666666666, "f1-score": 0.7777777777777778, "precision": 0.9333333333333333, "support": 21}, "macro avg": {"recall": 0.7910311671087533, "f1-score": 0.7953650119242384, "precision": 0.8210030165912519, "support": 105}, "casual": {"recall": 0.8275862068965517, "f1-score": 0.7058823529411765, "precision": 0.6153846153846154, "support": 29}}