{"classificador": "Perceptron", "accuracy": 0.6857142857142857, "explosion": {"recall": 0.6666666666666666, "f1-score": 0.7123287671232877, "precision": 0.7647058823529411, "support": 39}, "siren": {"recall": 1.0, "f1-score": 0.8205128205128205, "precision": 0.6956521739130435, "support": 16}, "weighted avg": {"recall": 0.6857142857142857, "f1-score": 0.6749879326511076, "precision": 0.723615287809661, "support": 105}, "gunshot": {"recall": 0.38095238095238093, "f1-score": 0.5333333333333333, "precision": 0.8888888888888888, "support": 21}, "macro avg": {"recall": 0.701559934318555, "f1-score": 0.6783084361247134, "precision": 0.7283373773143594, "support": 105}, "casual": {"recall": 0.7586206896551724, "f1-score": 0.6470588235294118, "precision": 0.5641025641025641, "support": 29}}