{"classificador": "LinearSVC", "accuracy": 0.6666666666666666, "explosion": {"recall": 0.7435897435897436, "f1-score": 0.7435897435897437, "precision": 0.7435897435897436, "support": 39}, "siren": {"recall": 1.0, "f1-score": 0.8, "precision": 0.6666666666666666, "support": 16}, "weighted avg": {"recall": 0.6666666666666666, "f1-score": 0.6424064824064825, "precision": 0.7270699270699271, "support": 105}, "gunshot": {"recall": 0.23809523809523808, "f1-score": 0.3846153846153846, "precision": 1.0, "support": 21}, "macro avg": {"recall": 0.6678350385246937, "f1-score": 0.6335664335664336, "precision": 0.7376992376992376, "support": 105}, "casual": {"recall": 0.6896551724137931, "f1-score": 0.6060606060606061, "precision": 0.5405405405405406, "support": 29}}