{"classificador": "LinearSVC", "accuracy": 0.638095238095238, "explosion": {"recall": 0.717948717948718, "f1-score": 0.708860759493671, "precision": 0.7, "support": 39}, "siren": {"recall": 0.875, "f1-score": 0.7777777777777777, "precision": 0.7, "support": 16}, "weighted avg": {"recall": 0.638095238095238, "f1-score": 0.6115239434733106, "precision": 0.7081300813008129, "support": 105}, "gunshot": {"recall": 0.19047619047619047, "f1-score": 0.32, "precision": 1.0, "support": 21}, "macro avg": {"recall": 0.6268907098648477, "f1-score": 0.6016596343178622, "precision": 0.7280487804878049, "support": 105}, "casual": {"recall": 0.7241379310344828, "f1-score": 0.6000000000000001, "precision": 0.5121951219512195, "support": 29}}