{"classificador": "KNeighborsClassifier", "accuracy": 0.8666666666666667, "explosion": {"recall": 0.8974358974358975, "f1-score": 0.9210526315789475, "precision": 0.9459459459459459, "support": 39}, "siren": {"recall": 0.8125, "f1-score": 0.8666666666666666, "precision": 0.9285714285714286, "support": 16}, "weighted avg": {"recall": 0.8666666666666667, "f1-score": 0.8697430075120569, "precision": 0.8890885514945666, "support": 105}, "gunshot": {"recall": 0.7619047619047619, "f1-score": 0.8648648648648648, "precision": 1.0, "support": 21}, "macro avg": {"recall": 0.8507187855248199, "f1-score": 0.8646385780910526, "precision": 0.896260922576712, "support": 105}, "casual": {"recall": 0.9310344827586207, "f1-score": 0.8059701492537312, "precision": 0.7105263157894737, "support": 29}}