{"classificador": "BaggingClassifier", "accuracy": 0.819047619047619, "explosion": {"recall": 0.8974358974358975, "f1-score": 0.9210526315789475, "precision": 0.9459459459459459, "support": 39}, "siren": {"recall": 0.8125, "f1-score": 0.787878787878788, "precision": 0.7647058823529411, "support": 16}, "weighted avg": {"recall": 0.819047619047619, "f1-score": 0.8242875253401569, "precision": 0.8443329884506355, "support": 105}, "gunshot": {"recall": 0.7142857142857143, "f1-score": 0.8333333333333333, "precision": 1.0, "support": 21}, "macro avg": {"recall": 0.8043312649993685, "f1-score": 0.8124892651208442, "precision": 0.837385179296944, "support": 105}, "casual": {"recall": 0.7931034482758621, "f1-score": 0.7076923076923076, "precision": 0.6388888888888888, "support": 29}}