{"classificador": "BaggingClassifier", "accuracy": 0.7333333333333333, "explosion": {"recall": 0.7435897435897436, "f1-score": 0.8285714285714285, "precision": 0.9354838709677419, "support": 39}, "siren": {"recall": 0.875, "f1-score": 0.8484848484848485, "precision": 0.8235294117647058, "support": 16}, "weighted avg": {"recall": 0.7333333333333333, "f1-score": 0.7348813242434392, "precision": 0.7998654616273414, "support": 105}, "gunshot": {"recall": 0.42857142857142855, "f1-score": 0.5806451612903225, "precision": 0.9, "support": 21}, "macro avg": {"recall": 0.7273075344196034, "f1-score": 0.7288990437971763, "precision": 0.7977320440873672, "support": 105}, "casual": {"recall": 0.8620689655172413, "f1-score": 0.6578947368421053, "precision": 0.5319148936170213, "support": 29}}