{"classificador": "SGDClassifier", "accuracy": 0.7714285714285715, "explosion": {"recall": 0.7692307692307693, "f1-score": 0.8571428571428572, "precision": 0.967741935483871, "support": 39}, "siren": {"recall": 0.875, "f1-score": 0.7999999999999999, "precision": 0.7368421052631579, "support": 16}, "weighted avg": {"recall": 0.7714285714285715, "f1-score": 0.7768490584639653, "precision": 0.8107753254103, "support": 105}, "gunshot": {"recall": 0.6190476190476191, "f1-score": 0.7222222222222222, "precision": 0.8666666666666667, "support": 21}, "macro avg": {"recall": 0.7727161487937351, "f1-score": 0.7687543133195307, "precision": 0.7928126768534239, "support": 105}, "casual": {"recall": 0.8275862068965517, "f1-score": 0.6956521739130435, "precision": 0.6, "support": 29}}