{"classificador": "KNeighborsClassifier", "accuracy": 0.8476190476190476, "explosion": {"recall": 0.8974358974358975, "f1-score": 0.9090909090909091, "precision": 0.9210526315789473, "support": 39}, "siren": {"recall": 0.75, "f1-score": 0.8571428571428571, "precision": 1.0, "support": 16}, "weighted avg": {"recall": 0.8476190476190476, "f1-score": 0.8510524226829915, "precision": 0.8716939407341884, "support": 105}, "gunshot": {"recall": 0.7619047619047619, "f1-score": 0.8421052631578947, "precision": 0.9411764705882353, "support": 21}, "macro avg": {"recall": 0.8264730958696476, "f1-score": 0.8461146080941839, "precision": 0.886609907120743, "support": 105}, "casual": {"recall": 0.896551724137931, "f1-score": 0.7761194029850746, "precision": 0.6842105263157895, "support": 29}}