{"classificador": "Perceptron", "accuracy": 0.819047619047619, "explosion": {"recall": 0.8461538461538461, "f1-score": 0.868421052631579, "precision": 0.8918918918918919, "support": 39}, "siren": {"recall": 0.9375, "f1-score": 0.8571428571428572, "precision": 0.7894736842105263, "support": 16}, "weighted avg": {"recall": 0.819047619047619, "f1-score": 0.8208609435677107, "precision": 0.8275605462362678, "support": 105}, "gunshot": {"recall": 0.8095238095238095, "f1-score": 0.8717948717948718, "precision": 0.9444444444444444, "support": 21}, "macro avg": {"recall": 0.8293288966780346, "f1-score": 0.824339695392327, "precision": 0.8258073438463931, "support": 105}, "casual": {"recall": 0.7241379310344828, "f1-score": 0.7, "precision": 0.6774193548387096, "support": 29}}