{"classificador": "SGDClassifier", "accuracy": 0.6285714285714286, "explosion": {"recall": 0.717948717948718, "f1-score": 0.7466666666666666, "precision": 0.7777777777777778, "support": 39}, "siren": {"recall": 0.75, "f1-score": 0.6486486486486486, "precision": 0.5714285714285714, "support": 16}, "weighted avg": {"recall": 0.6285714285714286, "f1-score": 0.6197124471410186, "precision": 0.682119351805763, "support": 105}, "gunshot": {"recall": 0.2857142857142857, "f1-score": 0.42857142857142855, "precision": 0.8571428571428571, "support": 21}, "macro avg": {"recall": 0.6108295440191992, "f1-score": 0.5988288288288288, "precision": 0.6735385210994966, "support": 105}, "casual": {"recall": 0.6896551724137931, "f1-score": 0.5714285714285714, "precision": 0.4878048780487805, "support": 29}}