{"classificador": "Perceptron", "accuracy": 0.6666666666666666, "explosion": {"recall": 0.717948717948718, "f1-score": 0.717948717948718, "precision": 0.717948717948718, "support": 39}, "siren": {"recall": 1.0, "f1-score": 0.8421052631578948, "precision": 0.7272727272727273, "support": 16}, "weighted avg": {"recall": 0.6666666666666666, "f1-score": 0.6480899217741323, "precision": 0.6982098982098983, "support": 105}, "gunshot": {"recall": 0.2857142857142857, "f1-score": 0.42857142857142855, "precision": 0.8571428571428571, "support": 21}, "macro avg": {"recall": 0.6733295440191992, "f1-score": 0.6486715039346619, "precision": 0.7107262107262107, "support": 105}, "casual": {"recall": 0.6896551724137931, "f1-score": 0.6060606060606061, "precision": 0.5405405405405406, "support": 29}}