{"classificador": "LinearSVC", "accuracy": 0.7428571428571429, "explosion": {"recall": 0.7948717948717948, "f1-score": 0.7948717948717948, "precision": 0.7948717948717948, "support": 39}, "siren": {"recall": 1.0, "f1-score": 0.888888888888889, "precision": 0.8, "support": 16}, "weighted avg": {"recall": 0.7428571428571429, "f1-score": 0.7306559702854093, "precision": 0.7843107769423558, "support": 105}, "gunshot": {"recall": 0.38095238095238093, "f1-score": 0.5517241379310345, "precision": 1.0, "support": 21}, "macro avg": {"recall": 0.7422319060250094, "f1-score": 0.7305129964677056, "precision": 0.8000337381916329, "support": 105}, "casual": {"recall": 0.7931034482758621, "f1-score": 0.6865671641791046, "precision": 0.6052631578947368, "support": 29}}