{"classificador": "LinearSVC", "accuracy": 0.7523809523809524, "explosion": {"recall": 0.7435897435897436, "f1-score": 0.8169014084507042, "precision": 0.90625, "support": 39}, "siren": {"recall": 0.875, "f1-score": 0.7777777777777777, "precision": 0.7, "support": 16}, "weighted avg": {"recall": 0.7523809523809524, "f1-score": 0.7598587795770895, "precision": 0.7875305662805663, "support": 105}, "gunshot": {"recall": 0.7142857142857143, "f1-score": 0.8108108108108109, "precision": 0.9375, "support": 21}, "macro avg": {"recall": 0.7642533472274852, "f1-score": 0.7604634083507323, "precision": 0.7778293918918919, "support": 105}, "casual": {"recall": 0.7241379310344828, "f1-score": 0.6363636363636365, "precision": 0.5675675675675675, "support": 29}}