{"casual": {"precision": 0.7407407407407407, "recall": 0.6896551724137931, "f1-score": 0.7142857142857143, "support": 29}, "explosion": {"precision": 0.9411764705882353, "recall": 0.8205128205128205, "f1-score": 0.8767123287671232, "support": 39}, "gunshot": {"precision": 0.6153846153846154, "recall": 0.7619047619047619, "f1-score": 0.6808510638297872, "support": 21}, "siren": {"precision": 0.8333333333333334, "recall": 0.9375, "f1-score": 0.8823529411764706, "support": 16}, "accuracy": 0.7904761904761904, "macro avg": {"precision": 0.7826587900117312, "recall": 0.8023931887078439, "f1-score": 0.7885505120147739, "support": 105}, "weighted avg": {"precision": 0.8042264199126943, "recall": 0.7904761904761904, "f1-score": 0.7935389136709771, "support": 105}, "classificador": "SVC"}