{"casual": {"precision": 0.64, "recall": 0.5517241379310345, "f1-score": 0.5925925925925927, "support": 29}, "explosion": {"precision": 0.7714285714285715, "recall": 0.6923076923076923, "f1-score": 0.7297297297297296, "support": 39}, "gunshot": {"precision": 0.5555555555555556, "recall": 0.7142857142857143, "f1-score": 0.6250000000000001, "support": 21}, "siren": {"precision": 0.7777777777777778, "recall": 0.875, "f1-score": 0.823529411764706, "support": 16}, "accuracy": 0.6857142857142857, "macro avg": {"precision": 0.6861904761904762, "recall": 0.7083293861311103, "f1-score": 0.6927129335217571, "support": 105}, "weighted avg": {"precision": 0.6929221466364323, "recall": 0.6857142857142857, "f1-score": 0.6852010974559993, "support": 105}, "classificador": "LinearDiscriminantAnalysis"}