{"casual": {"precision": 0.5294117647058824, "recall": 0.6206896551724138, "f1-score": 0.5714285714285715, "support": 29}, "explosion": {"precision": 0.8461538461538461, "recall": 0.5641025641025641, "f1-score": 0.676923076923077, "support": 39}, "gunshot": {"precision": 0.5, "recall": 0.6666666666666666, "f1-score": 0.5714285714285715, "support": 21}, "siren": {"precision": 0.8823529411764706, "recall": 0.9375, "f1-score": 0.9090909090909091, "support": 16}, "accuracy": 0.6571428571428571, "macro avg": {"precision": 0.6894796380090498, "recall": 0.6972397214854111, "f1-score": 0.6822177822177823, "support": 105}, "weighted avg": {"precision": 0.6949579831932773, "recall": 0.6571428571428571, "f1-score": 0.662065553494125, "support": 105}, "classificador": "Perceptron"}