{"casual": {"precision": 0.7586206896551724, "recall": 0.7586206896551724, "f1-score": 0.7586206896551724, "support": 29}, "explosion": {"precision": 0.8888888888888888, "recall": 0.8205128205128205, "f1-score": 0.8533333333333333, "support": 39}, "gunshot": {"precision": 0.6538461538461539, "recall": 0.8095238095238095, "f1-score": 0.7234042553191489, "support": 21}, "siren": {"precision": 0.9285714285714286, "recall": 0.8125, "f1-score": 0.8666666666666666, "support": 16}, "accuracy": 0.8, "macro avg": {"precision": 0.807481790240411, "recall": 0.8002893299229505, "f1-score": 0.8005062362435803, "support": 105}, "weighted avg": {"precision": 0.8119483690912263, "recall": 0.8, "f1-score": 0.8032205336035122, "support": 105}, "classificador": "KNeighborsClassifier"}