{"casual": {"precision": 0.6666666666666666, "recall": 0.6896551724137931, "f1-score": 0.6779661016949153, "support": 29}, "explosion": {"precision": 0.9428571428571428, "recall": 0.8461538461538461, "f1-score": 0.8918918918918919, "support": 39}, "gunshot": {"precision": 0.7, "recall": 0.6666666666666666, "f1-score": 0.6829268292682926, "support": 21}, "siren": {"precision": 0.8, "recall": 1.0, "f1-score": 0.888888888888889, "support": 16}, "accuracy": 0.7904761904761904, "macro avg": {"precision": 0.7773809523809523, "recall": 0.8006189213085765, "f1-score": 0.7854184279359971, "support": 105}, "weighted avg": {"precision": 0.796235827664399, "recall": 0.7904761904761904, "f1-score": 0.7905570130456449, "support": 105}, "classificador": "SVC"}