{"casual": {"precision": 0.5185185185185185, "recall": 0.4827586206896552, "f1-score": 0.5, "support": 29}, "explosion": {"precision": 0.8, "recall": 0.717948717948718, "f1-score": 0.7567567567567569, "support": 39}, "gunshot": {"precision": 0.7, "recall": 0.6666666666666666, "f1-score": 0.6829268292682926, "support": 21}, "siren": {"precision": 0.6956521739130435, "recall": 1.0, "f1-score": 0.8205128205128205, "support": 16}, "accuracy": 0.6857142857142857, "macro avg": {"precision": 0.6785426731078904, "recall": 0.71684350132626, "f1-score": 0.6900491016344675, "support": 105}, "weighted avg": {"precision": 0.6863568744728165, "recall": 0.6857142857142857, "f1-score": 0.6807922100605027, "support": 105}, "classificador": "SGDClassifier"}