{"casual": {"precision": 0.4594594594594595, "recall": 0.5862068965517241, "f1-score": 0.5151515151515151, "support": 29}, "explosion": {"precision": 0.7931034482758621, "recall": 0.5897435897435898, "f1-score": 0.676470588235294, "support": 39}, "gunshot": {"precision": 0.5833333333333334, "recall": 0.3333333333333333, "f1-score": 0.4242424242424242, "support": 21}, "siren": {"precision": 0.5925925925925926, "recall": 1.0, "f1-score": 0.7441860465116279, "support": 16}, "accuracy": 0.6, "macro avg": {"precision": 0.6071222084153118, "recall": 0.6273209549071618, "f1-score": 0.5900126435352153, "support": 105}, "weighted avg": {"precision": 0.6284460979863279, "recall": 0.6, "f1-score": 0.5917887098461654, "support": 105}, "classificador": "Perceptron"}