{"casual": {"precision": 0.5757575757575758, "recall": 0.6551724137931034, "f1-score": 0.6129032258064515, "support": 29}, "explosion": {"precision": 0.896551724137931, "recall": 0.6666666666666666, "f1-score": 0.7647058823529411, "support": 39}, "gunshot": {"precision": 0.65, "recall": 0.6190476190476191, "f1-score": 0.6341463414634146, "support": 21}, "siren": {"precision": 0.6521739130434783, "recall": 0.9375, "f1-score": 0.7692307692307693, "support": 16}, "accuracy": 0.6952380952380952, "macro avg": {"precision": 0.6936208032347462, "recall": 0.7195966748768473, "f1-score": 0.6952465547133941, "support": 105}, "weighted avg": {"precision": 0.7214025671147111, "recall": 0.6952380952380952, "f1-score": 0.697357032748341, "support": 105}, "classificador": "Perceptron"}