{"casual": {"precision": 0.6, "recall": 0.5172413793103449, "f1-score": 0.5555555555555556, "support": 29}, "explosion": {"precision": 0.8, "recall": 0.717948717948718, "f1-score": 0.7567567567567569, "support": 39}, "gunshot": {"precision": 0.6818181818181818, "recall": 0.7142857142857143, "f1-score": 0.6976744186046512, "support": 21}, "siren": {"precision": 0.6956521739130435, "recall": 1.0, "f1-score": 0.8205128205128205, "support": 16}, "accuracy": 0.7047619047619048, "macro avg": {"precision": 0.6943675889328063, "recall": 0.7373689528861943, "f1-score": 0.707624887857446, "support": 105}, "weighted avg": {"precision": 0.7052249200075288, "recall": 0.7047619047619048, "f1-score": 0.6990856432716899, "support": 105}, "classificador": "SGDClassifier"}