{"casual": {"precision": 0.7058823529411765, "recall": 0.8275862068965517, "f1-score": 0.7619047619047619, "support": 29}, "explosion": {"precision": 1.0, "recall": 0.8461538461538461, "f1-score": 0.9166666666666666, "support": 39}, "gunshot": {"precision": 0.9333333333333333, "recall": 0.6666666666666666, "f1-score": 0.7777777777777778, "support": 21}, "siren": {"precision": 0.6956521739130435, "recall": 1.0, "f1-score": 0.8205128205128205, "support": 16}, "accuracy": 0.8285714285714286, "macro avg": {"precision": 0.8337169650468884, "recall": 0.8351016799292661, "f1-score": 0.8192155067155067, "support": 105}, "weighted avg": {"precision": 0.8590573620752647, "recall": 0.8285714285714286, "f1-score": 0.8314931100645386, "support": 105}, "classificador": "SVC"}