{"casual": {"precision": 0.6923076923076923, "recall": 0.6206896551724138, "f1-score": 0.6545454545454545, "support": 29}, "explosion": {"precision": 0.7647058823529411, "recall": 0.6666666666666666, "f1-score": 0.7123287671232877, "support": 39}, "gunshot": {"precision": 0.45161290322580644, "recall": 0.6666666666666666, "f1-score": 0.5384615384615384, "support": 21}, "siren": {"precision": 0.8571428571428571, "recall": 0.75, "f1-score": 0.7999999999999999, "support": 16}, "accuracy": 0.6666666666666666, "macro avg": {"precision": 0.6914423337573242, "recall": 0.6760057471264368, "f1-score": 0.6763339400325701, "support": 105}, "weighted avg": {"precision": 0.6961772301972897, "recall": 0.6666666666666666, "f1-score": 0.6749555467363687, "support": 105}, "classificador": "LinearDiscriminantAnalysis"}