{"casual": {"precision": 0.6296296296296297, "recall": 0.5862068965517241, "f1-score": 0.6071428571428571, "support": 29}, "explosion": {"precision": 0.8333333333333334, "recall": 0.7692307692307693, "f1-score": 0.8, "support": 39}, "gunshot": {"precision": 0.6818181818181818, "recall": 0.7142857142857143, "f1-score": 0.6976744186046512, "support": 21}, "siren": {"precision": 0.75, "recall": 0.9375, "f1-score": 0.8333333333333334, "support": 16}, "accuracy": 0.7333333333333333, "macro avg": {"precision": 0.7236952861952862, "recall": 0.7518058450170519, "f1-score": 0.7345376522702104, "support": 105}, "weighted avg": {"precision": 0.7340708674042008, "recall": 0.7333333333333333, "f1-score": 0.7313489426778463, "support": 105}, "classificador": "SGDClassifier"}