{"casual": {"precision": 0.7586206896551724, "recall": 0.7586206896551724, "f1-score": 0.7586206896551724, "support": 29}, "explosion": {"precision": 0.9428571428571428, "recall": 0.8461538461538461, "f1-score": 0.8918918918918919, "support": 39}, "gunshot": {"precision": 0.8823529411764706, "recall": 0.7142857142857143, "f1-score": 0.7894736842105262, "support": 21}, "siren": {"precision": 0.6666666666666666, "recall": 1.0, "f1-score": 0.8, "support": 16}, "accuracy": 0.819047619047619, "macro avg": {"precision": 0.8126243600888631, "recall": 0.8297650625236832, "f1-score": 0.8099965664393975, "support": 105}, "weighted avg": {"precision": 0.8377857809790583, "recall": 0.819047619047619, "f1-score": 0.8205974395448079, "support": 105}, "classificador": "SVC"}