{"casual": {"precision": 0.7142857142857143, "recall": 0.6896551724137931, "f1-score": 0.7017543859649122, "support": 29}, "explosion": {"precision": 0.9142857142857143, "recall": 0.8205128205128205, "f1-score": 0.8648648648648648, "support": 39}, "gunshot": {"precision": 0.68, "recall": 0.8095238095238095, "f1-score": 0.7391304347826089, "support": 21}, "siren": {"precision": 0.8823529411764706, "recall": 0.9375, "f1-score": 0.9090909090909091, "support": 16}, "accuracy": 0.8, "macro avg": {"precision": 0.7977310924369748, "recall": 0.8142979506126058, "f1-score": 0.8037101486758238, "support": 105}, "weighted avg": {"precision": 0.8073245298119248, "recall": 0.8, "f1-score": 0.8014076247485857, "support": 105}, "classificador": "KNeighborsClassifier"}