{"casual": {"precision": 0.68, "recall": 0.5862068965517241, "f1-score": 0.6296296296296295, "support": 29}, "explosion": {"precision": 0.8125, "recall": 0.6666666666666666, "f1-score": 0.7323943661971831, "support": 39}, "gunshot": {"precision": 0.46875, "recall": 0.7142857142857143, "f1-score": 0.5660377358490566, "support": 21}, "siren": {"precision": 0.8125, "recall": 0.8125, "f1-score": 0.8125, "support": 16}, "accuracy": 0.6761904761904762, "macro avg": {"precision": 0.6934375, "recall": 0.6949148193760263, "f1-score": 0.6851404329189673, "support": 105}, "weighted avg": {"precision": 0.7071547619047619, "recall": 0.6761904761904762, "f1-score": 0.6829469713693295, "support": 105}, "classificador": "LinearDiscriminantAnalysis"}