{"casual": {"precision": 0.5277777777777778, "recall": 0.6551724137931034, "f1-score": 0.5846153846153845, "support": 29}, "explosion": {"precision": 0.7804878048780488, "recall": 0.8205128205128205, "f1-score": 0.8, "support": 39}, "gunshot": {"precision": 1.0, "recall": 0.5238095238095238, "f1-score": 0.6875000000000001, "support": 21}, "siren": {"precision": 0.8235294117647058, "recall": 0.875, "f1-score": 0.8484848484848485, "support": 16}, "accuracy": 0.7238095238095238, "macro avg": {"precision": 0.7829487486051332, "recall": 0.7186236895288619, "f1-score": 0.7301500582750583, "support": 105}, "weighted avg": {"precision": 0.7611528622289023, "recall": 0.7238095238095238, "f1-score": 0.7254009879009878, "support": 105}, "classificador": "LinearDiscriminantAnalysis"}