{"casual": {"precision": 0.625, "recall": 0.8620689655172413, "f1-score": 0.7246376811594203, "support": 29}, "explosion": {"precision": 0.90625, "recall": 0.7435897435897436, "f1-score": 0.8169014084507042, "support": 39}, "gunshot": {"precision": 0.9375, "recall": 0.7142857142857143, "f1-score": 0.8108108108108109, "support": 21}, "siren": {"precision": 0.9411764705882353, "recall": 1.0, "f1-score": 0.9696969696969697, "support": 16}, "accuracy": 0.8095238095238095, "macro avg": {"precision": 0.8524816176470589, "recall": 0.8299861058481748, "f1-score": 0.8305117175294763, "support": 105}, "weighted avg": {"precision": 0.8401435574229692, "recall": 0.8095238095238095, "f1-score": 0.8134840592893257, "support": 105}, "classificador": "SGDClassifier"}