{"casual": {"precision": 0.6388888888888888, "recall": 0.7931034482758621, "f1-score": 0.7076923076923076, "support": 29}, "explosion": {"precision": 0.8529411764705882, "recall": 0.7435897435897436, "f1-score": 0.7945205479452054, "support": 39}, "gunshot": {"precision": 0.8888888888888888, "recall": 0.7619047619047619, "f1-score": 0.8205128205128205, "support": 21}, "siren": {"precision": 0.8823529411764706, "recall": 0.9375, "f1-score": 0.9090909090909091, "support": 16}, "accuracy": 0.7904761904761904, "macro avg": {"precision": 0.8157679738562091, "recall": 0.8090244884425919, "f1-score": 0.8079541463103106, "support": 105}, "weighted avg": {"precision": 0.805493308434485, "recall": 0.7904761904761904, "f1-score": 0.7931962101825114, "support": 105}, "classificador": "SGDClassifier"}