{"casual": {"precision": 0.5609756097560976, "recall": 0.7931034482758621, "f1-score": 0.6571428571428573, "support": 29}, "explosion": {"precision": 0.9032258064516129, "recall": 0.717948717948718, "f1-score": 0.8, "support": 39}, "gunshot": {"precision": 0.875, "recall": 0.6666666666666666, "f1-score": 0.7567567567567567, "support": 21}, "siren": {"precision": 0.8235294117647058, "recall": 0.875, "f1-score": 0.8484848484848485, "support": 16}, "accuracy": 0.7523809523809524, "macro avg": {"precision": 0.7906827069931042, "recall": 0.7631797082228117, "f1-score": 0.7655961155961156, "support": 105}, "weighted avg": {"precision": 0.7909101878359527, "recall": 0.7523809523809524, "f1-score": 0.7592837364265936, "support": 105}, "classificador": "Perceptron"}