{"casual": {"precision": 0.5294117647058824, "recall": 0.6206896551724138, "f1-score": 0.5714285714285715, "support": 29}, "explosion": {"precision": 0.7931034482758621, "recall": 0.5897435897435898, "f1-score": 0.676470588235294, "support": 39}, "gunshot": {"precision": 0.6521739130434783, "recall": 0.7142857142857143, "f1-score": 0.6818181818181819, "support": 21}, "siren": {"precision": 0.7894736842105263, "recall": 0.9375, "f1-score": 0.8571428571428572, "support": 16}, "accuracy": 0.6761904761904762, "macro avg": {"precision": 0.6910407025589372, "recall": 0.7155547398004295, "f1-score": 0.6967150496562262, "support": 105}, "weighted avg": {"precision": 0.6915353026715303, "recall": 0.6761904761904762, "f1-score": 0.6760595147149769, "support": 105}, "classificador": "LinearDiscriminantAnalysis"}