{"casual": {"precision": 0.6764705882352942, "recall": 0.7931034482758621, "f1-score": 0.7301587301587301, "support": 29}, "explosion": {"precision": 0.9142857142857143, "recall": 0.8205128205128205, "f1-score": 0.8648648648648648, "support": 39}, "gunshot": {"precision": 0.8888888888888888, "recall": 0.7619047619047619, "f1-score": 0.8205128205128205, "support": 21}, "siren": {"precision": 0.8333333333333334, "recall": 0.9375, "f1-score": 0.8823529411764706, "support": 16}, "accuracy": 0.819047619047619, "macro avg": {"precision": 0.8282446311858077, "recall": 0.8282552576733611, "f1-score": 0.8244723391782215, "support": 105}, "weighted avg": {"precision": 0.8311884753901561, "recall": 0.819047619047619, "f1-score": 0.8214547542278635, "support": 105}, "classificador": "SVC"}