{"casual": {"precision": 0.7419354838709677, "recall": 0.7931034482758621, "f1-score": 0.7666666666666667, "support": 29}, "explosion": {"precision": 0.9705882352941176, "recall": 0.8461538461538461, "f1-score": 0.9041095890410958, "support": 39}, "gunshot": {"precision": 0.7391304347826086, "recall": 0.8095238095238095, "f1-score": 0.7727272727272727, "support": 21}, "siren": {"precision": 0.8235294117647058, "recall": 0.875, "f1-score": 0.8484848484848485, "support": 16}, "accuracy": 0.8285714285714286, "macro avg": {"precision": 0.8187958914280999, "recall": 0.8309452759883795, "f1-score": 0.8229970942299709, "support": 105}, "weighted avg": {"precision": 0.8387359993085594, "recall": 0.8285714285714286, "f1-score": 0.8313965486568227, "support": 105}, "classificador": "KNeighborsClassifier"}