{"casual": {"precision": 0.5714285714285714, "recall": 0.6896551724137931, "f1-score": 0.625, "support": 29}, "explosion": {"precision": 0.8064516129032258, "recall": 0.6410256410256411, "f1-score": 0.7142857142857142, "support": 39}, "gunshot": {"precision": 0.7142857142857143, "recall": 0.7142857142857143, "f1-score": 0.7142857142857143, "support": 21}, "siren": {"precision": 0.8333333333333334, "recall": 0.9375, "f1-score": 0.8823529411764706, "support": 16}, "accuracy": 0.7142857142857143, "macro avg": {"precision": 0.7313748079877113, "recall": 0.7456166319312871, "f1-score": 0.7339810924369747, "support": 105}, "weighted avg": {"precision": 0.7272035695998829, "recall": 0.7142857142857143, "f1-score": 0.715236094437775, "support": 105}, "classificador": "LinearDiscriminantAnalysis"}