{"casual": {"precision": 0.5306122448979592, "recall": 0.896551724137931, "f1-score": 0.6666666666666666, "support": 29}, "explosion": {"precision": 0.9, "recall": 0.46153846153846156, "f1-score": 0.6101694915254238, "support": 39}, "gunshot": {"precision": 1.0, "recall": 0.6190476190476191, "f1-score": 0.7647058823529412, "support": 21}, "siren": {"precision": 0.6521739130434783, "recall": 0.9375, "f1-score": 0.7692307692307693, "support": 16}, "accuracy": 0.6857142857142857, "macro avg": {"precision": 0.7706965394853593, "recall": 0.728659451181003, "f1-score": 0.7026932024439502, "support": 105}, "weighted avg": {"precision": 0.7802146448641569, "recall": 0.6857142857142857, "f1-score": 0.6809186603802756, "support": 105}, "classificador": "Perceptron"}