{"casual": {"precision": 0.7419354838709677, "recall": 0.7931034482758621, "f1-score": 0.7666666666666667, "support": 29}, "explosion": {"precision": 1.0, "recall": 0.9230769230769231, "f1-score": 0.9600000000000001, "support": 39}, "gunshot": {"precision": 0.8, "recall": 0.7619047619047619, "f1-score": 0.7804878048780488, "support": 21}, "siren": {"precision": 0.8333333333333334, "recall": 0.9375, "f1-score": 0.8823529411764706, "support": 16}, "accuracy": 0.8571428571428571, "macro avg": {"precision": 0.8438172043010753, "recall": 0.8538962833143868, "f1-score": 0.8473768531802965, "support": 105}, "weighted avg": {"precision": 0.8633282130056323, "recall": 0.8571428571428571, "f1-score": 0.8588688028056751, "support": 105}, "classificador": "KNeighborsClassifier"}