{"casual": {"precision": 0.5555555555555556, "recall": 0.5172413793103449, "f1-score": 0.5357142857142857, "support": 29}, "explosion": {"precision": 0.7647058823529411, "recall": 0.6666666666666666, "f1-score": 0.7123287671232877, "support": 39}, "gunshot": {"precision": 0.5769230769230769, "recall": 0.7142857142857143, "f1-score": 0.6382978723404256, "support": 21}, "siren": {"precision": 0.8333333333333334, "recall": 0.9375, "f1-score": 0.8823529411764706, "support": 16}, "accuracy": 0.6761904761904762, "macro avg": {"precision": 0.6826294620412268, "recall": 0.7089234400656814, "f1-score": 0.6921734665886174, "support": 105}, "weighted avg": {"precision": 0.6798415092532738, "recall": 0.6761904761904762, "f1-score": 0.6746517960142379, "support": 105}, "classificador": "LinearDiscriminantAnalysis"}