{"casual": {"precision": 0.5, "recall": 0.6896551724137931, "f1-score": 0.5797101449275363, "support": 29}, "explosion": {"precision": 0.7142857142857143, "recall": 0.5128205128205128, "f1-score": 0.5970149253731343, "support": 39}, "gunshot": {"precision": 0.5263157894736842, "recall": 0.47619047619047616, "f1-score": 0.5, "support": 21}, "siren": {"precision": 0.5555555555555556, "recall": 0.625, "f1-score": 0.5882352941176471, "support": 16}, "accuracy": 0.5714285714285714, "macro avg": {"precision": 0.5740392648287385, "recall": 0.5759165403561955, "f1-score": 0.5662400911045794, "support": 105}, "weighted avg": {"precision": 0.5933206030950392, "recall": 0.5714285714285714, "f1-score": 0.5714946761746014, "support": 105}, "classificador": "Perceptron"}