{"casual": {"precision": 0.6333333333333333, "recall": 0.6551724137931034, "f1-score": 0.6440677966101694, "support": 29}, "explosion": {"precision": 0.90625, "recall": 0.7435897435897436, "f1-score": 0.8169014084507042, "support": 39}, "gunshot": {"precision": 0.7391304347826086, "recall": 0.8095238095238095, "f1-score": 0.7727272727272727, "support": 21}, "siren": {"precision": 0.75, "recall": 0.9375, "f1-score": 0.8333333333333334, "support": 16}, "accuracy": 0.7619047619047619, "macro avg": {"precision": 0.7571784420289855, "recall": 0.7864464917266641, "f1-score": 0.7667574527803699, "support": 105}, "weighted avg": {"precision": 0.7736395790200139, "recall": 0.7619047619047619, "f1-score": 0.762835496113128, "support": 105}, "classificador": "SGDClassifier"}