{"casual": {"precision": 0.7272727272727273, "recall": 0.8275862068965517, "f1-score": 0.7741935483870968, "support": 29}, "explosion": {"precision": 0.9743589743589743, "recall": 0.9743589743589743, "f1-score": 0.9743589743589743, "support": 39}, "gunshot": {"precision": 0.875, "recall": 0.6666666666666666, "f1-score": 0.7567567567567567, "support": 21}, "siren": {"precision": 0.8235294117647058, "recall": 0.875, "f1-score": 0.8484848484848485, "support": 16}, "accuracy": 0.8571428571428571, "macro avg": {"precision": 0.8500402783491019, "recall": 0.8359029619805481, "f1-score": 0.838448531996919, "support": 105}, "weighted avg": {"precision": 0.8632607588489941, "recall": 0.8571428571428571, "f1-score": 0.8563739273416693, "support": 105}, "classificador": "KNeighborsClassifier"}