{"casual": {"precision": 0.45454545454545453, "recall": 0.6896551724137931, "f1-score": 0.547945205479452, "support": 29}, "explosion": {"precision": 0.6551724137931034, "recall": 0.48717948717948717, "f1-score": 0.5588235294117647, "support": 39}, "gunshot": {"precision": 0.5384615384615384, "recall": 0.3333333333333333, "f1-score": 0.41176470588235287, "support": 21}, "siren": {"precision": 0.631578947368421, "recall": 0.75, "f1-score": 0.6857142857142857, "support": 16}, "accuracy": 0.5523809523809524, "macro avg": {"precision": 0.5699395885421294, "recall": 0.5650419982316535, "f1-score": 0.5510619316219638, "support": 105}, "weighted avg": {"precision": 0.5728237884317738, "recall": 0.5523809523809524, "f1-score": 0.5457430095325801, "support": 105}, "classificador": "Perceptron"}