{"casual": {"precision": 0.76, "recall": 0.6551724137931034, "f1-score": 0.7037037037037037, "support": 29}, "explosion": {"precision": 0.9444444444444444, "recall": 0.8717948717948718, "f1-score": 0.9066666666666667, "support": 39}, "gunshot": {"precision": 0.7727272727272727, "recall": 0.8095238095238095, "f1-score": 0.7906976744186046, "support": 21}, "siren": {"precision": 0.7272727272727273, "recall": 1.0, "f1-score": 0.8421052631578948, "support": 16}, "accuracy": 0.819047619047619, "macro avg": {"precision": 0.8011111111111111, "recall": 0.8341227737779462, "f1-score": 0.8107933269867175, "support": 105}, "weighted avg": {"precision": 0.8260663780663781, "recall": 0.819047619047619, "f1-score": 0.8175785026735659, "support": 105}, "classificador": "SVC"}