{"casual": {"precision": 0.44680851063829785, "recall": 0.7241379310344828, "f1-score": 0.5526315789473684, "support": 29}, "explosion": {"precision": 0.6666666666666666, "recall": 0.358974358974359, "f1-score": 0.4666666666666667, "support": 39}, "gunshot": {"precision": 0.5, "recall": 0.42857142857142855, "f1-score": 0.4615384615384615, "support": 21}, "siren": {"precision": 0.5789473684210527, "recall": 0.6875, "f1-score": 0.6285714285714286, "support": 16}, "accuracy": 0.5238095238095238, "macro avg": {"precision": 0.5481056364315042, "recall": 0.5497959296450676, "f1-score": 0.5273520339309812, "support": 105}, "weighted avg": {"precision": 0.5592438543166427, "recall": 0.5238095238095238, "f1-score": 0.5140549175135641, "support": 105}, "classificador": "Perceptron"}