{"casual": {"precision": 0.7142857142857143, "recall": 0.6896551724137931, "f1-score": 0.7017543859649122, "support": 29}, "explosion": {"precision": 0.9428571428571428, "recall": 0.8461538461538461, "f1-score": 0.8918918918918919, "support": 39}, "gunshot": {"precision": 0.8, "recall": 0.7619047619047619, "f1-score": 0.7804878048780488, "support": 21}, "siren": {"precision": 0.7272727272727273, "recall": 1.0, "f1-score": 0.8421052631578948, "support": 16}, "accuracy": 0.8095238095238095, "macro avg": {"precision": 0.7961038961038962, "recall": 0.8244284451181003, "f1-score": 0.8040598364731869, "support": 105}, "weighted avg": {"precision": 0.8183055040197899, "recall": 0.8095238095238095, "f1-score": 0.8095103722831579, "support": 105}, "classificador": "SVC"}