{"casual": {"precision": 0.5526315789473685, "recall": 0.7241379310344828, "f1-score": 0.6268656716417911, "support": 29}, "explosion": {"precision": 0.8214285714285714, "recall": 0.5897435897435898, "f1-score": 0.6865671641791046, "support": 39}, "gunshot": {"precision": 0.5, "recall": 0.47619047619047616, "f1-score": 0.4878048780487805, "support": 21}, "siren": {"precision": 0.6842105263157895, "recall": 0.8125, "f1-score": 0.742857142857143, "support": 16}, "accuracy": 0.638095238095238, "macro avg": {"precision": 0.6395676691729323, "recall": 0.6506429992421372, "f1-score": 0.6360237141817048, "support": 105}, "weighted avg": {"precision": 0.6619942713927677, "recall": 0.638095238095238, "f1-score": 0.63890324386034, "support": 105}, "classificador": "SGDClassifier"}