{"casual": {"precision": 0.5, "recall": 0.7586206896551724, "f1-score": 0.6027397260273972, "support": 29}, "explosion": {"precision": 0.7037037037037037, "recall": 0.48717948717948717, "f1-score": 0.5757575757575758, "support": 39}, "gunshot": {"precision": 0.6923076923076923, "recall": 0.42857142857142855, "f1-score": 0.5294117647058824, "support": 21}, "siren": {"precision": 0.7142857142857143, "recall": 0.9375, "f1-score": 0.8108108108108109, "support": 16}, "accuracy": 0.6190476190476191, "macro avg": {"precision": 0.6525742775742776, "recall": 0.652967901351522, "f1-score": 0.6296799693254166, "support": 105}, "weighted avg": {"precision": 0.6467759753474038, "recall": 0.6190476190476191, "f1-score": 0.6097582622965378, "support": 105}, "classificador": "Perceptron"}