{"casual": {"precision": 0.7666666666666667, "recall": 0.7931034482758621, "f1-score": 0.7796610169491527, "support": 29}, "explosion": {"precision": 0.918918918918919, "recall": 0.8717948717948718, "f1-score": 0.8947368421052632, "support": 39}, "gunshot": {"precision": 0.75, "recall": 0.7142857142857143, "f1-score": 0.7317073170731706, "support": 21}, "siren": {"precision": 0.8333333333333334, "recall": 0.9375, "f1-score": 0.8823529411764706, "support": 16}, "accuracy": 0.8285714285714286, "macro avg": {"precision": 0.8172297297297298, "recall": 0.8291710085891121, "f1-score": 0.8221145293260143, "support": 105}, "weighted avg": {"precision": 0.8300429000429, "recall": 0.8285714285714286, "f1-score": 0.8284610195332456, "support": 105}, "classificador": "SVC"}