{"casual": {"precision": 0.6, "recall": 0.6206896551724138, "f1-score": 0.6101694915254238, "support": 29}, "explosion": {"precision": 0.84375, "recall": 0.6923076923076923, "f1-score": 0.7605633802816902, "support": 39}, "gunshot": {"precision": 0.6956521739130435, "recall": 0.7619047619047619, "f1-score": 0.7272727272727272, "support": 21}, "siren": {"precision": 0.8, "recall": 1.0, "f1-score": 0.888888888888889, "support": 16}, "accuracy": 0.7333333333333333, "macro avg": {"precision": 0.7348505434782608, "recall": 0.768725527346217, "f1-score": 0.7467236219921825, "support": 105}, "weighted avg": {"precision": 0.7401423395445135, "recall": 0.7333333333333333, "f1-score": 0.7319222531445019, "support": 105}, "classificador": "SGDClassifier"}