{"casual": {"precision": 0.6153846153846154, "recall": 0.5517241379310345, "f1-score": 0.5818181818181819, "support": 29}, "explosion": {"precision": 0.7878787878787878, "recall": 0.6666666666666666, "f1-score": 0.7222222222222221, "support": 39}, "gunshot": {"precision": 0.5172413793103449, "recall": 0.7142857142857143, "f1-score": 0.6000000000000001, "support": 21}, "siren": {"precision": 0.7647058823529411, "recall": 0.8125, "f1-score": 0.787878787878788, "support": 16}, "accuracy": 0.6666666666666666, "macro avg": {"precision": 0.6713026662316723, "recall": 0.6862941297208539, "f1-score": 0.672979797979798, "support": 105}, "weighted avg": {"precision": 0.6825789491103892, "recall": 0.6666666666666666, "f1-score": 0.6690043290043289, "support": 105}, "classificador": "LinearDiscriminantAnalysis"}