{"casual": {"precision": 0.7777777777777778, "recall": 0.7241379310344828, "f1-score": 0.75, "support": 29}, "explosion": {"precision": 0.8918918918918919, "recall": 0.8461538461538461, "f1-score": 0.868421052631579, "support": 39}, "gunshot": {"precision": 0.6956521739130435, "recall": 0.7619047619047619, "f1-score": 0.7272727272727272, "support": 21}, "siren": {"precision": 0.8333333333333334, "recall": 0.9375, "f1-score": 0.8823529411764706, "support": 16}, "accuracy": 0.8095238095238095, "macro avg": {"precision": 0.7996637942290117, "recall": 0.8174241347732727, "f1-score": 0.8070116802701942, "support": 105}, "weighted avg": {"precision": 0.8122035078556817, "recall": 0.8095238095238095, "f1-score": 0.8096075750874512, "support": 105}, "classificador": "SVC"}