{"casual": {"precision": 0.8, "recall": 0.8275862068965517, "f1-score": 0.8135593220338982, "support": 29}, "explosion": {"precision": 0.9736842105263158, "recall": 0.9487179487179487, "f1-score": 0.9610389610389611, "support": 39}, "gunshot": {"precision": 0.8, "recall": 0.7619047619047619, "f1-score": 0.7804878048780488, "support": 21}, "siren": {"precision": 0.8235294117647058, "recall": 0.875, "f1-score": 0.8484848484848485, "support": 16}, "accuracy": 0.8666666666666667, "macro avg": {"precision": 0.8493034055727553, "recall": 0.8533022293798156, "f1-score": 0.8508927341089392, "support": 105}, "weighted avg": {"precision": 0.8680967123691582, "recall": 0.8666666666666667, "f1-score": 0.8670451552161823, "support": 105}, "classificador": "KNeighborsClassifier"}