{"casual": {"precision": 0.7272727272727273, "recall": 0.8275862068965517, "f1-score": 0.7741935483870968, "support": 29}, "explosion": {"precision": 0.868421052631579, "recall": 0.8461538461538461, "f1-score": 0.8571428571428572, "support": 39}, "gunshot": {"precision": 0.8, "recall": 0.7619047619047619, "f1-score": 0.7804878048780488, "support": 21}, "siren": {"precision": 0.9285714285714286, "recall": 0.8125, "f1-score": 0.8666666666666666, "support": 16}, "accuracy": 0.819047619047619, "macro avg": {"precision": 0.8310663021189337, "recall": 0.8120362037387899, "f1-score": 0.8196227192686674, "support": 105}, "weighted avg": {"precision": 0.8249187904827002, "recall": 0.819047619047619, "f1-score": 0.8203532847705041, "support": 105}, "classificador": "KNeighborsClassifier"}