{"casual": {"precision": 0.6785714285714286, "recall": 0.6551724137931034, "f1-score": 0.6666666666666666, "support": 29}, "explosion": {"precision": 0.9142857142857143, "recall": 0.8205128205128205, "f1-score": 0.8648648648648648, "support": 39}, "gunshot": {"precision": 0.6086956521739131, "recall": 0.6666666666666666, "f1-score": 0.6363636363636365, "support": 21}, "siren": {"precision": 0.8421052631578947, "recall": 1.0, "f1-score": 0.9142857142857143, "support": 16}, "accuracy": 0.7714285714285715, "macro avg": {"precision": 0.7609145145472377, "recall": 0.7855879752431476, "f1-score": 0.7705452205452205, "support": 105}, "weighted avg": {"precision": 0.7770667351608835, "recall": 0.7714285714285715, "f1-score": 0.771954960526389, "support": 105}, "classificador": "SVC"}