{"classificador": "BaggingClassifier", "accuracy": 0.780952380952381, "explosion": {"recall": 0.7692307692307693, "f1-score": 0.8450704225352113, "precision": 0.9375, "support": 39}, "siren": {"recall": 0.8125, "f1-score": 0.8387096774193549, "precision": 0.8666666666666667, "support": 16}, "weighted avg": {"recall": 0.780952380952381, "f1-score": 0.7887076497654578, "precision": 0.8398544973544975, "support": 105}, "gunshot": {"recall": 0.6190476190476191, "f1-score": 0.7647058823529412, "precision": 1.0, "support": 21}, "macro avg": {"recall": 0.7743325281040798, "f1-score": 0.7877971712525526, "precision": 0.845486111111111, "support": 105}, "casual": {"recall": 0.896551724137931, "f1-score": 0.7027027027027027, "precision": 0.5777777777777777, "support": 29}}