{"classificador": "BaggingClassifier", "accuracy": 0.8476190476190476, "explosion": {"recall": 0.9230769230769231, "f1-score": 0.9230769230769231, "precision": 0.9230769230769231, "support": 39}, "siren": {"recall": 0.875, "f1-score": 0.9032258064516129, "precision": 0.9333333333333333, "support": 16}, "weighted avg": {"recall": 0.8476190476190476, "f1-score": 0.8497267606945026, "precision": 0.8716945516945518, "support": 105}, "gunshot": {"recall": 0.6666666666666666, "f1-score": 0.8, "precision": 1.0, "support": 21}, "macro avg": {"recall": 0.8317031388152077, "f1-score": 0.8459696217760735, "precision": 0.8830214830214831, "support": 105}, "casual": {"recall": 0.8620689655172413, "f1-score": 0.7575757575757576, "precision": 0.6756756756756757, "support": 29}}