{"classificador": "SGDClassifier", "accuracy": 0.780952380952381, "explosion": {"recall": 0.7435897435897436, "f1-score": 0.8285714285714285, "precision": 0.9354838709677419, "support": 39}, "siren": {"recall": 1.0, "f1-score": 0.8648648648648648, "precision": 0.7619047619047619, "support": 16}, "weighted avg": {"recall": 0.780952380952381, "f1-score": 0.7847229013966753, "precision": 0.8173997974968144, "support": 105}, "gunshot": {"recall": 0.6666666666666666, "f1-score": 0.7777777777777778, "precision": 0.9333333333333333, "support": 21}, "macro avg": {"recall": 0.8008399646330681, "f1-score": 0.7894453088482939, "precision": 0.8089962810251434, "support": 105}, "casual": {"recall": 0.7931034482758621, "f1-score": 0.6865671641791046, "precision": 0.6052631578947368, "support": 29}}