{"classificador": "BaggingClassifier", "accuracy": 0.6952380952380952, "explosion": {"recall": 0.7692307692307693, "f1-score": 0.8333333333333333, "precision": 0.9090909090909091, "support": 39}, "siren": {"recall": 0.875, "f1-score": 0.8484848484848485, "precision": 0.8235294117647058, "support": 16}, "weighted avg": {"recall": 0.6952380952380952, "f1-score": 0.6933606836832643, "precision": 0.738178988767224, "support": 105}, "gunshot": {"recall": 0.3333333333333333, "f1-score": 0.45161290322580644, "precision": 0.7, "support": 21}, "macro avg": {"recall": 0.6840461980548187, "f1-score": 0.6820064199096457, "precision": 0.730377302436126, "support": 105}, "casual": {"recall": 0.7586206896551724, "f1-score": 0.5945945945945945, "precision": 0.4888888888888889, "support": 29}}