{"casual": {"precision": 0.575, "recall": 0.7931034482758621, "f1-score": 0.6666666666666666, "support": 29}, "explosion": {"precision": 0.8064516129032258, "recall": 0.6410256410256411, "f1-score": 0.7142857142857142, "support": 39}, "gunshot": {"precision": 0.8181818181818182, "recall": 0.8571428571428571, "f1-score": 0.8372093023255814, "support": 21}, "siren": {"precision": 1.0, "recall": 0.75, "f1-score": 0.8571428571428571, "support": 16}, "accuracy": 0.7428571428571429, "macro avg": {"precision": 0.799908357771261, "recall": 0.7603179866110901, "f1-score": 0.7688261351052049, "support": 105}, "weighted avg": {"precision": 0.7743660103337523, "recall": 0.7428571428571429, "f1-score": 0.7474872119390391, "support": 105}, "classificador": "KNeighborsClassifier"}