{"classificador": "KNeighborsClassifier", "accuracy": 0.8476190476190476, "explosion": {"recall": 0.8974358974358975, "f1-score": 0.8860759493670887, "precision": 0.875, "support": 39}, "siren": {"recall": 0.8125, "f1-score": 0.8666666666666666, "precision": 0.9285714285714286, "support": 16}, "weighted avg": {"recall": 0.8476190476190476, "f1-score": 0.8493612752657259, "precision": 0.8562512883941455, "support": 105}, "gunshot": {"recall": 0.8095238095238095, "f1-score": 0.8717948717948718, "precision": 0.9444444444444444, "support": 21}, "macro avg": {"recall": 0.8367614784640647, "f1-score": 0.849682759053931, "precision": 0.86882215007215, "support": 105}, "casual": {"recall": 0.8275862068965517, "f1-score": 0.7741935483870968, "precision": 0.7272727272727273, "support": 29}}