{"classificador": "SGDClassifier", "accuracy": 0.7047619047619048, "explosion": {"recall": 0.8461538461538461, "f1-score": 0.8048780487804877, "precision": 0.7674418604651163, "support": 39}, "siren": {"recall": 0.8125, "f1-score": 0.8125, "precision": 0.8125, "support": 16}, "weighted avg": {"recall": 0.7047619047619048, "f1-score": 0.6877745796091501, "precision": 0.760764119601329, "support": 105}, "gunshot": {"recall": 0.2857142857142857, "f1-score": 0.4444444444444445, "precision": 1.0, "support": 21}, "macro avg": {"recall": 0.675747205380826, "f1-score": 0.6748759131613056, "precision": 0.7824854651162791, "support": 105}, "casual": {"recall": 0.7586206896551724, "f1-score": 0.6376811594202898, "precision": 0.55, "support": 29}}