{"classificador": "Perceptron", "accuracy": 0.7333333333333333, "explosion": {"recall": 0.6923076923076923, "f1-score": 0.7605633802816902, "precision": 0.84375, "support": 39}, "siren": {"recall": 1.0, "f1-score": 0.8648648648648648, "precision": 0.7619047619047619, "support": 16}, "weighted avg": {"recall": 0.7333333333333333, "f1-score": 0.7359896585374828, "precision": 0.7678384950471416, "support": 105}, "gunshot": {"recall": 0.6190476190476191, "f1-score": 0.742857142857143, "precision": 0.9285714285714286, "support": 21}, "macro avg": {"recall": 0.7588733105974486, "f1-score": 0.7487877649113723, "precision": 0.7717144423558897, "support": 105}, "casual": {"recall": 0.7241379310344828, "f1-score": 0.6268656716417911, "precision": 0.5526315789473685, "support": 29}}