{"classificador": "BaggingClassifier", "accuracy": 0.7619047619047619, "explosion": {"recall": 0.8974358974358975, "f1-score": 0.8974358974358975, "precision": 0.8974358974358975, "support": 39}, "siren": {"recall": 0.75, "f1-score": 0.7999999999999999, "precision": 0.8571428571428571, "support": 16}, "weighted avg": {"recall": 0.7619047619047619, "f1-score": 0.7537037037037037, "precision": 0.802299214259347, "support": 105}, "gunshot": {"recall": 0.38095238095238093, "f1-score": 0.5333333333333333, "precision": 0.8888888888888888, "support": 21}, "macro avg": {"recall": 0.72261431097638, "f1-score": 0.7313034188034188, "precision": 0.8062157480762132, "support": 105}, "casual": {"recall": 0.8620689655172413, "f1-score": 0.6944444444444445, "precision": 0.5813953488372093, "support": 29}}