{"classificador": "BaggingClassifier", "accuracy": 0.7523809523809524, "explosion": {"recall": 0.717948717948718, "f1-score": 0.8115942028985509, "precision": 0.9333333333333333, "support": 39}, "siren": {"recall": 0.8125, "f1-score": 0.7222222222222223, "precision": 0.65, "support": 16}, "weighted avg": {"recall": 0.7523809523809524, "f1-score": 0.7622958362088798, "precision": 0.8045238095238094, "support": 105}, "gunshot": {"recall": 0.7142857142857143, "f1-score": 0.8333333333333333, "precision": 1.0, "support": 21}, "macro avg": {"recall": 0.7594594701275736, "f1-score": 0.7584541062801933, "precision": 0.7895833333333333, "support": 105}, "casual": {"recall": 0.7931034482758621, "f1-score": 0.6666666666666666, "precision": 0.575, "support": 29}}