{"classificador": "SGDClassifier", "accuracy": 0.8095238095238095, "explosion": {"recall": 0.7948717948717948, "f1-score": 0.8378378378378378, "precision": 0.8857142857142857, "support": 39}, "siren": {"recall": 0.9375, "f1-score": 0.9375, "precision": 0.9375, "support": 16}, "weighted avg": {"recall": 0.8095238095238095, "f1-score": 0.8140840200541694, "precision": 0.8337728249194414, "support": 105}, "gunshot": {"recall": 0.7142857142857143, "f1-score": 0.8108108108108109, "precision": 0.9375, "support": 21}, "macro avg": {"recall": 0.8185609290135152, "f1-score": 0.8256416397741024, "precision": 0.8480733082706766, "support": 105}, "casual": {"recall": 0.8275862068965517, "f1-score": 0.716417910447761, "precision": 0.631578947368421, "support": 29}}