{"casual": {"precision": 0.4, "recall": 0.6896551724137931, "f1-score": 0.5063291139240508, "support": 29}, "explosion": {"precision": 0.7380952380952381, "recall": 0.7948717948717948, "f1-score": 0.7654320987654322, "support": 39}, "gunshot": {"precision": 0.0, "recall": 0.0, "f1-score": 0.0, "support": 21}, "siren": {"precision": 0.7692307692307693, "recall": 0.625, "f1-score": 0.6896551724137931, "support": 16}, "accuracy": 0.580952380952381, "macro avg": {"precision": 0.4768315018315018, "recall": 0.527381741821397, "f1-score": 0.49035409627581905, "support": 105}, "weighted avg": {"precision": 0.5018419675562532, "recall": 0.580952380952381, "f1-score": 0.5292369420406668, "support": 105}, "classificador": "SGDClassifier"}