{"casual": {"precision": 0.33783783783783783, "recall": 0.8620689655172413, "f1-score": 0.4854368932038835, "support": 29}, "explosion": {"precision": 0.84, "recall": 0.5384615384615384, "f1-score": 0.6562499999999999, "support": 39}, "gunshot": {"precision": 0.0, "recall": 0.0, "f1-score": 0.0, "support": 21}, "siren": {"precision": 1.0, "recall": 0.375, "f1-score": 0.5454545454545454, "support": 16}, "accuracy": 0.49523809523809526, "macro avg": {"precision": 0.5444594594594594, "recall": 0.44388262599469497, "f1-score": 0.4217853596646072, "support": 105}, "weighted avg": {"precision": 0.5576885456885456, "recall": 0.49523809523809526, "f1-score": 0.460939929811289, "support": 105}, "classificador": "BaggingClassifier"}