{"casual": {"precision": 0.7777777777777778, "recall": 0.7241379310344828, "f1-score": 0.75, "support": 29}, "explosion": {"precision": 0.9459459459459459, "recall": 0.8974358974358975, "f1-score": 0.9210526315789475, "support": 39}, "gunshot": {"precision": 0.7727272727272727, "recall": 0.8095238095238095, "f1-score": 0.7906976744186046, "support": 21}, "siren": {"precision": 0.7894736842105263, "recall": 0.9375, "f1-score": 0.8571428571428572, "support": 16}, "accuracy": 0.8380952380952381, "macro avg": {"precision": 0.8214811701653808, "recall": 0.8421494094985474, "f1-score": 0.8297232907851023, "support": 105}, "weighted avg": {"precision": 0.84101237259132, "recall": 0.8380952380952381, "f1-score": 0.837999900082432, "support": 105}, "classificador": "SVC", "mediaTempoClassificacaoCadaAudio": 0.04719532103765579, "desvioTempoClassificacaoCadaAudio": 0.03430895479551156}