{"casual": {"precision": 0.5806451612903226, "recall": 0.6206896551724138, "f1-score": 0.6000000000000001, "support": 29}, "explosion": {"precision": 0.8125, "recall": 0.6666666666666666, "f1-score": 0.7323943661971831, "support": 39}, "gunshot": {"precision": 0.6521739130434783, "recall": 0.7142857142857143, "f1-score": 0.6818181818181819, "support": 21}, "siren": {"precision": 0.7894736842105263, "recall": 0.9375, "f1-score": 0.8571428571428572, "support": 16}, "accuracy": 0.7047619047619048, "macro avg": {"precision": 0.7086981896360818, "recall": 0.7347855090311987, "f1-score": 0.7178388512895556, "support": 105}, "weighted avg": {"precision": 0.7128899123685793, "recall": 0.7047619047619048, "f1-score": 0.7047223601348351, "support": 105}, "classificador": "LinearDiscriminantAnalysis"}