{"casual": {"precision": 0.49019607843137253, "recall": 0.8620689655172413, "f1-score": 0.625, "support": 29}, "explosion": {"precision": 0.8571428571428571, "recall": 0.46153846153846156, "f1-score": 0.6, "support": 39}, "gunshot": {"precision": 0.8125, "recall": 0.6190476190476191, "f1-score": 0.7027027027027026, "support": 21}, "siren": {"precision": 0.8235294117647058, "recall": 0.875, "f1-score": 0.8484848484848485, "support": 16}, "accuracy": 0.6666666666666666, "macro avg": {"precision": 0.7458420868347337, "recall": 0.7044137615258305, "f1-score": 0.6940468877968878, "support": 105}, "weighted avg": {"precision": 0.7417450313458716, "recall": 0.6666666666666666, "f1-score": 0.6653096603096602, "support": 105}, "classificador": "Perceptron"}