{"casual": {"precision": 0.6111111111111112, "recall": 0.7586206896551724, "f1-score": 0.676923076923077, "support": 29}, "explosion": {"precision": 0.8333333333333334, "recall": 0.6410256410256411, "f1-score": 0.7246376811594204, "support": 39}, "gunshot": {"precision": 0.6818181818181818, "recall": 0.7142857142857143, "f1-score": 0.6976744186046512, "support": 21}, "siren": {"precision": 0.8823529411764706, "recall": 0.9375, "f1-score": 0.9090909090909091, "support": 16}, "accuracy": 0.7333333333333333, "macro avg": {"precision": 0.7521538918597742, "recall": 0.762858011241632, "f1-score": 0.7520815214445145, "support": 105}, "weighted avg": {"precision": 0.7491242961831198, "recall": 0.7333333333333333, "f1-score": 0.7341738679251318, "support": 105}, "classificador": "LinearDiscriminantAnalysis"}