{"casual": {"precision": 0.5428571428571428, "recall": 0.6551724137931034, "f1-score": 0.5937499999999999, "support": 29}, "explosion": {"precision": 0.8148148148148148, "recall": 0.5641025641025641, "f1-score": 0.6666666666666667, "support": 39}, "gunshot": {"precision": 0.625, "recall": 0.7142857142857143, "f1-score": 0.6666666666666666, "support": 21}, "siren": {"precision": 0.7368421052631579, "recall": 0.875, "f1-score": 0.7999999999999999, "support": 16}, "accuracy": 0.6666666666666666, "macro avg": {"precision": 0.6798785157337789, "recall": 0.7021401730453455, "f1-score": 0.6817708333333332, "support": 105}, "weighted avg": {"precision": 0.6898581771890042, "recall": 0.6666666666666666, "f1-score": 0.6668452380952381, "support": 105}, "classificador": "LinearDiscriminantAnalysis"}