{"casual": {"precision": 0.47058823529411764, "recall": 0.8275862068965517, "f1-score": 0.6, "support": 29}, "explosion": {"precision": 0.8235294117647058, "recall": 0.358974358974359, "f1-score": 0.5, "support": 39}, "gunshot": {"precision": 0.8823529411764706, "recall": 0.7142857142857143, "f1-score": 0.7894736842105262, "support": 21}, "siren": {"precision": 0.75, "recall": 0.9375, "f1-score": 0.8333333333333334, "support": 16}, "accuracy": 0.6476190476190476, "macro avg": {"precision": 0.7316176470588235, "recall": 0.7095865700391563, "f1-score": 0.6807017543859649, "support": 105}, "weighted avg": {"precision": 0.726610644257703, "recall": 0.6476190476190476, "f1-score": 0.6363074352548036, "support": 105}, "classificador": "Perceptron"}