{"casual": {"precision": 0.5333333333333333, "recall": 0.8275862068965517, "f1-score": 0.6486486486486487, "support": 29}, "explosion": {"precision": 0.782608695652174, "recall": 0.46153846153846156, "f1-score": 0.5806451612903226, "support": 39}, "gunshot": {"precision": 0.7894736842105263, "recall": 0.7142857142857143, "f1-score": 0.7500000000000001, "support": 21}, "siren": {"precision": 0.7777777777777778, "recall": 0.875, "f1-score": 0.823529411764706, "support": 16}, "accuracy": 0.6761904761904762, "macro avg": {"precision": 0.7207983727434528, "recall": 0.7196025956801819, "f1-score": 0.7007058054259193, "support": 105}, "weighted avg": {"precision": 0.7143980724758757, "recall": 0.6761904761904762, "f1-score": 0.6703089779939875, "support": 105}, "classificador": "SGDClassifier"}