{"casual": {"precision": 0.3548387096774194, "recall": 0.7586206896551724, "f1-score": 0.4835164835164835, "support": 29}, "explosion": {"precision": 0.7931034482758621, "recall": 0.5897435897435898, "f1-score": 0.676470588235294, "support": 39}, "gunshot": {"precision": 0.3333333333333333, "recall": 0.047619047619047616, "f1-score": 0.08333333333333333, "support": 21}, "siren": {"precision": 0.5454545454545454, "recall": 0.375, "f1-score": 0.4444444444444444, "support": 16}, "accuracy": 0.49523809523809526, "macro avg": {"precision": 0.50668250918529, "recall": 0.4427458317544524, "f1-score": 0.4219412123823888, "support": 105}, "weighted avg": {"precision": 0.5423679027683478, "recall": 0.49523809523809526, "f1-score": 0.4691946864215772, "support": 105}, "classificador": "LinearDiscriminantAnalysis"}