{"casual": {"precision": 0.3114754098360656, "recall": 0.6551724137931034, "f1-score": 0.4222222222222222, "support": 29}, "explosion": {"precision": 0.75, "recall": 0.6153846153846154, "f1-score": 0.676056338028169, "support": 39}, "gunshot": {"precision": 0.0, "recall": 0.0, "f1-score": 0.0, "support": 21}, "siren": {"precision": 0.8333333333333334, "recall": 0.625, "f1-score": 0.7142857142857143, "support": 16}, "accuracy": 0.5047619047619047, "macro avg": {"precision": 0.4737021857923498, "recall": 0.4738892572944297, "f1-score": 0.45314106863402637, "support": 105}, "weighted avg": {"precision": 0.49158209731980224, "recall": 0.5047619047619047, "f1-score": 0.4765639338677568, "support": 105}, "classificador": "BaggingClassifier"}