{"casual": {"precision": 0.6363636363636364, "recall": 0.7241379310344828, "f1-score": 0.6774193548387097, "support": 29}, "explosion": {"precision": 0.7948717948717948, "recall": 0.7948717948717948, "f1-score": 0.7948717948717948, "support": 39}, "gunshot": {"precision": 0.6470588235294118, "recall": 0.5238095238095238, "f1-score": 0.5789473684210527, "support": 21}, "siren": {"precision": 0.875, "recall": 0.875, "f1-score": 0.875, "support": 16}, "accuracy": 0.7333333333333333, "macro avg": {"precision": 0.7383235636912108, "recall": 0.7294548124289504, "f1-score": 0.7315596295328893, "support": 105}, "weighted avg": {"precision": 0.7337407690348867, "recall": 0.7333333333333333, "f1-score": 0.7314576764491875, "support": 105}, "classificador": "BaggingClassifier"}