{"casual": {"precision": 0.4883720930232558, "recall": 0.7241379310344828, "f1-score": 0.5833333333333334, "support": 29}, "explosion": {"precision": 0.7575757575757576, "recall": 0.6410256410256411, "f1-score": 0.6944444444444444, "support": 39}, "gunshot": {"precision": 1.0, "recall": 0.5714285714285714, "f1-score": 0.7272727272727273, "support": 21}, "siren": {"precision": 0.8823529411764706, "recall": 0.9375, "f1-score": 0.9090909090909091, "support": 16}, "accuracy": 0.6952380952380952, "macro avg": {"precision": 0.782075197943871, "recall": 0.7185230358721738, "f1-score": 0.7285353535353536, "support": 105}, "weighted avg": {"precision": 0.7507227838281191, "recall": 0.6952380952380952, "f1-score": 0.703030303030303, "support": 105}, "classificador": "BaggingClassifier"}