{"casual": {"precision": 0.5806451612903226, "recall": 0.6206896551724138, "f1-score": 0.6000000000000001, "support": 29}, "explosion": {"precision": 0.7666666666666667, "recall": 0.5897435897435898, "f1-score": 0.6666666666666667, "support": 39}, "gunshot": {"precision": 0.5909090909090909, "recall": 0.6190476190476191, "f1-score": 0.6046511627906977, "support": 21}, "siren": {"precision": 0.7272727272727273, "recall": 1.0, "f1-score": 0.8421052631578948, "support": 16}, "accuracy": 0.6666666666666666, "macro avg": {"precision": 0.666373411534702, "recall": 0.7073702159909057, "f1-score": 0.6783557731538148, "support": 105}, "weighted avg": {"precision": 0.674134897360704, "recall": 0.6666666666666666, "f1-score": 0.6625843678964854, "support": 105}, "classificador": "Perceptron"}