{"casual": {"precision": 0.5263157894736842, "recall": 0.6896551724137931, "f1-score": 0.5970149253731344, "support": 29}, "explosion": {"precision": 0.8275862068965517, "recall": 0.6153846153846154, "f1-score": 0.7058823529411765, "support": 39}, "gunshot": {"precision": 0.6666666666666666, "recall": 0.5714285714285714, "f1-score": 0.6153846153846153, "support": 21}, "siren": {"precision": 0.75, "recall": 0.9375, "f1-score": 0.8333333333333334, "support": 16}, "accuracy": 0.6761904761904762, "macro avg": {"precision": 0.6926421657592257, "recall": 0.7034920898067449, "f1-score": 0.687903806758065, "support": 105}, "weighted avg": {"precision": 0.7003716187019272, "recall": 0.6761904761904762, "f1-score": 0.6771357605422575, "support": 105}, "classificador": "SVC"}