{"casual": {"precision": 0.5, "recall": 0.6551724137931034, "f1-score": 0.5671641791044776, "support": 29}, "explosion": {"precision": 0.8, "recall": 0.717948717948718, "f1-score": 0.7567567567567569, "support": 39}, "gunshot": {"precision": 0.9285714285714286, "recall": 0.6190476190476191, "f1-score": 0.742857142857143, "support": 21}, "siren": {"precision": 0.8333333333333334, "recall": 0.9375, "f1-score": 0.8823529411764706, "support": 16}, "accuracy": 0.7142857142857143, "macro avg": {"precision": 0.7654761904761905, "recall": 0.7324171876973601, "f1-score": 0.737282754973712, "support": 105}, "weighted avg": {"precision": 0.7479365079365079, "recall": 0.7142857142857143, "f1-score": 0.7207516358701609, "support": 105}, "classificador": "LinearDiscriminantAnalysis"}