{"casual": {"precision": 0.5675675675675675, "recall": 0.7241379310344828, "f1-score": 0.6363636363636365, "support": 29}, "explosion": {"precision": 0.8125, "recall": 0.6666666666666666, "f1-score": 0.7323943661971831, "support": 39}, "gunshot": {"precision": 0.7777777777777778, "recall": 0.6666666666666666, "f1-score": 0.717948717948718, "support": 21}, "siren": {"precision": 0.8888888888888888, "recall": 1.0, "f1-score": 0.9411764705882353, "support": 16}, "accuracy": 0.7333333333333333, "macro avg": {"precision": 0.7616835585585585, "recall": 0.764367816091954, "f1-score": 0.7569707977744433, "support": 105}, "weighted avg": {"precision": 0.7495477620477621, "recall": 0.7333333333333333, "f1-score": 0.7347968794530518, "support": 105}, "classificador": "LinearDiscriminantAnalysis"}