{"casual": {"precision": 0.6470588235294118, "recall": 0.7586206896551724, "f1-score": 0.6984126984126984, "support": 29}, "explosion": {"precision": 0.8823529411764706, "recall": 0.7692307692307693, "f1-score": 0.8219178082191781, "support": 39}, "gunshot": {"precision": 0.7777777777777778, "recall": 0.6666666666666666, "f1-score": 0.717948717948718, "support": 21}, "siren": {"precision": 0.7894736842105263, "recall": 0.9375, "f1-score": 0.8571428571428572, "support": 16}, "accuracy": 0.7714285714285715, "macro avg": {"precision": 0.7741658066735466, "recall": 0.7830045313881521, "f1-score": 0.7738555204308629, "support": 105}, "weighted avg": {"precision": 0.7822988844660672, "recall": 0.7714285714285715, "f1-score": 0.7723806815783332, "support": 105}, "classificador": "SGDClassifier"}