{"casual": {"precision": 0.5652173913043478, "recall": 0.896551724137931, "f1-score": 0.6933333333333332, "support": 29}, "explosion": {"precision": 0.9583333333333334, "recall": 0.5897435897435898, "f1-score": 0.7301587301587301, "support": 39}, "gunshot": {"precision": 0.9411764705882353, "recall": 0.7619047619047619, "f1-score": 0.8421052631578947, "support": 21}, "siren": {"precision": 0.8333333333333334, "recall": 0.9375, "f1-score": 0.8823529411764706, "support": 16}, "accuracy": 0.7619047619047619, "macro avg": {"precision": 0.8245151321398124, "recall": 0.7964250189465707, "f1-score": 0.7869875669566072, "support": 105}, "weighted avg": {"precision": 0.8272794625096415, "recall": 0.7619047619047619, "f1-score": 0.7655687116952044, "support": 105}, "classificador": "Perceptron"}