{"casual": {"precision": 0.5641025641025641, "recall": 0.7586206896551724, "f1-score": 0.6470588235294118, "support": 29}, "explosion": {"precision": 0.8620689655172413, "recall": 0.6410256410256411, "f1-score": 0.7352941176470588, "support": 39}, "gunshot": {"precision": 0.9411764705882353, "recall": 0.7619047619047619, "f1-score": 0.8421052631578947, "support": 21}, "siren": {"precision": 0.75, "recall": 0.9375, "f1-score": 0.8333333333333334, "support": 16}, "accuracy": 0.7428571428571429, "macro avg": {"precision": 0.7793370000520101, "recall": 0.7747627731463939, "f1-score": 0.7644478844169247, "support": 105}, "weighted avg": {"precision": 0.7785178085380924, "recall": 0.7428571428571429, "f1-score": 0.7472259079070223, "support": 105}, "classificador": "Perceptron"}