{"casual": {"precision": 0.625, "recall": 0.8620689655172413, "f1-score": 0.7246376811594203, "support": 29}, "explosion": {"precision": 0.95, "recall": 0.48717948717948717, "f1-score": 0.6440677966101694, "support": 39}, "gunshot": {"precision": 0.45454545454545453, "recall": 0.7142857142857143, "f1-score": 0.5555555555555556, "support": 21}, "siren": {"precision": 1.0, "recall": 0.75, "f1-score": 0.8571428571428571, "support": 16}, "accuracy": 0.6761904761904762, "macro avg": {"precision": 0.7573863636363636, "recall": 0.7033835417456107, "f1-score": 0.6953509726170006, "support": 105}, "weighted avg": {"precision": 0.7687662337662338, "recall": 0.6761904761904762, "f1-score": 0.681086563832116, "support": 105}, "classificador": "KNeighborsClassifier", "mediaTempoClassificacaoCadaAudio": 0.043895880381266274, "desvioTempoClassificacaoCadaAudio": 0.03423205562507894}