{"casual": {"precision": 0.5714285714285714, "recall": 0.5517241379310345, "f1-score": 0.5614035087719299, "support": 29}, "explosion": {"precision": 0.7948717948717948, "recall": 0.7948717948717948, "f1-score": 0.7948717948717948, "support": 39}, "gunshot": {"precision": 0.7894736842105263, "recall": 0.7142857142857143, "f1-score": 0.7500000000000001, "support": 21}, "siren": {"precision": 0.8421052631578947, "recall": 1.0, "f1-score": 0.9142857142857143, "support": 16}, "accuracy": 0.7428571428571429, "macro avg": {"precision": 0.7494698284171968, "recall": 0.765220411772136, "f1-score": 0.7551402544823598, "support": 105}, "weighted avg": {"precision": 0.7392767633369137, "recall": 0.7428571428571429, "f1-score": 0.7396121255519752, "support": 105}, "classificador": "Perceptron", "mediaTempoClassificacaoCadaAudio": 0.005012891406104678, "desvioTempoClassificacaoCadaAudio": 0.003783671416144158}