{"casual": {"precision": 0.5862068965517241, "recall": 0.5862068965517241, "f1-score": 0.5862068965517241, "support": 29}, "explosion": {"precision": 0.7631578947368421, "recall": 0.7435897435897436, "f1-score": 0.7532467532467534, "support": 39}, "gunshot": {"precision": 0.8421052631578947, "recall": 0.7619047619047619, "f1-score": 0.8, "support": 21}, "siren": {"precision": 0.7894736842105263, "recall": 0.9375, "f1-score": 0.8571428571428572, "support": 16}, "accuracy": 0.7333333333333333, "macro avg": {"precision": 0.7452359346642468, "recall": 0.7573003505115574, "f1-score": 0.7491491267353337, "support": 105}, "weighted avg": {"precision": 0.7340852130325815, "recall": 0.7333333333333333, "f1-score": 0.7322943722943724, "support": 105}, "classificador": "Perceptron", "mediaTempoClassificacaoCadaAudio": 0.00500731695265997, "desvioTempoClassificacaoCadaAudio": 0.003501709595827499}