{"casual": {"precision": 0.6, "recall": 0.8275862068965517, "f1-score": 0.6956521739130435, "support": 29}, "explosion": {"precision": 0.6470588235294118, "recall": 0.8461538461538461, "f1-score": 0.7333333333333334, "support": 39}, "gunshot": {"precision": 0.0, "recall": 0.0, "f1-score": 0.0, "support": 21}, "siren": {"precision": 0.9285714285714286, "recall": 0.8125, "f1-score": 0.8666666666666666, "support": 16}, "accuracy": 0.6666666666666666, "macro avg": {"precision": 0.5439075630252102, "recall": 0.6215600132625995, "f1-score": 0.5739130434782609, "support": 105}, "weighted avg": {"precision": 0.5475470188075231, "recall": 0.6666666666666666, "f1-score": 0.5965769496204278, "support": 105}, "classificador": "QuadraticDiscriminantAnalysis", "mediaTempoClassificacaoCadaAudio": 0.007031724566505069, "desvioTempoClassificacaoCadaAudio": 0.0036271853752089284}