{"casual": {"precision": 0.5142857142857142, "recall": 0.6206896551724138, "f1-score": 0.5625, "support": 29}, "explosion": {"precision": 0.7083333333333334, "recall": 0.8717948717948718, "f1-score": 0.7816091954022988, "support": 39}, "gunshot": {"precision": 0.5, "recall": 0.19047619047619047, "f1-score": 0.27586206896551724, "support": 21}, "siren": {"precision": 0.7857142857142857, "recall": 0.6875, "f1-score": 0.7333333333333334, "support": 16}, "accuracy": 0.638095238095238, "macro avg": {"precision": 0.6270833333333333, "recall": 0.5926151793608689, "f1-score": 0.5883261494252874, "support": 105}, "weighted avg": {"precision": 0.6248639455782312, "recall": 0.638095238095238, "f1-score": 0.612587575259989, "support": 105}, "classificador": "DecisionTreeClassifier", "mediaTempoClassificacaoCadaAudio": 0.00501902216956729, "desvioTempoClassificacaoCadaAudio": 0.0016355103394372753}