{"casual": {"precision": 0.5641025641025641, "recall": 0.7586206896551724, "f1-score": 0.6470588235294118, "support": 29}, "explosion": {"precision": 0.9, "recall": 0.6923076923076923, "f1-score": 0.7826086956521738, "support": 39}, "gunshot": {"precision": 0.7647058823529411, "recall": 0.6190476190476191, "f1-score": 0.6842105263157895, "support": 21}, "siren": {"precision": 0.7894736842105263, "recall": 0.9375, "f1-score": 0.8571428571428572, "support": 16}, "accuracy": 0.7333333333333333, "macro avg": {"precision": 0.754570532666508, "recall": 0.7518690002526209, "f1-score": 0.742755225660058, "support": 105}, "weighted avg": {"precision": 0.7633273984357576, "recall": 0.7333333333333333, "f1-score": 0.7368490645686192, "support": 105}, "classificador": "SVC", "mediaTempoClassificacaoCadaAudio": 0.013484621047973632, "desvioTempoClassificacaoCadaAudio": 0.00876563496013666}