{"casual": {"precision": 0.43902439024390244, "recall": 0.6206896551724138, "f1-score": 0.5142857142857142, "support": 29}, "explosion": {"precision": 0.8378378378378378, "recall": 0.7948717948717948, "f1-score": 0.8157894736842105, "support": 39}, "gunshot": {"precision": 1.0, "recall": 0.38095238095238093, "f1-score": 0.5517241379310345, "support": 21}, "siren": {"precision": 0.7368421052631579, "recall": 0.875, "f1-score": 0.7999999999999999, "support": 16}, "accuracy": 0.6761904761904762, "macro avg": {"precision": 0.7534260833362246, "recall": 0.6678784577491474, "f1-score": 0.6704498314752398, "support": 105}, "weighted avg": {"precision": 0.744731968351994, "recall": 0.6761904761904762, "f1-score": 0.6772979246144918, "support": 105}, "classificador": "LinearDiscriminantAnalysis", "mediaTempoClassificacaoCadaAudio": 0.0055096648988269626, "desvioTempoClassificacaoCadaAudio": 0.004181712935568115}