{"casual": {"precision": 0.6, "recall": 0.7241379310344828, "f1-score": 0.65625, "support": 29}, "explosion": {"precision": 0.8787878787878788, "recall": 0.7435897435897436, "f1-score": 0.8055555555555556, "support": 39}, "gunshot": {"precision": 0.8125, "recall": 0.6190476190476191, "f1-score": 0.7027027027027026, "support": 21}, "siren": {"precision": 0.7142857142857143, "recall": 0.9375, "f1-score": 0.8108108108108109, "support": 16}, "accuracy": 0.7428571428571429, "macro avg": {"precision": 0.7513933982683982, "recall": 0.7560688234179613, "f1-score": 0.7438297672672672, "support": 105}, "weighted avg": {"precision": 0.7634647495361782, "recall": 0.7428571428571429, "f1-score": 0.7445490132990134, "support": 105}, "classificador": "SVC", "mediaTempoClassificacaoCadaAudio": 0.012041841234479631, "desvioTempoClassificacaoCadaAudio": 0.006627651633332958}