{"casual": {"precision": 0.5294117647058824, "recall": 0.6206896551724138, "f1-score": 0.5714285714285715, "support": 29}, "explosion": {"precision": 0.66, "recall": 0.8461538461538461, "f1-score": 0.7415730337078651, "support": 39}, "gunshot": {"precision": 1.0, "recall": 0.047619047619047616, "f1-score": 0.0909090909090909, "support": 21}, "siren": {"precision": 0.75, "recall": 0.9375, "f1-score": 0.8333333333333334, "support": 16}, "accuracy": 0.638095238095238, "macro avg": {"precision": 0.7348529411764706, "recall": 0.612990637236327, "f1-score": 0.5593110073447152, "support": 105}, "weighted avg": {"precision": 0.7056470588235294, "recall": 0.638095238095238, "f1-score": 0.57843048693771, "support": 105}, "classificador": "SGDClassifier", "mediaTempoClassificacaoCadaAudio": 0.0044943491617838545, "desvioTempoClassificacaoCadaAudio": 0.00220195453056535}