{"casual": {"precision": 0.42857142857142855, "recall": 0.6206896551724138, "f1-score": 0.5070422535211268, "support": 29}, "explosion": {"precision": 0.8421052631578947, "recall": 0.8205128205128205, "f1-score": 0.8311688311688312, "support": 39}, "gunshot": {"precision": 1.0, "recall": 0.2857142857142857, "f1-score": 0.4444444444444445, "support": 21}, "siren": {"precision": 0.7368421052631579, "recall": 0.875, "f1-score": 0.7999999999999999, "support": 16}, "accuracy": 0.6666666666666666, "macro avg": {"precision": 0.7518796992481204, "recall": 0.65047919034988, "f1-score": 0.6456638822836006, "support": 105}, "weighted avg": {"precision": 0.7434300035803795, "recall": 0.6666666666666666, "f1-score": 0.6595537438193374, "support": 105}, "classificador": "LinearDiscriminantAnalysis", "mediaTempoClassificacaoCadaAudio": 0.0038967654818580265, "desvioTempoClassificacaoCadaAudio": 0.001145087771793984}