{"casual": {"precision": 0.6666666666666666, "recall": 0.5517241379310345, "f1-score": 0.6037735849056604, "support": 29}, "explosion": {"precision": 0.7555555555555555, "recall": 0.8717948717948718, "f1-score": 0.8095238095238095, "support": 39}, "gunshot": {"precision": 0.7894736842105263, "recall": 0.7142857142857143, "f1-score": 0.7500000000000001, "support": 21}, "siren": {"precision": 0.7647058823529411, "recall": 0.8125, "f1-score": 0.787878787878788, "support": 16}, "accuracy": 0.7428571428571429, "macro avg": {"precision": 0.7441004471964223, "recall": 0.7375761810029051, "f1-score": 0.7377940455770645, "support": 105}, "weighted avg": {"precision": 0.7391832522482678, "recall": 0.7428571428571429, "f1-score": 0.7374945060928889, "support": 105}, "classificador": "DecisionTreeClassifier", "mediaTempoClassificacaoCadaAudio": 0.005385421571277436, "desvioTempoClassificacaoCadaAudio": 0.004437765879443585}