{"casual": {"precision": 0.4878048780487805, "recall": 0.6896551724137931, "f1-score": 0.5714285714285714, "support": 29}, "explosion": {"precision": 0.8333333333333334, "recall": 0.6410256410256411, "f1-score": 0.7246376811594204, "support": 39}, "gunshot": {"precision": 0.9285714285714286, "recall": 0.6190476190476191, "f1-score": 0.742857142857143, "support": 21}, "siren": {"precision": 0.75, "recall": 0.9375, "f1-score": 0.8333333333333334, "support": 16}, "accuracy": 0.6952380952380952, "macro avg": {"precision": 0.7499274099883857, "recall": 0.7218071081217633, "f1-score": 0.7180641821946171, "support": 105}, "weighted avg": {"precision": 0.7442508710801394, "recall": 0.6952380952380952, "f1-score": 0.7025298235236124, "support": 105}, "classificador": "SVC", "mediaTempoClassificacaoCadaAudio": 0.015314488183884393, "desvioTempoClassificacaoCadaAudio": 0.010445715105782455}