{"casual": {"precision": 0.5675675675675675, "recall": 0.7241379310344828, "f1-score": 0.6363636363636365, "support": 29}, "explosion": {"precision": 0.8666666666666667, "recall": 0.6666666666666666, "f1-score": 0.7536231884057971, "support": 39}, "gunshot": {"precision": 0.7777777777777778, "recall": 0.6666666666666666, "f1-score": 0.717948717948718, "support": 21}, "siren": {"precision": 0.75, "recall": 0.9375, "f1-score": 0.8333333333333334, "support": 16}, "accuracy": 0.7238095238095238, "macro avg": {"precision": 0.740503003003003, "recall": 0.748742816091954, "f1-score": 0.7353172190128713, "support": 105}, "weighted avg": {"precision": 0.7485027885027885, "recall": 0.7238095238095238, "f1-score": 0.7262486305964567, "support": 105}, "classificador": "SVC", "mediaTempoClassificacaoCadaAudio": 0.014541739509219215, "desvioTempoClassificacaoCadaAudio": 0.009089049738422957}