{"casual": {"precision": 0.5121951219512195, "recall": 0.7241379310344828, "f1-score": 0.6000000000000001, "support": 29}, "explosion": {"precision": 0.7631578947368421, "recall": 0.7435897435897436, "f1-score": 0.7532467532467534, "support": 39}, "gunshot": {"precision": 1.0, "recall": 0.42857142857142855, "f1-score": 0.6, "support": 21}, "siren": {"precision": 0.8235294117647058, "recall": 0.875, "f1-score": 0.8484848484848485, "support": 16}, "accuracy": 0.6952380952380952, "macro avg": {"precision": 0.7747206071131918, "recall": 0.6928247757989137, "f1-score": 0.7004329004329005, "support": 105}, "weighted avg": {"precision": 0.750412257329119, "recall": 0.6952380952380952, "f1-score": 0.6947845804988663, "support": 105}, "classificador": "SGDClassifier"}