{"casual": {"precision": 0.65, "recall": 0.896551724137931, "f1-score": 0.7536231884057972, "support": 29}, "explosion": {"precision": 0.8571428571428571, "recall": 0.7692307692307693, "f1-score": 0.8108108108108107, "support": 39}, "gunshot": {"precision": 0.8421052631578947, "recall": 0.7619047619047619, "f1-score": 0.8, "support": 21}, "siren": {"precision": 0.9090909090909091, "recall": 0.625, "f1-score": 0.7407407407407406, "support": 16}, "accuracy": 0.780952380952381, "macro avg": {"precision": 0.8145847573479152, "recall": 0.7631718138183655, "f1-score": 0.7762936849893372, "support": 105}, "weighted avg": {"precision": 0.8048403476223025, "recall": 0.780952380952381, "f1-score": 0.7821766279737293, "support": 105}, "classificador": "KNeighborsClassifier"}