{"casual": {"precision": 0.6060606060606061, "recall": 0.6896551724137931, "f1-score": 0.6451612903225807, "support": 29}, "explosion": {"precision": 0.8157894736842105, "recall": 0.7948717948717948, "f1-score": 0.8051948051948051, "support": 39}, "gunshot": {"precision": 0.875, "recall": 0.6666666666666666, "f1-score": 0.7567567567567567, "support": 21}, "siren": {"precision": 0.7222222222222222, "recall": 0.8125, "f1-score": 0.7647058823529411, "support": 16}, "accuracy": 0.7428571428571429, "macro avg": {"precision": 0.7547680754917597, "recall": 0.7409234084880636, "f1-score": 0.7429546836567709, "support": 105}, "weighted avg": {"precision": 0.7554485962380699, "recall": 0.7428571428571429, "f1-score": 0.745137722204678, "support": 105}, "classificador": "LinearDiscriminantAnalysis"}