{"casual": {"precision": 0.6666666666666666, "recall": 0.896551724137931, "f1-score": 0.7647058823529411, "support": 29}, "explosion": {"precision": 0.9393939393939394, "recall": 0.7948717948717948, "f1-score": 0.8611111111111112, "support": 39}, "gunshot": {"precision": 0.8, "recall": 0.7619047619047619, "f1-score": 0.7804878048780488, "support": 21}, "siren": {"precision": 0.9230769230769231, "recall": 0.75, "f1-score": 0.8275862068965517, "support": 16}, "accuracy": 0.8095238095238095, "macro avg": {"precision": 0.8322843822843824, "recall": 0.8008320702286219, "f1-score": 0.8084727513096632, "support": 105}, "weighted avg": {"precision": 0.8337040737040737, "recall": 0.8095238095238095, "f1-score": 0.8132516869938332, "support": 105}, "classificador": "KNeighborsClassifier"}