{"casual": {"precision": 0.6486486486486487, "recall": 0.8275862068965517, "f1-score": 0.7272727272727273, "support": 29}, "explosion": {"precision": 0.9444444444444444, "recall": 0.8717948717948718, "f1-score": 0.9066666666666667, "support": 39}, "gunshot": {"precision": 0.75, "recall": 0.7142857142857143, "f1-score": 0.7317073170731706, "support": 21}, "siren": {"precision": 0.9166666666666666, "recall": 0.6875, "f1-score": 0.7857142857142857, "support": 16}, "accuracy": 0.8, "macro avg": {"precision": 0.8149399399399399, "recall": 0.7752916982442845, "f1-score": 0.7878402491817126, "support": 105}, "weighted avg": {"precision": 0.8196267696267697, "recall": 0.8, "f1-score": 0.8036970601988023, "support": 105}, "classificador": "KNeighborsClassifier"}