{"casual": {"precision": 0.5675675675675675, "recall": 0.7241379310344828, "f1-score": 0.6363636363636365, "support": 29}, "explosion": {"precision": 0.8378378378378378, "recall": 0.7948717948717948, "f1-score": 0.8157894736842105, "support": 39}, "gunshot": {"precision": 0.8571428571428571, "recall": 0.5714285714285714, "f1-score": 0.6857142857142857, "support": 21}, "siren": {"precision": 0.7647058823529411, "recall": 0.8125, "f1-score": 0.787878787878788, "support": 16}, "accuracy": 0.7333333333333333, "macro avg": {"precision": 0.7568135362253009, "recall": 0.7257345743337122, "f1-score": 0.7314365459102301, "support": 105}, "weighted avg": {"precision": 0.755908850026497, "recall": 0.7333333333333333, "f1-score": 0.7359656717551455, "support": 105}, "classificador": "LinearDiscriminantAnalysis"}