{"casual": {"precision": 0.6333333333333333, "recall": 0.6551724137931034, "f1-score": 0.6440677966101694, "support": 29}, "explosion": {"precision": 0.7804878048780488, "recall": 0.8205128205128205, "f1-score": 0.8, "support": 39}, "gunshot": {"precision": 0.8571428571428571, "recall": 0.5714285714285714, "f1-score": 0.6857142857142857, "support": 21}, "siren": {"precision": 0.75, "recall": 0.9375, "f1-score": 0.8333333333333334, "support": 16}, "accuracy": 0.7428571428571429, "macro avg": {"precision": 0.7552409988385598, "recall": 0.7461534514336239, "f1-score": 0.7407788539144472, "support": 105}, "weighted avg": {"precision": 0.750530391018196, "recall": 0.7428571428571429, "f1-score": 0.7391552327145547, "support": 105}, "classificador": "Perceptron"}