{"casual": {"precision": 0.6153846153846154, "recall": 0.8275862068965517, "f1-score": 0.7058823529411765, "support": 29}, "explosion": {"precision": 1.0, "recall": 0.6410256410256411, "f1-score": 0.7812500000000001, "support": 39}, "gunshot": {"precision": 0.5769230769230769, "recall": 0.7142857142857143, "f1-score": 0.6382978723404256, "support": 21}, "siren": {"precision": 0.9333333333333333, "recall": 0.875, "f1-score": 0.9032258064516129, "support": 16}, "accuracy": 0.7428571428571429, "macro avg": {"precision": 0.7814102564102565, "recall": 0.7644743905519767, "f1-score": 0.7571640079333037, "support": 105}, "weighted avg": {"precision": 0.7989987789987791, "recall": 0.7428571428571429, "f1-score": 0.7504305376920845, "support": 105}, "classificador": "KNeighborsClassifier"}