{"casual": {"precision": 0.5405405405405406, "recall": 0.6896551724137931, "f1-score": 0.6060606060606061, "support": 29}, "explosion": {"precision": 0.8378378378378378, "recall": 0.7948717948717948, "f1-score": 0.8157894736842105, "support": 39}, "gunshot": {"precision": 0.8666666666666667, "recall": 0.6190476190476191, "f1-score": 0.7222222222222222, "support": 21}, "siren": {"precision": 0.8125, "recall": 0.8125, "f1-score": 0.8125, "support": 16}, "accuracy": 0.7333333333333333, "macro avg": {"precision": 0.7643862612612613, "recall": 0.7290186465833017, "f1-score": 0.7391430754917597, "support": 105}, "weighted avg": {"precision": 0.7576319176319177, "recall": 0.7333333333333333, "f1-score": 0.7386496544391281, "support": 105}, "classificador": "LinearDiscriminantAnalysis"}