{"casual": {"precision": 0.5945945945945946, "recall": 0.7586206896551724, "f1-score": 0.6666666666666667, "support": 29}, "explosion": {"precision": 0.7894736842105263, "recall": 0.7692307692307693, "f1-score": 0.7792207792207793, "support": 39}, "gunshot": {"precision": 1.0, "recall": 0.5714285714285714, "f1-score": 0.7272727272727273, "support": 21}, "siren": {"precision": 0.7222222222222222, "recall": 0.8125, "f1-score": 0.7647058823529411, "support": 16}, "accuracy": 0.7333333333333333, "macro avg": {"precision": 0.7765726252568358, "recall": 0.7279450075786282, "f1-score": 0.7344665138782787, "support": 105}, "weighted avg": {"precision": 0.7675073569810412, "recall": 0.7333333333333333, "f1-score": 0.7355330010792195, "support": 105}, "classificador": "LinearSVC"}