{"casual": {"precision": 0.6363636363636364, "recall": 0.7241379310344828, "f1-score": 0.6774193548387097, "support": 29}, "explosion": {"precision": 0.8717948717948718, "recall": 0.8717948717948718, "f1-score": 0.8717948717948718, "support": 39}, "gunshot": {"precision": 1.0, "recall": 0.6190476190476191, "f1-score": 0.7647058823529412, "support": 21}, "siren": {"precision": 0.8, "recall": 1.0, "f1-score": 0.888888888888889, "support": 16}, "accuracy": 0.8, "macro avg": {"precision": 0.827039627039627, "recall": 0.8037451054692434, "f1-score": 0.8007022494688529, "support": 105}, "weighted avg": {"precision": 0.8214718614718615, "recall": 0.8, "f1-score": 0.7992972099233959, "support": 105}, "classificador": "SVC"}