{"casual": {"precision": 0.5238095238095238, "recall": 0.7586206896551724, "f1-score": 0.6197183098591549, "support": 29}, "explosion": {"precision": 0.5454545454545454, "recall": 0.6153846153846154, "f1-score": 0.5783132530120482, "support": 39}, "gunshot": {"precision": 0.5, "recall": 0.047619047619047616, "f1-score": 0.08695652173913042, "support": 21}, "siren": {"precision": 0.8235294117647058, "recall": 0.875, "f1-score": 0.8484848484848485, "support": 16}, "accuracy": 0.580952380952381, "macro avg": {"precision": 0.5981983702571938, "recall": 0.5741560881647089, "f1-score": 0.5333682332737955, "support": 105}, "weighted avg": {"precision": 0.5727588004898929, "recall": 0.580952380952381, "f1-score": 0.5326465941491876, "support": 105}, "classificador": "SGDClassifier"}