{"casual": {"precision": 0.5135135135135135, "recall": 0.6551724137931034, "f1-score": 0.5757575757575758, "support": 29}, "explosion": {"precision": 0.4827586206896552, "recall": 0.358974358974359, "f1-score": 0.4117647058823529, "support": 39}, "gunshot": {"precision": 0.2, "recall": 0.19047619047619047, "f1-score": 0.1951219512195122, "support": 21}, "siren": {"precision": 0.7894736842105263, "recall": 0.9375, "f1-score": 0.8571428571428572, "support": 16}, "accuracy": 0.49523809523809526, "macro avg": {"precision": 0.4964364546034237, "recall": 0.5355307408109132, "f1-score": 0.5099467725005745, "support": 105}, "weighted avg": {"precision": 0.4814386385348273, "recall": 0.49523809523809526, "f1-score": 0.4815965706312089, "support": 105}, "classificador": "LinearSVC"}