{"casual": {"precision": 0.45454545454545453, "recall": 0.6896551724137931, "f1-score": 0.547945205479452, "support": 29}, "explosion": {"precision": 0.5555555555555556, "recall": 0.38461538461538464, "f1-score": 0.4545454545454546, "support": 39}, "gunshot": {"precision": 0.21052631578947367, "recall": 0.19047619047619047, "f1-score": 0.2, "support": 21}, "siren": {"precision": 0.7333333333333333, "recall": 0.6875, "f1-score": 0.7096774193548386, "support": 16}, "accuracy": 0.47619047619047616, "macro avg": {"precision": 0.4884901648059543, "recall": 0.48806168687634205, "f1-score": 0.47804201984493633, "support": 105}, "weighted avg": {"precision": 0.48574162679425836, "recall": 0.47619047619047616, "f1-score": 0.46830973710337387, "support": 105}, "classificador": "LinearDiscriminantAnalysis"}