{"casual": {"precision": 0.5531914893617021, "recall": 0.896551724137931, "f1-score": 0.6842105263157894, "support": 29}, "explosion": {"precision": 0.6410256410256411, "recall": 0.6410256410256411, "f1-score": 0.6410256410256411, "support": 39}, "gunshot": {"precision": 0.0, "recall": 0.0, "f1-score": 0.0, "support": 21}, "siren": {"precision": 0.7777777777777778, "recall": 0.875, "f1-score": 0.823529411764706, "support": 16}, "accuracy": 0.6190476190476191, "macro avg": {"precision": 0.4929987270412802, "recall": 0.603144341290893, "f1-score": 0.5371913947765341, "support": 105}, "weighted avg": {"precision": 0.5093999774850838, "recall": 0.6190476190476191, "f1-score": 0.5525578652513636, "support": 105}, "classificador": "SGDClassifier"}