{"casual": {"precision": 0.5757575757575758, "recall": 0.6551724137931034, "f1-score": 0.6129032258064515, "support": 29}, "explosion": {"precision": 0.8292682926829268, "recall": 0.8717948717948718, "f1-score": 0.8500000000000001, "support": 39}, "gunshot": {"precision": 0.9166666666666666, "recall": 0.5238095238095238, "f1-score": 0.6666666666666667, "support": 21}, "siren": {"precision": 0.8421052631578947, "recall": 1.0, "f1-score": 0.9142857142857143, "support": 16}, "accuracy": 0.7619047619047619, "macro avg": {"precision": 0.790949449566266, "recall": 0.7626942023493748, "f1-score": 0.7609639016897082, "support": 105}, "weighted avg": {"precision": 0.7786868316393348, "recall": 0.7619047619047619, "f1-score": 0.7576453807329384, "support": 105}, "classificador": "LinearDiscriminantAnalysis"}