{"casual": {"precision": 0.4888888888888889, "recall": 0.7586206896551724, "f1-score": 0.5945945945945945, "support": 29}, "explosion": {"precision": 0.4642857142857143, "recall": 0.3333333333333333, "f1-score": 0.3880597014925373, "support": 39}, "gunshot": {"precision": 0.29411764705882354, "recall": 0.23809523809523808, "f1-score": 0.2631578947368421, "support": 21}, "siren": {"precision": 0.8666666666666667, "recall": 0.8125, "f1-score": 0.8387096774193549, "support": 16}, "accuracy": 0.5047619047619047, "macro avg": {"precision": 0.5284897292250234, "recall": 0.5356373152709359, "f1-score": 0.5211304670608322, "support": 105}, "weighted avg": {"precision": 0.4983624560935486, "recall": 0.5047619047619047, "f1-score": 0.4887927831393863, "support": 105}, "classificador": "LinearSVC"}