{"casual": {"precision": 0.42857142857142855, "recall": 0.6206896551724138, "f1-score": 0.5070422535211268, "support": 29}, "explosion": {"precision": 0.46153846153846156, "recall": 0.3076923076923077, "f1-score": 0.3692307692307692, "support": 39}, "gunshot": {"precision": 0.2222222222222222, "recall": 0.19047619047619047, "f1-score": 0.20512820512820512, "support": 21}, "siren": {"precision": 0.7368421052631579, "recall": 0.875, "f1-score": 0.7999999999999999, "support": 16}, "accuracy": 0.45714285714285713, "macro avg": {"precision": 0.4622935543988176, "recall": 0.49846453833522797, "f1-score": 0.4703503069700252, "support": 105}, "weighted avg": {"precision": 0.44652106456617735, "recall": 0.45714285714285713, "f1-score": 0.4401135015219522, "support": 105}, "classificador": "LinearSVC"}