{"casual": {"precision": 0.5405405405405406, "recall": 0.6896551724137931, "f1-score": 0.6060606060606061, "support": 29}, "explosion": {"precision": 0.5454545454545454, "recall": 0.46153846153846156, "f1-score": 0.4999999999999999, "support": 39}, "gunshot": {"precision": 0.29411764705882354, "recall": 0.23809523809523808, "f1-score": 0.2631578947368421, "support": 21}, "siren": {"precision": 0.7777777777777778, "recall": 0.875, "f1-score": 0.823529411764706, "support": 16}, "accuracy": 0.5428571428571428, "macro avg": {"precision": 0.5394726277079218, "recall": 0.5660722180118732, "f1-score": 0.5481869781405385, "support": 105}, "weighted avg": {"precision": 0.529231599819835, "recall": 0.5428571428571428, "f1-score": 0.531224228128253, "support": 105}, "classificador": "LinearSVC"}