{"casual": {"precision": 0.5510204081632653, "recall": 0.9310344827586207, "f1-score": 0.6923076923076924, "support": 29}, "explosion": {"precision": 0.5945945945945946, "recall": 0.5641025641025641, "f1-score": 0.5789473684210528, "support": 39}, "gunshot": {"precision": 0.5, "recall": 0.047619047619047616, "f1-score": 0.08695652173913042, "support": 21}, "siren": {"precision": 0.8823529411764706, "recall": 0.9375, "f1-score": 0.9090909090909091, "support": 16}, "accuracy": 0.6190476190476191, "macro avg": {"precision": 0.6319919859835826, "recall": 0.6200640236200581, "f1-score": 0.5668256228896962, "support": 105}, "weighted avg": {"precision": 0.6074897912833086, "recall": 0.6190476190476191, "f1-score": 0.5621658280697184, "support": 105}, "classificador": "SGDClassifier"}