{"casual": {"precision": 0.5434782608695652, "recall": 0.8620689655172413, "f1-score": 0.6666666666666666, "support": 29}, "explosion": {"precision": 0.575, "recall": 0.5897435897435898, "f1-score": 0.5822784810126582, "support": 39}, "gunshot": {"precision": 0.6666666666666666, "recall": 0.09523809523809523, "f1-score": 0.16666666666666666, "support": 21}, "siren": {"precision": 0.8125, "recall": 0.8125, "f1-score": 0.8125, "support": 16}, "accuracy": 0.6, "macro avg": {"precision": 0.6494112318840579, "recall": 0.5898876626247316, "f1-score": 0.5570279535864979, "support": 105}, "weighted avg": {"precision": 0.6208178053830228, "recall": 0.6, "f1-score": 0.5575447056459715, "support": 105}, "classificador": "SGDClassifier"}