{"casual": {"precision": 0.6, "recall": 0.7241379310344828, "f1-score": 0.65625, "support": 29}, "explosion": {"precision": 0.8529411764705882, "recall": 0.7435897435897436, "f1-score": 0.7945205479452054, "support": 39}, "gunshot": {"precision": 0.8235294117647058, "recall": 0.6666666666666666, "f1-score": 0.7368421052631577, "support": 21}, "siren": {"precision": 0.7368421052631579, "recall": 0.875, "f1-score": 0.7999999999999999, "support": 16}, "accuracy": 0.7428571428571429, "macro avg": {"precision": 0.753328173374613, "recall": 0.7523485853227232, "f1-score": 0.7469031633020908, "support": 105}, "weighted avg": {"precision": 0.7595075925106883, "recall": 0.7428571428571429, "f1-score": 0.7456308150513269, "support": 105}, "classificador": "SVC"}