{"casual": {"precision": 0.5454545454545454, "recall": 0.6206896551724138, "f1-score": 0.5806451612903226, "support": 29}, "explosion": {"precision": 0.5945945945945946, "recall": 0.5641025641025641, "f1-score": 0.5789473684210528, "support": 39}, "gunshot": {"precision": 0.2777777777777778, "recall": 0.23809523809523808, "f1-score": 0.25641025641025644, "support": 21}, "siren": {"precision": 0.8235294117647058, "recall": 0.875, "f1-score": 0.8484848484848485, "support": 16}, "accuracy": 0.5619047619047619, "macro avg": {"precision": 0.560339082397906, "recall": 0.574471864342554, "f1-score": 0.56612190865162, "support": 105}, "weighted avg": {"precision": 0.5525445231327585, "recall": 0.5619047619047619, "f1-score": 0.5559812381544131, "support": 105}, "classificador": "LinearSVC"}