{"casual": {"precision": 0.4418604651162791, "recall": 0.6551724137931034, "f1-score": 0.5277777777777777, "support": 29}, "explosion": {"precision": 0.5, "recall": 0.358974358974359, "f1-score": 0.417910447761194, "support": 39}, "gunshot": {"precision": 0.16666666666666666, "recall": 0.14285714285714285, "f1-score": 0.15384615384615383, "support": 21}, "siren": {"precision": 0.75, "recall": 0.75, "f1-score": 0.75, "support": 16}, "accuracy": 0.45714285714285713, "macro avg": {"precision": 0.4646317829457364, "recall": 0.4767509789061513, "f1-score": 0.4623835948462814, "support": 105}, "weighted avg": {"precision": 0.4553709856035437, "recall": 0.45714285714285713, "f1-score": 0.4460460214191557, "support": 105}, "classificador": "LinearDiscriminantAnalysis"}