{"casual": {"precision": 0.45454545454545453, "recall": 0.5172413793103449, "f1-score": 0.4838709677419355, "support": 29}, "explosion": {"precision": 0.6976744186046512, "recall": 0.7692307692307693, "f1-score": 0.7317073170731708, "support": 39}, "gunshot": {"precision": 0.8, "recall": 0.38095238095238093, "f1-score": 0.5161290322580645, "support": 21}, "siren": {"precision": 0.8421052631578947, "recall": 1.0, "f1-score": 0.9142857142857143, "support": 16}, "accuracy": 0.6571428571428571, "macro avg": {"precision": 0.698581284077, "recall": 0.6668561323733737, "f1-score": 0.6614982578397213, "support": 105}, "weighted avg": {"precision": 0.6729981401707228, "recall": 0.6571428571428571, "f1-score": 0.6479630908224817, "support": 105}, "classificador": "LinearSVC"}