{"casual": {"precision": 0.43478260869565216, "recall": 0.6896551724137931, "f1-score": 0.5333333333333333, "support": 29}, "explosion": {"precision": 0.3, "recall": 0.15384615384615385, "f1-score": 0.2033898305084746, "support": 39}, "gunshot": {"precision": 0.20833333333333334, "recall": 0.23809523809523808, "f1-score": 0.22222222222222224, "support": 21}, "siren": {"precision": 0.7333333333333333, "recall": 0.6875, "f1-score": 0.7096774193548386, "support": 16}, "accuracy": 0.4, "macro avg": {"precision": 0.4191123188405797, "recall": 0.44227414108879626, "f1-score": 0.4171557013547172, "support": 105}, "weighted avg": {"precision": 0.38492408557625946, "recall": 0.4, "f1-score": 0.3754321469794406, "support": 105}, "classificador": "LinearDiscriminantAnalysis"}