{"casual": {"precision": 0.5714285714285714, "recall": 0.8275862068965517, "f1-score": 0.676056338028169, "support": 29}, "explosion": {"precision": 0.7142857142857143, "recall": 0.5128205128205128, "f1-score": 0.5970149253731343, "support": 39}, "gunshot": {"precision": 0.4375, "recall": 0.3333333333333333, "f1-score": 0.37837837837837834, "support": 21}, "siren": {"precision": 0.7894736842105263, "recall": 0.9375, "f1-score": 0.8571428571428572, "support": 16}, "accuracy": 0.6285714285714286, "macro avg": {"precision": 0.628171992481203, "recall": 0.6528100132625994, "f1-score": 0.6271481247306347, "support": 105}, "weighted avg": {"precision": 0.6309300035803795, "recall": 0.6285714285714286, "f1-score": 0.6147566433581029, "support": 105}, "classificador": "SVC"}