{"casual": {"precision": 0.4523809523809524, "recall": 0.6551724137931034, "f1-score": 0.5352112676056338, "support": 29}, "explosion": {"precision": 0.4444444444444444, "recall": 0.20512820512820512, "f1-score": 0.2807017543859649, "support": 39}, "gunshot": {"precision": 0.2, "recall": 0.23809523809523808, "f1-score": 0.21739130434782608, "support": 21}, "siren": {"precision": 0.7, "recall": 0.875, "f1-score": 0.7777777777777777, "support": 16}, "accuracy": 0.4380952380952381, "macro avg": {"precision": 0.44920634920634916, "recall": 0.49334896425413666, "f1-score": 0.4527705260293006, "support": 105}, "weighted avg": {"precision": 0.43668934240362817, "recall": 0.4380952380952381, "f1-score": 0.4140776858796647, "support": 105}, "classificador": "Perceptron"}