{"casual": {"precision": 0.46938775510204084, "recall": 0.7931034482758621, "f1-score": 0.5897435897435898, "support": 29}, "explosion": {"precision": 0.5853658536585366, "recall": 0.6153846153846154, "f1-score": 0.6, "support": 39}, "gunshot": {"precision": 0.0, "recall": 0.0, "f1-score": 0.0, "support": 21}, "siren": {"precision": 0.8666666666666667, "recall": 0.8125, "f1-score": 0.8387096774193549, "support": 16}, "accuracy": 0.5714285714285714, "macro avg": {"precision": 0.480355068856811, "recall": 0.5552470159151194, "f1-score": 0.5071133167907361, "support": 105}, "weighted avg": {"precision": 0.4791255224505598, "recall": 0.5714285714285714, "f1-score": 0.5135420851549883, "support": 105}, "classificador": "SGDClassifier"}