{"casual": {"precision": 0.5806451612903226, "recall": 0.6206896551724138, "f1-score": 0.6000000000000001, "support": 29}, "explosion": {"precision": 0.576271186440678, "recall": 0.8717948717948718, "f1-score": 0.6938775510204083, "support": 39}, "gunshot": {"precision": 0.0, "recall": 0.0, "f1-score": 0.0, "support": 21}, "siren": {"precision": 0.8666666666666667, "recall": 0.8125, "f1-score": 0.8387096774193549, "support": 16}, "accuracy": 0.6190476190476191, "macro avg": {"precision": 0.5058957535994169, "recall": 0.5762461317418214, "f1-score": 0.5331468071099408, "support": 105}, "weighted avg": {"precision": 0.5064757391930711, "recall": 0.6190476190476191, "f1-score": 0.5512436126524344, "support": 105}, "classificador": "SGDClassifier"}