{"casual": {"precision": 0.359375, "recall": 0.7931034482758621, "f1-score": 0.4946236559139785, "support": 29}, "explosion": {"precision": 0.6896551724137931, "recall": 0.5128205128205128, "f1-score": 0.5882352941176471, "support": 39}, "gunshot": {"precision": 1.0, "recall": 0.047619047619047616, "f1-score": 0.0909090909090909, "support": 21}, "siren": {"precision": 0.9090909090909091, "recall": 0.625, "f1-score": 0.7407407407407406, "support": 16}, "accuracy": 0.5142857142857142, "macro avg": {"precision": 0.7395302703761756, "recall": 0.49463575217885564, "f1-score": 0.47862719542036425, "support": 105}, "weighted avg": {"precision": 0.6939417263770713, "recall": 0.5142857142857142, "f1-score": 0.48615433574320344, "support": 105}, "classificador": "BaggingClassifier"}