{"casual": {"precision": 0.5, "recall": 0.7241379310344828, "f1-score": 0.591549295774648, "support": 29}, "explosion": {"precision": 0.8333333333333334, "recall": 0.8974358974358975, "f1-score": 0.8641975308641975, "support": 39}, "gunshot": {"precision": 1.0, "recall": 0.3333333333333333, "f1-score": 0.5, "support": 21}, "siren": {"precision": 0.9285714285714286, "recall": 0.8125, "f1-score": 0.8666666666666666, "support": 16}, "accuracy": 0.7238095238095238, "macro avg": {"precision": 0.8154761904761905, "recall": 0.6918517904509284, "f1-score": 0.705603373326378, "support": 105}, "weighted avg": {"precision": 0.7891156462585034, "recall": 0.7238095238095238, "f1-score": 0.7164314280746206, "support": 105}, "classificador": "BaggingClassifier"}