{"casual": {"precision": 0.48717948717948717, "recall": 0.6551724137931034, "f1-score": 0.5588235294117647, "support": 29}, "explosion": {"precision": 0.9047619047619048, "recall": 0.48717948717948717, "f1-score": 0.6333333333333333, "support": 39}, "gunshot": {"precision": 0.6956521739130435, "recall": 0.7619047619047619, "f1-score": 0.7272727272727272, "support": 21}, "siren": {"precision": 0.7272727272727273, "recall": 1.0, "f1-score": 0.8421052631578948, "support": 16}, "accuracy": 0.6666666666666666, "macro avg": {"precision": 0.7037165732817907, "recall": 0.7260641657193381, "f1-score": 0.69038371329393, "support": 105}, "weighted avg": {"precision": 0.7205617019281616, "recall": 0.6666666666666666, "f1-score": 0.6633551793923311, "support": 105}, "classificador": "Perceptron"}