{"casual": {"precision": 0.5128205128205128, "recall": 0.6896551724137931, "f1-score": 0.5882352941176471, "support": 29}, "explosion": {"precision": 0.6206896551724138, "recall": 0.46153846153846156, "f1-score": 0.5294117647058824, "support": 39}, "gunshot": {"precision": 0.29411764705882354, "recall": 0.23809523809523808, "f1-score": 0.2631578947368421, "support": 21}, "siren": {"precision": 0.7, "recall": 0.875, "f1-score": 0.7777777777777777, "support": 16}, "accuracy": 0.5428571428571428, "macro avg": {"precision": 0.5319069537629375, "recall": 0.5660722180118732, "f1-score": 0.5396456828345373, "support": 105}, "weighted avg": {"precision": 0.5376682096357553, "recall": 0.5428571428571428, "f1-score": 0.5302537389224695, "support": 105}, "classificador": "SVC"}