{"casual": {"precision": 0.5714285714285714, "recall": 0.6896551724137931, "f1-score": 0.625, "support": 29}, "explosion": {"precision": 0.8529411764705882, "recall": 0.7435897435897436, "f1-score": 0.7945205479452054, "support": 39}, "gunshot": {"precision": 0.7894736842105263, "recall": 0.7142857142857143, "f1-score": 0.7500000000000001, "support": 21}, "siren": {"precision": 0.8235294117647058, "recall": 0.875, "f1-score": 0.8484848484848485, "support": 16}, "accuracy": 0.7428571428571429, "macro avg": {"precision": 0.7593432109685978, "recall": 0.7556326575723128, "f1-score": 0.7545013491075135, "support": 105}, "weighted avg": {"precision": 0.7580147848613129, "recall": 0.7428571428571429, "f1-score": 0.7470196090059104, "support": 105}, "classificador": "LinearSVC"}