{"casual": {"precision": 0.4666666666666667, "recall": 0.7241379310344828, "f1-score": 0.5675675675675675, "support": 29}, "explosion": {"precision": 0.8333333333333334, "recall": 0.7692307692307693, "f1-score": 0.8, "support": 39}, "gunshot": {"precision": 0.8571428571428571, "recall": 0.2857142857142857, "f1-score": 0.42857142857142855, "support": 21}, "siren": {"precision": 0.8823529411764706, "recall": 0.9375, "f1-score": 0.9090909090909091, "support": 16}, "accuracy": 0.6857142857142857, "macro avg": {"precision": 0.7598739495798319, "recall": 0.6791457464948845, "f1-score": 0.6763074763074763, "support": 105}, "weighted avg": {"precision": 0.744295051353875, "recall": 0.6857142857142857, "f1-score": 0.6781420381420381, "support": 105}, "classificador": "BaggingClassifier"}