{"casual": {"precision": 0.5714285714285714, "recall": 0.6896551724137931, "f1-score": 0.625, "support": 29}, "explosion": {"precision": 0.7407407407407407, "recall": 0.5128205128205128, "f1-score": 0.6060606060606061, "support": 39}, "gunshot": {"precision": 0.5909090909090909, "recall": 0.6190476190476191, "f1-score": 0.6046511627906977, "support": 21}, "siren": {"precision": 0.7619047619047619, "recall": 1.0, "f1-score": 0.8648648648648648, "support": 16}, "accuracy": 0.6571428571428571, "macro avg": {"precision": 0.6662457912457912, "recall": 0.7053808260704812, "f1-score": 0.6751441584290422, "support": 105}, "weighted avg": {"precision": 0.6672369958084243, "recall": 0.6571428571428571, "f1-score": 0.650446437074344, "support": 105}, "classificador": "LinearSVC"}