{"casual": {"precision": 0.5789473684210527, "recall": 0.7586206896551724, "f1-score": 0.6567164179104478, "support": 29}, "explosion": {"precision": 0.9545454545454546, "recall": 0.5384615384615384, "f1-score": 0.6885245901639344, "support": 39}, "gunshot": {"precision": 0.5, "recall": 0.7142857142857143, "f1-score": 0.588235294117647, "support": 21}, "siren": {"precision": 0.9333333333333333, "recall": 0.875, "f1-score": 0.9032258064516129, "support": 16}, "accuracy": 0.6857142857142857, "macro avg": {"precision": 0.7417065390749602, "recall": 0.7215919856006063, "f1-score": 0.7091755271609105, "support": 105}, "weighted avg": {"precision": 0.7566674261411104, "recall": 0.6857142857142857, "f1-score": 0.6923979925285031, "support": 105}, "classificador": "KNeighborsClassifier"}