{"casual": {"precision": 0.4583333333333333, "recall": 0.7586206896551724, "f1-score": 0.5714285714285715, "support": 29}, "explosion": {"precision": 0.65625, "recall": 0.5384615384615384, "f1-score": 0.5915492957746479, "support": 39}, "gunshot": {"precision": 1.0, "recall": 0.38095238095238093, "f1-score": 0.5517241379310345, "support": 21}, "siren": {"precision": 0.8235294117647058, "recall": 0.875, "f1-score": 0.8484848484848485, "support": 16}, "accuracy": 0.6190476190476191, "macro avg": {"precision": 0.7345281862745097, "recall": 0.638258652267273, "f1-score": 0.6407967134047756, "support": 105}, "weighted avg": {"precision": 0.6958274976657329, "recall": 0.6190476190476191, "f1-score": 0.6171791959899918, "support": 105}, "classificador": "SGDClassifier"}