{"casual": {"precision": 0.5757575757575758, "recall": 0.6551724137931034, "f1-score": 0.6129032258064515, "support": 29}, "explosion": {"precision": 0.7941176470588235, "recall": 0.6923076923076923, "f1-score": 0.7397260273972601, "support": 39}, "gunshot": {"precision": 0.7777777777777778, "recall": 0.6666666666666666, "f1-score": 0.717948717948718, "support": 21}, "siren": {"precision": 0.75, "recall": 0.9375, "f1-score": 0.8333333333333334, "support": 16}, "accuracy": 0.7142857142857143, "macro avg": {"precision": 0.7244132501485443, "recall": 0.7379116931918656, "f1-score": 0.7259778261214408, "support": 105}, "weighted avg": {"precision": 0.7238180120533062, "recall": 0.7142857142857143, "f1-score": 0.7146072859727299, "support": 105}, "classificador": "SVC"}