{"casual": {"precision": 0.4634146341463415, "recall": 0.6551724137931034, "f1-score": 0.5428571428571429, "support": 29}, "explosion": {"precision": 0.7, "recall": 0.5384615384615384, "f1-score": 0.608695652173913, "support": 39}, "gunshot": {"precision": 0.6470588235294118, "recall": 0.5238095238095238, "f1-score": 0.5789473684210527, "support": 21}, "siren": {"precision": 0.7647058823529411, "recall": 0.8125, "f1-score": 0.787878787878788, "support": 16}, "accuracy": 0.6095238095238096, "macro avg": {"precision": 0.6437948350071736, "recall": 0.6324858690160414, "f1-score": 0.6295947378327241, "support": 105}, "weighted avg": {"precision": 0.6339290838286534, "recall": 0.6095238095238096, "f1-score": 0.6118661230527853, "support": 105}, "classificador": "LinearDiscriminantAnalysis"}