{"casual": {"precision": 0.4878048780487805, "recall": 0.6896551724137931, "f1-score": 0.5714285714285714, "support": 29}, "explosion": {"precision": 0.7241379310344828, "recall": 0.5384615384615384, "f1-score": 0.6176470588235294, "support": 39}, "gunshot": {"precision": 0.6111111111111112, "recall": 0.5238095238095238, "f1-score": 0.5641025641025642, "support": 21}, "siren": {"precision": 0.7647058823529411, "recall": 0.8125, "f1-score": 0.787878787878788, "support": 16}, "accuracy": 0.6190476190476191, "macro avg": {"precision": 0.6469399506368289, "recall": 0.6411065586712138, "f1-score": 0.6352642455583632, "support": 105}, "weighted avg": {"precision": 0.6424414116641891, "recall": 0.6190476190476191, "f1-score": 0.6201131268358159, "support": 105}, "classificador": "LinearDiscriminantAnalysis"}