{"casual": {"precision": 0.5277777777777778, "recall": 0.6551724137931034, "f1-score": 0.5846153846153845, "support": 29}, "explosion": {"precision": 0.6818181818181818, "recall": 0.7692307692307693, "f1-score": 0.7228915662650602, "support": 39}, "gunshot": {"precision": 0.7777777777777778, "recall": 0.3333333333333333, "f1-score": 0.4666666666666666, "support": 21}, "siren": {"precision": 0.875, "recall": 0.875, "f1-score": 0.875, "support": 16}, "accuracy": 0.6666666666666666, "macro avg": {"precision": 0.7155934343434344, "recall": 0.6581841290893016, "f1-score": 0.6622934043867779, "support": 105}, "weighted avg": {"precision": 0.6879028379028379, "recall": 0.6666666666666666, "f1-score": 0.6566344498874618, "support": 105}, "classificador": "LinearSVC"}