{"casual": {"precision": 0.47619047619047616, "recall": 0.6896551724137931, "f1-score": 0.5633802816901408, "support": 29}, "explosion": {"precision": 0.8, "recall": 0.41025641025641024, "f1-score": 0.5423728813559321, "support": 39}, "gunshot": {"precision": 0.6190476190476191, "recall": 0.6190476190476191, "f1-score": 0.6190476190476191, "support": 21}, "siren": {"precision": 0.6363636363636364, "recall": 0.875, "f1-score": 0.7368421052631579, "support": 16}, "accuracy": 0.6, "macro avg": {"precision": 0.6329004329004329, "recall": 0.6484898004294556, "f1-score": 0.6154107218392124, "support": 105}, "weighted avg": {"precision": 0.6494413522984952, "recall": 0.6, "f1-score": 0.5931432783438664, "support": 105}, "classificador": "Perceptron"}