{"casual": {"precision": 0.7567567567567568, "recall": 0.9655172413793104, "f1-score": 0.8484848484848485, "support": 29}, "explosion": {"precision": 0.9722222222222222, "recall": 0.8974358974358975, "f1-score": 0.9333333333333333, "support": 39}, "gunshot": {"precision": 1.0, "recall": 0.7619047619047619, "f1-score": 0.8648648648648648, "support": 21}, "siren": {"precision": 0.9375, "recall": 0.9375, "f1-score": 0.9375, "support": 16}, "accuracy": 0.8952380952380953, "macro avg": {"precision": 0.9166197447447447, "recall": 0.8905894751799924, "f1-score": 0.8960457616707617, "support": 105}, "weighted avg": {"precision": 0.9129772629772629, "recall": 0.8952380952380953, "f1-score": 0.8968402168402168, "support": 105}, "classificador": "KNeighborsClassifier"}