{"casual": {"precision": 0.7647058823529411, "recall": 0.896551724137931, "f1-score": 0.8253968253968255, "support": 29}, "explosion": {"precision": 0.9722222222222222, "recall": 0.8974358974358975, "f1-score": 0.9333333333333333, "support": 39}, "gunshot": {"precision": 0.9444444444444444, "recall": 0.8095238095238095, "f1-score": 0.8717948717948718, "support": 21}, "siren": {"precision": 0.8823529411764706, "recall": 0.9375, "f1-score": 0.9090909090909091, "support": 16}, "accuracy": 0.8857142857142857, "macro avg": {"precision": 0.8909313725490197, "recall": 0.8852528577744094, "f1-score": 0.8849039849039849, "support": 105}, "weighted avg": {"precision": 0.895658263305322, "recall": 0.8857142857142857, "f1-score": 0.8875205218062362, "support": 105}, "classificador": "KNeighborsClassifier"}