{"casual": {"precision": 0.7297297297297297, "recall": 0.9310344827586207, "f1-score": 0.8181818181818181, "support": 29}, "explosion": {"precision": 0.9705882352941176, "recall": 0.8461538461538461, "f1-score": 0.9041095890410958, "support": 39}, "gunshot": {"precision": 1.0, "recall": 0.7619047619047619, "f1-score": 0.8648648648648648, "support": 21}, "siren": {"precision": 0.8888888888888888, "recall": 1.0, "f1-score": 0.9411764705882353, "support": 16}, "accuracy": 0.8761904761904762, "macro avg": {"precision": 0.8973017134781841, "recall": 0.8847732727043072, "f1-score": 0.8820831856690035, "support": 105}, "weighted avg": {"precision": 0.8974983386748092, "recall": 0.8761904761904762, "f1-score": 0.8781764989661848, "support": 105}, "classificador": "KNeighborsClassifier"}