{"casual": {"precision": 0.46153846153846156, "recall": 0.8275862068965517, "f1-score": 0.5925925925925927, "support": 29}, "explosion": {"precision": 0.8333333333333334, "recall": 0.5128205128205128, "f1-score": 0.6349206349206349, "support": 39}, "gunshot": {"precision": 0.8333333333333334, "recall": 0.23809523809523808, "f1-score": 0.37037037037037035, "support": 21}, "siren": {"precision": 0.6521739130434783, "recall": 0.9375, "f1-score": 0.7692307692307693, "support": 16}, "accuracy": 0.6095238095238096, "macro avg": {"precision": 0.6950947603121516, "recall": 0.6290004894530756, "f1-score": 0.5917785917785917, "support": 105}, "weighted avg": {"precision": 0.7030418856505813, "recall": 0.6095238095238096, "f1-score": 0.5907862860243813, "support": 105}, "classificador": "Perceptron"}