{"casual": {"precision": 0.631578947368421, "recall": 0.8275862068965517, "f1-score": 0.716417910447761, "support": 29}, "explosion": {"precision": 0.8857142857142857, "recall": 0.7948717948717948, "f1-score": 0.8378378378378378, "support": 39}, "gunshot": {"precision": 0.9375, "recall": 0.7142857142857143, "f1-score": 0.8108108108108109, "support": 21}, "siren": {"precision": 0.9375, "recall": 0.9375, "f1-score": 0.9375, "support": 16}, "accuracy": 0.8095238095238095, "macro avg": {"precision": 0.8480733082706766, "recall": 0.8185609290135152, "f1-score": 0.8256416397741024, "support": 105}, "weighted avg": {"precision": 0.8337728249194414, "recall": 0.8095238095238095, "f1-score": 0.8140840200541694, "support": 105}, "classificador": "LinearDiscriminantAnalysis"}