{"casual": {"precision": 0.5, "recall": 0.896551724137931, "f1-score": 0.6419753086419753, "support": 29}, "explosion": {"precision": 0.9615384615384616, "recall": 0.6410256410256411, "f1-score": 0.7692307692307693, "support": 39}, "gunshot": {"precision": 0.875, "recall": 0.3333333333333333, "f1-score": 0.48275862068965514, "support": 21}, "siren": {"precision": 0.7894736842105263, "recall": 0.9375, "f1-score": 0.8571428571428572, "support": 16}, "accuracy": 0.6952380952380952, "macro avg": {"precision": 0.7815030364372471, "recall": 0.7021026746242263, "f1-score": 0.6877768889263143, "support": 105}, "weighted avg": {"precision": 0.7905388471177945, "recall": 0.6952380952380952, "f1-score": 0.690185720946531, "support": 105}, "classificador": "Perceptron"}