{"casual": {"precision": 0.6857142857142857, "recall": 0.8275862068965517, "f1-score": 0.75, "support": 29}, "explosion": {"precision": 0.8918918918918919, "recall": 0.8461538461538461, "f1-score": 0.868421052631579, "support": 39}, "gunshot": {"precision": 0.9375, "recall": 0.7142857142857143, "f1-score": 0.8108108108108109, "support": 21}, "siren": {"precision": 0.9411764705882353, "recall": 1.0, "f1-score": 0.9696969696969697, "support": 16}, "accuracy": 0.8380952380952381, "macro avg": {"precision": 0.8640706620486032, "recall": 0.8470064418340281, "f1-score": 0.8497322082848399, "support": 105}, "weighted avg": {"precision": 0.8515792533229509, "recall": 0.8380952380952381, "f1-score": 0.8396247580458107, "support": 105}, "classificador": "Perceptron"}