{"casual": {"precision": 0.6216216216216216, "recall": 0.7931034482758621, "f1-score": 0.696969696969697, "support": 29}, "explosion": {"precision": 0.8857142857142857, "recall": 0.7948717948717948, "f1-score": 0.8378378378378378, "support": 39}, "gunshot": {"precision": 0.9375, "recall": 0.7142857142857143, "f1-score": 0.8108108108108109, "support": 21}, "siren": {"precision": 0.8823529411764706, "recall": 0.9375, "f1-score": 0.9090909090909091, "support": 16}, "accuracy": 0.8, "macro avg": {"precision": 0.8317972121280944, "recall": 0.8099402393583428, "f1-score": 0.8136773136773138, "support": 105}, "weighted avg": {"precision": 0.8226193450353115, "recall": 0.8, "f1-score": 0.8043836043836046, "support": 105}, "classificador": "LinearDiscriminantAnalysis"}