{"casual": {"precision": 0.631578947368421, "recall": 0.8275862068965517, "f1-score": 0.716417910447761, "support": 29}, "explosion": {"precision": 0.9032258064516129, "recall": 0.717948717948718, "f1-score": 0.8, "support": 39}, "gunshot": {"precision": 1.0, "recall": 0.5714285714285714, "f1-score": 0.7272727272727273, "support": 21}, "siren": {"precision": 0.625, "recall": 0.9375, "f1-score": 0.75, "support": 16}, "accuracy": 0.7523809523809524, "macro avg": {"precision": 0.7899511884550084, "recall": 0.7636158740684602, "f1-score": 0.7484226594301221, "support": 105}, "weighted avg": {"precision": 0.8051580564314011, "recall": 0.7523809523809524, "f1-score": 0.75475092072107, "support": 105}, "classificador": "SGDClassifier"}