{"casual": {"precision": 0.3333333333333333, "recall": 0.7586206896551724, "f1-score": 0.4631578947368421, "support": 29}, "explosion": {"precision": 0.8076923076923077, "recall": 0.5384615384615384, "f1-score": 0.6461538461538461, "support": 39}, "gunshot": {"precision": 1.0, "recall": 0.047619047619047616, "f1-score": 0.0909090909090909, "support": 21}, "siren": {"precision": 0.8333333333333334, "recall": 0.625, "f1-score": 0.7142857142857143, "support": 16}, "accuracy": 0.5142857142857142, "macro avg": {"precision": 0.7435897435897436, "recall": 0.49242531893393965, "f1-score": 0.4786266365213734, "support": 105}, "weighted avg": {"precision": 0.719047619047619, "recall": 0.5142857142857142, "f1-score": 0.494945155095531, "support": 105}, "classificador": "BaggingClassifier"}