{"casual": {"precision": 0.5263157894736842, "recall": 0.6896551724137931, "f1-score": 0.5970149253731344, "support": 29}, "explosion": {"precision": 0.8571428571428571, "recall": 0.6153846153846154, "f1-score": 0.7164179104477612, "support": 39}, "gunshot": {"precision": 0.6, "recall": 0.5714285714285714, "f1-score": 0.5853658536585366, "support": 21}, "siren": {"precision": 0.7368421052631579, "recall": 0.875, "f1-score": 0.7999999999999999, "support": 16}, "accuracy": 0.6666666666666666, "macro avg": {"precision": 0.6800751879699248, "recall": 0.6878670898067449, "f1-score": 0.674699672369858, "support": 105}, "weighted avg": {"precision": 0.6960114572144647, "recall": 0.6666666666666666, "f1-score": 0.6699658501915509, "support": 105}, "classificador": "SVC"}