{"casual": {"precision": 0.42105263157894735, "recall": 0.5517241379310345, "f1-score": 0.47761194029850745, "support": 29}, "explosion": {"precision": 0.6956521739130435, "recall": 0.41025641025641024, "f1-score": 0.5161290322580646, "support": 39}, "gunshot": {"precision": 0.52, "recall": 0.6190476190476191, "f1-score": 0.5652173913043478, "support": 21}, "siren": {"precision": 0.7368421052631579, "recall": 0.875, "f1-score": 0.7999999999999999, "support": 16}, "accuracy": 0.5619047619047619, "macro avg": {"precision": 0.5933867276887872, "recall": 0.614007041808766, "f1-score": 0.5897395909652299, "support": 105}, "weighted avg": {"precision": 0.5909565217391305, "recall": 0.5619047619047619, "f1-score": 0.5585651785153575, "support": 105}, "classificador": "Perceptron"}