{"casual": {"precision": 0.5675675675675675, "recall": 0.7241379310344828, "f1-score": 0.6363636363636365, "support": 29}, "explosion": {"precision": 0.8636363636363636, "recall": 0.48717948717948717, "f1-score": 0.6229508196721312, "support": 39}, "gunshot": {"precision": 0.35294117647058826, "recall": 0.5714285714285714, "f1-score": 0.43636363636363634, "support": 21}, "siren": {"precision": 0.9166666666666666, "recall": 0.6875, "f1-score": 0.7857142857142857, "support": 16}, "accuracy": 0.6, "macro avg": {"precision": 0.6752029435852965, "recall": 0.6175614974106354, "f1-score": 0.6203480945284224, "support": 105}, "weighted avg": {"precision": 0.6878067525126349, "recall": 0.6, "f1-score": 0.614139927207843, "support": 105}, "classificador": "KNeighborsClassifier"}