{"casual": {"precision": 0.40816326530612246, "recall": 0.6896551724137931, "f1-score": 0.5128205128205129, "support": 29}, "explosion": {"precision": 0.7948717948717948, "recall": 0.7948717948717948, "f1-score": 0.7948717948717948, "support": 39}, "gunshot": {"precision": 1.0, "recall": 0.23809523809523808, "f1-score": 0.3846153846153846, "support": 21}, "siren": {"precision": 0.8333333333333334, "recall": 0.625, "f1-score": 0.7142857142857143, "support": 16}, "accuracy": 0.6285714285714286, "macro avg": {"precision": 0.7590920983778127, "recall": 0.5869055513452065, "f1-score": 0.6016483516483516, "support": 105}, "weighted avg": {"precision": 0.7349530288305798, "recall": 0.6285714285714286, "f1-score": 0.6226408512122797, "support": 105}, "classificador": "BaggingClassifier"}