{"casual": {"precision": 0.6060606060606061, "recall": 0.6896551724137931, "f1-score": 0.6451612903225807, "support": 29}, "explosion": {"precision": 0.9583333333333334, "recall": 0.5897435897435898, "f1-score": 0.7301587301587301, "support": 39}, "gunshot": {"precision": 0.3783783783783784, "recall": 0.6666666666666666, "f1-score": 0.48275862068965514, "support": 21}, "siren": {"precision": 0.9090909090909091, "recall": 0.625, "f1-score": 0.7407407407407406, "support": 16}, "accuracy": 0.638095238095238, "macro avg": {"precision": 0.7129658067158068, "recall": 0.6427663572060124, "f1-score": 0.6497048454779266, "support": 105}, "weighted avg": {"precision": 0.7375443625443625, "recall": 0.638095238095238, "f1-score": 0.6588157217321897, "support": 105}, "classificador": "KNeighborsClassifier"}