{"casual": {"precision": 0.5121951219512195, "recall": 0.7241379310344828, "f1-score": 0.6000000000000001, "support": 29}, "explosion": {"precision": 0.8666666666666667, "recall": 0.6666666666666666, "f1-score": 0.7536231884057971, "support": 39}, "gunshot": {"precision": 0.7333333333333333, "recall": 0.5238095238095238, "f1-score": 0.611111111111111, "support": 21}, "siren": {"precision": 0.7368421052631579, "recall": 0.875, "f1-score": 0.7999999999999999, "support": 16}, "accuracy": 0.6857142857142857, "macro avg": {"precision": 0.7122593068035944, "recall": 0.6974035303776683, "f1-score": 0.691183574879227, "support": 105}, "weighted avg": {"precision": 0.7223155449599609, "recall": 0.6857142857142857, "f1-score": 0.6897584541062801, "support": 105}, "classificador": "SVC"}