{"casual": {"precision": 0.35185185185185186, "recall": 0.6551724137931034, "f1-score": 0.4578313253012048, "support": 29}, "explosion": {"precision": 0.7575757575757576, "recall": 0.6410256410256411, "f1-score": 0.6944444444444444, "support": 39}, "gunshot": {"precision": 1.0, "recall": 0.23809523809523808, "f1-score": 0.3846153846153846, "support": 21}, "siren": {"precision": 0.6153846153846154, "recall": 0.5, "f1-score": 0.5517241379310345, "support": 16}, "accuracy": 0.5428571428571428, "macro avg": {"precision": 0.6812030562030562, "recall": 0.5085733232284957, "f1-score": 0.522153823073017, "support": 105}, "weighted avg": {"precision": 0.672336305669639, "recall": 0.5428571428571428, "f1-score": 0.5453804861989324, "support": 105}, "classificador": "LinearDiscriminantAnalysis"}