{"casual": {"precision": 0.37037037037037035, "recall": 0.6896551724137931, "f1-score": 0.48192771084337355, "support": 29}, "explosion": {"precision": 0.7586206896551724, "recall": 0.5641025641025641, "f1-score": 0.6470588235294118, "support": 39}, "gunshot": {"precision": 0.6666666666666666, "recall": 0.19047619047619047, "f1-score": 0.2962962962962963, "support": 21}, "siren": {"precision": 0.75, "recall": 0.75, "f1-score": 0.75, "support": 16}, "accuracy": 0.5523809523809524, "macro avg": {"precision": 0.6364144316730523, "recall": 0.5485584817481369, "f1-score": 0.5438207076672704, "support": 105}, "weighted avg": {"precision": 0.6316852155932615, "recall": 0.5523809523809524, "f1-score": 0.5469849519459725, "support": 105}, "classificador": "LinearDiscriminantAnalysis"}