{"casual": {"precision": 0.42857142857142855, "recall": 0.7241379310344828, "f1-score": 0.5384615384615385, "support": 29}, "explosion": {"precision": 0.8421052631578947, "recall": 0.8205128205128205, "f1-score": 0.8311688311688312, "support": 39}, "gunshot": {"precision": 0.75, "recall": 0.14285714285714285, "f1-score": 0.24, "support": 21}, "siren": {"precision": 0.8571428571428571, "recall": 0.75, "f1-score": 0.7999999999999999, "support": 16}, "accuracy": 0.6476190476190476, "macro avg": {"precision": 0.7194548872180452, "recall": 0.6093769736011115, "f1-score": 0.6024075924075925, "support": 105}, "weighted avg": {"precision": 0.7117615467239526, "recall": 0.6476190476190476, "f1-score": 0.6273425621997051, "support": 105}, "classificador": "BaggingClassifier"}