{"casual": {"precision": 0.5116279069767442, "recall": 0.7586206896551724, "f1-score": 0.6111111111111112, "support": 29}, "explosion": {"precision": 0.9259259259259259, "recall": 0.6410256410256411, "f1-score": 0.7575757575757577, "support": 39}, "gunshot": {"precision": 0.45161290322580644, "recall": 0.6666666666666666, "f1-score": 0.5384615384615384, "support": 21}, "siren": {"precision": 1.0, "recall": 0.25, "f1-score": 0.4, "support": 16}, "accuracy": 0.6190476190476191, "macro avg": {"precision": 0.7222916840321192, "recall": 0.57907824933687, "f1-score": 0.5767871017871018, "support": 105}, "weighted avg": {"precision": 0.7279256322017011, "recall": 0.6190476190476191, "f1-score": 0.618813038813039, "support": 105}, "classificador": "KNeighborsClassifier"}