{"casual": {"precision": 0.84, "recall": 0.7241379310344828, "f1-score": 0.7777777777777777, "support": 29}, "explosion": {"precision": 0.9487179487179487, "recall": 0.9487179487179487, "f1-score": 0.9487179487179487, "support": 39}, "gunshot": {"precision": 0.7727272727272727, "recall": 0.8095238095238095, "f1-score": 0.7906976744186046, "support": 21}, "siren": {"precision": 0.8421052631578947, "recall": 1.0, "f1-score": 0.9142857142857143, "support": 16}, "accuracy": 0.8666666666666667, "macro avg": {"precision": 0.850887621150779, "recall": 0.8705949223190603, "f1-score": 0.8578697788000113, "support": 105}, "weighted avg": {"precision": 0.8672472089314195, "recall": 0.8666666666666667, "f1-score": 0.8646550299706446, "support": 105}, "classificador": "KNeighborsClassifier"}