{"casual": {"precision": 0.5348837209302325, "recall": 0.7931034482758621, "f1-score": 0.6388888888888888, "support": 29}, "explosion": {"precision": 0.76, "recall": 0.48717948717948717, "f1-score": 0.59375, "support": 39}, "gunshot": {"precision": 0.631578947368421, "recall": 0.5714285714285714, "f1-score": 0.6, "support": 21}, "siren": {"precision": 0.8333333333333334, "recall": 0.9375, "f1-score": 0.8823529411764706, "support": 16}, "accuracy": 0.6571428571428571, "macro avg": {"precision": 0.6899490004079967, "recall": 0.6973028767209801, "f1-score": 0.6787479575163399, "support": 105}, "weighted avg": {"precision": 0.6833154203337802, "recall": 0.6571428571428571, "f1-score": 0.6514445222533457, "support": 105}, "classificador": "Perceptron"}