{"casual": {"precision": 0.5945945945945946, "recall": 0.7586206896551724, "f1-score": 0.6666666666666667, "support": 29}, "explosion": {"precision": 0.8709677419354839, "recall": 0.6923076923076923, "f1-score": 0.7714285714285716, "support": 39}, "gunshot": {"precision": 0.8947368421052632, "recall": 0.8095238095238095, "f1-score": 0.8500000000000001, "support": 21}, "siren": {"precision": 0.7222222222222222, "recall": 0.8125, "f1-score": 0.7647058823529411, "support": 16}, "accuracy": 0.7523809523809524, "macro avg": {"precision": 0.770630350214391, "recall": 0.7682380478716686, "f1-score": 0.7632002801120449, "support": 105}, "weighted avg": {"precision": 0.7767239468427924, "recall": 0.7523809523809524, "f1-score": 0.7571842070161399, "support": 105}, "classificador": "SGDClassifier"}