{"casual": {"precision": 0.6052631578947368, "recall": 0.7931034482758621, "f1-score": 0.6865671641791046, "support": 29}, "explosion": {"precision": 0.8333333333333334, "recall": 0.7692307692307693, "f1-score": 0.8, "support": 39}, "gunshot": {"precision": 0.9285714285714286, "recall": 0.6190476190476191, "f1-score": 0.742857142857143, "support": 21}, "siren": {"precision": 0.8235294117647058, "recall": 0.875, "f1-score": 0.8484848484848485, "support": 16}, "accuracy": 0.7619047619047619, "macro avg": {"precision": 0.7976743328910512, "recall": 0.7640954591385626, "f1-score": 0.769477288880274, "support": 105}, "weighted avg": {"precision": 0.7878962111160254, "recall": 0.7619047619047619, "f1-score": 0.7646305270185869, "support": 105}, "classificador": "Perceptron"}