{"classificador": "BaggingClassifier", "accuracy": 0.7333333333333333, "explosion": {"recall": 0.7948717948717948, "f1-score": 0.8157894736842105, "precision": 0.8378378378378378, "support": 39}, "siren": {"recall": 0.875, "f1-score": 0.875, "precision": 0.875, "support": 16}, "weighted avg": {"recall": 0.7333333333333333, "f1-score": 0.7271345029239765, "precision": 0.7764608462282881, "support": 105}, "gunshot": {"recall": 0.38095238095238093, "f1-score": 0.5333333333333333, "precision": 0.8888888888888888, "support": 21}, "macro avg": {"recall": 0.7196025956801819, "f1-score": 0.7226973684210526, "precision": 0.7899665654026119, "support": 105}, "casual": {"recall": 0.8275862068965517, "f1-score": 0.6666666666666666, "precision": 0.5581395348837209, "support": 29}}