{"classificador": "LinearSVC", "accuracy": 0.7047619047619048, "explosion": {"recall": 0.717948717948718, "f1-score": 0.7777777777777778, "precision": 0.8484848484848485, "support": 39}, "siren": {"recall": 0.8125, "f1-score": 0.787878787878788, "precision": 0.7647058823529411, "support": 16}, "weighted avg": {"recall": 0.7047619047619048, "f1-score": 0.7135014743710396, "precision": 0.7431066972243443, "support": 105}, "gunshot": {"recall": 0.6190476190476191, "f1-score": 0.7222222222222222, "precision": 0.8666666666666667, "support": 21}, "macro avg": {"recall": 0.7097878773525326, "f1-score": 0.716897233201581, "precision": 0.7449643493761141, "support": 105}, "casual": {"recall": 0.6896551724137931, "f1-score": 0.5797101449275363, "precision": 0.5, "support": 29}}