{"classificador": "KNeighborsClassifier", "accuracy": 0.6666666666666666, "explosion": {"recall": 0.5384615384615384, "f1-score": 0.6774193548387096, "precision": 0.9130434782608695, "support": 39}, "siren": {"recall": 0.75, "f1-score": 0.8571428571428571, "precision": 1.0, "support": 16}, "weighted avg": {"recall": 0.6666666666666666, "f1-score": 0.6744681426692959, "precision": 0.7421607378129118, "support": 105}, "gunshot": {"recall": 0.6190476190476191, "f1-score": 0.5531914893617021, "precision": 0.5, "support": 21}, "macro avg": {"recall": 0.6837738411014274, "f1-score": 0.6863219869796529, "precision": 0.7396245059288538, "support": 105}, "casual": {"recall": 0.8275862068965517, "f1-score": 0.6575342465753425, "precision": 0.5454545454545454, "support": 29}}