{"classificador": "SGDClassifier", "accuracy": 0.7333333333333333, "explosion": {"recall": 0.7435897435897436, "f1-score": 0.7733333333333334, "precision": 0.8055555555555556, "support": 39}, "siren": {"recall": 0.9375, "f1-score": 0.8333333333333334, "precision": 0.75, "support": 16}, "weighted avg": {"recall": 0.7333333333333333, "f1-score": 0.7331010424070126, "precision": 0.7733918128654971, "support": 105}, "gunshot": {"recall": 0.5238095238095238, "f1-score": 0.6875000000000001, "precision": 1.0, "support": 21}, "macro avg": {"recall": 0.74087998926361, "f1-score": 0.7377207711442787, "precision": 0.7836257309941521, "support": 105}, "casual": {"recall": 0.7586206896551724, "f1-score": 0.6567164179104478, "precision": 0.5789473684210527, "support": 29}}