{"classificador": "BaggingClassifier", "accuracy": 0.7333333333333333, "explosion": {"recall": 0.717948717948718, "f1-score": 0.8, "precision": 0.9032258064516129, "support": 39}, "siren": {"recall": 0.6875, "f1-score": 0.7586206896551724, "precision": 0.8461538461538461, "support": 16}, "weighted avg": {"recall": 0.7333333333333333, "f1-score": 0.7387153212841067, "precision": 0.7660940737730667, "support": 105}, "gunshot": {"recall": 0.6666666666666666, "f1-score": 0.6829268292682926, "precision": 0.7, "support": 21}, "macro avg": {"recall": 0.724925397877984, "f1-score": 0.7318154511594377, "precision": 0.7586863765659989, "support": 105}, "casual": {"recall": 0.8275862068965517, "f1-score": 0.6857142857142856, "precision": 0.5853658536585366, "support": 29}}