{"classificador": "SGDClassifier", "accuracy": 0.7047619047619048, "explosion": {"recall": 0.6923076923076923, "f1-score": 0.7297297297297296, "precision": 0.7714285714285715, "support": 39}, "siren": {"recall": 0.875, "f1-score": 0.823529411764706, "precision": 0.7777777777777778, "support": 16}, "weighted avg": {"recall": 0.7047619047619048, "f1-score": 0.7045052337031918, "precision": 0.7562962962962962, "support": 105}, "gunshot": {"recall": 0.47619047619047616, "f1-score": 0.6451612903225806, "precision": 1.0, "support": 21}, "macro avg": {"recall": 0.7091504041935076, "f1-score": 0.7115769389401696, "precision": 0.7742063492063492, "support": 105}, "casual": {"recall": 0.7931034482758621, "f1-score": 0.647887323943662, "precision": 0.5476190476190477, "support": 29}}