{"classificador": "SGDClassifier", "accuracy": 0.6857142857142857, "explosion": {"recall": 0.7435897435897436, "f1-score": 0.7532467532467534, "precision": 0.7631578947368421, "support": 39}, "siren": {"recall": 0.875, "f1-score": 0.7999999999999999, "precision": 0.7368421052631579, "support": 16}, "weighted avg": {"recall": 0.6857142857142857, "f1-score": 0.6895847884608389, "precision": 0.7145043928502575, "support": 105}, "gunshot": {"recall": 0.5714285714285714, "f1-score": 0.7058823529411765, "precision": 0.9230769230769231, "support": 21}, "macro avg": {"recall": 0.6940563028925097, "f1-score": 0.6975947765469824, "precision": 0.7271978021978022, "support": 105}, "casual": {"recall": 0.5862068965517241, "f1-score": 0.53125, "precision": 0.4857142857142857, "support": 29}}