{"classificador": "SGDClassifier", "accuracy": 0.7428571428571429, "explosion": {"recall": 0.8205128205128205, "f1-score": 0.810126582278481, "precision": 0.8, "support": 39}, "siren": {"recall": 0.8125, "f1-score": 0.8387096774193549, "precision": 0.8666666666666667, "support": 16}, "weighted avg": {"recall": 0.7428571428571429, "f1-score": 0.7418667807397901, "precision": 0.7880158730158731, "support": 105}, "gunshot": {"recall": 0.47619047619047616, "f1-score": 0.6451612903225806, "precision": 1.0, "support": 21}, "macro avg": {"recall": 0.7255766862447897, "f1-score": 0.7401660541717708, "precision": 0.8104166666666667, "support": 105}, "casual": {"recall": 0.7931034482758621, "f1-score": 0.6666666666666666, "precision": 0.575, "support": 29}}