{"classificador": "Perceptron", "accuracy": 0.7142857142857143, "explosion": {"recall": 0.7692307692307693, "f1-score": 0.7894736842105263, "precision": 0.8108108108108109, "support": 39}, "siren": {"recall": 0.875, "f1-score": 0.7777777777777777, "precision": 0.7, "support": 16}, "weighted avg": {"recall": 0.7142857142857143, "f1-score": 0.7166397686134528, "precision": 0.7571171171171173, "support": 105}, "gunshot": {"recall": 0.5238095238095238, "f1-score": 0.6875000000000001, "precision": 1.0, "support": 21}, "macro avg": {"recall": 0.7144238663635215, "f1-score": 0.7152030170122275, "precision": 0.7628378378378378, "support": 105}, "casual": {"recall": 0.6896551724137931, "f1-score": 0.6060606060606061, "precision": 0.5405405405405406, "support": 29}}