{"classificador": "SGDClassifier", "accuracy": 0.6666666666666666, "explosion": {"recall": 0.7948717948717948, "f1-score": 0.738095238095238, "precision": 0.6888888888888889, "support": 39}, "siren": {"recall": 0.875, "f1-score": 0.823529411764706, "precision": 0.7777777777777778, "support": 16}, "weighted avg": {"recall": 0.6666666666666666, "f1-score": 0.6439511002536212, "precision": 0.7236836836836837, "support": 105}, "gunshot": {"recall": 0.23809523809523808, "f1-score": 0.3846153846153846, "precision": 1.0, "support": 21}, "macro avg": {"recall": 0.6494055513452065, "f1-score": 0.6380751601339837, "precision": 0.7518018018018018, "support": 105}, "casual": {"recall": 0.6896551724137931, "f1-score": 0.6060606060606061, "precision": 0.5405405405405406, "support": 29}}