{"classificador": "SGDClassifier", "accuracy": 0.7238095238095238, "explosion": {"recall": 0.6666666666666666, "f1-score": 0.7323943661971831, "precision": 0.8125, "support": 39}, "siren": {"recall": 0.9375, "f1-score": 0.8571428571428572, "precision": 0.7894736842105263, "support": 16}, "weighted avg": {"recall": 0.7238095238095238, "f1-score": 0.7239142793267541, "precision": 0.7523245614035088, "support": 105}, "gunshot": {"recall": 0.5714285714285714, "f1-score": 0.6857142857142857, "precision": 0.8571428571428571, "support": 21}, "macro avg": {"recall": 0.7421746715927751, "f1-score": 0.7354795439302482, "precision": 0.7585291353383459, "support": 105}, "casual": {"recall": 0.7931034482758621, "f1-score": 0.6666666666666666, "precision": 0.575, "support": 29}}