{"classificador": "KNeighborsClassifier", "accuracy": 0.7523809523809524, "explosion": {"recall": 0.717948717948718, "f1-score": 0.7887323943661971, "precision": 0.875, "support": 39}, "siren": {"recall": 0.6875, "f1-score": 0.7857142857142857, "precision": 0.9166666666666666, "support": 16}, "weighted avg": {"recall": 0.7523809523809524, "f1-score": 0.7541226775675878, "precision": 0.776082251082251, "support": 105}, "gunshot": {"recall": 0.6666666666666666, "f1-score": 0.6511627906976744, "precision": 0.6363636363636364, "support": 21}, "macro avg": {"recall": 0.7421667771883289, "f1-score": 0.7475788382827745, "precision": 0.7736742424242423, "support": 105}, "casual": {"recall": 0.896551724137931, "f1-score": 0.7647058823529411, "precision": 0.6666666666666666, "support": 29}}