{"classificador": "SGDClassifier", "accuracy": 0.7333333333333333, "explosion": {"recall": 0.7948717948717948, "f1-score": 0.8266666666666667, "precision": 0.8611111111111112, "support": 39}, "siren": {"recall": 0.875, "f1-score": 0.7999999999999999, "precision": 0.7368421052631579, "support": 16}, "weighted avg": {"recall": 0.7333333333333333, "f1-score": 0.7341061020948818, "precision": 0.7840267335004176, "support": 105}, "gunshot": {"recall": 0.47619047619047616, "f1-score": 0.6451612903225806, "precision": 1.0, "support": 21}, "macro avg": {"recall": 0.7261707401793609, "f1-score": 0.7273772791023843, "precision": 0.7869883040935673, "support": 105}, "casual": {"recall": 0.7586206896551724, "f1-score": 0.6376811594202898, "precision": 0.55, "support": 29}}