{"classificador": "SGDClassifier", "accuracy": 0.6, "explosion": {"recall": 0.717948717948718, "f1-score": 0.6666666666666666, "precision": 0.6222222222222222, "support": 39}, "siren": {"recall": 0.875, "f1-score": 0.7999999999999999, "precision": 0.7368421052631579, "support": 16}, "weighted avg": {"recall": 0.6, "f1-score": 0.5681731601731601, "precision": 0.6277547472284314, "support": 105}, "gunshot": {"recall": 0.14285714285714285, "f1-score": 0.24, "precision": 0.75, "support": 21}, "macro avg": {"recall": 0.5891238789945686, "f1-score": 0.563030303030303, "precision": 0.6488877034929666, "support": 105}, "casual": {"recall": 0.6206896551724138, "f1-score": 0.5454545454545455, "precision": 0.4864864864864865, "support": 29}}