{"casual": {"precision": 0.75, "recall": 0.8275862068965517, "f1-score": 0.7868852459016394, "support": 29}, "explosion": {"precision": 0.9722222222222222, "recall": 0.8974358974358975, "f1-score": 0.9333333333333333, "support": 39}, "gunshot": {"precision": 0.9411764705882353, "recall": 0.7619047619047619, "f1-score": 0.8421052631578947, "support": 21}, "siren": {"precision": 0.8, "recall": 1.0, "f1-score": 0.888888888888889, "support": 16}, "accuracy": 0.8666666666666667, "macro avg": {"precision": 0.8658496732026144, "recall": 0.8717317165593028, "f1-score": 0.8628031828204391, "support": 105}, "weighted avg": {"precision": 0.8783940242763772, "recall": 0.8666666666666667, "f1-score": 0.8678676655208148, "support": 105}, "classificador": "SVC", "mediaTempoClassificacaoCadaAudio": 0.04659104801359631, "desvioTempoClassificacaoCadaAudio": 0.03379394597522886}