{"casual": {"precision": 0.5111111111111111, "recall": 0.7931034482758621, "f1-score": 0.6216216216216216, "support": 29}, "explosion": {"precision": 0.6086956521739131, "recall": 0.358974358974359, "f1-score": 0.45161290322580644, "support": 39}, "gunshot": {"precision": 0.3888888888888889, "recall": 0.3333333333333333, "f1-score": 0.358974358974359, "support": 21}, "siren": {"precision": 0.7368421052631579, "recall": 0.875, "f1-score": 0.7999999999999999, "support": 16}, "accuracy": 0.5523809523809524, "macro avg": {"precision": 0.5613844393592677, "recall": 0.5901027851458887, "f1-score": 0.5580522209554467, "support": 105}, "weighted avg": {"precision": 0.557309457217924, "recall": 0.5523809523809524, "f1-score": 0.5331275408694763, "support": 105}, "classificador": "SVC"}