{"casual": {"precision": 0.4878048780487805, "recall": 0.6896551724137931, "f1-score": 0.5714285714285714, "support": 29}, "explosion": {"precision": 0.3181818181818182, "recall": 0.1794871794871795, "f1-score": 0.2295081967213115, "support": 39}, "gunshot": {"precision": 0.3076923076923077, "recall": 0.38095238095238093, "f1-score": 0.3404255319148936, "support": 21}, "siren": {"precision": 0.75, "recall": 0.75, "f1-score": 0.75, "support": 16}, "accuracy": 0.44761904761904764, "macro avg": {"precision": 0.4659197509807266, "recall": 0.5000236832133385, "f1-score": 0.47284057501619414, "support": 105}, "weighted avg": {"precision": 0.42873305556232383, "recall": 0.44761904761904764, "f1-score": 0.4254398515597379, "support": 105}, "classificador": "LinearSVC"}