{"casual": {"precision": 0.53125, "recall": 0.5862068965517241, "f1-score": 0.5573770491803278, "support": 29}, "explosion": {"precision": 0.8, "recall": 0.717948717948718, "f1-score": 0.7567567567567569, "support": 39}, "gunshot": {"precision": 0.6666666666666666, "recall": 0.5714285714285714, "f1-score": 0.6153846153846153, "support": 21}, "siren": {"precision": 0.75, "recall": 0.9375, "f1-score": 0.8333333333333334, "support": 16}, "accuracy": 0.6857142857142857, "macro avg": {"precision": 0.6869791666666667, "recall": 0.7032710464822534, "f1-score": 0.6907129386637584, "support": 105}, "weighted avg": {"precision": 0.6914880952380953, "recall": 0.6857142857142857, "f1-score": 0.6850843637728884, "support": 105}, "classificador": "SVC"}