{"casual": {"precision": 0.4666666666666667, "recall": 0.7241379310344828, "f1-score": 0.5675675675675675, "support": 29}, "explosion": {"precision": 0.6060606060606061, "recall": 0.5128205128205128, "f1-score": 0.5555555555555556, "support": 39}, "gunshot": {"precision": 0.5833333333333334, "recall": 0.3333333333333333, "f1-score": 0.4242424242424242, "support": 21}, "siren": {"precision": 0.8, "recall": 0.75, "f1-score": 0.7741935483870969, "support": 16}, "accuracy": 0.5714285714285714, "macro avg": {"precision": 0.6140151515151515, "recall": 0.5800729442970822, "f1-score": 0.580389773938161, "support": 105}, "weighted avg": {"precision": 0.5925685425685425, "recall": 0.5714285714285714, "f1-score": 0.5659267981848627, "support": 105}, "classificador": "LinearDiscriminantAnalysis"}