{"casual": {"precision": 0.7027027027027027, "recall": 0.896551724137931, "f1-score": 0.787878787878788, "support": 29}, "explosion": {"precision": 0.9714285714285714, "recall": 0.8717948717948718, "f1-score": 0.9189189189189189, "support": 39}, "gunshot": {"precision": 0.9411764705882353, "recall": 0.7619047619047619, "f1-score": 0.8421052631578947, "support": 21}, "siren": {"precision": 0.9375, "recall": 0.9375, "f1-score": 0.9375, "support": 16}, "accuracy": 0.8666666666666667, "macro avg": {"precision": 0.8882019361798774, "recall": 0.8669378394593912, "f1-score": 0.8716007424889004, "support": 105}, "weighted avg": {"precision": 0.8859885575851963, "recall": 0.8666666666666667, "f1-score": 0.8701955544060808, "support": 105}, "classificador": "KNeighborsClassifier"}