{"casual": {"precision": 0.6410256410256411, "recall": 0.8620689655172413, "f1-score": 0.7352941176470588, "support": 29}, "explosion": {"precision": 0.9142857142857143, "recall": 0.8205128205128205, "f1-score": 0.8648648648648648, "support": 39}, "gunshot": {"precision": 0.9333333333333333, "recall": 0.6666666666666666, "f1-score": 0.7777777777777778, "support": 21}, "siren": {"precision": 0.875, "recall": 0.875, "f1-score": 0.875, "support": 16}, "accuracy": 0.8095238095238095, "macro avg": {"precision": 0.8409111721611722, "recall": 0.8060621131741821, "f1-score": 0.8132341900724254, "support": 105}, "weighted avg": {"precision": 0.836637013779871, "recall": 0.8095238095238095, "f1-score": 0.8132056426174072, "support": 105}, "classificador": "SGDClassifier"}