{"casual": {"precision": 0.34328358208955223, "recall": 0.7931034482758621, "f1-score": 0.4791666666666667, "support": 29}, "explosion": {"precision": 0.8518518518518519, "recall": 0.5897435897435898, "f1-score": 0.6969696969696971, "support": 39}, "gunshot": {"precision": 0.0, "recall": 0.0, "f1-score": 0.0, "support": 21}, "siren": {"precision": 0.8181818181818182, "recall": 0.5625, "f1-score": 0.6666666666666666, "support": 16}, "accuracy": 0.5238095238095238, "macro avg": {"precision": 0.5033293130308056, "recall": 0.486336759504863, "f1-score": 0.46070075757575757, "support": 105}, "weighted avg": {"precision": 0.5358890970831269, "recall": 0.5238095238095238, "f1-score": 0.49280303030303035, "support": 105}, "classificador": "BaggingClassifier"}