{"casual": {"precision": 0.27586206896551724, "recall": 0.5517241379310345, "f1-score": 0.367816091954023, "support": 29}, "explosion": {"precision": 0.71875, "recall": 0.5897435897435898, "f1-score": 0.6478873239436619, "support": 39}, "gunshot": {"precision": 1.0, "recall": 0.047619047619047616, "f1-score": 0.0909090909090909, "support": 21}, "siren": {"precision": 0.7142857142857143, "recall": 0.625, "f1-score": 0.6666666666666666, "support": 16}, "accuracy": 0.47619047619047616, "macro avg": {"precision": 0.6772244458128079, "recall": 0.45352169382341795, "f1-score": 0.4433197933683606, "support": 105}, "weighted avg": {"precision": 0.6519982993197279, "recall": 0.47619047619047616, "f1-score": 0.46200028453549574, "support": 105}, "classificador": "LinearDiscriminantAnalysis"}