{"casual": {"precision": 0.5135135135135135, "recall": 0.6551724137931034, "f1-score": 0.5757575757575758, "support": 29}, "explosion": {"precision": 0.5882352941176471, "recall": 0.7692307692307693, "f1-score": 0.6666666666666667, "support": 39}, "gunshot": {"precision": 0.0, "recall": 0.0, "f1-score": 0.0, "support": 21}, "siren": {"precision": 0.8235294117647058, "recall": 0.875, "f1-score": 0.8484848484848485, "support": 16}, "accuracy": 0.6, "macro avg": {"precision": 0.4813195548489666, "recall": 0.5748507957559682, "f1-score": 0.5227272727272728, "support": 105}, "weighted avg": {"precision": 0.48580513286395643, "recall": 0.6, "f1-score": 0.535930735930736, "support": 105}, "classificador": "SGDClassifier"}