{"casual": {"precision": 0.3333333333333333, "recall": 0.7241379310344828, "f1-score": 0.45652173913043476, "support": 29}, "explosion": {"precision": 0.7857142857142857, "recall": 0.5641025641025641, "f1-score": 0.6567164179104477, "support": 39}, "gunshot": {"precision": 0.0, "recall": 0.0, "f1-score": 0.0, "support": 21}, "siren": {"precision": 0.7142857142857143, "recall": 0.625, "f1-score": 0.6666666666666666, "support": 16}, "accuracy": 0.5047619047619047, "macro avg": {"precision": 0.45833333333333337, "recall": 0.47831012378426174, "f1-score": 0.44497620592688725, "support": 105}, "weighted avg": {"precision": 0.4927437641723356, "recall": 0.5047619047619047, "f1-score": 0.47159749904720694, "support": 105}, "classificador": "SVC"}