{"casual": {"precision": 0.4666666666666667, "recall": 0.4827586206896552, "f1-score": 0.47457627118644075, "support": 29}, "explosion": {"precision": 0.7777777777777778, "recall": 0.717948717948718, "f1-score": 0.7466666666666666, "support": 39}, "gunshot": {"precision": 0.625, "recall": 0.47619047619047616, "f1-score": 0.5405405405405405, "support": 21}, "siren": {"precision": 0.5652173913043478, "recall": 0.8125, "f1-score": 0.6666666666666667, "support": 16}, "accuracy": 0.6190476190476191, "macro avg": {"precision": 0.608665458937198, "recall": 0.6223494537072123, "f1-score": 0.6071125362650787, "support": 105}, "weighted avg": {"precision": 0.6289061421670118, "recall": 0.6190476190476191, "f1-score": 0.6181021893564267, "support": 105}, "classificador": "Perceptron"}