{"casual": {"precision": 0.5483870967741935, "recall": 0.5862068965517241, "f1-score": 0.5666666666666665, "support": 29}, "explosion": {"precision": 0.6744186046511628, "recall": 0.7435897435897436, "f1-score": 0.7073170731707318, "support": 39}, "gunshot": {"precision": 0.9230769230769231, "recall": 0.5714285714285714, "f1-score": 0.7058823529411765, "support": 21}, "siren": {"precision": 0.8333333333333334, "recall": 0.9375, "f1-score": 0.8823529411764706, "support": 16}, "accuracy": 0.6952380952380952, "macro avg": {"precision": 0.7448039894589032, "recall": 0.7096813028925097, "f1-score": 0.7155547584887614, "support": 105}, "weighted avg": {"precision": 0.7135571438647208, "recall": 0.6952380952380952, "f1-score": 0.6948559586436202, "support": 105}, "classificador": "Perceptron"}