{"casual": {"precision": 0.6285714285714286, "recall": 0.7586206896551724, "f1-score": 0.6875, "support": 29}, "explosion": {"precision": 0.8857142857142857, "recall": 0.7948717948717948, "f1-score": 0.8378378378378378, "support": 39}, "gunshot": {"precision": 0.7222222222222222, "recall": 0.6190476190476191, "f1-score": 0.6666666666666666, "support": 21}, "siren": {"precision": 0.8823529411764706, "recall": 0.9375, "f1-score": 0.9090909090909091, "support": 16}, "accuracy": 0.7714285714285715, "macro avg": {"precision": 0.7797152194211018, "recall": 0.7775100258936466, "f1-score": 0.7752738533988534, "support": 105}, "weighted avg": {"precision": 0.7814832599706549, "recall": 0.7714285714285715, "f1-score": 0.7729393354393355, "support": 105}, "classificador": "KNeighborsClassifier"}