{"casual": {"precision": 0.4864864864864865, "recall": 0.6206896551724138, "f1-score": 0.5454545454545455, "support": 29}, "explosion": {"precision": 0.6774193548387096, "recall": 0.5384615384615384, "f1-score": 0.6, "support": 39}, "gunshot": {"precision": 0.5263157894736842, "recall": 0.47619047619047616, "f1-score": 0.5, "support": 21}, "siren": {"precision": 0.7222222222222222, "recall": 0.8125, "f1-score": 0.7647058823529411, "support": 16}, "accuracy": 0.5904761904761905, "macro avg": {"precision": 0.6031109632552757, "recall": 0.6119604174561071, "f1-score": 0.6025401069518717, "support": 105}, "weighted avg": {"precision": 0.6012919055363878, "recall": 0.5904761904761905, "f1-score": 0.5900331041507512, "support": 105}, "classificador": "Perceptron"}