{"casual": {"precision": 0.5483870967741935, "recall": 0.5862068965517241, "f1-score": 0.5666666666666665, "support": 29}, "explosion": {"precision": 0.7647058823529411, "recall": 0.6666666666666666, "f1-score": 0.7123287671232877, "support": 39}, "gunshot": {"precision": 0.75, "recall": 0.7142857142857143, "f1-score": 0.7317073170731706, "support": 21}, "siren": {"precision": 0.8, "recall": 1.0, "f1-score": 0.888888888888889, "support": 16}, "accuracy": 0.7047619047619048, "macro avg": {"precision": 0.7157732447817837, "recall": 0.7417898193760263, "f1-score": 0.7248979099380034, "support": 105}, "weighted avg": {"precision": 0.7073976687449173, "recall": 0.7047619047619048, "f1-score": 0.7028783917323843, "support": 105}, "classificador": "Perceptron"}