{"casual": {"precision": 0.7857142857142857, "recall": 0.7586206896551724, "f1-score": 0.7719298245614034, "support": 29}, "explosion": {"precision": 0.9210526315789473, "recall": 0.8974358974358975, "f1-score": 0.9090909090909091, "support": 39}, "gunshot": {"precision": 0.7619047619047619, "recall": 0.7619047619047619, "f1-score": 0.7619047619047619, "support": 21}, "siren": {"precision": 0.8333333333333334, "recall": 0.9375, "f1-score": 0.8823529411764706, "support": 16}, "accuracy": 0.8380952380952381, "macro avg": {"precision": 0.8255012531328321, "recall": 0.838865337248958, "f1-score": 0.8313196091833862, "support": 105}, "weighted avg": {"precision": 0.8384771452440626, "recall": 0.8380952380952381, "f1-score": 0.8376967373871399, "support": 105}, "classificador": "SVC"}