{"casual": {"precision": 0.5128205128205128, "recall": 0.6896551724137931, "f1-score": 0.5882352941176471, "support": 29}, "explosion": {"precision": 0.7333333333333333, "recall": 0.5641025641025641, "f1-score": 0.6376811594202899, "support": 39}, "gunshot": {"precision": 0.5555555555555556, "recall": 0.47619047619047616, "f1-score": 0.5128205128205129, "support": 21}, "siren": {"precision": 0.7222222222222222, "recall": 0.8125, "f1-score": 0.7647058823529411, "support": 16}, "accuracy": 0.6190476190476191, "macro avg": {"precision": 0.630982905982906, "recall": 0.6356120531767083, "f1-score": 0.6258607121778478, "support": 105}, "weighted avg": {"precision": 0.6351811151811152, "recall": 0.6190476190476191, "f1-score": 0.6184087012731514, "support": 105}, "classificador": "Perceptron"}