{"casual": {"precision": 0.5384615384615384, "recall": 0.7241379310344828, "f1-score": 0.6176470588235294, "support": 29}, "explosion": {"precision": 0.7931034482758621, "recall": 0.5897435897435898, "f1-score": 0.676470588235294, "support": 39}, "gunshot": {"precision": 0.5555555555555556, "recall": 0.47619047619047616, "f1-score": 0.5128205128205129, "support": 21}, "siren": {"precision": 0.7368421052631579, "recall": 0.875, "f1-score": 0.7999999999999999, "support": 16}, "accuracy": 0.6476190476190476, "macro avg": {"precision": 0.6559906618890284, "recall": 0.6662679992421372, "f1-score": 0.651734539969834, "support": 105}, "weighted avg": {"precision": 0.6666910423716231, "recall": 0.6476190476190476, "f1-score": 0.6463176039646629, "support": 105}, "classificador": "SGDClassifier"}