{"casual": {"precision": 0.5853658536585366, "recall": 0.8275862068965517, "f1-score": 0.6857142857142856, "support": 29}, "explosion": {"precision": 0.8928571428571429, "recall": 0.6410256410256411, "f1-score": 0.746268656716418, "support": 39}, "gunshot": {"precision": 0.9444444444444444, "recall": 0.8095238095238095, "f1-score": 0.8717948717948718, "support": 21}, "siren": {"precision": 0.8333333333333334, "recall": 0.9375, "f1-score": 0.8823529411764706, "support": 16}, "accuracy": 0.7714285714285715, "macro avg": {"precision": 0.8140001935733644, "recall": 0.8039089143615006, "f1-score": 0.7965326888505114, "support": 105}, "weighted avg": {"precision": 0.8091781428018362, "recall": 0.7714285714285715, "f1-score": 0.7753860120397184, "support": 105}, "classificador": "Perceptron"}