{"casual": {"precision": 0.6842105263157895, "recall": 0.896551724137931, "f1-score": 0.7761194029850746, "support": 29}, "explosion": {"precision": 0.9393939393939394, "recall": 0.7948717948717948, "f1-score": 0.8611111111111112, "support": 39}, "gunshot": {"precision": 0.9411764705882353, "recall": 0.7619047619047619, "f1-score": 0.8421052631578947, "support": 21}, "siren": {"precision": 0.9411764705882353, "recall": 1.0, "f1-score": 0.9696969696969697, "support": 16}, "accuracy": 0.8476190476190476, "macro avg": {"precision": 0.87648935172155, "recall": 0.8633320702286219, "f1-score": 0.8622581867377626, "support": 105}, "weighted avg": {"precision": 0.869542841059869, "recall": 0.8476190476190476, "f1-score": 0.8503824577273125, "support": 105}, "classificador": "SGDClassifier"}