{"casual": {"precision": 0.5609756097560976, "recall": 0.7931034482758621, "f1-score": 0.6571428571428573, "support": 29}, "explosion": {"precision": 0.9, "recall": 0.6923076923076923, "f1-score": 0.7826086956521738, "support": 39}, "gunshot": {"precision": 0.9375, "recall": 0.7142857142857143, "f1-score": 0.8108108108108109, "support": 21}, "siren": {"precision": 0.8333333333333334, "recall": 0.9375, "f1-score": 0.8823529411764706, "support": 16}, "accuracy": 0.7619047619047619, "macro avg": {"precision": 0.8079522357723578, "recall": 0.7842992137173171, "f1-score": 0.7832288261955781, "support": 105}, "weighted avg": {"precision": 0.8037059620596206, "recall": 0.7619047619047619, "f1-score": 0.7687957721278876, "support": 105}, "classificador": "LinearDiscriminantAnalysis"}