{"casual": {"precision": 0.5555555555555556, "recall": 0.6896551724137931, "f1-score": 0.6153846153846154, "support": 29}, "explosion": {"precision": 0.90625, "recall": 0.7435897435897436, "f1-score": 0.8169014084507042, "support": 39}, "gunshot": {"precision": 0.8823529411764706, "recall": 0.7142857142857143, "f1-score": 0.7894736842105262, "support": 21}, "siren": {"precision": 0.8, "recall": 1.0, "f1-score": 0.888888888888889, "support": 16}, "accuracy": 0.7619047619047619, "macro avg": {"precision": 0.7860396241830065, "recall": 0.7868826575723128, "f1-score": 0.7776621492336837, "support": 105}, "weighted avg": {"precision": 0.7884216464363524, "recall": 0.7619047619047619, "f1-score": 0.7667283653940438, "support": 105}, "classificador": "LinearDiscriminantAnalysis"}