{"casual": {"precision": 0.6578947368421053, "recall": 0.8620689655172413, "f1-score": 0.746268656716418, "support": 29}, "explosion": {"precision": 0.96875, "recall": 0.7948717948717948, "f1-score": 0.8732394366197183, "support": 39}, "gunshot": {"precision": 0.8333333333333334, "recall": 0.7142857142857143, "f1-score": 0.7692307692307692, "support": 21}, "siren": {"precision": 0.8823529411764706, "recall": 0.9375, "f1-score": 0.9090909090909091, "support": 16}, "accuracy": 0.819047619047619, "macro avg": {"precision": 0.8355827528379773, "recall": 0.8271816186686877, "f1-score": 0.8244574429144537, "support": 105}, "weighted avg": {"precision": 0.8426461374023293, "recall": 0.819047619047619, "f1-score": 0.8228326644975793, "support": 105}, "classificador": "KNeighborsClassifier"}