{"casual": {"precision": 0.7272727272727273, "recall": 0.8275862068965517, "f1-score": 0.7741935483870968, "support": 29}, "explosion": {"precision": 0.9487179487179487, "recall": 0.9487179487179487, "f1-score": 0.9487179487179487, "support": 39}, "gunshot": {"precision": 0.9333333333333333, "recall": 0.6666666666666666, "f1-score": 0.7777777777777778, "support": 21}, "siren": {"precision": 0.8333333333333334, "recall": 0.9375, "f1-score": 0.8823529411764706, "support": 16}, "accuracy": 0.8571428571428571, "macro avg": {"precision": 0.8606643356643356, "recall": 0.8451177055702918, "f1-score": 0.8457605540148234, "support": 105}, "weighted avg": {"precision": 0.8668975468975468, "recall": 0.8571428571428571, "f1-score": 0.8562151742417398, "support": 105}, "classificador": "BaggingClassifier"}