{"casual": {"precision": 0.6578947368421053, "recall": 0.8620689655172413, "f1-score": 0.746268656716418, "support": 29}, "explosion": {"precision": 0.9411764705882353, "recall": 0.8205128205128205, "f1-score": 0.8767123287671232, "support": 39}, "gunshot": {"precision": 1.0, "recall": 0.7142857142857143, "f1-score": 0.8333333333333333, "support": 21}, "siren": {"precision": 0.8888888888888888, "recall": 1.0, "f1-score": 0.9411764705882353, "support": 16}, "accuracy": 0.8380952380952381, "macro avg": {"precision": 0.8719900240798074, "recall": 0.8492168750789441, "f1-score": 0.8493726973512774, "support": 105}, "weighted avg": {"precision": 0.8667338280341377, "recall": 0.8380952380952381, "f1-score": 0.8418323371057684, "support": 105}, "classificador": "LinearSVC"}