{"casual": {"precision": 0.55, "recall": 0.7586206896551724, "f1-score": 0.6376811594202898, "support": 29}, "explosion": {"precision": 0.8181818181818182, "recall": 0.6923076923076923, "f1-score": 0.7500000000000001, "support": 39}, "gunshot": {"precision": 0.9333333333333333, "recall": 0.6666666666666666, "f1-score": 0.7777777777777778, "support": 21}, "siren": {"precision": 0.8235294117647058, "recall": 0.875, "f1-score": 0.8484848484848485, "support": 16}, "accuracy": 0.7333333333333333, "macro avg": {"precision": 0.7812611408199643, "recall": 0.7481487621573828, "f1-score": 0.7534859464207291, "support": 105}, "weighted avg": {"precision": 0.7679577285459639, "recall": 0.7333333333333333, "f1-score": 0.7395413764978982, "support": 105}, "classificador": "LinearDiscriminantAnalysis"}