{"casual": {"precision": 0.5789473684210527, "recall": 0.7586206896551724, "f1-score": 0.6567164179104478, "support": 29}, "explosion": {"precision": 0.7619047619047619, "recall": 0.8205128205128205, "f1-score": 0.7901234567901233, "support": 39}, "gunshot": {"precision": 1.0, "recall": 0.38095238095238093, "f1-score": 0.5517241379310345, "support": 21}, "siren": {"precision": 0.8823529411764706, "recall": 0.9375, "f1-score": 0.9090909090909091, "support": 16}, "accuracy": 0.7333333333333333, "macro avg": {"precision": 0.8058012678755713, "recall": 0.7243964727800934, "f1-score": 0.7269137304306287, "support": 105}, "weighted avg": {"precision": 0.7773467281649503, "recall": 0.7333333333333333, "f1-score": 0.7237262131068958, "support": 105}, "classificador": "LinearSVC"}