{"casual": {"precision": 0.6363636363636364, "recall": 0.7241379310344828, "f1-score": 0.6774193548387097, "support": 29}, "explosion": {"precision": 0.918918918918919, "recall": 0.8717948717948718, "f1-score": 0.8947368421052632, "support": 39}, "gunshot": {"precision": 1.0, "recall": 0.6666666666666666, "f1-score": 0.8, "support": 21}, "siren": {"precision": 0.7142857142857143, "recall": 0.9375, "f1-score": 0.8108108108108109, "support": 16}, "accuracy": 0.8, "macro avg": {"precision": 0.8173920673920674, "recall": 0.8000248673740052, "f1-score": 0.7957417519386959, "support": 105}, "weighted avg": {"precision": 0.8259138544852831, "recall": 0.8, "f1-score": 0.8029797248133411, "support": 105}, "classificador": "SVC"}