{"casual": {"precision": 0.575, "recall": 0.7931034482758621, "f1-score": 0.6666666666666666, "support": 29}, "explosion": {"precision": 0.9166666666666666, "recall": 0.5641025641025641, "f1-score": 0.6984126984126983, "support": 39}, "gunshot": {"precision": 0.5, "recall": 0.7142857142857143, "f1-score": 0.588235294117647, "support": 21}, "siren": {"precision": 0.9090909090909091, "recall": 0.625, "f1-score": 0.7407407407407406, "support": 16}, "accuracy": 0.6666666666666666, "macro avg": {"precision": 0.725189393939394, "recall": 0.6741229316660351, "f1-score": 0.6735138499844381, "support": 105}, "weighted avg": {"precision": 0.7378138528138528, "recall": 0.6666666666666666, "f1-score": 0.6740592533309621, "support": 105}, "classificador": "KNeighborsClassifier"}