{"classificador": "SGDClassifier", "accuracy": 0.42857142857142855, "explosion": {"recall": 0.2564102564102564, "f1-score": 0.3076923076923077, "precision": 0.38461538461538464, "support": 39}, "siren": {"recall": 0.75, "f1-score": 0.7272727272727272, "precision": 0.7058823529411765, "support": 16}, "weighted avg": {"recall": 0.42857142857142855, "f1-score": 0.3817995957530841, "precision": 0.39702000098284923, "support": 105}, "gunshot": {"recall": 0.047619047619047616, "f1-score": 0.07692307692307693, "precision": 0.2, "support": 21}, "macro avg": {"recall": 0.4531624984211191, "f1-score": 0.40587900471621396, "precision": 0.41911566245931575, "support": 105}, "casual": {"recall": 0.7586206896551724, "f1-score": 0.5116279069767441, "precision": 0.38596491228070173, "support": 29}}