{"classificador": "SGDClassifier", "accuracy": 0.5142857142857142, "explosion": {"recall": 0.5128205128205128, "f1-score": 0.5555555555555556, "precision": 0.6060606060606061, "support": 39}, "siren": {"recall": 0.8125, "f1-score": 0.7647058823529411, "precision": 0.7222222222222222, "support": 16}, "weighted avg": {"recall": 0.5142857142857142, "f1-score": 0.4660856935366739, "precision": 0.44669959669959675, "support": 105}, "gunshot": {"recall": 0.0, "f1-score": 0.0, "precision": 0.0, "support": 21}, "macro avg": {"recall": 0.5123646109637489, "f1-score": 0.45969498910675377, "precision": 0.4330322455322455, "support": 105}, "casual": {"recall": 0.7241379310344828, "f1-score": 0.5185185185185185, "precision": 0.40384615384615385, "support": 29}}