{"classificador": "Perceptron", "accuracy": 0.4857142857142857, "explosion": {"recall": 0.3333333333333333, "f1-score": 0.4, "precision": 0.5, "support": 39}, "siren": {"recall": 0.75, "f1-score": 0.75, "precision": 0.75, "support": 16}, "weighted avg": {"recall": 0.4857142857142857, "f1-score": 0.47015538847117794, "precision": 0.4849104859335039, "support": 105}, "gunshot": {"recall": 0.23809523809523808, "f1-score": 0.2631578947368421, "precision": 0.29411764705882354, "support": 21}, "macro avg": {"recall": 0.5113916256157636, "f1-score": 0.4932894736842105, "precision": 0.5001598465473146, "support": 105}, "casual": {"recall": 0.7241379310344828, "f1-score": 0.5599999999999999, "precision": 0.45652173913043476, "support": 29}}