{"classificador": "SGDClassifier", "accuracy": 0.4857142857142857, "explosion": {"recall": 0.3333333333333333, "f1-score": 0.3939393939393939, "precision": 0.48148148148148145, "support": 39}, "siren": {"recall": 0.875, "f1-score": 0.823529411764706, "precision": 0.7777777777777778, "support": 16}, "weighted avg": {"recall": 0.4857142857142857, "f1-score": 0.42245989304812837, "precision": 0.409703165635369, "support": 105}, "gunshot": {"recall": 0.0, "f1-score": 0.0, "precision": 0.0, "support": 21}, "macro avg": {"recall": 0.5089798850574713, "f1-score": 0.4407308377896613, "precision": 0.4165097300690521, "support": 105}, "casual": {"recall": 0.8275862068965517, "f1-score": 0.5454545454545454, "precision": 0.4067796610169492, "support": 29}}