{"classificador": "BaggingClassifier", "accuracy": 0.4857142857142857, "explosion": {"recall": 0.41025641025641024, "f1-score": 0.5333333333333333, "precision": 0.7619047619047619, "support": 39}, "siren": {"recall": 0.5, "f1-score": 0.5925925925925926, "precision": 0.7272727272727273, "support": 16}, "weighted avg": {"recall": 0.4857142857142857, "f1-score": 0.44877395676075543, "precision": 0.6935511578368722, "support": 105}, "gunshot": {"recall": 0.047619047619047616, "f1-score": 0.0909090909090909, "precision": 1.0, "support": 21}, "macro avg": {"recall": 0.4636067955033472, "f1-score": 0.43292162549588287, "precision": 0.71257215007215, "support": 105}, "casual": {"recall": 0.896551724137931, "f1-score": 0.5148514851485149, "precision": 0.3611111111111111, "support": 29}}