{"classificador": "BaggingClassifier", "accuracy": 0.6190476190476191, "explosion": {"recall": 0.6410256410256411, "f1-score": 0.6756756756756757, "precision": 0.7142857142857143, "support": 39}, "siren": {"recall": 0.6875, "f1-score": 0.7586206896551724, "precision": 0.8461538461538461, "support": 16}, "weighted avg": {"recall": 0.6190476190476191, "f1-score": 0.631501102087309, "precision": 0.6901407081531304, "support": 105}, "gunshot": {"recall": 0.47619047619047616, "f1-score": 0.6249999999999999, "precision": 0.9090909090909091, "support": 21}, "macro avg": {"recall": 0.6149721327523052, "f1-score": 0.6414907579993787, "precision": 0.7206434869478348, "support": 105}, "casual": {"recall": 0.6551724137931034, "f1-score": 0.5066666666666666, "precision": 0.41304347826086957, "support": 29}}