{"classificador": "LinearSVC", "accuracy": 0.6190476190476191, "explosion": {"recall": 0.7435897435897436, "f1-score": 0.6904761904761906, "precision": 0.6444444444444445, "support": 39}, "siren": {"recall": 1.0, "f1-score": 0.8648648648648648, "precision": 0.7619047619047619, "support": 16}, "weighted avg": {"recall": 0.6190476190476191, "f1-score": 0.5756086596800882, "precision": 0.5975056689342404, "support": 105}, "gunshot": {"recall": 0.09523809523809523, "f1-score": 0.16, "precision": 0.5, "support": 21}, "macro avg": {"recall": 0.6148793735000632, "f1-score": 0.5694602638352638, "precision": 0.6051587301587301, "support": 105}, "casual": {"recall": 0.6206896551724138, "f1-score": 0.5625, "precision": 0.5142857142857142, "support": 29}}