{"classificador": "BaggingClassifier", "accuracy": 0.5619047619047619, "explosion": {"recall": 0.5897435897435898, "f1-score": 0.6478873239436619, "precision": 0.71875, "support": 39}, "siren": {"recall": 0.5, "f1-score": 0.6153846153846154, "precision": 0.8, "support": 16}, "weighted avg": {"recall": 0.5619047619047619, "f1-score": 0.5587879413231526, "precision": 0.5985872206025268, "support": 105}, "gunshot": {"recall": 0.2857142857142857, "f1-score": 0.34285714285714286, "precision": 0.42857142857142855, "support": 21}, "macro avg": {"recall": 0.5335196412782619, "f1-score": 0.5425579115719961, "precision": 0.5990752551020408, "support": 105}, "casual": {"recall": 0.7586206896551724, "f1-score": 0.564102564102564, "precision": 0.4489795918367347, "support": 29}}