{"classificador": "BaggingClassifier", "accuracy": 0.42857142857142855, "explosion": {"recall": 0.3333333333333333, "f1-score": 0.4193548387096774, "precision": 0.5652173913043478, "support": 39}, "siren": {"recall": 0.5, "f1-score": 0.5714285714285715, "precision": 0.6666666666666666, "support": 16}, "weighted avg": {"recall": 0.42857142857142855, "f1-score": 0.37674573250610116, "precision": 0.40621906733707974, "support": 105}, "gunshot": {"recall": 0.0, "f1-score": 0.0, "precision": 0.0, "support": 21}, "macro avg": {"recall": 0.41522988505747127, "f1-score": 0.36890797374668344, "precision": 0.3936853002070393, "support": 105}, "casual": {"recall": 0.8275862068965517, "f1-score": 0.48484848484848486, "precision": 0.34285714285714286, "support": 29}}