{"classificador": "Perceptron", "accuracy": 0.4666666666666667, "explosion": {"recall": 0.28205128205128205, "f1-score": 0.3384615384615385, "precision": 0.4230769230769231, "support": 39}, "siren": {"recall": 0.9375, "f1-score": 0.8333333333333334, "precision": 0.75, "support": 16}, "weighted avg": {"recall": 0.4666666666666667, "f1-score": 0.45171273171273174, "precision": 0.4540257648953301, "support": 105}, "gunshot": {"recall": 0.2857142857142857, "f1-score": 0.2727272727272727, "precision": 0.2608695652173913, "support": 21}, "macro avg": {"recall": 0.5228681160793229, "f1-score": 0.4918997668997669, "precision": 0.47654217762913414, "support": 105}, "casual": {"recall": 0.5862068965517241, "f1-score": 0.523076923076923, "precision": 0.4722222222222222, "support": 29}}