{"classificador": "SGDClassifier", "accuracy": 0.5523809523809524, "explosion": {"recall": 0.48717948717948717, "f1-score": 0.5428571428571428, "precision": 0.6129032258064516, "support": 39}, "siren": {"recall": 0.8125, "f1-score": 0.8125, "precision": 0.8125, "support": 16}, "weighted avg": {"recall": 0.5523809523809524, "f1-score": 0.5171667896074092, "precision": 0.5742106161461, "support": 105}, "gunshot": {"recall": 0.09523809523809523, "f1-score": 0.16, "precision": 0.5, "support": 21}, "macro avg": {"recall": 0.5556259473285335, "f1-score": 0.5234175989672978, "precision": 0.592461917562724, "support": 105}, "casual": {"recall": 0.8275862068965517, "f1-score": 0.5783132530120482, "precision": 0.4444444444444444, "support": 29}}