{"classificador": "KNeighborsClassifier", "accuracy": 0.5714285714285714, "explosion": {"recall": 0.41025641025641024, "f1-score": 0.5517241379310346, "precision": 0.8421052631578947, "support": 39}, "siren": {"recall": 0.625, "f1-score": 0.7407407407407406, "precision": 0.9090909090909091, "support": 16}, "weighted avg": {"recall": 0.5714285714285714, "f1-score": 0.5763286615120972, "precision": 0.6664755730969651, "support": 105}, "gunshot": {"recall": 0.47619047619047616, "f1-score": 0.3846153846153846, "precision": 0.3225806451612903, "support": 21}, "macro avg": {"recall": 0.5847582733358595, "f1-score": 0.5836536274656255, "precision": 0.6548078407161598, "support": 105}, "casual": {"recall": 0.8275862068965517, "f1-score": 0.6575342465753425, "precision": 0.5454545454545454, "support": 29}}