{"classificador": "KNeighborsClassifier", "accuracy": 0.580952380952381, "explosion": {"recall": 0.38461538461538464, "f1-score": 0.5, "precision": 0.7142857142857143, "support": 39}, "siren": {"recall": 0.8125, "f1-score": 0.896551724137931, "precision": 1.0, "support": 16}, "weighted avg": {"recall": 0.580952380952381, "f1-score": 0.5799280631792947, "precision": 0.6361256130359121, "support": 105}, "gunshot": {"recall": 0.42857142857142855, "f1-score": 0.3673469387755102, "precision": 0.32142857142857145, "support": 21}, "macro avg": {"recall": 0.6133182550208413, "f1-score": 0.6076413323950269, "precision": 0.6484634551495017, "support": 105}, "casual": {"recall": 0.8275862068965517, "f1-score": 0.6666666666666666, "precision": 0.5581395348837209, "support": 29}}