{"classificador": "KNeighborsClassifier", "accuracy": 0.6476190476190476, "explosion": {"recall": 0.5384615384615384, "f1-score": 0.6774193548387096, "precision": 0.9130434782608695, "support": 39}, "siren": {"recall": 0.5, "f1-score": 0.64, "precision": 0.8888888888888888, "support": 16}, "weighted avg": {"recall": 0.6476190476190476, "f1-score": 0.6512416500658208, "precision": 0.729177493032432, "support": 105}, "gunshot": {"recall": 0.7142857142857143, "f1-score": 0.5769230769230769, "precision": 0.4838709677419355, "support": 21}, "macro avg": {"recall": 0.6450833649109511, "f1-score": 0.6425996924474888, "precision": 0.7143079765800663, "support": 105}, "casual": {"recall": 0.8275862068965517, "f1-score": 0.676056338028169, "precision": 0.5714285714285714, "support": 29}}