{"classificador": "Perceptron", "accuracy": 0.6857142857142857, "explosion": {"recall": 0.8205128205128205, "f1-score": 0.7191011235955057, "precision": 0.64, "support": 39}, "siren": {"recall": 1.0, "f1-score": 0.9411764705882353, "precision": 0.8888888888888888, "support": 16}, "weighted avg": {"recall": 0.6857142857142857, "f1-score": 0.6689685560392309, "precision": 0.7100687830687831, "support": 105}, "gunshot": {"recall": 0.3333333333333333, "f1-score": 0.48275862068965514, "precision": 0.875, "support": 21}, "macro avg": {"recall": 0.6850132625994694, "f1-score": 0.68231077785628, "precision": 0.7475239463601532, "support": 105}, "casual": {"recall": 0.5862068965517241, "f1-score": 0.5862068965517241, "precision": 0.5862068965517241, "support": 29}}