{"classificador": "KNeighborsClassifier", "accuracy": 0.6476190476190476, "explosion": {"recall": 0.48717948717948717, "f1-score": 0.6440677966101694, "precision": 0.95, "support": 39}, "siren": {"recall": 0.6875, "f1-score": 0.7857142857142857, "precision": 0.9166666666666666, "support": 16}, "weighted avg": {"recall": 0.6476190476190476, "f1-score": 0.6532779966569142, "precision": 0.7405610416209494, "support": 105}, "gunshot": {"recall": 0.7142857142857143, "f1-score": 0.5769230769230769, "precision": 0.4838709677419355, "support": 21}, "macro avg": {"recall": 0.6705171624352659, "f1-score": 0.6636481207977986, "precision": 0.7245391705069124, "support": 105}, "casual": {"recall": 0.7931034482758621, "f1-score": 0.647887323943662, "precision": 0.5476190476190477, "support": 29}}