{"casual": {"precision": 0.7241379310344828, "recall": 0.7241379310344828, "f1-score": 0.7241379310344829, "support": 29}, "explosion": {"precision": 0.9428571428571428, "recall": 0.8461538461538461, "f1-score": 0.8918918918918919, "support": 39}, "gunshot": {"precision": 0.6, "recall": 0.7142857142857143, "f1-score": 0.6521739130434783, "support": 21}, "siren": {"precision": 0.9375, "recall": 0.9375, "f1-score": 0.9375, "support": 16}, "accuracy": 0.8, "macro avg": {"precision": 0.8011237684729065, "recall": 0.8055193728685108, "f1-score": 0.8014259339924632, "support": 105}, "weighted avg": {"precision": 0.8130612244897959, "recall": 0.8, "f1-score": 0.8045660567399698, "support": 105}, "classificador": "SVC"}