{"casual": {"precision": 0.75, "recall": 0.8275862068965517, "f1-score": 0.7868852459016394, "support": 29}, "explosion": {"precision": 0.8611111111111112, "recall": 0.7948717948717948, "f1-score": 0.8266666666666667, "support": 39}, "gunshot": {"precision": 0.7222222222222222, "recall": 0.6190476190476191, "f1-score": 0.6666666666666666, "support": 21}, "siren": {"precision": 0.8421052631578947, "recall": 1.0, "f1-score": 0.9142857142857143, "support": 16}, "accuracy": 0.8, "macro avg": {"precision": 0.793859649122807, "recall": 0.8103764052039915, "f1-score": 0.7986260733801717, "support": 105}, "weighted avg": {"precision": 0.799749373433584, "recall": 0.8, "f1-score": 0.7970308910449427, "support": 105}, "classificador": "SVC"}