{"casual": {"precision": 0.5384615384615384, "recall": 0.7241379310344828, "f1-score": 0.6176470588235294, "support": 29}, "explosion": {"precision": 0.7272727272727273, "recall": 0.6153846153846154, "f1-score": 0.6666666666666667, "support": 39}, "gunshot": {"precision": 0.6470588235294118, "recall": 0.5238095238095238, "f1-score": 0.5789473684210527, "support": 21}, "siren": {"precision": 0.8125, "recall": 0.8125, "f1-score": 0.8125, "support": 16}, "accuracy": 0.6571428571428571, "macro avg": {"precision": 0.6813232723159194, "recall": 0.6689580175571554, "f1-score": 0.6689402734778123, "support": 105}, "weighted avg": {"precision": 0.672069107363225, "recall": 0.6571428571428571, "f1-score": 0.6578062804068997, "support": 105}, "classificador": "Perceptron"}