{"casual": {"precision": 0.47619047619047616, "recall": 0.6896551724137931, "f1-score": 0.5633802816901408, "support": 29}, "explosion": {"precision": 0.7931034482758621, "recall": 0.5897435897435898, "f1-score": 0.676470588235294, "support": 39}, "gunshot": {"precision": 0.5, "recall": 0.47619047619047616, "f1-score": 0.4878048780487805, "support": 21}, "siren": {"precision": 1.0, "recall": 0.875, "f1-score": 0.9333333333333333, "support": 16}, "accuracy": 0.638095238095238, "macro avg": {"precision": 0.6923234811165846, "recall": 0.6576473095869648, "f1-score": 0.6652472703268872, "support": 105}, "weighted avg": {"precision": 0.6784815075455469, "recall": 0.638095238095238, "f1-score": 0.6466439703099834, "support": 105}, "classificador": "Perceptron"}