{"casual": {"precision": 0.6578947368421053, "recall": 0.8620689655172413, "f1-score": 0.746268656716418, "support": 29}, "explosion": {"precision": 0.7931034482758621, "recall": 0.5897435897435898, "f1-score": 0.676470588235294, "support": 39}, "gunshot": {"precision": 0.5416666666666666, "recall": 0.6190476190476191, "f1-score": 0.5777777777777778, "support": 21}, "siren": {"precision": 0.8571428571428571, "recall": 0.75, "f1-score": 0.7999999999999999, "support": 16}, "accuracy": 0.6952380952380952, "macro avg": {"precision": 0.7124519272318728, "recall": 0.7052150435771125, "f1-score": 0.7001292556823724, "support": 105}, "weighted avg": {"precision": 0.7152311196710989, "recall": 0.6952380952380952, "f1-score": 0.6948331173265326, "support": 105}, "classificador": "SGDClassifier"}