{"casual": {"precision": 0.5434782608695652, "recall": 0.8620689655172413, "f1-score": 0.6666666666666666, "support": 29}, "explosion": {"precision": 0.7407407407407407, "recall": 0.5128205128205128, "f1-score": 0.6060606060606061, "support": 39}, "gunshot": {"precision": 0.8, "recall": 0.19047619047619047, "f1-score": 0.3076923076923077, "support": 21}, "siren": {"precision": 0.4444444444444444, "recall": 0.75, "f1-score": 0.5581395348837209, "support": 16}, "accuracy": 0.580952380952381, "macro avg": {"precision": 0.6321658615136876, "recall": 0.5788414172034861, "f1-score": 0.5346397788258254, "support": 105}, "weighted avg": {"precision": 0.6529606625258799, "recall": 0.580952380952381, "f1-score": 0.555823504660714, "support": 105}, "classificador": "Perceptron"}