{"casual": {"precision": 0.5897435897435898, "recall": 0.7931034482758621, "f1-score": 0.676470588235294, "support": 29}, "explosion": {"precision": 0.8235294117647058, "recall": 0.717948717948718, "f1-score": 0.767123287671233, "support": 39}, "gunshot": {"precision": 0.8235294117647058, "recall": 0.6666666666666666, "f1-score": 0.7368421052631577, "support": 21}, "siren": {"precision": 0.8666666666666667, "recall": 0.8125, "f1-score": 0.8387096774193549, "support": 16}, "accuracy": 0.7428571428571429, "macro avg": {"precision": 0.7758672699849171, "recall": 0.7475547082228117, "f1-score": 0.7547864146472599, "support": 105}, "weighted avg": {"precision": 0.7655332902391725, "recall": 0.7428571428571429, "f1-score": 0.7469380412117866, "support": 105}, "classificador": "SGDClassifier"}