{"casual": {"precision": 0.5483870967741935, "recall": 0.5862068965517241, "f1-score": 0.5666666666666665, "support": 29}, "explosion": {"precision": 0.78125, "recall": 0.6410256410256411, "f1-score": 0.7042253521126761, "support": 39}, "gunshot": {"precision": 0.5652173913043478, "recall": 0.6190476190476191, "f1-score": 0.5909090909090909, "support": 21}, "siren": {"precision": 0.7894736842105263, "recall": 0.9375, "f1-score": 0.8571428571428572, "support": 16}, "accuracy": 0.6666666666666666, "macro avg": {"precision": 0.6710820430722668, "recall": 0.6959450391562461, "f1-score": 0.6797359917078227, "support": 105}, "weighted avg": {"precision": 0.6749820949639175, "recall": 0.6666666666666666, "f1-score": 0.666871416086708, "support": 105}, "classificador": "LinearDiscriminantAnalysis"}