{"casual": {"precision": 0.696969696969697, "recall": 0.7931034482758621, "f1-score": 0.7419354838709677, "support": 29}, "explosion": {"precision": 0.9428571428571428, "recall": 0.8461538461538461, "f1-score": 0.8918918918918919, "support": 39}, "gunshot": {"precision": 0.75, "recall": 0.7142857142857143, "f1-score": 0.7317073170731706, "support": 21}, "siren": {"precision": 0.8823529411764706, "recall": 0.9375, "f1-score": 0.9090909090909091, "support": 16}, "accuracy": 0.819047619047619, "macro avg": {"precision": 0.8180449452508276, "recall": 0.8227607521788557, "f1-score": 0.8186564004817348, "support": 105}, "weighted avg": {"precision": 0.8271542556416507, "recall": 0.819047619047619, "f1-score": 0.8210592478098379, "support": 105}, "classificador": "KNeighborsClassifier"}