{"casual": {"precision": 0.6470588235294118, "recall": 0.7586206896551724, "f1-score": 0.6984126984126984, "support": 29}, "explosion": {"precision": 0.9285714285714286, "recall": 0.6666666666666666, "f1-score": 0.7761194029850746, "support": 39}, "gunshot": {"precision": 0.7272727272727273, "recall": 0.7619047619047619, "f1-score": 0.7441860465116279, "support": 21}, "siren": {"precision": 0.7142857142857143, "recall": 0.9375, "f1-score": 0.8108108108108109, "support": 16}, "accuracy": 0.7523809523809524, "macro avg": {"precision": 0.7542971734148205, "recall": 0.7811730295566502, "f1-score": 0.757382239680053, "support": 105}, "weighted avg": {"precision": 0.7779075266470225, "recall": 0.7523809523809524, "f1-score": 0.7535571897152696, "support": 105}, "classificador": "Perceptron"}