{"casual": {"precision": 0.5384615384615384, "recall": 0.7241379310344828, "f1-score": 0.6176470588235294, "support": 29}, "explosion": {"precision": 0.8, "recall": 0.717948717948718, "f1-score": 0.7567567567567569, "support": 39}, "gunshot": {"precision": 0.75, "recall": 0.42857142857142855, "f1-score": 0.5454545454545454, "support": 21}, "siren": {"precision": 0.7368421052631579, "recall": 0.875, "f1-score": 0.7999999999999999, "support": 16}, "accuracy": 0.6857142857142857, "macro avg": {"precision": 0.7063259109311741, "recall": 0.6864145193886573, "f1-score": 0.6799645902587079, "support": 105}, "weighted avg": {"precision": 0.7081415076151918, "recall": 0.6857142857142857, "f1-score": 0.6826649873708698, "support": 105}, "classificador": "SGDClassifier"}