{"casual": {"precision": 0.6, "recall": 0.7241379310344828, "f1-score": 0.65625, "support": 29}, "explosion": {"precision": 0.8974358974358975, "recall": 0.8974358974358975, "f1-score": 0.8974358974358975, "support": 39}, "gunshot": {"precision": 0.8333333333333334, "recall": 0.47619047619047616, "f1-score": 0.6060606060606061, "support": 21}, "siren": {"precision": 0.7894736842105263, "recall": 0.9375, "f1-score": 0.8571428571428572, "support": 16}, "accuracy": 0.7714285714285715, "macro avg": {"precision": 0.7800607287449393, "recall": 0.7588160761652141, "f1-score": 0.7542223401598401, "support": 105}, "weighted avg": {"precision": 0.786015037593985, "recall": 0.7714285714285715, "f1-score": 0.7664076994434137, "support": 105}, "classificador": "SVC"}