{"casual": {"precision": 0.5135135135135135, "recall": 0.6551724137931034, "f1-score": 0.5757575757575758, "support": 29}, "explosion": {"precision": 0.78125, "recall": 0.6410256410256411, "f1-score": 0.7042253521126761, "support": 39}, "gunshot": {"precision": 0.6, "recall": 0.42857142857142855, "f1-score": 0.5, "support": 21}, "siren": {"precision": 0.6666666666666666, "recall": 0.875, "f1-score": 0.7567567567567567, "support": 16}, "accuracy": 0.638095238095238, "macro avg": {"precision": 0.640357545045045, "recall": 0.6499423708475434, "f1-score": 0.6341849211567522, "support": 105}, "weighted avg": {"precision": 0.6535934148434148, "recall": 0.638095238095238, "f1-score": 0.6359034908330684, "support": 105}, "classificador": "SGDClassifier"}