{"casual": {"precision": 0.6206896551724138, "recall": 0.6206896551724138, "f1-score": 0.6206896551724138, "support": 29}, "explosion": {"precision": 0.8529411764705882, "recall": 0.7435897435897436, "f1-score": 0.7945205479452054, "support": 39}, "gunshot": {"precision": 0.6956521739130435, "recall": 0.7619047619047619, "f1-score": 0.7272727272727272, "support": 21}, "siren": {"precision": 0.7894736842105263, "recall": 0.9375, "f1-score": 0.8571428571428572, "support": 16}, "accuracy": 0.7428571428571429, "macro avg": {"precision": 0.739689172441643, "recall": 0.7659210401667298, "f1-score": 0.7499064468833009, "support": 105}, "weighted avg": {"precision": 0.747666480779955, "recall": 0.7428571428571429, "f1-score": 0.7426029938750094, "support": 105}, "classificador": "SGDClassifier"}