{"casual": {"precision": 0.5405405405405406, "recall": 0.6896551724137931, "f1-score": 0.6060606060606061, "support": 29}, "explosion": {"precision": 0.7931034482758621, "recall": 0.5897435897435898, "f1-score": 0.676470588235294, "support": 39}, "gunshot": {"precision": 0.6190476190476191, "recall": 0.6190476190476191, "f1-score": 0.6190476190476191, "support": 21}, "siren": {"precision": 0.8333333333333334, "recall": 0.9375, "f1-score": 0.8823529411764706, "support": 16}, "accuracy": 0.6761904761904762, "macro avg": {"precision": 0.6965062352993387, "recall": 0.7089865953012505, "f1-score": 0.6959829386299974, "support": 105}, "weighted avg": {"precision": 0.6946670808739773, "recall": 0.6761904761904762, "f1-score": 0.6769119769119768, "support": 105}, "classificador": "LinearDiscriminantAnalysis"}