{"casual": {"precision": 0.7419354838709677, "recall": 0.7931034482758621, "f1-score": 0.7666666666666667, "support": 29}, "explosion": {"precision": 0.9473684210526315, "recall": 0.9230769230769231, "f1-score": 0.935064935064935, "support": 39}, "gunshot": {"precision": 0.8421052631578947, "recall": 0.7619047619047619, "f1-score": 0.8, "support": 21}, "siren": {"precision": 0.8823529411764706, "recall": 0.9375, "f1-score": 0.9090909090909091, "support": 16}, "accuracy": 0.8571428571428571, "macro avg": {"precision": 0.8534405273144912, "recall": 0.8538962833143868, "f1-score": 0.8527056277056277, "support": 105}, "weighted avg": {"precision": 0.8596700479852384, "recall": 0.8571428571428571, "f1-score": 0.857584003298289, "support": 105}, "classificador": "KNeighborsClassifier"}