{"casual": {"precision": 0.7058823529411765, "recall": 0.8275862068965517, "f1-score": 0.7619047619047619, "support": 29}, "explosion": {"precision": 0.95, "recall": 0.9743589743589743, "f1-score": 0.9620253164556962, "support": 39}, "gunshot": {"precision": 1.0, "recall": 0.6190476190476191, "f1-score": 0.7647058823529412, "support": 21}, "siren": {"precision": 0.8333333333333334, "recall": 0.9375, "f1-score": 0.8823529411764706, "support": 16}, "accuracy": 0.8571428571428571, "macro avg": {"precision": 0.8723039215686275, "recall": 0.8396232000757863, "f1-score": 0.8427472254724675, "support": 105}, "weighted avg": {"precision": 0.8747992530345471, "recall": 0.8571428571428571, "f1-score": 0.8551494859547195, "support": 105}, "classificador": "BaggingClassifier"}