{"casual": {"precision": 0.5476190476190477, "recall": 0.7931034482758621, "f1-score": 0.647887323943662, "support": 29}, "explosion": {"precision": 0.7567567567567568, "recall": 0.717948717948718, "f1-score": 0.736842105263158, "support": 39}, "gunshot": {"precision": 0.7142857142857143, "recall": 0.23809523809523808, "f1-score": 0.35714285714285715, "support": 21}, "siren": {"precision": 0.7894736842105263, "recall": 0.9375, "f1-score": 0.8571428571428572, "support": 16}, "accuracy": 0.6761904761904762, "macro avg": {"precision": 0.7020338007180114, "recall": 0.6716618510799546, "f1-score": 0.6497537858731336, "support": 105}, "weighted avg": {"precision": 0.695486141350803, "recall": 0.6761904761904762, "f1-score": 0.6546653353706198, "support": 105}, "classificador": "Perceptron"}