{"casual": {"precision": 0.65, "recall": 0.896551724137931, "f1-score": 0.7536231884057972, "support": 29}, "explosion": {"precision": 0.9428571428571428, "recall": 0.8461538461538461, "f1-score": 0.8918918918918919, "support": 39}, "gunshot": {"precision": 1.0, "recall": 0.6666666666666666, "f1-score": 0.8, "support": 21}, "siren": {"precision": 0.875, "recall": 0.875, "f1-score": 0.875, "support": 16}, "accuracy": 0.8285714285714286, "macro avg": {"precision": 0.8669642857142857, "recall": 0.821093059239611, "f1-score": 0.8301287700744222, "support": 105}, "weighted avg": {"precision": 0.8630612244897958, "recall": 0.8285714285714286, "f1-score": 0.8327510118814466, "support": 105}, "classificador": "SGDClassifier"}