{"casual": {"precision": 0.65, "recall": 0.896551724137931, "f1-score": 0.7536231884057972, "support": 29}, "explosion": {"precision": 0.9411764705882353, "recall": 0.8205128205128205, "f1-score": 0.8767123287671232, "support": 39}, "gunshot": {"precision": 1.0, "recall": 0.6666666666666666, "f1-score": 0.8, "support": 21}, "siren": {"precision": 0.8823529411764706, "recall": 0.9375, "f1-score": 0.9090909090909091, "support": 16}, "accuracy": 0.8285714285714286, "macro avg": {"precision": 0.8683823529411765, "recall": 0.8303078028293546, "f1-score": 0.8348566065659575, "support": 105}, "weighted avg": {"precision": 0.8635574229691878, "recall": 0.8285714285714286, "f1-score": 0.8323076936299092, "support": 105}, "classificador": "SGDClassifier"}