{"casual": {"precision": 0.7647058823529411, "recall": 0.896551724137931, "f1-score": 0.8253968253968255, "support": 29}, "explosion": {"precision": 0.975, "recall": 1.0, "f1-score": 0.9873417721518987, "support": 39}, "gunshot": {"precision": 1.0, "recall": 0.6666666666666666, "f1-score": 0.8, "support": 21}, "siren": {"precision": 0.8823529411764706, "recall": 0.9375, "f1-score": 0.9090909090909091, "support": 16}, "accuracy": 0.8952380952380953, "macro avg": {"precision": 0.9055147058823529, "recall": 0.8751795977011494, "f1-score": 0.8804573766599084, "support": 105}, "weighted avg": {"precision": 0.9078011204481792, "recall": 0.8952380952380953, "f1-score": 0.8932218247227289, "support": 105}, "classificador": "BaggingClassifier"}