{"classificador": "Perceptron", "accuracy": 0.7047619047619048, "explosion": {"recall": 0.717948717948718, "f1-score": 0.736842105263158, "precision": 0.7567567567567568, "support": 39}, "siren": {"recall": 0.8125, "f1-score": 0.8387096774193549, "precision": 0.8666666666666667, "support": 16}, "weighted avg": {"recall": 0.7047619047619048, "f1-score": 0.7068740068044251, "precision": 0.7104660017160018, "support": 105}, "gunshot": {"recall": 0.6666666666666666, "f1-score": 0.6666666666666666, "precision": 0.6666666666666666, "support": 21}, "macro avg": {"recall": 0.713071949602122, "f1-score": 0.7162923172553276, "precision": 0.7209600225225226, "support": 105}, "casual": {"recall": 0.6551724137931034, "f1-score": 0.6229508196721311, "precision": 0.59375, "support": 29}}