{"classificador": "KNeighborsClassifier", "accuracy": 0.5333333333333333, "explosion": {"recall": 0.3076923076923077, "f1-score": 0.4444444444444444, "precision": 0.8, "support": 39}, "siren": {"recall": 0.5, "f1-score": 0.6666666666666666, "precision": 1.0, "support": 16}, "weighted avg": {"recall": 0.5333333333333333, "f1-score": 0.5272915622389307, "precision": 0.6598412698412698, "support": 105}, "gunshot": {"recall": 0.6190476190476191, "f1-score": 0.45614035087719296, "precision": 0.3611111111111111, "support": 21}, "macro avg": {"recall": 0.5549608437539473, "f1-score": 0.5451461988304094, "precision": 0.6652777777777779, "support": 105}, "casual": {"recall": 0.7931034482758621, "f1-score": 0.6133333333333334, "precision": 0.5, "support": 29}}