{"classificador": "SGDClassifier", "accuracy": 0.5047619047619047, "explosion": {"recall": 0.5384615384615384, "f1-score": 0.608695652173913, "precision": 0.7, "support": 39}, "siren": {"recall": 0.75, "f1-score": 0.7272727272727272, "precision": 0.7058823529411765, "support": 16}, "weighted avg": {"recall": 0.5047619047619047, "f1-score": 0.46537015394447134, "precision": 0.46447196422428616, "support": 105}, "gunshot": {"recall": 0.0, "f1-score": 0.0, "precision": 0.0, "support": 21}, "macro avg": {"recall": 0.49452917771883287, "f1-score": 0.4502711646291019, "precision": 0.4391898864809082, "support": 105}, "casual": {"recall": 0.6896551724137931, "f1-score": 0.46511627906976744, "precision": 0.3508771929824561, "support": 29}}