{"classificador": "LinearSVC", "accuracy": 0.47619047619047616, "explosion": {"recall": 0.358974358974359, "f1-score": 0.459016393442623, "precision": 0.6363636363636364, "support": 39}, "siren": {"recall": 0.6875, "f1-score": 0.6470588235294118, "precision": 0.6111111111111112, "support": 16}, "weighted avg": {"recall": 0.47619047619047616, "f1-score": 0.4609667832447458, "precision": 0.5861519961519961, "support": 105}, "gunshot": {"recall": 0.19047619047619047, "f1-score": 0.3076923076923077, "precision": 0.8, "support": 21}, "macro avg": {"recall": 0.49027212012125804, "f1-score": 0.47141940925597325, "precision": 0.5993686868686869, "support": 105}, "casual": {"recall": 0.7241379310344828, "f1-score": 0.4719101123595506, "precision": 0.35, "support": 29}}