{"classificador": "KNeighborsClassifier", "accuracy": 0.5238095238095238, "explosion": {"recall": 0.358974358974359, "f1-score": 0.49122807017543857, "precision": 0.7777777777777778, "support": 39}, "siren": {"recall": 0.4375, "f1-score": 0.5833333333333334, "precision": 0.875, "support": 16}, "weighted avg": {"recall": 0.5238095238095238, "f1-score": 0.5222656641604009, "precision": 0.6270405922579836, "support": 105}, "gunshot": {"recall": 0.5714285714285714, "f1-score": 0.4444444444444444, "precision": 0.36363636363636365, "support": 21}, "macro avg": {"recall": 0.5316309050145257, "f1-score": 0.5264181286549707, "precision": 0.6236687527448397, "support": 105}, "casual": {"recall": 0.7586206896551724, "f1-score": 0.5866666666666667, "precision": 0.4782608695652174, "support": 29}}