{"classificador": "Perceptron", "accuracy": 0.580952380952381, "explosion": {"recall": 0.5897435897435898, "f1-score": 0.5897435897435898, "precision": 0.5897435897435898, "support": 39}, "siren": {"recall": 1.0, "f1-score": 0.8, "precision": 0.6666666666666666, "support": 16}, "weighted avg": {"recall": 0.580952380952381, "f1-score": 0.5531786731786732, "precision": 0.5920634920634921, "support": 105}, "gunshot": {"recall": 0.19047619047619047, "f1-score": 0.2962962962962963, "precision": 0.6666666666666666, "support": 21}, "macro avg": {"recall": 0.6002273588480485, "f1-score": 0.5599715099715099, "precision": 0.6057692307692307, "support": 105}, "casual": {"recall": 0.6206896551724138, "f1-score": 0.5538461538461539, "precision": 0.5, "support": 29}}