{"classificador": "LinearSVC", "accuracy": 0.5619047619047619, "explosion": {"recall": 0.358974358974359, "f1-score": 0.4827586206896552, "precision": 0.7368421052631579, "support": 39}, "siren": {"recall": 0.8125, "f1-score": 0.787878787878788, "precision": 0.7647058823529411, "support": 16}, "weighted avg": {"recall": 0.5619047619047619, "f1-score": 0.5568934043383565, "precision": 0.6360662003592861, "support": 105}, "gunshot": {"recall": 0.47619047619047616, "f1-score": 0.5555555555555556, "precision": 0.6666666666666666, "support": 21}, "macro avg": {"recall": 0.6015713812050019, "f1-score": 0.5890783615129274, "precision": 0.6439055154225433, "support": 105}, "casual": {"recall": 0.7586206896551724, "f1-score": 0.5301204819277108, "precision": 0.4074074074074074, "support": 29}}