{"classificador": "SGDClassifier", "accuracy": 0.6285714285714286, "explosion": {"recall": 0.8461538461538461, "f1-score": 0.776470588235294, "precision": 0.717391304347826, "support": 39}, "siren": {"recall": 0.875, "f1-score": 0.875, "precision": 0.875, "support": 16}, "weighted avg": {"recall": 0.6285714285714286, "f1-score": 0.5799587543083814, "precision": 0.7181603076013013, "support": 105}, "gunshot": {"recall": 0.047619047619047616, "f1-score": 0.0909090909090909, "precision": 1.0, "support": 21}, "macro avg": {"recall": 0.597365637236327, "f1-score": 0.562355483166378, "precision": 0.7552406832298136, "support": 105}, "casual": {"recall": 0.6206896551724138, "f1-score": 0.5070422535211268, "precision": 0.42857142857142855, "support": 29}}