{"classificador": "Perceptron", "accuracy": 0.5238095238095238, "explosion": {"recall": 0.28205128205128205, "f1-score": 0.4074074074074074, "precision": 0.7333333333333333, "support": 39}, "siren": {"recall": 0.8125, "f1-score": 0.7647058823529411, "precision": 0.7222222222222222, "support": 16}, "weighted avg": {"recall": 0.5238095238095238, "f1-score": 0.5107065048241518, "precision": 0.595505757858699, "support": 105}, "gunshot": {"recall": 0.5238095238095238, "f1-score": 0.5238095238095238, "precision": 0.5238095238095238, "support": 21}, "macro avg": {"recall": 0.5770039945686498, "f1-score": 0.5489807033924681, "precision": 0.5928804855275444, "support": 105}, "casual": {"recall": 0.6896551724137931, "f1-score": 0.5, "precision": 0.39215686274509803, "support": 29}}