{"classificador": "KNeighborsClassifier", "accuracy": 0.5238095238095238, "explosion": {"recall": 0.3076923076923077, "f1-score": 0.4444444444444444, "precision": 0.8, "support": 39}, "siren": {"recall": 0.5, "f1-score": 0.64, "precision": 0.8888888888888888, "support": 16}, "weighted avg": {"recall": 0.5238095238095238, "f1-score": 0.5164889713461142, "precision": 0.6376611351611351, "support": 105}, "gunshot": {"recall": 0.5714285714285714, "f1-score": 0.4444444444444444, "precision": 0.36363636363636365, "support": 21}, "macro avg": {"recall": 0.5430560818491853, "f1-score": 0.5315728715728716, "precision": 0.6329229797979798, "support": 105}, "casual": {"recall": 0.7931034482758621, "f1-score": 0.5974025974025974, "precision": 0.4791666666666667, "support": 29}}