{"classificador": "Perceptron", "accuracy": 0.6285714285714286, "explosion": {"recall": 0.5384615384615384, "f1-score": 0.6268656716417911, "precision": 0.75, "support": 39}, "siren": {"recall": 0.875, "f1-score": 0.823529411764706, "precision": 0.7777777777777778, "support": 16}, "weighted avg": {"recall": 0.6285714285714286, "f1-score": 0.6318854864238341, "precision": 0.6692977392977393, "support": 105}, "gunshot": {"recall": 0.5238095238095238, "f1-score": 0.611111111111111, "precision": 0.7333333333333333, "support": 21}, "macro avg": {"recall": 0.6567315586712138, "f1-score": 0.6523628499992651, "precision": 0.6789141414141414, "support": 105}, "casual": {"recall": 0.6896551724137931, "f1-score": 0.547945205479452, "precision": 0.45454545454545453, "support": 29}}