{"classificador": "KNeighborsClassifier", "accuracy": 0.5142857142857142, "explosion": {"recall": 0.28205128205128205, "f1-score": 0.4150943396226415, "precision": 0.7857142857142857, "support": 39}, "siren": {"recall": 0.4375, "f1-score": 0.6086956521739131, "precision": 1.0, "support": 16}, "weighted avg": {"recall": 0.5142857142857142, "f1-score": 0.5020161829357996, "precision": 0.6473773509403762, "support": 105}, "gunshot": {"recall": 0.5714285714285714, "f1-score": 0.43636363636363634, "precision": 0.35294117647058826, "support": 21}, "macro avg": {"recall": 0.5296415150941013, "f1-score": 0.516937141217263, "precision": 0.6546638655462185, "support": 105}, "casual": {"recall": 0.8275862068965517, "f1-score": 0.6075949367088608, "precision": 0.48, "support": 29}}