{"classificador": "Perceptron", "accuracy": 0.6476190476190476, "explosion": {"recall": 0.5897435897435898, "f1-score": 0.638888888888889, "precision": 0.696969696969697, "support": 39}, "siren": {"recall": 0.75, "f1-score": 0.7741935483870969, "precision": 0.8, "support": 16}, "weighted avg": {"recall": 0.6476190476190476, "f1-score": 0.6494913732128524, "precision": 0.6600713700713702, "support": 105}, "gunshot": {"recall": 0.6190476190476191, "f1-score": 0.6341463414634146, "precision": 0.65, "support": 21}, "macro avg": {"recall": 0.6621115953012505, "f1-score": 0.6633223462000016, "precision": 0.6718775593775594, "support": 105}, "casual": {"recall": 0.6896551724137931, "f1-score": 0.6060606060606061, "precision": 0.5405405405405406, "support": 29}}