{"classificador": "SGDClassifier", "accuracy": 0.5904761904761905, "explosion": {"recall": 0.7435897435897436, "f1-score": 0.7341772151898733, "precision": 0.725, "support": 39}, "siren": {"recall": 0.875, "f1-score": 0.7777777777777777, "precision": 0.7, "support": 16}, "weighted avg": {"recall": 0.5904761904761905, "f1-score": 0.5656931273529597, "precision": 0.6811678004535148, "support": 105}, "gunshot": {"recall": 0.14285714285714285, "f1-score": 0.25, "precision": 1.0, "support": 21}, "macro avg": {"recall": 0.5782927560944802, "f1-score": 0.5531648045799409, "precision": 0.7014880952380953, "support": 105}, "casual": {"recall": 0.5517241379310345, "f1-score": 0.4507042253521127, "precision": 0.38095238095238093, "support": 29}}