{"classificador": "LinearSVC", "accuracy": 0.5523809523809524, "explosion": {"recall": 0.5641025641025641, "f1-score": 0.6376811594202899, "precision": 0.7333333333333333, "support": 39}, "siren": {"recall": 0.8125, "f1-score": 0.742857142857143, "precision": 0.6842105263157895, "support": 16}, "weighted avg": {"recall": 0.5523809523809524, "f1-score": 0.5526759850270169, "precision": 0.5987119973847662, "support": 105}, "gunshot": {"recall": 0.2857142857142857, "f1-score": 0.3870967741935483, "precision": 0.6, "support": 21}, "macro avg": {"recall": 0.5621309365921434, "f1-score": 0.5552421024510786, "precision": 0.5967772692601068, "support": 105}, "casual": {"recall": 0.5862068965517241, "f1-score": 0.4533333333333333, "precision": 0.3695652173913043, "support": 29}}