{"casual": {"precision": 0.696969696969697, "recall": 0.7931034482758621, "f1-score": 0.7419354838709677, "support": 29}, "explosion": {"precision": 0.9142857142857143, "recall": 0.8205128205128205, "f1-score": 0.8648648648648648, "support": 39}, "gunshot": {"precision": 0.9411764705882353, "recall": 0.7619047619047619, "f1-score": 0.8421052631578947, "support": 21}, "siren": {"precision": 0.75, "recall": 0.9375, "f1-score": 0.8333333333333334, "support": 16}, "accuracy": 0.819047619047619, "macro avg": {"precision": 0.8256079704609116, "recall": 0.8282552576733611, "f1-score": 0.8205597363067652, "support": 105}, "weighted avg": {"precision": 0.8346092376344478, "recall": 0.819047619047619, "f1-score": 0.8215562154441609, "support": 105}, "classificador": "SGDClassifier"}