{"casual": {"precision": 0.6875, "recall": 0.7586206896551724, "f1-score": 0.7213114754098361, "support": 29}, "explosion": {"precision": 0.8461538461538461, "recall": 0.8461538461538461, "f1-score": 0.8461538461538461, "support": 39}, "gunshot": {"precision": 0.9411764705882353, "recall": 0.7619047619047619, "f1-score": 0.8421052631578947, "support": 21}, "siren": {"precision": 0.9411764705882353, "recall": 1.0, "f1-score": 0.9696969696969697, "support": 16}, "accuracy": 0.8285714285714286, "macro avg": {"precision": 0.8540016968325792, "recall": 0.8416698244284451, "f1-score": 0.8448168886046367, "support": 105}, "weighted avg": {"precision": 0.8358193277310925, "recall": 0.8285714285714286, "f1-score": 0.8296894745557385, "support": 105}, "classificador": "Perceptron"}