{"casual": {"precision": 0.6571428571428571, "recall": 0.7931034482758621, "f1-score": 0.71875, "support": 29}, "explosion": {"precision": 0.8571428571428571, "recall": 0.7692307692307693, "f1-score": 0.8108108108108107, "support": 39}, "gunshot": {"precision": 0.8888888888888888, "recall": 0.7619047619047619, "f1-score": 0.8205128205128205, "support": 21}, "siren": {"precision": 0.9411764705882353, "recall": 1.0, "f1-score": 0.9696969696969697, "support": 16}, "accuracy": 0.8095238095238095, "macro avg": {"precision": 0.8360877684407095, "recall": 0.8310597448528483, "f1-score": 0.8299426502551502, "support": 105}, "weighted avg": {"precision": 0.8210590903027878, "recall": 0.8095238095238095, "f1-score": 0.8115361177861177, "support": 105}, "classificador": "SGDClassifier"}