{"casual": {"precision": 0.3333333333333333, "recall": 0.7586206896551724, "f1-score": 0.4631578947368421, "support": 29}, "explosion": {"precision": 0.7857142857142857, "recall": 0.5641025641025641, "f1-score": 0.6567164179104477, "support": 39}, "gunshot": {"precision": 0.0, "recall": 0.0, "f1-score": 0.0, "support": 21}, "siren": {"precision": 0.9090909090909091, "recall": 0.625, "f1-score": 0.7407407407407406, "support": 16}, "accuracy": 0.5142857142857142, "macro avg": {"precision": 0.5070346320346321, "recall": 0.4869308134394341, "f1-score": 0.46515376334700753, "support": 105}, "weighted avg": {"precision": 0.5224283652855082, "recall": 0.5142857142857142, "f1-score": 0.4847178199783593, "support": 105}, "classificador": "BaggingClassifier"}