{"casual": {"precision": 0.48148148148148145, "recall": 0.896551724137931, "f1-score": 0.6265060240963856, "support": 29}, "explosion": {"precision": 0.9166666666666666, "recall": 0.5641025641025641, "f1-score": 0.6984126984126983, "support": 39}, "gunshot": {"precision": 0.52, "recall": 0.6190476190476191, "f1-score": 0.5652173913043478, "support": 21}, "siren": {"precision": 1.0, "recall": 0.125, "f1-score": 0.2222222222222222, "support": 16}, "accuracy": 0.6, "macro avg": {"precision": 0.7295370370370371, "recall": 0.5511754768220285, "f1-score": 0.5280895840089135, "support": 105}, "weighted avg": {"precision": 0.7298377425044091, "recall": 0.6, "f1-score": 0.5793513400936884, "support": 105}, "classificador": "KNeighborsClassifier"}