{"casual": {"precision": 0.3902439024390244, "recall": 0.5517241379310345, "f1-score": 0.4571428571428572, "support": 29}, "explosion": {"precision": 0.7037037037037037, "recall": 0.48717948717948717, "f1-score": 0.5757575757575758, "support": 39}, "gunshot": {"precision": 0.5, "recall": 0.2857142857142857, "f1-score": 0.36363636363636365, "support": 21}, "siren": {"precision": 0.52, "recall": 0.8125, "f1-score": 0.6341463414634146, "support": 16}, "accuracy": 0.5142857142857142, "macro avg": {"precision": 0.528486901535682, "recall": 0.5342794777062019, "f1-score": 0.5076707845000529, "support": 105}, "weighted avg": {"precision": 0.5483954058588205, "recall": 0.5142857142857142, "f1-score": 0.5094704134425388, "support": 105}, "classificador": "Perceptron"}