{"casual": {"precision": 0.3492063492063492, "recall": 0.7586206896551724, "f1-score": 0.47826086956521746, "support": 29}, "explosion": {"precision": 0.8333333333333334, "recall": 0.5128205128205128, "f1-score": 0.6349206349206349, "support": 39}, "gunshot": {"precision": 0.0, "recall": 0.0, "f1-score": 0.0, "support": 21}, "siren": {"precision": 0.7058823529411765, "recall": 0.75, "f1-score": 0.7272727272727272, "support": 16}, "accuracy": 0.5142857142857142, "macro avg": {"precision": 0.47210550887021474, "recall": 0.5053603006189213, "f1-score": 0.4601135579396449, "support": 105}, "weighted avg": {"precision": 0.5135343026099329, "recall": 0.5142857142857142, "f1-score": 0.47874127253009235, "support": 105}, "classificador": "SVC"}