{"casual": {"precision": 0.5, "recall": 0.6896551724137931, "f1-score": 0.5797101449275363, "support": 29}, "explosion": {"precision": 0.8666666666666667, "recall": 0.6666666666666666, "f1-score": 0.7536231884057971, "support": 39}, "gunshot": {"precision": 0.5454545454545454, "recall": 0.2857142857142857, "f1-score": 0.37499999999999994, "support": 21}, "siren": {"precision": 0.625, "recall": 0.9375, "f1-score": 0.75, "support": 16}, "accuracy": 0.638095238095238, "macro avg": {"precision": 0.634280303030303, "recall": 0.6448840311986863, "f1-score": 0.6145833333333334, "support": 105}, "weighted avg": {"precision": 0.6643290043290043, "recall": 0.638095238095238, "f1-score": 0.6293133195307109, "support": 105}, "classificador": "LinearSVC"}