{"casual": {"precision": 0.4888888888888889, "recall": 0.7586206896551724, "f1-score": 0.5945945945945945, "support": 29}, "explosion": {"precision": 0.7857142857142857, "recall": 0.5641025641025641, "f1-score": 0.6567164179104477, "support": 39}, "gunshot": {"precision": 0.7333333333333333, "recall": 0.5238095238095238, "f1-score": 0.611111111111111, "support": 21}, "siren": {"precision": 0.7647058823529411, "recall": 0.8125, "f1-score": 0.787878787878788, "support": 16}, "accuracy": 0.6476190476190476, "macro avg": {"precision": 0.6931605975723623, "recall": 0.664758194391815, "f1-score": 0.6625752278737354, "support": 105}, "weighted avg": {"precision": 0.6900564670312568, "recall": 0.6476190476190476, "f1-score": 0.6504245474394728, "support": 105}, "classificador": "LinearDiscriminantAnalysis"}