{"casual": {"precision": 0.5789473684210527, "recall": 0.7586206896551724, "f1-score": 0.6567164179104478, "support": 29}, "explosion": {"precision": 0.7692307692307693, "recall": 0.7692307692307693, "f1-score": 0.7692307692307693, "support": 39}, "gunshot": {"precision": 1.0, "recall": 0.5714285714285714, "f1-score": 0.7272727272727273, "support": 21}, "siren": {"precision": 0.9375, "recall": 0.9375, "f1-score": 0.9375, "support": 16}, "accuracy": 0.7523809523809524, "macro avg": {"precision": 0.8214195344129555, "recall": 0.7591950075786282, "f1-score": 0.7726799786034861, "support": 105}, "weighted avg": {"precision": 0.7884711779448621, "recall": 0.7523809523809524, "f1-score": 0.7554047942107642, "support": 105}, "classificador": "SGDClassifier"}