{"casual": {"precision": 0.6857142857142857, "recall": 0.8275862068965517, "f1-score": 0.75, "support": 29}, "explosion": {"precision": 0.9310344827586207, "recall": 0.6923076923076923, "f1-score": 0.7941176470588235, "support": 39}, "gunshot": {"precision": 0.5769230769230769, "recall": 0.7142857142857143, "f1-score": 0.6382978723404256, "support": 21}, "siren": {"precision": 0.9333333333333333, "recall": 0.875, "f1-score": 0.9032258064516129, "support": 16}, "accuracy": 0.7619047619047619, "macro avg": {"precision": 0.7817512946823293, "recall": 0.7772949033724896, "f1-score": 0.7714103314627154, "support": 105}, "weighted avg": {"precision": 0.7928074005906518, "recall": 0.7619047619047619, "f1-score": 0.7673948234063702, "support": 105}, "classificador": "KNeighborsClassifier"}