{"casual": {"precision": 0.5641025641025641, "recall": 0.7586206896551724, "f1-score": 0.6470588235294118, "support": 29}, "explosion": {"precision": 0.875, "recall": 0.8974358974358975, "f1-score": 0.8860759493670887, "support": 39}, "gunshot": {"precision": 0.8888888888888888, "recall": 0.38095238095238093, "f1-score": 0.5333333333333333, "support": 21}, "siren": {"precision": 0.8823529411764706, "recall": 0.9375, "f1-score": 0.9090909090909091, "support": 16}, "accuracy": 0.7619047619047619, "macro avg": {"precision": 0.8025860985419809, "recall": 0.7436272420108627, "f1-score": 0.7438897538301857, "support": 105}, "weighted avg": {"precision": 0.7930313150901387, "recall": 0.7619047619047619, "f1-score": 0.7530202138392756, "support": 105}, "classificador": "BaggingClassifier"}