{"casual": {"precision": 0.65625, "recall": 0.7241379310344828, "f1-score": 0.6885245901639345, "support": 29}, "explosion": {"precision": 0.8918918918918919, "recall": 0.8461538461538461, "f1-score": 0.868421052631579, "support": 39}, "gunshot": {"precision": 0.8235294117647058, "recall": 0.6666666666666666, "f1-score": 0.7368421052631577, "support": 21}, "siren": {"precision": 0.7894736842105263, "recall": 0.9375, "f1-score": 0.8571428571428572, "support": 16}, "accuracy": 0.7904761904761904, "macro avg": {"precision": 0.7902862469667811, "recall": 0.7936146109637489, "f1-score": 0.7877326513003821, "support": 105}, "weighted avg": {"precision": 0.7975307655067717, "recall": 0.7904761904761904, "f1-score": 0.7907009913542639, "support": 105}, "classificador": "SVC"}