{"casual": {"precision": 0.5641025641025641, "recall": 0.7586206896551724, "f1-score": 0.6470588235294118, "support": 29}, "explosion": {"precision": 0.8, "recall": 0.717948717948718, "f1-score": 0.7567567567567569, "support": 39}, "gunshot": {"precision": 0.9285714285714286, "recall": 0.6190476190476191, "f1-score": 0.742857142857143, "support": 21}, "siren": {"precision": 0.7647058823529411, "recall": 0.8125, "f1-score": 0.787878787878788, "support": 16}, "accuracy": 0.7238095238095238, "macro avg": {"precision": 0.7643449687567334, "recall": 0.7270292566628773, "f1-score": 0.7336378777555249, "support": 105}, "weighted avg": {"precision": 0.7551835093011563, "recall": 0.7238095238095238, "f1-score": 0.7284217143040672, "support": 105}, "classificador": "Perceptron"}