{"casual": {"precision": 0.5135135135135135, "recall": 0.6551724137931034, "f1-score": 0.5757575757575758, "support": 29}, "explosion": {"precision": 0.7631578947368421, "recall": 0.7435897435897436, "f1-score": 0.7532467532467534, "support": 39}, "gunshot": {"precision": 1.0, "recall": 0.6190476190476191, "f1-score": 0.7647058823529412, "support": 21}, "siren": {"precision": 0.8823529411764706, "recall": 0.9375, "f1-score": 0.9090909090909091, "support": 16}, "accuracy": 0.7238095238095238, "macro avg": {"precision": 0.7897560873567065, "recall": 0.7388274441076166, "f1-score": 0.7507002801120449, "support": 105}, "weighted avg": {"precision": 0.7597399699566881, "recall": 0.7238095238095238, "f1-score": 0.730265439509137, "support": 105}, "classificador": "LinearSVC"}