{"casual": {"precision": 0.6578947368421053, "recall": 0.8620689655172413, "f1-score": 0.746268656716418, "support": 29}, "explosion": {"precision": 0.8823529411764706, "recall": 0.7692307692307693, "f1-score": 0.8219178082191781, "support": 39}, "gunshot": {"precision": 0.75, "recall": 0.5714285714285714, "f1-score": 0.6486486486486486, "support": 21}, "siren": {"precision": 0.8235294117647058, "recall": 0.875, "f1-score": 0.8484848484848485, "support": 16}, "accuracy": 0.7714285714285715, "macro avg": {"precision": 0.7784442724458205, "recall": 0.7694320765441456, "f1-score": 0.7663299905172734, "support": 105}, "weighted avg": {"precision": 0.7849255491670353, "recall": 0.7714285714285715, "f1-score": 0.7704187120257454, "support": 105}, "classificador": "LinearSVC"}