{"casual": {"precision": 0.5555555555555556, "recall": 0.8620689655172413, "f1-score": 0.6756756756756757, "support": 29}, "explosion": {"precision": 0.8709677419354839, "recall": 0.6923076923076923, "f1-score": 0.7714285714285716, "support": 39}, "gunshot": {"precision": 0.9166666666666666, "recall": 0.5238095238095238, "f1-score": 0.6666666666666667, "support": 21}, "siren": {"precision": 0.8823529411764706, "recall": 0.9375, "f1-score": 0.9090909090909091, "support": 16}, "accuracy": 0.7428571428571429, "macro avg": {"precision": 0.8063857263335441, "recall": 0.7539215454086143, "f1-score": 0.7557154557154557, "support": 105}, "weighted avg": {"precision": 0.7947285724325573, "recall": 0.7428571428571429, "f1-score": 0.7450072707215565, "support": 105}, "classificador": "SGDClassifier"}