{"casual": {"precision": 0.6216216216216216, "recall": 0.7931034482758621, "f1-score": 0.696969696969697, "support": 29}, "explosion": {"precision": 1.0, "recall": 0.6410256410256411, "f1-score": 0.7812500000000001, "support": 39}, "gunshot": {"precision": 0.5357142857142857, "recall": 0.7142857142857143, "f1-score": 0.6122448979591837, "support": 21}, "siren": {"precision": 0.9333333333333333, "recall": 0.875, "f1-score": 0.9032258064516129, "support": 16}, "accuracy": 0.7333333333333333, "macro avg": {"precision": 0.77266731016731, "recall": 0.7558537008968044, "f1-score": 0.7484226003451235, "support": 105}, "weighted avg": {"precision": 0.7924796224796226, "recall": 0.7333333333333333, "f1-score": 0.7427583521189514, "support": 105}, "classificador": "KNeighborsClassifier"}