{"casual": {"precision": 0.5789473684210527, "recall": 0.7586206896551724, "f1-score": 0.6567164179104478, "support": 29}, "explosion": {"precision": 0.9230769230769231, "recall": 0.9230769230769231, "f1-score": 0.9230769230769231, "support": 39}, "gunshot": {"precision": 0.9, "recall": 0.42857142857142855, "f1-score": 0.5806451612903225, "support": 21}, "siren": {"precision": 0.7777777777777778, "recall": 0.875, "f1-score": 0.823529411764706, "support": 16}, "accuracy": 0.7714285714285715, "macro avg": {"precision": 0.7949505173189384, "recall": 0.746317260325881, "f1-score": 0.7459919785105998, "support": 105}, "weighted avg": {"precision": 0.8012754107490949, "recall": 0.7714285714285715, "f1-score": 0.765855191378429, "support": 105}, "classificador": "BaggingClassifier"}