{"casual": {"precision": 0.6060606060606061, "recall": 0.6896551724137931, "f1-score": 0.6451612903225807, "support": 29}, "explosion": {"precision": 0.8918918918918919, "recall": 0.8461538461538461, "f1-score": 0.868421052631579, "support": 39}, "gunshot": {"precision": 0.9375, "recall": 0.7142857142857143, "f1-score": 0.8108108108108109, "support": 21}, "siren": {"precision": 0.7368421052631579, "recall": 0.875, "f1-score": 0.7999999999999999, "support": 16}, "accuracy": 0.780952380952381, "macro avg": {"precision": 0.793073650803914, "recall": 0.7812736832133385, "f1-score": 0.7810982884412426, "support": 105}, "weighted avg": {"precision": 0.7984430004166847, "recall": 0.780952380952381, "f1-score": 0.7848107190382233, "support": 105}, "classificador": "LinearDiscriminantAnalysis"}