{"casual": {"precision": 0.6, "recall": 0.8275862068965517, "f1-score": 0.6956521739130435, "support": 29}, "explosion": {"precision": 0.8888888888888888, "recall": 0.6153846153846154, "f1-score": 0.7272727272727274, "support": 39}, "gunshot": {"precision": 0.7777777777777778, "recall": 0.6666666666666666, "f1-score": 0.717948717948718, "support": 21}, "siren": {"precision": 0.75, "recall": 0.9375, "f1-score": 0.8333333333333334, "support": 16}, "accuracy": 0.7333333333333333, "macro avg": {"precision": 0.7541666666666667, "recall": 0.7617843722369584, "f1-score": 0.7435517381169556, "support": 105}, "weighted avg": {"precision": 0.7657142857142857, "recall": 0.7333333333333333, "f1-score": 0.7328362458797242, "support": 105}, "classificador": "SGDClassifier"}