{"casual": {"precision": 0.7352941176470589, "recall": 0.8620689655172413, "f1-score": 0.7936507936507937, "support": 29}, "explosion": {"precision": 0.9428571428571428, "recall": 0.8461538461538461, "f1-score": 0.8918918918918919, "support": 39}, "gunshot": {"precision": 0.8888888888888888, "recall": 0.7619047619047619, "f1-score": 0.8205128205128205, "support": 21}, "siren": {"precision": 0.8888888888888888, "recall": 1.0, "f1-score": 0.9411764705882353, "support": 16}, "accuracy": 0.8571428571428571, "macro avg": {"precision": 0.8639822595704948, "recall": 0.8675318933939623, "f1-score": 0.8618079941609353, "support": 105}, "weighted avg": {"precision": 0.8665128273531636, "recall": 0.8571428571428571, "f1-score": 0.8579928529508362, "support": 105}, "classificador": "KNeighborsClassifier"}