Classificador,Acurácia Média,Desvio Acc,Tempo Médio (ms),Desvio Tempo (ms)
KNN,0.8125714285714286,0.003732555798526728,239.6824685051328,81.86979327722
SGD,0.784,0.007386940735110591,2.472010022117978,0.13071376376941338
SVM,0.8106666666666665,0.006213145306781003,57.17925584883916,18.615243989104773
Perceptron,0.726095238095238,0.02738886014174277,2.474219276791527,0.1326400571378498
LDA,0.728952380952381,0.0063345863422155715,2.4803778784615655,0.13217009073231803
Tree,0.6653333333333332,0.1308054240347704,2.444092046646845,0.12137423731033058
QDA,0.6524761904761904,0.03196213746438928,4.848535605839321,0.3335451728524447
