Classificador,Acurácia Média,Desvio Acc,Tempo Médio (ms),Desvio Tempo (ms)
KNN,0.6182857142857143,0.01049176331727266,20.28639961424328,5.594172838188354
SGD,0.5725714285714286,0.010898833905462849,2.560654776436942,0.14714165623285466
SVM,0.6575238095238095,0.011950009250558577,8.639207204182943,2.0076181401445816
Perceptron,0.6302857142857142,0.017367835885797888,2.552351906186058,0.1351994842008393
LDA,0.5767619047619047,0.011827942625721915,2.5647751036144437,0.14680399547196402
Tree,0.5438095238095239,0.06643770205213491,2.491548992338635,0.1564500876744497
QDA,0.6213333333333333,0.00968623400768847,4.972882179986864,0.4727769595095955
