{"casual": {"precision": 0.5945945945945946, "recall": 0.7586206896551724, "f1-score": 0.6666666666666667, "support": 29}, "explosion": {"precision": 0.8214285714285714, "recall": 0.5897435897435898, "f1-score": 0.6865671641791046, "support": 39}, "gunshot": {"precision": 0.6111111111111112, "recall": 0.5238095238095238, "f1-score": 0.5641025641025642, "support": 21}, "siren": {"precision": 0.6818181818181818, "recall": 0.9375, "f1-score": 0.7894736842105263, "support": 16}, "accuracy": 0.6761904761904762, "macro avg": {"precision": 0.6772381147381147, "recall": 0.7024184508020714, "f1-score": 0.6767025197897154, "support": 105}, "weighted avg": {"precision": 0.6954417311560169, "recall": 0.6761904761904762, "f1-score": 0.6722589098080065, "support": 105}, "classificador": "Perceptron"}