{"casual": {"precision": 0.7096774193548387, "recall": 0.7586206896551724, "f1-score": 0.7333333333333333, "support": 29}, "explosion": {"precision": 0.9230769230769231, "recall": 0.9230769230769231, "f1-score": 0.9230769230769231, "support": 39}, "gunshot": {"precision": 0.7777777777777778, "recall": 0.6666666666666666, "f1-score": 0.717948717948718, "support": 21}, "siren": {"precision": 0.7647058823529411, "recall": 0.8125, "f1-score": 0.787878787878788, "support": 16}, "accuracy": 0.8095238095238095, "macro avg": {"precision": 0.7938095006406202, "recall": 0.7902160698496905, "f1-score": 0.7905594405594406, "support": 105}, "weighted avg": {"precision": 0.8109454534501972, "recall": 0.8095238095238095, "f1-score": 0.809044289044289, "support": 105}, "classificador": "KNeighborsClassifier"}