{"casual": {"precision": 0.5555555555555556, "recall": 0.6896551724137931, "f1-score": 0.6153846153846154, "support": 29}, "explosion": {"precision": 0.8333333333333334, "recall": 0.7692307692307693, "f1-score": 0.8, "support": 39}, "gunshot": {"precision": 0.8, "recall": 0.5714285714285714, "f1-score": 0.6666666666666666, "support": 21}, "siren": {"precision": 0.7777777777777778, "recall": 0.875, "f1-score": 0.823529411764706, "support": 16}, "accuracy": 0.7238095238095238, "macro avg": {"precision": 0.7416666666666667, "recall": 0.7263286282682835, "f1-score": 0.7263951734539971, "support": 105}, "weighted avg": {"precision": 0.7414814814814815, "recall": 0.7238095238095238, "f1-score": 0.7259297565179919, "support": 105}, "classificador": "SGDClassifier"}