{"casual": {"precision": 0.72, "recall": 0.6206896551724138, "f1-score": 0.6666666666666666, "support": 29}, "explosion": {"precision": 0.9459459459459459, "recall": 0.8974358974358975, "f1-score": 0.9210526315789475, "support": 39}, "gunshot": {"precision": 0.7272727272727273, "recall": 0.7619047619047619, "f1-score": 0.7441860465116279, "support": 21}, "siren": {"precision": 0.7619047619047619, "recall": 1.0, "f1-score": 0.8648648648648648, "support": 16}, "accuracy": 0.8095238095238095, "macro avg": {"precision": 0.7887808587808587, "recall": 0.8200075786282683, "f1-score": 0.7991925524055268, "support": 105}, "weighted avg": {"precision": 0.8117628129056702, "recall": 0.8095238095238095, "f1-score": 0.8068583883761363, "support": 105}, "classificador": "SVC"}