{"casual": {"precision": 0.4897959183673469, "recall": 0.8275862068965517, "f1-score": 0.6153846153846154, "support": 29}, "explosion": {"precision": 0.6097560975609756, "recall": 0.6410256410256411, "f1-score": 0.625, "support": 39}, "gunshot": {"precision": 0.0, "recall": 0.0, "f1-score": 0.0, "support": 21}, "siren": {"precision": 0.9333333333333333, "recall": 0.875, "f1-score": 0.9032258064516129, "support": 16}, "accuracy": 0.6, "macro avg": {"precision": 0.508221337315414, "recall": 0.5859029619805483, "f1-score": 0.5359026054590571, "support": 105}, "weighted avg": {"precision": 0.5039800263891852, "recall": 0.6, "f1-score": 0.5397406357083777, "support": 105}, "classificador": "SGDClassifier"}