{"casual": {"precision": 0.5609756097560976, "recall": 0.7931034482758621, "f1-score": 0.6571428571428573, "support": 29}, "explosion": {"precision": 0.7619047619047619, "recall": 0.41025641025641024, "f1-score": 0.5333333333333333, "support": 39}, "gunshot": {"precision": 0.41935483870967744, "recall": 0.6190476190476191, "f1-score": 0.5, "support": 21}, "siren": {"precision": 0.9166666666666666, "recall": 0.6875, "f1-score": 0.7857142857142857, "support": 16}, "accuracy": 0.6, "macro avg": {"precision": 0.6647254692593009, "recall": 0.6274768693949728, "f1-score": 0.6190476190476191, "support": 105}, "weighted avg": {"precision": 0.6614828254931661, "recall": 0.6, "f1-score": 0.5993197278911565, "support": 105}, "classificador": "KNeighborsClassifier"}