{"casual": {"precision": 0.5, "recall": 0.7241379310344828, "f1-score": 0.591549295774648, "support": 29}, "explosion": {"precision": 0.8571428571428571, "recall": 0.7692307692307693, "f1-score": 0.8108108108108107, "support": 39}, "gunshot": {"precision": 0.75, "recall": 0.42857142857142855, "f1-score": 0.5454545454545454, "support": 21}, "siren": {"precision": 0.875, "recall": 0.875, "f1-score": 0.875, "support": 16}, "accuracy": 0.7047619047619048, "macro avg": {"precision": 0.7455357142857143, "recall": 0.6992350322091702, "f1-score": 0.7057036630100011, "support": 105}, "weighted avg": {"precision": 0.7397959183673468, "recall": 0.7047619047619048, "f1-score": 0.7069628252726844, "support": 105}, "classificador": "BaggingClassifier"}