{"casual": {"precision": 0.48148148148148145, "recall": 0.896551724137931, "f1-score": 0.6265060240963856, "support": 29}, "explosion": {"precision": 0.5833333333333334, "recall": 0.5384615384615384, "f1-score": 0.5599999999999999, "support": 39}, "gunshot": {"precision": 0.0, "recall": 0.0, "f1-score": 0.0, "support": 21}, "siren": {"precision": 0.8666666666666667, "recall": 0.8125, "f1-score": 0.8387096774193549, "support": 16}, "accuracy": 0.5714285714285714, "macro avg": {"precision": 0.4828703703703704, "recall": 0.5618783156498673, "f1-score": 0.5063039253789351, "support": 105}, "weighted avg": {"precision": 0.48171075837742505, "recall": 0.5714285714285714, "f1-score": 0.5088383765476653, "support": 105}, "classificador": "SGDClassifier"}