{"casual": {"precision": 0.5454545454545454, "recall": 0.8275862068965517, "f1-score": 0.6575342465753425, "support": 29}, "explosion": {"precision": 0.8421052631578947, "recall": 0.41025641025641024, "f1-score": 0.5517241379310346, "support": 39}, "gunshot": {"precision": 0.41935483870967744, "recall": 0.6190476190476191, "f1-score": 0.5, "support": 21}, "siren": {"precision": 0.9090909090909091, "recall": 0.625, "f1-score": 0.7407407407407406, "support": 16}, "accuracy": 0.6, "macro avg": {"precision": 0.6790013891032567, "recall": 0.6204725590501452, "f1-score": 0.6124997813117794, "support": 105}, "weighted avg": {"precision": 0.6858304118066425, "recall": 0.6, "f1-score": 0.5994055845890203, "support": 105}, "classificador": "KNeighborsClassifier"}