{"casual": {"precision": 0.5714285714285714, "recall": 0.8275862068965517, "f1-score": 0.676056338028169, "support": 29}, "explosion": {"precision": 0.7857142857142857, "recall": 0.8461538461538461, "f1-score": 0.8148148148148148, "support": 39}, "gunshot": {"precision": 0.6666666666666666, "recall": 0.19047619047619047, "f1-score": 0.2962962962962963, "support": 21}, "siren": {"precision": 0.8666666666666667, "recall": 0.8125, "f1-score": 0.8387096774193549, "support": 16}, "accuracy": 0.7047619047619048, "macro avg": {"precision": 0.7226190476190476, "recall": 0.669179060881647, "f1-score": 0.6564692816396588, "support": 105}, "weighted avg": {"precision": 0.7150566893424035, "recall": 0.7047619047619048, "f1-score": 0.6764284632526341, "support": 105}, "classificador": "BaggingClassifier"}