{"casual": {"precision": 0.39285714285714285, "recall": 0.7586206896551724, "f1-score": 0.5176470588235293, "support": 29}, "explosion": {"precision": 0.8214285714285714, "recall": 0.5897435897435898, "f1-score": 0.6865671641791046, "support": 39}, "gunshot": {"precision": 0.7692307692307693, "recall": 0.47619047619047616, "f1-score": 0.588235294117647, "support": 21}, "siren": {"precision": 0.625, "recall": 0.3125, "f1-score": 0.4166666666666667, "support": 16}, "accuracy": 0.5714285714285714, "macro avg": {"precision": 0.6521291208791209, "recall": 0.5342636888973096, "f1-score": 0.5522790459467369, "support": 105}, "weighted avg": {"precision": 0.6626896912611198, "recall": 0.5714285714285714, "f1-score": 0.5791189709714731, "support": 105}, "classificador": "BaggingClassifier"}