{"casual": {"precision": 0.5428571428571428, "recall": 0.6551724137931034, "f1-score": 0.5937499999999999, "support": 29}, "explosion": {"precision": 0.696969696969697, "recall": 0.5897435897435898, "f1-score": 0.638888888888889, "support": 39}, "gunshot": {"precision": 0.6111111111111112, "recall": 0.5238095238095238, "f1-score": 0.5641025641025642, "support": 21}, "siren": {"precision": 0.7894736842105263, "recall": 0.9375, "f1-score": 0.8571428571428572, "support": 16}, "accuracy": 0.6476190476190476, "macro avg": {"precision": 0.6601029087871193, "recall": 0.6765563818365542, "f1-score": 0.6634710775335776, "support": 105}, "weighted avg": {"precision": 0.651329405765496, "recall": 0.6476190476190476, "f1-score": 0.6447224402581545, "support": 105}, "classificador": "Perceptron"}