{"casual": {"precision": 0.5813953488372093, "recall": 0.8620689655172413, "f1-score": 0.6944444444444445, "support": 29}, "explosion": {"precision": 0.8888888888888888, "recall": 0.41025641025641024, "f1-score": 0.5614035087719298, "support": 39}, "gunshot": {"precision": 0.42424242424242425, "recall": 0.6666666666666666, "f1-score": 0.5185185185185185, "support": 21}, "siren": {"precision": 1.0, "recall": 0.6875, "f1-score": 0.8148148148148148, "support": 16}, "accuracy": 0.6285714285714286, "macro avg": {"precision": 0.7236316654921306, "recall": 0.6566230106100795, "f1-score": 0.647295321637427, "support": 105}, "weighted avg": {"precision": 0.7279640256384442, "recall": 0.6285714285714286, "f1-score": 0.6281862062563817, "support": 105}, "classificador": "KNeighborsClassifier"}