{"casual": {"precision": 0.575, "recall": 0.7931034482758621, "f1-score": 0.6666666666666666, "support": 29}, "explosion": {"precision": 0.84, "recall": 0.5384615384615384, "f1-score": 0.6562499999999999, "support": 39}, "gunshot": {"precision": 0.46875, "recall": 0.7142857142857143, "f1-score": 0.5660377358490566, "support": 21}, "siren": {"precision": 1.0, "recall": 0.5, "f1-score": 0.6666666666666666, "support": 16}, "accuracy": 0.638095238095238, "macro avg": {"precision": 0.7209375, "recall": 0.6364626752557787, "f1-score": 0.6389052672955974, "support": 105}, "weighted avg": {"precision": 0.7169404761904762, "recall": 0.638095238095238, "f1-score": 0.6426718328840971, "support": 105}, "classificador": "KNeighborsClassifier"}