{"casual": {"precision": 0.6, "recall": 0.8275862068965517, "f1-score": 0.6956521739130435, "support": 29}, "explosion": {"precision": 0.8888888888888888, "recall": 0.41025641025641024, "f1-score": 0.5614035087719298, "support": 39}, "gunshot": {"precision": 0.40540540540540543, "recall": 0.7142857142857143, "f1-score": 0.5172413793103449, "support": 21}, "siren": {"precision": 1.0, "recall": 0.625, "f1-score": 0.7692307692307693, "support": 16}, "accuracy": 0.6190476190476191, "macro avg": {"precision": 0.7235735735735735, "recall": 0.644282082859669, "f1-score": 0.6358819578065218, "support": 105}, "weighted avg": {"precision": 0.7293350493350493, "recall": 0.6190476190476191, "f1-score": 0.621318201512315, "support": 105}, "classificador": "KNeighborsClassifier"}