{"casual": {"precision": 0.3188405797101449, "recall": 0.7586206896551724, "f1-score": 0.44897959183673475, "support": 29}, "explosion": {"precision": 0.8, "recall": 0.5128205128205128, "f1-score": 0.625, "support": 39}, "gunshot": {"precision": 1.0, "recall": 0.047619047619047616, "f1-score": 0.0909090909090909, "support": 21}, "siren": {"precision": 0.7, "recall": 0.4375, "f1-score": 0.5384615384615384, "support": 16}, "accuracy": 0.47619047619047616, "macro avg": {"precision": 0.7047101449275361, "recall": 0.4391400625236832, "f1-score": 0.425837555301841, "support": 105}, "weighted avg": {"precision": 0.6918702553485163, "recall": 0.47619047619047616, "f1-score": 0.45637984464515075, "support": 105}, "classificador": "BaggingClassifier"}