{"casual": {"precision": 0.5789473684210527, "recall": 0.7586206896551724, "f1-score": 0.6567164179104478, "support": 29}, "explosion": {"precision": 0.8571428571428571, "recall": 0.46153846153846156, "f1-score": 0.6, "support": 39}, "gunshot": {"precision": 0.40540540540540543, "recall": 0.7142857142857143, "f1-score": 0.5172413793103449, "support": 21}, "siren": {"precision": 1.0, "recall": 0.5625, "f1-score": 0.72, "support": 16}, "accuracy": 0.6095238095238096, "macro avg": {"precision": 0.7103739077423288, "recall": 0.6242362163698371, "f1-score": 0.6234894493051981, "support": 105}, "weighted avg": {"precision": 0.7117291297742425, "recall": 0.6095238095238096, "f1-score": 0.6173985246182878, "support": 105}, "classificador": "KNeighborsClassifier"}