{"casual": {"precision": 0.375, "recall": 0.8275862068965517, "f1-score": 0.5161290322580646, "support": 29}, "explosion": {"precision": 0.8148148148148148, "recall": 0.5641025641025641, "f1-score": 0.6666666666666667, "support": 39}, "gunshot": {"precision": 1.0, "recall": 0.14285714285714285, "f1-score": 0.25, "support": 21}, "siren": {"precision": 0.9090909090909091, "recall": 0.625, "f1-score": 0.7407407407407406, "support": 16}, "accuracy": 0.5619047619047619, "macro avg": {"precision": 0.774726430976431, "recall": 0.5398864784640647, "f1-score": 0.543384109916368, "support": 105}, "weighted avg": {"precision": 0.7447450697450697, "recall": 0.5619047619047619, "f1-score": 0.5530437503555784, "support": 105}, "classificador": "BaggingClassifier"}