{"casual": {"precision": 0.4418604651162791, "recall": 0.6551724137931034, "f1-score": 0.5277777777777777, "support": 29}, "explosion": {"precision": 0.6739130434782609, "recall": 0.7948717948717948, "f1-score": 0.7294117647058824, "support": 39}, "gunshot": {"precision": 0.0, "recall": 0.0, "f1-score": 0.0, "support": 21}, "siren": {"precision": 0.875, "recall": 0.875, "f1-score": 0.875, "support": 16}, "accuracy": 0.6095238095238096, "macro avg": {"precision": 0.497693377148635, "recall": 0.5812610521662246, "f1-score": 0.533047385620915, "support": 105}, "weighted avg": {"precision": 0.5056815446097549, "recall": 0.6095238095238096, "f1-score": 0.5500248988484283, "support": 105}, "classificador": "SGDClassifier"}