{"casual": {"precision": 0.4411764705882353, "recall": 0.5172413793103449, "f1-score": 0.47619047619047616, "support": 29}, "explosion": {"precision": 0.5769230769230769, "recall": 0.7692307692307693, "f1-score": 0.6593406593406593, "support": 39}, "gunshot": {"precision": 0.0, "recall": 0.0, "f1-score": 0.0, "support": 21}, "siren": {"precision": 0.6842105263157895, "recall": 0.8125, "f1-score": 0.742857142857143, "support": 16}, "accuracy": 0.5523809523809524, "macro avg": {"precision": 0.4255775184567754, "recall": 0.5247430371352786, "f1-score": 0.4695970695970696, "support": 105}, "weighted avg": {"precision": 0.44039510541058524, "recall": 0.5523809523809524, "f1-score": 0.4896145124716553, "support": 105}, "classificador": "SGDClassifier"}