{"casual": {"precision": 0.4166666666666667, "recall": 0.8620689655172413, "f1-score": 0.5617977528089887, "support": 29}, "explosion": {"precision": 0.8571428571428571, "recall": 0.7692307692307693, "f1-score": 0.8108108108108107, "support": 39}, "gunshot": {"precision": 0.0, "recall": 0.0, "f1-score": 0.0, "support": 21}, "siren": {"precision": 0.9, "recall": 0.5625, "f1-score": 0.6923076923076923, "support": 16}, "accuracy": 0.6095238095238096, "macro avg": {"precision": 0.5434523809523809, "recall": 0.5484499336870027, "f1-score": 0.516229063981873, "support": 105}, "weighted avg": {"precision": 0.5705895691609977, "recall": 0.6095238095238096, "f1-score": 0.5618159955238606, "support": 105}, "classificador": "BaggingClassifier"}