{"casual": {"precision": 0.40425531914893614, "recall": 0.6551724137931034, "f1-score": 0.4999999999999999, "support": 29}, "explosion": {"precision": 0.59375, "recall": 0.48717948717948717, "f1-score": 0.5352112676056338, "support": 39}, "gunshot": {"precision": 0.8, "recall": 0.19047619047619047, "f1-score": 0.3076923076923077, "support": 21}, "siren": {"precision": 0.7619047619047619, "recall": 1.0, "f1-score": 0.8648648648648648, "support": 16}, "accuracy": 0.5523809523809524, "macro avg": {"precision": 0.6399775202634246, "recall": 0.5832070228621953, "f1-score": 0.5519421100407015, "support": 105}, "weighted avg": {"precision": 0.6082869566266222, "recall": 0.5523809523809524, "f1-score": 0.5302153879618667, "support": 105}, "classificador": "Perceptron"}