{"casual": {"precision": 0.3484848484848485, "recall": 0.7931034482758621, "f1-score": 0.4842105263157895, "support": 29}, "explosion": {"precision": 0.7916666666666666, "recall": 0.48717948717948717, "f1-score": 0.6031746031746031, "support": 39}, "gunshot": {"precision": 1.0, "recall": 0.047619047619047616, "f1-score": 0.0909090909090909, "support": 21}, "siren": {"precision": 0.7857142857142857, "recall": 0.6875, "f1-score": 0.7333333333333334, "support": 16}, "accuracy": 0.5142857142857142, "macro avg": {"precision": 0.7314664502164502, "recall": 0.5038504957685992, "f1-score": 0.4779068884332042, "support": 105}, "weighted avg": {"precision": 0.7100237064522779, "recall": 0.5142857142857142, "f1-score": 0.48769846694658725, "support": 105}, "classificador": "SVC"}