{"casual": {"precision": 0.48717948717948717, "recall": 0.6551724137931034, "f1-score": 0.5588235294117647, "support": 29}, "explosion": {"precision": 0.7631578947368421, "recall": 0.7435897435897436, "f1-score": 0.7532467532467534, "support": 39}, "gunshot": {"precision": 0.7, "recall": 0.3333333333333333, "f1-score": 0.45161290322580644, "support": 21}, "siren": {"precision": 0.8333333333333334, "recall": 0.9375, "f1-score": 0.8823529411764706, "support": 16}, "accuracy": 0.6666666666666666, "macro avg": {"precision": 0.6959176788124156, "recall": 0.6673988726790451, "f1-score": 0.6615090317651988, "support": 105}, "weighted avg": {"precision": 0.6849971081550029, "recall": 0.6666666666666666, "f1-score": 0.6588954643440954, "support": 105}, "classificador": "LinearSVC"}