{"casual": {"precision": 0.32727272727272727, "recall": 0.6206896551724138, "f1-score": 0.42857142857142855, "support": 29}, "explosion": {"precision": 0.7297297297297297, "recall": 0.6923076923076923, "f1-score": 0.7105263157894737, "support": 39}, "gunshot": {"precision": 1.0, "recall": 0.047619047619047616, "f1-score": 0.0909090909090909, "support": 21}, "siren": {"precision": 0.8333333333333334, "recall": 0.625, "f1-score": 0.7142857142857143, "support": 16}, "accuracy": 0.5333333333333333, "macro avg": {"precision": 0.7225839475839476, "recall": 0.49640409877478847, "f1-score": 0.4860731373889269, "support": 105}, "weighted avg": {"precision": 0.6884162084162084, "recall": 0.5333333333333333, "f1-score": 0.5093024769716499, "support": 105}, "classificador": "LinearDiscriminantAnalysis"}