{"casual": {"precision": 0.41025641025641024, "recall": 0.5517241379310345, "f1-score": 0.47058823529411764, "support": 29}, "explosion": {"precision": 0.6842105263157895, "recall": 0.6666666666666666, "f1-score": 0.6753246753246753, "support": 39}, "gunshot": {"precision": 0.8, "recall": 0.19047619047619047, "f1-score": 0.3076923076923077, "support": 21}, "siren": {"precision": 0.6521739130434783, "recall": 0.9375, "f1-score": 0.7692307692307693, "support": 16}, "accuracy": 0.580952380952381, "macro avg": {"precision": 0.6366602124039196, "recall": 0.5865917487684729, "f1-score": 0.5557089968854675, "support": 105}, "weighted avg": {"precision": 0.6268231336423556, "recall": 0.580952380952381, "f1-score": 0.559561446956405, "support": 105}, "classificador": "Perceptron"}