{"casual": {"precision": 0.5238095238095238, "recall": 0.7586206896551724, "f1-score": 0.6197183098591549, "support": 29}, "explosion": {"precision": 0.9, "recall": 0.46153846153846156, "f1-score": 0.6101694915254238, "support": 39}, "gunshot": {"precision": 0.4375, "recall": 0.6666666666666666, "f1-score": 0.5283018867924528, "support": 21}, "siren": {"precision": 1.0, "recall": 0.6875, "f1-score": 0.8148148148148148, "support": 16}, "accuracy": 0.6190476190476191, "macro avg": {"precision": 0.715327380952381, "recall": 0.6435814544650751, "f1-score": 0.6432511257479616, "support": 105}, "weighted avg": {"precision": 0.7188378684807257, "recall": 0.6190476190476191, "f1-score": 0.6276173125246245, "support": 105}, "classificador": "KNeighborsClassifier"}