{"casual": {"precision": 0.5, "recall": 0.6896551724137931, "f1-score": 0.5797101449275363, "support": 29}, "explosion": {"precision": 0.6774193548387096, "recall": 0.5384615384615384, "f1-score": 0.6, "support": 39}, "gunshot": {"precision": 0.38461538461538464, "recall": 0.23809523809523808, "f1-score": 0.2941176470588235, "support": 21}, "siren": {"precision": 0.7619047619047619, "recall": 1.0, "f1-score": 0.8648648648648648, "support": 16}, "accuracy": 0.5904761904761905, "macro avg": {"precision": 0.580984875339714, "recall": 0.6165529872426424, "f1-score": 0.5846731642128061, "support": 105}, "weighted avg": {"precision": 0.5827309914867519, "recall": 0.5904761904761905, "f1-score": 0.5735800250378256, "support": 105}, "classificador": "SVC"}