{"casual": {"precision": 0.4666666666666667, "recall": 0.7241379310344828, "f1-score": 0.5675675675675675, "support": 29}, "explosion": {"precision": 0.4074074074074074, "recall": 0.28205128205128205, "f1-score": 0.33333333333333337, "support": 39}, "gunshot": {"precision": 0.2777777777777778, "recall": 0.23809523809523808, "f1-score": 0.25641025641025644, "support": 21}, "siren": {"precision": 0.7333333333333333, "recall": 0.6875, "f1-score": 0.7096774193548386, "support": 16}, "accuracy": 0.45714285714285713, "macro avg": {"precision": 0.4712962962962963, "recall": 0.48294611279525074, "f1-score": 0.466747144166499, "support": 105}, "weighted avg": {"precision": 0.4475132275132275, "recall": 0.45714285714285713, "f1-score": 0.43998965289287867, "support": 105}, "classificador": "LinearDiscriminantAnalysis"}