{"casual": {"precision": 0.38461538461538464, "recall": 0.6896551724137931, "f1-score": 0.4938271604938272, "support": 29}, "explosion": {"precision": 0.8108108108108109, "recall": 0.7692307692307693, "f1-score": 0.7894736842105263, "support": 39}, "gunshot": {"precision": 0.6666666666666666, "recall": 0.09523809523809523, "f1-score": 0.16666666666666666, "support": 21}, "siren": {"precision": 0.8461538461538461, "recall": 0.6875, "f1-score": 0.7586206896551724, "support": 16}, "accuracy": 0.6, "macro avg": {"precision": 0.6770616770616771, "recall": 0.5604060092206644, "f1-score": 0.5521470502565482, "support": 105}, "weighted avg": {"precision": 0.6696564696564697, "recall": 0.6, "f1-score": 0.5785561178382311, "support": 105}, "classificador": "BaggingClassifier"}