{"casual": {"precision": 0.6666666666666666, "recall": 0.6896551724137931, "f1-score": 0.6779661016949153, "support": 29}, "explosion": {"precision": 0.603448275862069, "recall": 0.8974358974358975, "f1-score": 0.7216494845360825, "support": 39}, "gunshot": {"precision": 0.0, "recall": 0.0, "f1-score": 0.0, "support": 21}, "siren": {"precision": 0.7647058823529411, "recall": 0.8125, "f1-score": 0.787878787878788, "support": 16}, "accuracy": 0.6476190476190476, "macro avg": {"precision": 0.5087052062204191, "recall": 0.5998977674624226, "f1-score": 0.5468735935274465, "support": 105}, "weighted avg": {"precision": 0.5247915258057246, "recall": 0.6476190476190476, "f1-score": 0.5753467376392416, "support": 105}, "classificador": "SGDClassifier"}