{"casual": {"precision": 0.6551724137931034, "recall": 0.6551724137931034, "f1-score": 0.6551724137931034, "support": 29}, "explosion": {"precision": 0.8571428571428571, "recall": 0.7692307692307693, "f1-score": 0.8108108108108107, "support": 39}, "gunshot": {"precision": 0.8095238095238095, "recall": 0.8095238095238095, "f1-score": 0.8095238095238095, "support": 21}, "siren": {"precision": 0.8, "recall": 1.0, "f1-score": 0.888888888888889, "support": 16}, "accuracy": 0.780952380952381, "macro avg": {"precision": 0.7804597701149425, "recall": 0.8084817481369206, "f1-score": 0.7910989807541532, "support": 105}, "weighted avg": {"precision": 0.7831292517006802, "recall": 0.780952380952381, "f1-score": 0.7794651794651795, "support": 105}, "classificador": "SGDClassifier"}