{"casual": {"precision": 0.5428571428571428, "recall": 0.6551724137931034, "f1-score": 0.5937499999999999, "support": 29}, "explosion": {"precision": 0.7894736842105263, "recall": 0.7692307692307693, "f1-score": 0.7792207792207793, "support": 39}, "gunshot": {"precision": 0.7333333333333333, "recall": 0.5238095238095238, "f1-score": 0.611111111111111, "support": 21}, "siren": {"precision": 0.8235294117647058, "recall": 0.875, "f1-score": 0.8484848484848485, "support": 16}, "accuracy": 0.7047619047619048, "macro avg": {"precision": 0.7222983930414271, "recall": 0.7058031767083491, "f1-score": 0.7081416847041847, "support": 105}, "weighted avg": {"precision": 0.7153219182409806, "recall": 0.7047619047619048, "f1-score": 0.7049281076066789, "support": 105}, "classificador": "Perceptron"}