{"casual": {"precision": 0.5925925925925926, "recall": 0.5517241379310345, "f1-score": 0.5714285714285714, "support": 29}, "explosion": {"precision": 0.7837837837837838, "recall": 0.7435897435897436, "f1-score": 0.7631578947368421, "support": 39}, "gunshot": {"precision": 0.8095238095238095, "recall": 0.8095238095238095, "f1-score": 0.8095238095238095, "support": 21}, "siren": {"precision": 0.75, "recall": 0.9375, "f1-score": 0.8333333333333334, "support": 16}, "accuracy": 0.7333333333333333, "macro avg": {"precision": 0.7339750464750465, "recall": 0.7605844227611469, "f1-score": 0.7443609022556391, "support": 105}, "weighted avg": {"precision": 0.7309785976452643, "recall": 0.7333333333333333, "f1-score": 0.7301706647571309, "support": 105}, "classificador": "Perceptron"}