{"casual": {"precision": 0.7741935483870968, "recall": 0.8275862068965517, "f1-score": 0.7999999999999999, "support": 29}, "explosion": {"precision": 0.9210526315789473, "recall": 0.8974358974358975, "f1-score": 0.9090909090909091, "support": 39}, "gunshot": {"precision": 0.8, "recall": 0.7619047619047619, "f1-score": 0.7804878048780488, "support": 21}, "siren": {"precision": 0.875, "recall": 0.875, "f1-score": 0.875, "support": 16}, "accuracy": 0.8476190476190476, "macro avg": {"precision": 0.842561544991511, "recall": 0.8404817165593028, "f1-score": 0.8411446784922394, "support": 105}, "weighted avg": {"precision": 0.8492634812838548, "recall": 0.8476190476190476, "f1-score": 0.8480456129236618, "support": 105}, "classificador": "KNeighborsClassifier"}