{"casual": {"precision": 0.625, "recall": 0.5172413793103449, "f1-score": 0.5660377358490567, "support": 29}, "explosion": {"precision": 0.8055555555555556, "recall": 0.7435897435897436, "f1-score": 0.7733333333333334, "support": 39}, "gunshot": {"precision": 0.5555555555555556, "recall": 0.7142857142857143, "f1-score": 0.6250000000000001, "support": 21}, "siren": {"precision": 0.8333333333333334, "recall": 0.9375, "f1-score": 0.8823529411764706, "support": 16}, "accuracy": 0.7047619047619048, "macro avg": {"precision": 0.7048611111111112, "recall": 0.7281542092964507, "f1-score": 0.7116810025897152, "support": 105}, "weighted avg": {"precision": 0.709920634920635, "recall": 0.7047619047619048, "f1-score": 0.7030261085566303, "support": 105}, "classificador": "LinearDiscriminantAnalysis"}