{"casual": {"precision": 0.5609756097560976, "recall": 0.7931034482758621, "f1-score": 0.6571428571428573, "support": 29}, "explosion": {"precision": 0.8666666666666667, "recall": 0.6666666666666666, "f1-score": 0.7536231884057971, "support": 39}, "gunshot": {"precision": 0.6666666666666666, "recall": 0.5714285714285714, "f1-score": 0.6153846153846153, "support": 21}, "siren": {"precision": 0.9375, "recall": 0.9375, "f1-score": 0.9375, "support": 16}, "accuracy": 0.7238095238095238, "macro avg": {"precision": 0.7579522357723577, "recall": 0.7421746715927751, "f1-score": 0.7409126652333174, "support": 105}, "weighted avg": {"precision": 0.7530313588850175, "recall": 0.7238095238095238, "f1-score": 0.727347848838532, "support": 105}, "classificador": "SGDClassifier"}