{"casual": {"precision": 0.5483870967741935, "recall": 0.5862068965517241, "f1-score": 0.5666666666666665, "support": 29}, "explosion": {"precision": 0.8108108108108109, "recall": 0.7692307692307693, "f1-score": 0.7894736842105263, "support": 39}, "gunshot": {"precision": 0.6666666666666666, "recall": 0.6666666666666666, "f1-score": 0.6666666666666666, "support": 21}, "siren": {"precision": 0.8125, "recall": 0.8125, "f1-score": 0.8125, "support": 16}, "accuracy": 0.7047619047619048, "macro avg": {"precision": 0.7095911435629177, "recall": 0.70865108311229, "f1-score": 0.7088267543859649, "support": 105}, "weighted avg": {"precision": 0.7097604516959355, "recall": 0.7047619047619048, "f1-score": 0.7068838763575606, "support": 105}, "classificador": "Perceptron"}