{"casual": {"precision": 0.59375, "recall": 0.6551724137931034, "f1-score": 0.6229508196721311, "support": 29}, "explosion": {"precision": 0.8709677419354839, "recall": 0.6923076923076923, "f1-score": 0.7714285714285716, "support": 39}, "gunshot": {"precision": 0.7222222222222222, "recall": 0.6190476190476191, "f1-score": 0.6666666666666666, "support": 21}, "siren": {"precision": 0.6666666666666666, "recall": 1.0, "f1-score": 0.8, "support": 16}, "accuracy": 0.7142857142857143, "macro avg": {"precision": 0.7134016577060932, "recall": 0.7416319312871037, "f1-score": 0.7152615144418424, "support": 105}, "weighted avg": {"precision": 0.7335221454173068, "recall": 0.7142857142857143, "f1-score": 0.7138217910114866, "support": 105}, "classificador": "Perceptron"}