{"casual": {"precision": 0.6097560975609756, "recall": 0.8620689655172413, "f1-score": 0.7142857142857144, "support": 29}, "explosion": {"precision": 0.9459459459459459, "recall": 0.8974358974358975, "f1-score": 0.9210526315789475, "support": 39}, "gunshot": {"precision": 0.9, "recall": 0.42857142857142855, "f1-score": 0.5806451612903225, "support": 21}, "siren": {"precision": 0.8823529411764706, "recall": 0.9375, "f1-score": 0.9090909090909091, "support": 16}, "accuracy": 0.8, "macro avg": {"precision": 0.8345137461708481, "recall": 0.7813940728811418, "f1-score": 0.7812686040614734, "support": 105}, "weighted avg": {"precision": 0.8342139598093686, "recall": 0.8, "f1-score": 0.7940413455087236, "support": 105}, "classificador": "SVC"}