{"casual": {"precision": 0.5428571428571428, "recall": 0.6551724137931034, "f1-score": 0.5937499999999999, "support": 29}, "explosion": {"precision": 0.8, "recall": 0.6153846153846154, "f1-score": 0.6956521739130435, "support": 39}, "gunshot": {"precision": 0.5555555555555556, "recall": 0.47619047619047616, "f1-score": 0.5128205128205129, "support": 21}, "siren": {"precision": 0.6363636363636364, "recall": 0.875, "f1-score": 0.7368421052631579, "support": 16}, "accuracy": 0.638095238095238, "macro avg": {"precision": 0.6336940836940838, "recall": 0.6554368763420487, "f1-score": 0.6347661979991785, "support": 105}, "weighted avg": {"precision": 0.6551556380127809, "recall": 0.638095238095238, "f1-score": 0.6372179927242856, "support": 105}, "classificador": "Perceptron"}