{"casual": {"precision": 0.6086956521739131, "recall": 0.4827586206896552, "f1-score": 0.5384615384615384, "support": 29}, "explosion": {"precision": 0.8235294117647058, "recall": 0.717948717948718, "f1-score": 0.767123287671233, "support": 39}, "gunshot": {"precision": 0.5172413793103449, "recall": 0.7142857142857143, "f1-score": 0.6000000000000001, "support": 21}, "siren": {"precision": 0.7894736842105263, "recall": 0.9375, "f1-score": 0.8571428571428572, "support": 16}, "accuracy": 0.6857142857142857, "macro avg": {"precision": 0.6847350318648726, "recall": 0.7131232632310218, "f1-score": 0.6906819208189072, "support": 105}, "weighted avg": {"precision": 0.6977473227119302, "recall": 0.6857142857142857, "f1-score": 0.6842617004652229, "support": 105}, "classificador": "LinearDiscriminantAnalysis"}