{"casual": {"precision": 0.6857142857142857, "recall": 0.8275862068965517, "f1-score": 0.75, "support": 29}, "explosion": {"precision": 0.9210526315789473, "recall": 0.8974358974358975, "f1-score": 0.9090909090909091, "support": 39}, "gunshot": {"precision": 0.875, "recall": 0.6666666666666666, "f1-score": 0.7567567567567567, "support": 21}, "siren": {"precision": 0.8125, "recall": 0.8125, "f1-score": 0.8125, "support": 16}, "accuracy": 0.819047619047619, "macro avg": {"precision": 0.8235667293233082, "recall": 0.801047192749779, "f1-score": 0.8070869164619164, "support": 105}, "weighted avg": {"precision": 0.8303025420694593, "recall": 0.819047619047619, "f1-score": 0.8199660699660699, "support": 105}, "classificador": "KNeighborsClassifier"}