{"casual": {"precision": 0.5, "recall": 0.4827586206896552, "f1-score": 0.49122807017543857, "support": 29}, "explosion": {"precision": 0.7272727272727273, "recall": 0.8205128205128205, "f1-score": 0.7710843373493976, "support": 39}, "gunshot": {"precision": 0.8333333333333334, "recall": 0.47619047619047616, "f1-score": 0.6060606060606061, "support": 21}, "siren": {"precision": 0.6666666666666666, "recall": 0.875, "f1-score": 0.7567567567567567, "support": 16}, "accuracy": 0.6666666666666666, "macro avg": {"precision": 0.6818181818181818, "recall": 0.663615479348238, "f1-score": 0.6562824425855497, "support": 105}, "weighted avg": {"precision": 0.6764790764790765, "recall": 0.6666666666666666, "f1-score": 0.6586027050199529, "support": 105}, "classificador": "Perceptron"}