{"casual": {"precision": 0.30666666666666664, "recall": 0.7931034482758621, "f1-score": 0.4423076923076923, "support": 29}, "explosion": {"precision": 0.7368421052631579, "recall": 0.358974358974359, "f1-score": 0.4827586206896552, "support": 39}, "gunshot": {"precision": 0.0, "recall": 0.0, "f1-score": 0.0, "support": 21}, "siren": {"precision": 0.45454545454545453, "recall": 0.3125, "f1-score": 0.3703703703703703, "support": 16}, "accuracy": 0.4, "macro avg": {"precision": 0.3745135566188198, "recall": 0.3661444518125553, "f1-score": 0.32385917084192944, "support": 105}, "weighted avg": {"precision": 0.4276466924887977, "recall": 0.4, "f1-score": 0.35790890675948145, "support": 105}, "classificador": "SVC"}