{"casual": {"precision": 0.631578947368421, "recall": 0.8275862068965517, "f1-score": 0.716417910447761, "support": 29}, "explosion": {"precision": 0.9333333333333333, "recall": 0.717948717948718, "f1-score": 0.8115942028985509, "support": 39}, "gunshot": {"precision": 0.6521739130434783, "recall": 0.7142857142857143, "f1-score": 0.6818181818181819, "support": 21}, "siren": {"precision": 0.9285714285714286, "recall": 0.8125, "f1-score": 0.8666666666666666, "support": 16}, "accuracy": 0.7619047619047619, "macro avg": {"precision": 0.7864144055791653, "recall": 0.768080159782746, "f1-score": 0.7691242404577902, "support": 105}, "weighted avg": {"precision": 0.793034138140382, "recall": 0.7619047619047619, "f1-score": 0.7677442076274005, "support": 105}, "classificador": "KNeighborsClassifier"}