{"casual": {"precision": 0.6341463414634146, "recall": 0.896551724137931, "f1-score": 0.7428571428571429, "support": 29}, "explosion": {"precision": 0.9142857142857143, "recall": 0.8205128205128205, "f1-score": 0.8648648648648648, "support": 39}, "gunshot": {"precision": 1.0, "recall": 0.6190476190476191, "f1-score": 0.7647058823529412, "support": 21}, "siren": {"precision": 0.875, "recall": 0.875, "f1-score": 0.875, "support": 16}, "accuracy": 0.8095238095238095, "macro avg": {"precision": 0.8558580139372822, "recall": 0.8027780409245926, "f1-score": 0.8118569725187372, "support": 105}, "weighted avg": {"precision": 0.848070350091256, "recall": 0.8095238095238095, "f1-score": 0.8126800990666537, "support": 105}, "classificador": "SGDClassifier"}