{"casual": {"precision": 0.6285714285714286, "recall": 0.7586206896551724, "f1-score": 0.6875, "support": 29}, "explosion": {"precision": 0.9705882352941176, "recall": 0.8461538461538461, "f1-score": 0.9041095890410958, "support": 39}, "gunshot": {"precision": 0.8823529411764706, "recall": 0.7142857142857143, "f1-score": 0.7894736842105262, "support": 21}, "siren": {"precision": 0.7894736842105263, "recall": 0.9375, "f1-score": 0.8571428571428572, "support": 16}, "accuracy": 0.8095238095238095, "macro avg": {"precision": 0.8177465723131359, "recall": 0.8141400625236832, "f1-score": 0.8095565325986198, "support": 105}, "weighted avg": {"precision": 0.8308809839725364, "recall": 0.8095238095238095, "f1-score": 0.8142000671934237, "support": 105}, "classificador": "LinearDiscriminantAnalysis"}