{"casual": {"precision": 0.6756756756756757, "recall": 0.8620689655172413, "f1-score": 0.7575757575757576, "support": 29}, "explosion": {"precision": 0.8888888888888888, "recall": 0.8205128205128205, "f1-score": 0.8533333333333333, "support": 39}, "gunshot": {"precision": 1.0, "recall": 0.6666666666666666, "f1-score": 0.8, "support": 21}, "siren": {"precision": 0.8333333333333334, "recall": 0.9375, "f1-score": 0.8823529411764706, "support": 16}, "accuracy": 0.819047619047619, "macro avg": {"precision": 0.8494744744744746, "recall": 0.8216871131741821, "f1-score": 0.8233155080213904, "support": 105}, "weighted avg": {"precision": 0.8437580437580436, "recall": 0.819047619047619, "f1-score": 0.8206413717001951, "support": 105}, "classificador": "LinearSVC"}