{"casual": {"precision": 0.625, "recall": 0.8620689655172413, "f1-score": 0.7246376811594203, "support": 29}, "explosion": {"precision": 0.9210526315789473, "recall": 0.8974358974358975, "f1-score": 0.9090909090909091, "support": 39}, "gunshot": {"precision": 0.8181818181818182, "recall": 0.42857142857142855, "f1-score": 0.5625, "support": 21}, "siren": {"precision": 0.9375, "recall": 0.9375, "f1-score": 0.9375, "support": 16}, "accuracy": 0.8, "macro avg": {"precision": 0.8254336124401914, "recall": 0.7813940728811418, "f1-score": 0.7834321475625823, "support": 105}, "weighted avg": {"precision": 0.8212178172704488, "recall": 0.8, "f1-score": 0.7931575067444633, "support": 105}, "classificador": "BaggingClassifier"}