{"casual": {"precision": 0.6333333333333333, "recall": 0.6551724137931034, "f1-score": 0.6440677966101694, "support": 29}, "explosion": {"precision": 0.7555555555555555, "recall": 0.8717948717948718, "f1-score": 0.8095238095238095, "support": 39}, "gunshot": {"precision": 1.0, "recall": 0.5714285714285714, "f1-score": 0.7272727272727273, "support": 21}, "siren": {"precision": 0.7777777777777778, "recall": 0.875, "f1-score": 0.823529411764706, "support": 16}, "accuracy": 0.7523809523809524, "macro avg": {"precision": 0.7916666666666666, "recall": 0.7433489642541367, "f1-score": 0.7510984362928531, "support": 105}, "weighted avg": {"precision": 0.774074074074074, "recall": 0.7523809523809524, "f1-score": 0.7495104050865338, "support": 105}, "classificador": "Perceptron"}