{"casual": {"precision": 0.6666666666666666, "recall": 0.8275862068965517, "f1-score": 0.7384615384615385, "support": 29}, "explosion": {"precision": 0.8888888888888888, "recall": 0.8205128205128205, "f1-score": 0.8533333333333333, "support": 39}, "gunshot": {"precision": 1.0, "recall": 0.6666666666666666, "f1-score": 0.8, "support": 21}, "siren": {"precision": 0.7894736842105263, "recall": 0.9375, "f1-score": 0.8571428571428572, "support": 16}, "accuracy": 0.8095238095238095, "macro avg": {"precision": 0.8362573099415205, "recall": 0.8130664235190097, "f1-score": 0.8122344322344323, "support": 105}, "weighted avg": {"precision": 0.8345864661654135, "recall": 0.8095238095238095, "f1-score": 0.8115206698063842, "support": 105}, "classificador": "LinearSVC"}