{"casual": {"precision": 0.6785714285714286, "recall": 0.6551724137931034, "f1-score": 0.6666666666666666, "support": 29}, "explosion": {"precision": 0.8536585365853658, "recall": 0.8974358974358975, "f1-score": 0.875, "support": 39}, "gunshot": {"precision": 0.9375, "recall": 0.7142857142857143, "f1-score": 0.8108108108108109, "support": 21}, "siren": {"precision": 0.8, "recall": 1.0, "f1-score": 0.888888888888889, "support": 16}, "accuracy": 0.8095238095238095, "macro avg": {"precision": 0.8174324912891986, "recall": 0.8167235063786789, "f1-score": 0.8103415915915916, "support": 105}, "weighted avg": {"precision": 0.8138928986228638, "recall": 0.8095238095238095, "f1-score": 0.8067388817388818, "support": 105}, "classificador": "SVC"}