{"casual": {"precision": 0.5833333333333334, "recall": 0.7241379310344828, "f1-score": 0.6461538461538462, "support": 29}, "explosion": {"precision": 0.8888888888888888, "recall": 0.8205128205128205, "f1-score": 0.8533333333333333, "support": 39}, "gunshot": {"precision": 0.9333333333333333, "recall": 0.6666666666666666, "f1-score": 0.7777777777777778, "support": 21}, "siren": {"precision": 0.7222222222222222, "recall": 0.8125, "f1-score": 0.7647058823529411, "support": 16}, "accuracy": 0.7619047619047619, "macro avg": {"precision": 0.7819444444444446, "recall": 0.7559543545534925, "f1-score": 0.7604927099044746, "support": 105}, "weighted avg": {"precision": 0.787989417989418, "recall": 0.7619047619047619, "f1-score": 0.7674960856137326, "support": 105}, "classificador": "LinearDiscriminantAnalysis"}