{"casual": {"precision": 0.6666666666666666, "recall": 0.896551724137931, "f1-score": 0.7647058823529411, "support": 29}, "explosion": {"precision": 0.9166666666666666, "recall": 0.8461538461538461, "f1-score": 0.8799999999999999, "support": 39}, "gunshot": {"precision": 1.0, "recall": 0.6666666666666666, "f1-score": 0.8, "support": 21}, "siren": {"precision": 0.875, "recall": 0.875, "f1-score": 0.875, "support": 16}, "accuracy": 0.8285714285714286, "macro avg": {"precision": 0.8645833333333333, "recall": 0.821093059239611, "f1-score": 0.8299264705882352, "support": 105}, "weighted avg": {"precision": 0.8579365079365079, "recall": 0.8285714285714286, "f1-score": 0.8313949579831932, "support": 105}, "classificador": "Perceptron"}