{"casual": {"precision": 0.6666666666666666, "recall": 0.8275862068965517, "f1-score": 0.7384615384615385, "support": 29}, "explosion": {"precision": 1.0, "recall": 0.7692307692307693, "f1-score": 0.8695652173913044, "support": 39}, "gunshot": {"precision": 0.625, "recall": 0.7142857142857143, "f1-score": 0.6666666666666666, "support": 21}, "siren": {"precision": 0.9333333333333333, "recall": 0.875, "f1-score": 0.9032258064516129, "support": 16}, "accuracy": 0.7904761904761904, "macro avg": {"precision": 0.8062499999999999, "recall": 0.7965256726032588, "f1-score": 0.7944798072427807, "support": 105}, "weighted avg": {"precision": 0.8227777777777777, "recall": 0.7904761904761904, "f1-score": 0.7979051523511553, "support": 105}, "classificador": "KNeighborsClassifier"}