{"casual": {"precision": 0.6111111111111112, "recall": 0.7586206896551724, "f1-score": 0.676923076923077, "support": 29}, "explosion": {"precision": 0.8048780487804879, "recall": 0.8461538461538461, "f1-score": 0.8250000000000001, "support": 39}, "gunshot": {"precision": 1.0, "recall": 0.47619047619047616, "f1-score": 0.6451612903225806, "support": 21}, "siren": {"precision": 0.7777777777777778, "recall": 0.875, "f1-score": 0.823529411764706, "support": 16}, "accuracy": 0.7523809523809524, "macro avg": {"precision": 0.7984417344173442, "recall": 0.7389912529998737, "f1-score": 0.7426534447525909, "support": 105}, "weighted avg": {"precision": 0.7862562911343399, "recall": 0.7523809523809524, "f1-score": 0.747910732531226, "support": 105}, "classificador": "SGDClassifier"}