{"casual": {"precision": 0.5813953488372093, "recall": 0.8620689655172413, "f1-score": 0.6944444444444445, "support": 29}, "explosion": {"precision": 0.9259259259259259, "recall": 0.6410256410256411, "f1-score": 0.7575757575757577, "support": 39}, "gunshot": {"precision": 0.75, "recall": 0.7142857142857143, "f1-score": 0.7317073170731706, "support": 21}, "siren": {"precision": 0.9333333333333333, "recall": 0.875, "f1-score": 0.9032258064516129, "support": 16}, "accuracy": 0.7523809523809524, "macro avg": {"precision": 0.7976636520241172, "recall": 0.7730950802071492, "f1-score": 0.7717383313862465, "support": 105}, "weighted avg": {"precision": 0.7967134243878431, "recall": 0.7523809523809524, "f1-score": 0.7571600952010079, "support": 105}, "classificador": "KNeighborsClassifier"}