{"casual": {"precision": 0.5609756097560976, "recall": 0.7931034482758621, "f1-score": 0.6571428571428573, "support": 29}, "explosion": {"precision": 0.8857142857142857, "recall": 0.7948717948717948, "f1-score": 0.8378378378378378, "support": 39}, "gunshot": {"precision": 0.9230769230769231, "recall": 0.5714285714285714, "f1-score": 0.7058823529411765, "support": 21}, "siren": {"precision": 0.9375, "recall": 0.9375, "f1-score": 0.9375, "support": 16}, "accuracy": 0.7714285714285715, "macro avg": {"precision": 0.8268167046368267, "recall": 0.774225953644057, "f1-score": 0.784590761980468, "support": 105}, "weighted avg": {"precision": 0.8113882400990415, "recall": 0.7714285714285715, "f1-score": 0.7767271232817452, "support": 105}, "classificador": "LinearDiscriminantAnalysis"}