{"casual": {"precision": 0.7428571428571429, "recall": 0.896551724137931, "f1-score": 0.8125, "support": 29}, "explosion": {"precision": 0.9512195121951219, "recall": 1.0, "f1-score": 0.975, "support": 39}, "gunshot": {"precision": 1.0, "recall": 0.6190476190476191, "f1-score": 0.7647058823529412, "support": 21}, "siren": {"precision": 0.875, "recall": 0.875, "f1-score": 0.875, "support": 16}, "accuracy": 0.8761904761904762, "macro avg": {"precision": 0.8922691637630662, "recall": 0.8476498357963875, "f1-score": 0.8568014705882353, "support": 105}, "weighted avg": {"precision": 0.891813505890161, "recall": 0.8761904761904762, "f1-score": 0.8728221288515405, "support": 105}, "classificador": "BaggingClassifier"}