{"casual": {"precision": 0.675, "recall": 0.9310344827586207, "f1-score": 0.7826086956521738, "support": 29}, "explosion": {"precision": 0.9705882352941176, "recall": 0.8461538461538461, "f1-score": 0.9041095890410958, "support": 39}, "gunshot": {"precision": 0.9375, "recall": 0.7142857142857143, "f1-score": 0.8108108108108109, "support": 21}, "siren": {"precision": 0.9333333333333333, "recall": 0.875, "f1-score": 0.9032258064516129, "support": 16}, "accuracy": 0.8476190476190476, "macro avg": {"precision": 0.8791053921568628, "recall": 0.8416185107995453, "f1-score": 0.8501887254889234, "support": 105}, "weighted avg": {"precision": 0.8766549953314661, "recall": 0.8476190476190476, "f1-score": 0.8517577721597012, "support": 105}, "classificador": "LinearSVC"}