{"classificador": "BaggingClassifier", "accuracy": 0.7619047619047619, "explosion": {"recall": 0.7692307692307693, "f1-score": 0.8450704225352113, "precision": 0.9375, "support": 39}, "siren": {"recall": 1.0, "f1-score": 0.8648648648648648, "precision": 0.7619047619047619, "support": 16}, "weighted avg": {"recall": 0.7619047619047619, "f1-score": 0.7672482401202547, "precision": 0.8162188208616781, "support": 105}, "gunshot": {"recall": 0.5714285714285714, "f1-score": 0.7272727272727273, "precision": 1.0, "support": 21}, "macro avg": {"recall": 0.7748200075786282, "f1-score": 0.7687222935232734, "precision": 0.8123511904761904, "support": 105}, "casual": {"recall": 0.7586206896551724, "f1-score": 0.6376811594202898, "precision": 0.55, "support": 29}}