{"classificador": "LinearSVC", "accuracy": 0.780952380952381, "explosion": {"recall": 0.9230769230769231, "f1-score": 0.8571428571428571, "precision": 0.8, "support": 39}, "siren": {"recall": 0.8125, "f1-score": 0.8125, "precision": 0.8125, "support": 16}, "weighted avg": {"recall": 0.780952380952381, "f1-score": 0.7792450313458716, "precision": 0.7991397849462365, "support": 105}, "gunshot": {"recall": 0.6190476190476191, "f1-score": 0.7647058823529412, "precision": 1.0, "support": 21}, "macro avg": {"recall": 0.7610699286345839, "f1-score": 0.7752538515406162, "precision": 0.8144153225806452, "support": 105}, "casual": {"recall": 0.6896551724137931, "f1-score": 0.6666666666666667, "precision": 0.6451612903225806, "support": 29}}