{"classificador": "BaggingClassifier", "accuracy": 0.819047619047619, "explosion": {"recall": 0.8717948717948718, "f1-score": 0.8831168831168831, "precision": 0.8947368421052632, "support": 39}, "siren": {"recall": 0.875, "f1-score": 0.9032258064516129, "precision": 0.9333333333333333, "support": 16}, "weighted avg": {"recall": 0.819047619047619, "f1-score": 0.8216716598662925, "precision": 0.8515982263350684, "support": 105}, "gunshot": {"recall": 0.6190476190476191, "f1-score": 0.7647058823529412, "precision": 1.0, "support": 21}, "macro avg": {"recall": 0.806977864089933, "f1-score": 0.821585672392124, "precision": 0.8672739541160595, "support": 105}, "casual": {"recall": 0.8620689655172413, "f1-score": 0.7352941176470588, "precision": 0.6410256410256411, "support": 29}}