{"classificador": "LinearSVC", "accuracy": 0.780952380952381, "explosion": {"recall": 0.8974358974358975, "f1-score": 0.8536585365853658, "precision": 0.813953488372093, "support": 39}, "siren": {"recall": 0.875, "f1-score": 0.823529411764706, "precision": 0.7777777777777778, "support": 16}, "weighted avg": {"recall": 0.780952380952381, "f1-score": 0.780448758254852, "precision": 0.7957647348345024, "support": 105}, "gunshot": {"recall": 0.6666666666666666, "f1-score": 0.8, "precision": 1.0, "support": 21}, "macro avg": {"recall": 0.7735687444739169, "f1-score": 0.7803139362400603, "precision": 0.806266149870801, "support": 105}, "casual": {"recall": 0.6551724137931034, "f1-score": 0.6440677966101694, "precision": 0.6333333333333333, "support": 29}}