{"classificador": "LinearSVC", "accuracy": 0.8, "explosion": {"recall": 0.8461538461538461, "f1-score": 0.8461538461538461, "precision": 0.8461538461538461, "support": 39}, "siren": {"recall": 0.9375, "f1-score": 0.8333333333333334, "precision": 0.75, "support": 16}, "weighted avg": {"recall": 0.8, "f1-score": 0.8004892011449388, "precision": 0.8184523809523809, "support": 105}, "gunshot": {"recall": 0.6666666666666666, "f1-score": 0.8, "precision": 1.0, "support": 21}, "macro avg": {"recall": 0.8022353006189212, "f1-score": 0.800199663724254, "precision": 0.8209134615384616, "support": 105}, "casual": {"recall": 0.7586206896551724, "f1-score": 0.7213114754098361, "precision": 0.6875, "support": 29}}