{"classificador": "KNeighborsClassifier", "accuracy": 0.8380952380952381, "explosion": {"recall": 0.8717948717948718, "f1-score": 0.8717948717948718, "precision": 0.8717948717948718, "support": 39}, "siren": {"recall": 0.8125, "f1-score": 0.8666666666666666, "precision": 0.9285714285714286, "support": 16}, "weighted avg": {"recall": 0.8380952380952381, "f1-score": 0.8413002013002012, "precision": 0.8571050642479214, "support": 105}, "gunshot": {"recall": 0.7619047619047619, "f1-score": 0.8648648648648648, "precision": 1.0, "support": 21}, "macro avg": {"recall": 0.8270671498042188, "f1-score": 0.8431392931392931, "precision": 0.8737026862026862, "support": 105}, "casual": {"recall": 0.8620689655172413, "f1-score": 0.7692307692307692, "precision": 0.6944444444444444, "support": 29}}