{"classificador": "SGDClassifier", "accuracy": 0.7333333333333333, "explosion": {"recall": 0.7692307692307693, "f1-score": 0.7792207792207793, "precision": 0.7894736842105263, "support": 39}, "siren": {"recall": 0.875, "f1-score": 0.823529411764706, "precision": 0.7777777777777778, "support": 16}, "weighted avg": {"recall": 0.7333333333333333, "f1-score": 0.7361271781439849, "precision": 0.7685083579820422, "support": 105}, "gunshot": {"recall": 0.5714285714285714, "f1-score": 0.7272727272727273, "precision": 1.0, "support": 21}, "macro avg": {"recall": 0.7349493179234559, "f1-score": 0.7415966386554623, "precision": 0.7837047573889679, "support": 105}, "casual": {"recall": 0.7241379310344828, "f1-score": 0.6363636363636365, "precision": 0.5675675675675675, "support": 29}}