{"classificador": "KNeighborsClassifier", "accuracy": 0.7238095238095238, "explosion": {"recall": 0.6923076923076923, "f1-score": 0.8059701492537313, "precision": 0.9642857142857143, "support": 39}, "siren": {"recall": 0.625, "f1-score": 0.7407407407407406, "precision": 0.9090909090909091, "support": 16}, "weighted avg": {"recall": 0.7238095238095238, "f1-score": 0.7320576584035686, "precision": 0.7783638777018568, "support": 105}, "gunshot": {"recall": 0.7142857142857143, "f1-score": 0.6521739130434783, "precision": 0.6, "support": 21}, "macro avg": {"recall": 0.7147949033724896, "f1-score": 0.7211497721880589, "precision": 0.76468561925879, "support": 105}, "casual": {"recall": 0.8275862068965517, "f1-score": 0.6857142857142856, "precision": 0.5853658536585366, "support": 29}}