{"classificador": "LinearSVC", "accuracy": 0.7333333333333333, "explosion": {"recall": 0.8461538461538461, "f1-score": 0.8148148148148148, "precision": 0.7857142857142857, "support": 39}, "siren": {"recall": 0.8125, "f1-score": 0.787878787878788, "precision": 0.7647058823529411, "support": 16}, "weighted avg": {"recall": 0.7333333333333333, "f1-score": 0.7318991633745733, "precision": 0.7437800120048019, "support": 105}, "gunshot": {"recall": 0.5714285714285714, "f1-score": 0.6857142857142857, "precision": 0.8571428571428571, "support": 21}, "macro avg": {"recall": 0.7213137078438803, "f1-score": 0.7278396770200048, "precision": 0.750328256302521, "support": 105}, "casual": {"recall": 0.6551724137931034, "f1-score": 0.6229508196721311, "precision": 0.59375, "support": 29}}