{"classificador": "SGDClassifier", "accuracy": 0.7523809523809524, "explosion": {"recall": 0.7948717948717948, "f1-score": 0.8157894736842105, "precision": 0.8378378378378378, "support": 39}, "siren": {"recall": 0.875, "f1-score": 0.823529411764706, "precision": 0.7777777777777778, "support": 16}, "weighted avg": {"recall": 0.7523809523809524, "f1-score": 0.7528324487689813, "precision": 0.7925969925969926, "support": 105}, "gunshot": {"recall": 0.5238095238095238, "f1-score": 0.6875000000000001, "precision": 1.0, "support": 21}, "macro avg": {"recall": 0.7466961917392951, "f1-score": 0.7508223684210527, "precision": 0.8013398013398013, "support": 105}, "casual": {"recall": 0.7931034482758621, "f1-score": 0.676470588235294, "precision": 0.5897435897435898, "support": 29}}