{"classificador": "LinearSVC", "accuracy": 0.7619047619047619, "explosion": {"recall": 0.717948717948718, "f1-score": 0.7777777777777778, "precision": 0.8484848484848485, "support": 39}, "siren": {"recall": 0.875, "f1-score": 0.7999999999999999, "precision": 0.7368421052631579, "support": 16}, "weighted avg": {"recall": 0.7619047619047619, "f1-score": 0.7654522054522055, "precision": 0.7866181885918728, "support": 105}, "gunshot": {"recall": 0.7142857142857143, "f1-score": 0.8108108108108109, "precision": 0.9375, "support": 21}, "macro avg": {"recall": 0.7750844701275736, "f1-score": 0.7713895713895714, "precision": 0.786112143842407, "support": 105}, "casual": {"recall": 0.7931034482758621, "f1-score": 0.696969696969697, "precision": 0.6216216216216216, "support": 29}}