{"classificador": "LinearSVC", "accuracy": 0.7904761904761904, "explosion": {"recall": 0.7948717948717948, "f1-score": 0.7948717948717948, "precision": 0.7948717948717948, "support": 39}, "siren": {"recall": 0.9375, "f1-score": 0.9375, "precision": 0.9375, "support": 16}, "weighted avg": {"recall": 0.7904761904761904, "f1-score": 0.7935531135531134, "precision": 0.8145502645502645, "support": 105}, "gunshot": {"recall": 0.6666666666666666, "f1-score": 0.8, "precision": 1.0, "support": 21}, "macro avg": {"recall": 0.7980354774535808, "f1-score": 0.8100160256410256, "precision": 0.8428151709401709, "support": 105}, "casual": {"recall": 0.7931034482758621, "f1-score": 0.7076923076923076, "precision": 0.6388888888888888, "support": 29}}