{"classificador": "SGDClassifier", "accuracy": 0.6761904761904762, "explosion": {"recall": 0.7435897435897436, "f1-score": 0.7631578947368421, "precision": 0.7837837837837838, "support": 39}, "siren": {"recall": 0.875, "f1-score": 0.7999999999999999, "precision": 0.7368421052631579, "support": 16}, "weighted avg": {"recall": 0.6761904761904762, "f1-score": 0.6806141539807773, "precision": 0.7308729203466044, "support": 105}, "gunshot": {"recall": 0.47619047619047616, "f1-score": 0.6451612903225806, "precision": 1.0, "support": 21}, "macro avg": {"recall": 0.6788674687381584, "f1-score": 0.6844327374413263, "precision": 0.7455410876463509, "support": 105}, "casual": {"recall": 0.6206896551724138, "f1-score": 0.5294117647058824, "precision": 0.46153846153846156, "support": 29}}