{"casual": {"precision": 0.40425531914893614, "recall": 0.6551724137931034, "f1-score": 0.4999999999999999, "support": 29}, "explosion": {"precision": 0.6046511627906976, "recall": 0.6666666666666666, "f1-score": 0.6341463414634145, "support": 39}, "gunshot": {"precision": 0.0, "recall": 0.0, "f1-score": 0.0, "support": 21}, "siren": {"precision": 0.8666666666666667, "recall": 0.8125, "f1-score": 0.8387096774193549, "support": 16}, "accuracy": 0.5523809523809524, "macro avg": {"precision": 0.46889328715157513, "recall": 0.5335847701149425, "f1-score": 0.4932140047206923, "support": 105}, "weighted avg": {"precision": 0.4682996787697431, "recall": 0.5523809523809524, "f1-score": 0.5014386871979318, "support": 105}, "classificador": "SGDClassifier"}