{"casual": {"precision": 0.4857142857142857, "recall": 0.5862068965517241, "f1-score": 0.53125, "support": 29}, "explosion": {"precision": 0.75, "recall": 0.6923076923076923, "f1-score": 0.7199999999999999, "support": 39}, "gunshot": {"precision": 0.7777777777777778, "recall": 0.3333333333333333, "f1-score": 0.4666666666666666, "support": 21}, "siren": {"precision": 0.6, "recall": 0.9375, "f1-score": 0.7317073170731707, "support": 16}, "accuracy": 0.6285714285714286, "macro avg": {"precision": 0.6533730158730159, "recall": 0.6373369805481874, "f1-score": 0.6124059959349593, "support": 105}, "weighted avg": {"precision": 0.6597052154195011, "recall": 0.6285714285714286, "f1-score": 0.6189863530778165, "support": 105}, "classificador": "Perceptron"}