{"casual": {"precision": 0.42, "recall": 0.7241379310344828, "f1-score": 0.5316455696202531, "support": 29}, "explosion": {"precision": 0.8, "recall": 0.717948717948718, "f1-score": 0.7567567567567569, "support": 39}, "gunshot": {"precision": 1.0, "recall": 0.14285714285714285, "f1-score": 0.25, "support": 21}, "siren": {"precision": 0.7647058823529411, "recall": 0.8125, "f1-score": 0.787878787878788, "support": 16}, "accuracy": 0.6190476190476191, "macro avg": {"precision": 0.7461764705882352, "recall": 0.5993609479600859, "f1-score": 0.5815702785639495, "support": 105}, "weighted avg": {"precision": 0.7296694677871148, "recall": 0.6190476190476191, "f1-score": 0.5979742441767759, "support": 105}, "classificador": "SVC"}