{"casual": {"precision": 0.65625, "recall": 0.7241379310344828, "f1-score": 0.6885245901639345, "support": 29}, "explosion": {"precision": 0.8888888888888888, "recall": 0.8205128205128205, "f1-score": 0.8533333333333333, "support": 39}, "gunshot": {"precision": 0.9411764705882353, "recall": 0.7619047619047619, "f1-score": 0.8421052631578947, "support": 21}, "siren": {"precision": 0.75, "recall": 0.9375, "f1-score": 0.8333333333333334, "support": 16}, "accuracy": 0.8, "macro avg": {"precision": 0.809078839869281, "recall": 0.8110138783630163, "f1-score": 0.804324129997124, "support": 105}, "weighted avg": {"precision": 0.8139297385620916, "recall": 0.8, "f1-score": 0.8025214949943165, "support": 105}, "classificador": "Perceptron"}