{"casual": {"precision": 0.7058823529411765, "recall": 0.8275862068965517, "f1-score": 0.7619047619047619, "support": 29}, "explosion": {"precision": 0.9444444444444444, "recall": 0.8717948717948718, "f1-score": 0.9066666666666667, "support": 39}, "gunshot": {"precision": 0.8888888888888888, "recall": 0.7619047619047619, "f1-score": 0.8205128205128205, "support": 21}, "siren": {"precision": 0.8823529411764706, "recall": 0.9375, "f1-score": 0.9090909090909091, "support": 16}, "accuracy": 0.8476190476190476, "macro avg": {"precision": 0.8553921568627451, "recall": 0.8496964601490463, "f1-score": 0.8495437895437896, "support": 105}, "weighted avg": {"precision": 0.857983193277311, "recall": 0.8476190476190476, "f1-score": 0.849823446394875, "support": 105}, "classificador": "KNeighborsClassifier"}