{"casual": {"precision": 0.7241379310344828, "recall": 0.7241379310344828, "f1-score": 0.7241379310344829, "support": 29}, "explosion": {"precision": 0.9, "recall": 0.9230769230769231, "f1-score": 0.9113924050632911, "support": 39}, "gunshot": {"precision": 0.8888888888888888, "recall": 0.7619047619047619, "f1-score": 0.8205128205128205, "support": 21}, "siren": {"precision": 0.8333333333333334, "recall": 0.9375, "f1-score": 0.8823529411764706, "support": 16}, "accuracy": 0.8380952380952381, "macro avg": {"precision": 0.8365900383141763, "recall": 0.836654904004042, "f1-score": 0.8345990244467663, "support": 105}, "weighted avg": {"precision": 0.839047619047619, "recall": 0.8380952380952381, "f1-score": 0.8370735246386773, "support": 105}, "classificador": "KNeighborsClassifier"}