{"casual": {"precision": 0.6774193548387096, "recall": 0.7241379310344828, "f1-score": 0.7, "support": 29}, "explosion": {"precision": 0.8648648648648649, "recall": 0.8205128205128205, "f1-score": 0.8421052631578947, "support": 39}, "gunshot": {"precision": 0.8888888888888888, "recall": 0.7619047619047619, "f1-score": 0.8205128205128205, "support": 21}, "siren": {"precision": 0.8421052631578947, "recall": 1.0, "f1-score": 0.9142857142857143, "support": 16}, "accuracy": 0.8095238095238095, "macro avg": {"precision": 0.8183195929375895, "recall": 0.8266388783630163, "f1-score": 0.8192259494891073, "support": 105}, "weighted avg": {"precision": 0.8144308752118601, "recall": 0.8095238095238095, "f1-score": 0.8095375802142719, "support": 105}, "classificador": "SGDClassifier"}