{"casual": {"precision": 0.5476190476190477, "recall": 0.7931034482758621, "f1-score": 0.647887323943662, "support": 29}, "explosion": {"precision": 0.9565217391304348, "recall": 0.5641025641025641, "f1-score": 0.7096774193548387, "support": 39}, "gunshot": {"precision": 0.3939393939393939, "recall": 0.6190476190476191, "f1-score": 0.48148148148148145, "support": 21}, "siren": {"precision": 1.0, "recall": 0.4375, "f1-score": 0.6086956521739131, "support": 16}, "accuracy": 0.6190476190476191, "macro avg": {"precision": 0.7245200451722191, "recall": 0.6034384078565114, "f1-score": 0.6119354692384738, "support": 105}, "weighted avg": {"precision": 0.7376954998073012, "recall": 0.6190476190476191, "f1-score": 0.6315846980485584, "support": 105}, "classificador": "KNeighborsClassifier"}