{"casual": {"precision": 0.3620689655172414, "recall": 0.7241379310344828, "f1-score": 0.4827586206896552, "support": 29}, "explosion": {"precision": 0.8285714285714286, "recall": 0.7435897435897436, "f1-score": 0.7837837837837838, "support": 39}, "gunshot": {"precision": 0.0, "recall": 0.0, "f1-score": 0.0, "support": 21}, "siren": {"precision": 0.8333333333333334, "recall": 0.625, "f1-score": 0.7142857142857143, "support": 16}, "accuracy": 0.5714285714285714, "macro avg": {"precision": 0.5059934318555008, "recall": 0.5231819186560566, "f1-score": 0.49520702968978836, "support": 105}, "weighted avg": {"precision": 0.5347392290249433, "recall": 0.5714285714285714, "f1-score": 0.5332965618679905, "support": 105}, "classificador": "BaggingClassifier"}