{"casual": {"precision": 0.6, "recall": 0.5172413793103449, "f1-score": 0.5555555555555556, "support": 29}, "explosion": {"precision": 0.75, "recall": 0.8461538461538461, "f1-score": 0.7951807228915662, "support": 39}, "gunshot": {"precision": 0.9166666666666666, "recall": 0.5238095238095238, "f1-score": 0.6666666666666667, "support": 21}, "siren": {"precision": 0.625, "recall": 0.9375, "f1-score": 0.75, "support": 16}, "accuracy": 0.7047619047619048, "macro avg": {"precision": 0.7229166666666667, "recall": 0.7061761873184287, "f1-score": 0.6918507362784472, "support": 105}, "weighted avg": {"precision": 0.7228571428571429, "recall": 0.7047619047619048, "f1-score": 0.6964110409893541, "support": 105}, "classificador": "Perceptron"}