{"casual": {"precision": 0.3484848484848485, "recall": 0.7931034482758621, "f1-score": 0.4842105263157895, "support": 29}, "explosion": {"precision": 0.8695652173913043, "recall": 0.5128205128205128, "f1-score": 0.6451612903225806, "support": 39}, "gunshot": {"precision": 0.5, "recall": 0.047619047619047616, "f1-score": 0.08695652173913042, "support": 21}, "siren": {"precision": 0.6428571428571429, "recall": 0.5625, "f1-score": 0.6000000000000001, "support": 16}, "accuracy": 0.5047619047619047, "macro avg": {"precision": 0.5902268021833239, "recall": 0.47901075217885564, "f1-score": 0.45408208459437516, "support": 105}, "weighted avg": {"precision": 0.617188746381293, "recall": 0.5047619047619047, "f1-score": 0.4821855480215265, "support": 105}, "classificador": "SVC"}