{"casual": {"precision": 0.5294117647058824, "recall": 0.6206896551724138, "f1-score": 0.5714285714285715, "support": 29}, "explosion": {"precision": 0.775, "recall": 0.7948717948717948, "f1-score": 0.7848101265822786, "support": 39}, "gunshot": {"precision": 0.7857142857142857, "recall": 0.5238095238095238, "f1-score": 0.6285714285714286, "support": 21}, "siren": {"precision": 0.8235294117647058, "recall": 0.875, "f1-score": 0.8484848484848485, "support": 16}, "accuracy": 0.7047619047619048, "macro avg": {"precision": 0.7284138655462185, "recall": 0.7035927434634331, "f1-score": 0.7083237437667818, "support": 105}, "weighted avg": {"precision": 0.7167086834733893, "recall": 0.7047619047619048, "f1-score": 0.7043312484180477, "support": 105}, "classificador": "LinearSVC"}