{"casual": {"precision": 0.35714285714285715, "recall": 0.6896551724137931, "f1-score": 0.47058823529411764, "support": 29}, "explosion": {"precision": 0.8064516129032258, "recall": 0.6410256410256411, "f1-score": 0.7142857142857142, "support": 39}, "gunshot": {"precision": 1.0, "recall": 0.047619047619047616, "f1-score": 0.0909090909090909, "support": 21}, "siren": {"precision": 0.7058823529411765, "recall": 0.75, "f1-score": 0.7272727272727272, "support": 16}, "accuracy": 0.5523809523809524, "macro avg": {"precision": 0.7173692057468148, "recall": 0.5320749652646204, "f1-score": 0.5007639419404124, "support": 105}, "weighted avg": {"precision": 0.7057416514993093, "recall": 0.5523809523809524, "f1-score": 0.5242824402488268, "support": 105}, "classificador": "SVC"}