{"casual": {"precision": 0.6333333333333333, "recall": 0.6551724137931034, "f1-score": 0.6440677966101694, "support": 29}, "explosion": {"precision": 0.7586206896551724, "recall": 0.5641025641025641, "f1-score": 0.6470588235294118, "support": 39}, "gunshot": {"precision": 0.43333333333333335, "recall": 0.6190476190476191, "f1-score": 0.5098039215686274, "support": 21}, "siren": {"precision": 0.8125, "recall": 0.8125, "f1-score": 0.8125, "support": 16}, "accuracy": 0.638095238095238, "macro avg": {"precision": 0.6594468390804598, "recall": 0.6627056492358216, "f1-score": 0.6533576354270522, "support": 105}, "weighted avg": {"precision": 0.6671702244116037, "recall": 0.638095238095238, "f1-score": 0.6439918340217443, "support": 105}, "classificador": "LinearDiscriminantAnalysis"}