{"casual": {"precision": 0.4772727272727273, "recall": 0.7241379310344828, "f1-score": 0.5753424657534246, "support": 29}, "explosion": {"precision": 0.6296296296296297, "recall": 0.4358974358974359, "f1-score": 0.5151515151515151, "support": 39}, "gunshot": {"precision": 0.4666666666666667, "recall": 0.3333333333333333, "f1-score": 0.3888888888888889, "support": 21}, "siren": {"precision": 0.6842105263157895, "recall": 0.8125, "f1-score": 0.742857142857143, "support": 16}, "accuracy": 0.5523809523809524, "macro avg": {"precision": 0.5644448874712032, "recall": 0.5764671750663131, "f1-score": 0.5555600031627429, "support": 105}, "weighted avg": {"precision": 0.5632746006430217, "recall": 0.5523809523809524, "f1-score": 0.5412211576203748, "support": 105}, "classificador": "Perceptron"}