{"casual": {"precision": 0.7419354838709677, "recall": 0.7931034482758621, "f1-score": 0.7666666666666667, "support": 29}, "explosion": {"precision": 0.9166666666666666, "recall": 0.8461538461538461, "f1-score": 0.8799999999999999, "support": 39}, "gunshot": {"precision": 0.6666666666666666, "recall": 0.6666666666666666, "f1-score": 0.6666666666666666, "support": 21}, "siren": {"precision": 0.8823529411764706, "recall": 0.9375, "f1-score": 0.9090909090909091, "support": 16}, "accuracy": 0.8095238095238095, "macro avg": {"precision": 0.8019054395951929, "recall": 0.8108559902740937, "f1-score": 0.8056060606060605, "support": 105}, "weighted avg": {"precision": 0.8131788199150627, "recall": 0.8095238095238095, "f1-score": 0.8104646464646464, "support": 105}, "classificador": "SVC"}