{"casual": {"precision": 0.6875, "recall": 0.7586206896551724, "f1-score": 0.7213114754098361, "support": 29}, "explosion": {"precision": 0.8648648648648649, "recall": 0.8205128205128205, "f1-score": 0.8421052631578947, "support": 39}, "gunshot": {"precision": 0.7222222222222222, "recall": 0.6190476190476191, "f1-score": 0.6666666666666666, "support": 21}, "siren": {"precision": 0.8888888888888888, "recall": 1.0, "f1-score": 0.9411764705882353, "support": 16}, "accuracy": 0.7904761904761904, "macro avg": {"precision": 0.790868993993994, "recall": 0.799545282303903, "f1-score": 0.7928149689556581, "support": 105}, "weighted avg": {"precision": 0.7910106535106536, "recall": 0.7904761904761904, "f1-score": 0.7887520150424276, "support": 105}, "classificador": "SVC"}