{"casual": {"precision": 0.6, "recall": 0.7241379310344828, "f1-score": 0.65625, "support": 29}, "explosion": {"precision": 0.8888888888888888, "recall": 0.8205128205128205, "f1-score": 0.8533333333333333, "support": 39}, "gunshot": {"precision": 0.9285714285714286, "recall": 0.6190476190476191, "f1-score": 0.742857142857143, "support": 21}, "siren": {"precision": 0.75, "recall": 0.9375, "f1-score": 0.8333333333333334, "support": 16}, "accuracy": 0.7714285714285715, "macro avg": {"precision": 0.7918650793650794, "recall": 0.7752995926487306, "f1-score": 0.7714434523809525, "support": 105}, "weighted avg": {"precision": 0.7958730158730158, "recall": 0.7714285714285715, "f1-score": 0.7737579365079366, "support": 105}, "classificador": "SVC"}