{"casual": {"precision": 0.6666666666666666, "recall": 0.7586206896551724, "f1-score": 0.7096774193548386, "support": 29}, "explosion": {"precision": 0.8372093023255814, "recall": 0.9230769230769231, "f1-score": 0.878048780487805, "support": 39}, "gunshot": {"precision": 0.8666666666666667, "recall": 0.6190476190476191, "f1-score": 0.7222222222222222, "support": 21}, "siren": {"precision": 0.9285714285714286, "recall": 0.8125, "f1-score": 0.8666666666666666, "support": 16}, "accuracy": 0.8, "macro avg": {"precision": 0.8247785160575858, "recall": 0.7783113079449286, "f1-score": 0.7941537721828832, "support": 105}, "weighted avg": {"precision": 0.809920371249275, "recall": 0.8, "f1-score": 0.7986464850823624, "support": 105}, "classificador": "BaggingClassifier"}