{"casual": {"precision": 0.6451612903225806, "recall": 0.6896551724137931, "f1-score": 0.6666666666666667, "support": 29}, "explosion": {"precision": 0.8571428571428571, "recall": 0.9230769230769231, "f1-score": 0.888888888888889, "support": 39}, "gunshot": {"precision": 0.9285714285714286, "recall": 0.6190476190476191, "f1-score": 0.742857142857143, "support": 21}, "siren": {"precision": 0.8333333333333334, "recall": 0.9375, "f1-score": 0.8823529411764706, "support": 16}, "accuracy": 0.8, "macro avg": {"precision": 0.81605222734255, "recall": 0.7923199286345839, "f1-score": 0.7951914098972923, "support": 105}, "weighted avg": {"precision": 0.8092531636310437, "recall": 0.8, "f1-score": 0.7973109243697479, "support": 105}, "classificador": "SVC"}