{"casual": {"precision": 0.5384615384615384, "recall": 0.7241379310344828, "f1-score": 0.6176470588235294, "support": 29}, "explosion": {"precision": 0.6511627906976745, "recall": 0.717948717948718, "f1-score": 0.6829268292682927, "support": 39}, "gunshot": {"precision": 1.0, "recall": 0.19047619047619047, "f1-score": 0.32, "support": 21}, "siren": {"precision": 0.7894736842105263, "recall": 0.9375, "f1-score": 0.8571428571428572, "support": 16}, "accuracy": 0.6476190476190476, "macro avg": {"precision": 0.7447745033424349, "recall": 0.6425157098648477, "f1-score": 0.6194291863086698, "support": 105}, "weighted avg": {"precision": 0.710879165713927, "recall": 0.6476190476190476, "f1-score": 0.6188590167774426, "support": 105}, "classificador": "SGDClassifier"}