{"casual": {"precision": 0.3793103448275862, "recall": 0.7586206896551724, "f1-score": 0.5057471264367817, "support": 29}, "explosion": {"precision": 0.8275862068965517, "recall": 0.6153846153846154, "f1-score": 0.7058823529411765, "support": 39}, "gunshot": {"precision": 1.0, "recall": 0.047619047619047616, "f1-score": 0.0909090909090909, "support": 21}, "siren": {"precision": 0.7058823529411765, "recall": 0.75, "f1-score": 0.7272727272727272, "support": 16}, "accuracy": 0.5619047619047619, "macro avg": {"precision": 0.7281947261663286, "recall": 0.5429060881647089, "f1-score": 0.507452824389944, "support": 105}, "weighted avg": {"precision": 0.7197140925335652, "recall": 0.5619047619047619, "f1-score": 0.5308717426364485, "support": 105}, "classificador": "BaggingClassifier"}