{"casual": {"precision": 0.40350877192982454, "recall": 0.7931034482758621, "f1-score": 0.5348837209302325, "support": 29}, "explosion": {"precision": 0.5161290322580645, "recall": 0.41025641025641024, "f1-score": 0.4571428571428572, "support": 39}, "gunshot": {"precision": 1.0, "recall": 0.047619047619047616, "f1-score": 0.0909090909090909, "support": 21}, "siren": {"precision": 0.8125, "recall": 0.8125, "f1-score": 0.8125, "support": 16}, "accuracy": 0.5047619047619047, "macro avg": {"precision": 0.6830344510469722, "recall": 0.51586972653783, "f1-score": 0.47385891724554513, "support": 105}, "weighted avg": {"precision": 0.6269598728002803, "recall": 0.5047619047619047, "f1-score": 0.4595170499489436, "support": 105}, "classificador": "SGDClassifier"}