{"casual": {"precision": 0.45652173913043476, "recall": 0.7241379310344828, "f1-score": 0.5599999999999999, "support": 29}, "explosion": {"precision": 0.36, "recall": 0.23076923076923078, "f1-score": 0.28125, "support": 39}, "gunshot": {"precision": 0.25, "recall": 0.23809523809523808, "f1-score": 0.24390243902439024, "support": 21}, "siren": {"precision": 0.7142857142857143, "recall": 0.625, "f1-score": 0.6666666666666666, "support": 16}, "accuracy": 0.42857142857142855, "macro avg": {"precision": 0.4452018633540372, "recall": 0.4545005999747379, "f1-score": 0.43795477642276415, "support": 105}, "weighted avg": {"precision": 0.41864477965099084, "recall": 0.42857142857142855, "f1-score": 0.40949874177313195, "support": 105}, "classificador": "LinearDiscriminantAnalysis"}