{"casual": {"precision": 0.5405405405405406, "recall": 0.6896551724137931, "f1-score": 0.6060606060606061, "support": 29}, "explosion": {"precision": 0.5625, "recall": 0.6923076923076923, "f1-score": 0.6206896551724138, "support": 39}, "gunshot": {"precision": 1.0, "recall": 0.14285714285714285, "f1-score": 0.25, "support": 21}, "siren": {"precision": 0.8823529411764706, "recall": 0.9375, "f1-score": 0.9090909090909091, "support": 16}, "accuracy": 0.6190476190476191, "macro avg": {"precision": 0.7463483704292527, "recall": 0.6155800018946571, "f1-score": 0.5964602925809822, "support": 105}, "weighted avg": {"precision": 0.6926745022333258, "recall": 0.6190476190476191, "f1-score": 0.5864581778374882, "support": 105}, "classificador": "SGDClassifier"}