{"casual": {"precision": 0.5, "recall": 0.6896551724137931, "f1-score": 0.5797101449275363, "support": 29}, "explosion": {"precision": 0.5428571428571428, "recall": 0.48717948717948717, "f1-score": 0.5135135135135135, "support": 39}, "gunshot": {"precision": 0.3333333333333333, "recall": 0.23809523809523808, "f1-score": 0.2777777777777778, "support": 21}, "siren": {"precision": 0.8666666666666667, "recall": 0.8125, "f1-score": 0.8387096774193549, "support": 16}, "accuracy": 0.5428571428571428, "macro avg": {"precision": 0.5607142857142857, "recall": 0.5568574744221296, "f1-score": 0.5524277784095456, "support": 105}, "weighted avg": {"precision": 0.5384580498866213, "recall": 0.5428571428571428, "f1-score": 0.5342029466854152, "support": 105}, "classificador": "LinearSVC"}