{"casual": {"precision": 0.5238095238095238, "recall": 0.7586206896551724, "f1-score": 0.6197183098591549, "support": 29}, "explosion": {"precision": 0.8529411764705882, "recall": 0.7435897435897436, "f1-score": 0.7945205479452054, "support": 39}, "gunshot": {"precision": 1.0, "recall": 0.47619047619047616, "f1-score": 0.6451612903225806, "support": 21}, "siren": {"precision": 0.7894736842105263, "recall": 0.9375, "f1-score": 0.8571428571428572, "support": 16}, "accuracy": 0.7238095238095238, "macro avg": {"precision": 0.7915560961226595, "recall": 0.728975227358848, "f1-score": 0.7291357513174496, "support": 105}, "weighted avg": {"precision": 0.7817786763828338, "recall": 0.7238095238095238, "f1-score": 0.7259124301603658, "support": 105}, "classificador": "SVC"}