{"casual": {"precision": 0.5714285714285714, "recall": 0.6896551724137931, "f1-score": 0.625, "support": 29}, "explosion": {"precision": 0.88, "recall": 0.5641025641025641, "f1-score": 0.6875, "support": 39}, "gunshot": {"precision": 0.42857142857142855, "recall": 0.7142857142857143, "f1-score": 0.5357142857142858, "support": 21}, "siren": {"precision": 1.0, "recall": 0.625, "f1-score": 0.7692307692307693, "support": 16}, "accuracy": 0.638095238095238, "macro avg": {"precision": 0.72, "recall": 0.6482608627005179, "f1-score": 0.6543612637362638, "support": 105}, "weighted avg": {"precision": 0.7227755102040817, "recall": 0.638095238095238, "f1-score": 0.6523351648351648, "support": 105}, "classificador": "KNeighborsClassifier"}