{"casual": {"precision": 0.5517241379310345, "recall": 0.5517241379310345, "f1-score": 0.5517241379310345, "support": 29}, "explosion": {"precision": 0.603448275862069, "recall": 0.8974358974358975, "f1-score": 0.7216494845360825, "support": 39}, "gunshot": {"precision": 0.0, "recall": 0.0, "f1-score": 0.0, "support": 21}, "siren": {"precision": 0.8333333333333334, "recall": 0.9375, "f1-score": 0.8823529411764706, "support": 16}, "accuracy": 0.6285714285714286, "macro avg": {"precision": 0.49712643678160917, "recall": 0.596665008841733, "f1-score": 0.5389316409108968, "support": 105}, "weighted avg": {"precision": 0.5035030103995621, "recall": 0.6285714285714286, "f1-score": 0.5548759710069595, "support": 105}, "classificador": "SGDClassifier"}