{"casual": {"precision": 0.42857142857142855, "recall": 0.7241379310344828, "f1-score": 0.5384615384615385, "support": 29}, "explosion": {"precision": 0.4864864864864865, "recall": 0.46153846153846156, "f1-score": 0.47368421052631576, "support": 39}, "gunshot": {"precision": 0.8, "recall": 0.19047619047619047, "f1-score": 0.3076923076923077, "support": 21}, "siren": {"precision": 0.8571428571428571, "recall": 0.75, "f1-score": 0.7999999999999999, "support": 16}, "accuracy": 0.5238095238095238, "macro avg": {"precision": 0.6430501930501931, "recall": 0.5315381457622836, "f1-score": 0.5299595141700405, "support": 105}, "weighted avg": {"precision": 0.5896745725317154, "recall": 0.5238095238095238, "f1-score": 0.5081010217852323, "support": 105}, "classificador": "SGDClassifier"}