{"casual": {"precision": 0.47619047619047616, "recall": 0.6896551724137931, "f1-score": 0.5633802816901408, "support": 29}, "explosion": {"precision": 0.6086956521739131, "recall": 0.358974358974359, "f1-score": 0.45161290322580644, "support": 39}, "gunshot": {"precision": 0.4482758620689655, "recall": 0.6190476190476191, "f1-score": 0.52, "support": 21}, "siren": {"precision": 0.9090909090909091, "recall": 0.625, "f1-score": 0.7407407407407406, "support": 16}, "accuracy": 0.5428571428571428, "macro avg": {"precision": 0.610563224881066, "recall": 0.5731692876089428, "f1-score": 0.568933481414172, "support": 105}, "weighted avg": {"precision": 0.585789541840088, "recall": 0.5428571428571428, "f1-score": 0.5402169833016417, "support": 105}, "classificador": "LinearSVC"}