{"casual": {"precision": 0.4375, "recall": 0.7241379310344828, "f1-score": 0.5454545454545455, "support": 29}, "explosion": {"precision": 0.84375, "recall": 0.6923076923076923, "f1-score": 0.7605633802816902, "support": 39}, "gunshot": {"precision": 0.625, "recall": 0.23809523809523808, "f1-score": 0.3448275862068965, "support": 21}, "siren": {"precision": 0.8235294117647058, "recall": 0.875, "f1-score": 0.8484848484848485, "support": 16}, "accuracy": 0.638095238095238, "macro avg": {"precision": 0.6824448529411764, "recall": 0.6323852153593533, "f1-score": 0.6248325901069952, "support": 105}, "weighted avg": {"precision": 0.6847163865546219, "recall": 0.638095238095238, "f1-score": 0.6314027670025727, "support": 105}, "classificador": "SVC"}