{"casual": {"precision": 0.5128205128205128, "recall": 0.6896551724137931, "f1-score": 0.5882352941176471, "support": 29}, "explosion": {"precision": 0.6363636363636364, "recall": 0.358974358974359, "f1-score": 0.459016393442623, "support": 39}, "gunshot": {"precision": 0.4642857142857143, "recall": 0.6190476190476191, "f1-score": 0.5306122448979592, "support": 21}, "siren": {"precision": 0.75, "recall": 0.75, "f1-score": 0.75, "support": 16}, "accuracy": 0.5619047619047619, "macro avg": {"precision": 0.5908674658674659, "recall": 0.6044192876089428, "f1-score": 0.5819659831145574, "support": 105}, "weighted avg": {"precision": 0.5851426351426351, "recall": 0.5619047619047619, "f1-score": 0.5533649525383925, "support": 105}, "classificador": "LinearSVC"}