{"casual": {"precision": 0.5, "recall": 0.5172413793103449, "f1-score": 0.5084745762711865, "support": 29}, "explosion": {"precision": 0.7045454545454546, "recall": 0.7948717948717948, "f1-score": 0.746987951807229, "support": 39}, "gunshot": {"precision": 0.7857142857142857, "recall": 0.5238095238095238, "f1-score": 0.6285714285714286, "support": 21}, "siren": {"precision": 0.8235294117647058, "recall": 0.875, "f1-score": 0.8484848484848485, "support": 16}, "accuracy": 0.6761904761904762, "macro avg": {"precision": 0.7034472880061116, "recall": 0.6777306744979159, "f1-score": 0.6831297012836731, "support": 105}, "weighted avg": {"precision": 0.6824166030048383, "recall": 0.6761904761904762, "f1-score": 0.6728957181724182, "support": 105}, "classificador": "LinearSVC"}