{"casual": {"precision": 0.4722222222222222, "recall": 0.5862068965517241, "f1-score": 0.523076923076923, "support": 29}, "explosion": {"precision": 0.5818181818181818, "recall": 0.8205128205128205, "f1-score": 0.6808510638297872, "support": 39}, "gunshot": {"precision": 0.0, "recall": 0.0, "f1-score": 0.0, "support": 21}, "siren": {"precision": 0.9285714285714286, "recall": 0.8125, "f1-score": 0.8666666666666666, "support": 16}, "accuracy": 0.5904761904761905, "macro avg": {"precision": 0.4956529581529581, "recall": 0.5548049292661361, "f1-score": 0.5176486633933443, "support": 105}, "weighted avg": {"precision": 0.4880237751666323, "recall": 0.5904761904761905, "f1-score": 0.5294198945262775, "support": 105}, "classificador": "SGDClassifier"}