{"casual": {"precision": 0.5142857142857142, "recall": 0.6206896551724138, "f1-score": 0.5625, "support": 29}, "explosion": {"precision": 0.5740740740740741, "recall": 0.7948717948717948, "f1-score": 0.6666666666666666, "support": 39}, "gunshot": {"precision": 0.0, "recall": 0.0, "f1-score": 0.0, "support": 21}, "siren": {"precision": 0.875, "recall": 0.875, "f1-score": 0.875, "support": 16}, "accuracy": 0.6, "macro avg": {"precision": 0.49083994708994705, "recall": 0.5726403625110521, "f1-score": 0.5260416666666666, "support": 105}, "weighted avg": {"precision": 0.48860166288737716, "recall": 0.6, "f1-score": 0.5363095238095238, "support": 105}, "classificador": "SGDClassifier"}