{"casual": {"precision": 0.5116279069767442, "recall": 0.7586206896551724, "f1-score": 0.6111111111111112, "support": 29}, "explosion": {"precision": 0.7894736842105263, "recall": 0.38461538461538464, "f1-score": 0.5172413793103449, "support": 39}, "gunshot": {"precision": 0.35294117647058826, "recall": 0.5714285714285714, "f1-score": 0.43636363636363634, "support": 21}, "siren": {"precision": 0.8888888888888888, "recall": 0.5, "f1-score": 0.64, "support": 16}, "accuracy": 0.5428571428571428, "macro avg": {"precision": 0.635732914136687, "recall": 0.5536661614247821, "f1-score": 0.551179031696273, "support": 105}, "weighted avg": {"precision": 0.6405778087108637, "recall": 0.5428571428571428, "f1-score": 0.5456978321805909, "support": 105}, "classificador": "KNeighborsClassifier"}