{"casual": {"precision": 0.4, "recall": 0.6896551724137931, "f1-score": 0.5063291139240508, "support": 29}, "explosion": {"precision": 0.8157894736842105, "recall": 0.7948717948717948, "f1-score": 0.8051948051948051, "support": 39}, "gunshot": {"precision": 1.0, "recall": 0.14285714285714285, "f1-score": 0.25, "support": 21}, "siren": {"precision": 0.8571428571428571, "recall": 0.75, "f1-score": 0.7999999999999999, "support": 16}, "accuracy": 0.6285714285714286, "macro avg": {"precision": 0.7682330827067669, "recall": 0.5943460275356827, "f1-score": 0.5903809797797139, "support": 105}, "weighted avg": {"precision": 0.7440959541711422, "recall": 0.6285714285714286, "f1-score": 0.6108203972037606, "support": 105}, "classificador": "BaggingClassifier"}