{"casual": {"precision": 0.5517241379310345, "recall": 0.5517241379310345, "f1-score": 0.5517241379310345, "support": 29}, "explosion": {"precision": 0.5964912280701754, "recall": 0.8717948717948718, "f1-score": 0.7083333333333334, "support": 39}, "gunshot": {"precision": 0.0, "recall": 0.0, "f1-score": 0.0, "support": 21}, "siren": {"precision": 0.7368421052631579, "recall": 0.875, "f1-score": 0.7999999999999999, "support": 16}, "accuracy": 0.6095238095238096, "macro avg": {"precision": 0.47126436781609193, "recall": 0.5746297524314765, "f1-score": 0.5150143678160919, "support": 105}, "weighted avg": {"precision": 0.4862155388471178, "recall": 0.6095238095238096, "f1-score": 0.5373809523809524, "support": 105}, "classificador": "SGDClassifier"}