{"casual": {"precision": 0.5384615384615384, "recall": 0.7241379310344828, "f1-score": 0.6176470588235294, "support": 29}, "explosion": {"precision": 0.9565217391304348, "recall": 0.5641025641025641, "f1-score": 0.7096774193548387, "support": 39}, "gunshot": {"precision": 0.4375, "recall": 0.6666666666666666, "f1-score": 0.5283018867924528, "support": 21}, "siren": {"precision": 0.9090909090909091, "recall": 0.625, "f1-score": 0.7407407407407406, "support": 16}, "accuracy": 0.638095238095238, "macro avg": {"precision": 0.7103935466707206, "recall": 0.6449767904509284, "f1-score": 0.6490917764278904, "support": 105}, "weighted avg": {"precision": 0.7300255903516772, "recall": 0.638095238095238, "f1-score": 0.6527178622401374, "support": 105}, "classificador": "KNeighborsClassifier"}