{"casual": {"precision": 0.3877551020408163, "recall": 0.6551724137931034, "f1-score": 0.48717948717948717, "support": 29}, "explosion": {"precision": 0.6511627906976745, "recall": 0.717948717948718, "f1-score": 0.6829268292682927, "support": 39}, "gunshot": {"precision": 0.0, "recall": 0.0, "f1-score": 0.0, "support": 21}, "siren": {"precision": 0.9230769230769231, "recall": 0.75, "f1-score": 0.8275862068965517, "support": 16}, "accuracy": 0.5619047619047619, "macro avg": {"precision": 0.4904987039538535, "recall": 0.5307802829354553, "f1-score": 0.4994231308360829, "support": 105}, "weighted avg": {"precision": 0.4896140720535595, "recall": 0.5619047619047619, "f1-score": 0.5143212455239369, "support": 105}, "classificador": "SGDClassifier"}