{"casual": {"precision": 0.34375, "recall": 0.7586206896551724, "f1-score": 0.4731182795698925, "support": 29}, "explosion": {"precision": 0.7407407407407407, "recall": 0.5128205128205128, "f1-score": 0.6060606060606061, "support": 39}, "gunshot": {"precision": 1.0, "recall": 0.047619047619047616, "f1-score": 0.0909090909090909, "support": 21}, "siren": {"precision": 0.8461538461538461, "recall": 0.6875, "f1-score": 0.7586206896551724, "support": 16}, "accuracy": 0.5142857142857142, "macro avg": {"precision": 0.7326611467236467, "recall": 0.5016400625236832, "f1-score": 0.4821771665486904, "support": 105}, "weighted avg": {"precision": 0.6990104802604802, "recall": 0.5142857142857142, "f1-score": 0.48956014940442083, "support": 105}, "classificador": "BaggingClassifier"}