{"casual": {"precision": 0.5405405405405406, "recall": 0.6896551724137931, "f1-score": 0.6060606060606061, "support": 29}, "explosion": {"precision": 0.8529411764705882, "recall": 0.7435897435897436, "f1-score": 0.7945205479452054, "support": 39}, "gunshot": {"precision": 0.7647058823529411, "recall": 0.6190476190476191, "f1-score": 0.6842105263157895, "support": 21}, "siren": {"precision": 0.7647058823529411, "recall": 0.8125, "f1-score": 0.787878787878788, "support": 16}, "accuracy": 0.7142857142857143, "macro avg": {"precision": 0.7307233704292527, "recall": 0.716198133762789, "f1-score": 0.7181676170500972, "support": 105}, "weighted avg": {"precision": 0.7355666590960709, "recall": 0.7142857142857143, "f1-score": 0.7193956248029788, "support": 105}, "classificador": "SGDClassifier"}