{"casual": {"precision": 0.631578947368421, "recall": 0.8275862068965517, "f1-score": 0.716417910447761, "support": 29}, "explosion": {"precision": 0.9459459459459459, "recall": 0.8974358974358975, "f1-score": 0.9210526315789475, "support": 39}, "gunshot": {"precision": 0.8461538461538461, "recall": 0.5238095238095238, "f1-score": 0.6470588235294118, "support": 21}, "siren": {"precision": 0.8823529411764706, "recall": 0.9375, "f1-score": 0.9090909090909091, "support": 16}, "accuracy": 0.8095238095238095, "macro avg": {"precision": 0.8265079201611709, "recall": 0.7965829070354933, "f1-score": 0.7984050686617573, "support": 105}, "weighted avg": {"precision": 0.8294719923202896, "recall": 0.8095238095238095, "f1-score": 0.8079129702298687, "support": 105}, "classificador": "SVC"}