{"casual": {"precision": 0.7586206896551724, "recall": 0.7586206896551724, "f1-score": 0.7586206896551724, "support": 29}, "explosion": {"precision": 0.9722222222222222, "recall": 0.8974358974358975, "f1-score": 0.9333333333333333, "support": 39}, "gunshot": {"precision": 0.7391304347826086, "recall": 0.8095238095238095, "f1-score": 0.7727272727272727, "support": 21}, "siren": {"precision": 0.8823529411764706, "recall": 0.9375, "f1-score": 0.9090909090909091, "support": 16}, "accuracy": 0.8476190476190476, "macro avg": {"precision": 0.8380815719591185, "recall": 0.8507700991537199, "f1-score": 0.843443051201672, "support": 105}, "weighted avg": {"precision": 0.8529147891040474, "recall": 0.8476190476190476, "f1-score": 0.8492640692640693, "support": 105}, "classificador": "KNeighborsClassifier"}