{"casual": {"precision": 0.5952380952380952, "recall": 0.8620689655172413, "f1-score": 0.7042253521126761, "support": 29}, "explosion": {"precision": 0.9310344827586207, "recall": 0.6923076923076923, "f1-score": 0.7941176470588235, "support": 39}, "gunshot": {"precision": 0.7647058823529411, "recall": 0.6190476190476191, "f1-score": 0.6842105263157895, "support": 21}, "siren": {"precision": 0.8823529411764706, "recall": 0.9375, "f1-score": 0.9090909090909091, "support": 16}, "accuracy": 0.7619047619047619, "macro avg": {"precision": 0.7933328503815319, "recall": 0.7777310692181382, "f1-score": 0.7729111086445496, "support": 105}, "weighted avg": {"precision": 0.7976068588354881, "recall": 0.7619047619047619, "f1-score": 0.7648285623299795, "support": 105}, "classificador": "LinearDiscriminantAnalysis"}