{"casual": {"precision": 0.7058823529411765, "recall": 0.8275862068965517, "f1-score": 0.7619047619047619, "support": 29}, "explosion": {"precision": 0.9230769230769231, "recall": 0.9230769230769231, "f1-score": 0.9230769230769231, "support": 39}, "gunshot": {"precision": 0.9333333333333333, "recall": 0.6666666666666666, "f1-score": 0.7777777777777778, "support": 21}, "siren": {"precision": 0.8823529411764706, "recall": 0.9375, "f1-score": 0.9090909090909091, "support": 16}, "accuracy": 0.8476190476190476, "macro avg": {"precision": 0.8611613876319758, "recall": 0.8387074491600354, "f1-score": 0.842962592962593, "support": 105}, "weighted avg": {"precision": 0.8589355742296919, "recall": 0.8476190476190476, "f1-score": 0.8473716759431046, "support": 105}, "classificador": "KNeighborsClassifier"}