{"casual": {"precision": 0.6363636363636364, "recall": 0.7241379310344828, "f1-score": 0.6774193548387097, "support": 29}, "explosion": {"precision": 0.8648648648648649, "recall": 0.8205128205128205, "f1-score": 0.8421052631578947, "support": 39}, "gunshot": {"precision": 0.8666666666666667, "recall": 0.6190476190476191, "f1-score": 0.7222222222222222, "support": 21}, "siren": {"precision": 0.8, "recall": 1.0, "f1-score": 0.888888888888889, "support": 16}, "accuracy": 0.780952380952381, "macro avg": {"precision": 0.7919737919737919, "recall": 0.7909245926487306, "f1-score": 0.7826589322769288, "support": 105}, "weighted avg": {"precision": 0.7922311922311922, "recall": 0.780952380952381, "f1-score": 0.7797729089749463, "support": 105}, "classificador": "SVC", "mediaTempoClassificacaoCadaAudio": 0.011411444346110026, "desvioTempoClassificacaoCadaAudio": 0.007015444678064093}