{"casual": {"precision": 0.5882352941176471, "recall": 0.6896551724137931, "f1-score": 0.6349206349206349, "support": 29}, "explosion": {"precision": 0.8333333333333334, "recall": 0.7692307692307693, "f1-score": 0.8, "support": 39}, "gunshot": {"precision": 0.7894736842105263, "recall": 0.7142857142857143, "f1-score": 0.7500000000000001, "support": 21}, "siren": {"precision": 0.875, "recall": 0.875, "f1-score": 0.875, "support": 16}, "accuracy": 0.7523809523809524, "macro avg": {"precision": 0.7715105779153767, "recall": 0.7620429139825692, "f1-score": 0.7649801587301588, "support": 105}, "weighted avg": {"precision": 0.7632168656936459, "recall": 0.7523809523809524, "f1-score": 0.7558352229780803, "support": 105}, "classificador": "LinearDiscriminantAnalysis"}