{"casual": {"precision": 0.8275862068965517, "recall": 0.8275862068965517, "f1-score": 0.8275862068965517, "support": 29}, "explosion": {"precision": 0.9473684210526315, "recall": 0.9230769230769231, "f1-score": 0.935064935064935, "support": 39}, "gunshot": {"precision": 0.9444444444444444, "recall": 0.8095238095238095, "f1-score": 0.8717948717948718, "support": 21}, "siren": {"precision": 0.8, "recall": 1.0, "f1-score": 0.888888888888889, "support": 16}, "accuracy": 0.8857142857142857, "macro avg": {"precision": 0.879849768098407, "recall": 0.8900467348743211, "f1-score": 0.8808337256613118, "support": 105}, "weighted avg": {"precision": 0.8912447786131996, "recall": 0.8857142857142857, "f1-score": 0.8856899714042571, "support": 105}, "classificador": "KNeighborsClassifier"}