{"casual": {"precision": 0.5348837209302325, "recall": 0.7931034482758621, "f1-score": 0.6388888888888888, "support": 29}, "explosion": {"precision": 0.9285714285714286, "recall": 0.6666666666666666, "f1-score": 0.7761194029850746, "support": 39}, "gunshot": {"precision": 0.9333333333333333, "recall": 0.6666666666666666, "f1-score": 0.7777777777777778, "support": 21}, "siren": {"precision": 0.7894736842105263, "recall": 0.9375, "f1-score": 0.8571428571428572, "support": 16}, "accuracy": 0.7428571428571429, "macro avg": {"precision": 0.7965655417613802, "recall": 0.7659841954022988, "f1-score": 0.7624822316986496, "support": 105}, "weighted avg": {"precision": 0.7995951673202941, "recall": 0.7428571428571429, "f1-score": 0.7508957480172831, "support": 105}, "classificador": "Perceptron"}