{"casual": {"precision": 0.8, "recall": 0.8275862068965517, "f1-score": 0.8135593220338982, "support": 29}, "explosion": {"precision": 0.9487179487179487, "recall": 0.9487179487179487, "f1-score": 0.9487179487179487, "support": 39}, "gunshot": {"precision": 0.9411764705882353, "recall": 0.7619047619047619, "f1-score": 0.8421052631578947, "support": 21}, "siren": {"precision": 0.8421052631578947, "recall": 1.0, "f1-score": 0.9142857142857143, "support": 16}, "accuracy": 0.8857142857142857, "macro avg": {"precision": 0.8829999206160197, "recall": 0.8845522293798156, "f1-score": 0.8796670620488639, "support": 105}, "weighted avg": {"precision": 0.8898894294559929, "recall": 0.8857142857142857, "f1-score": 0.8848190694654312, "support": 105}, "classificador": "KNeighborsClassifier"}