{"casual": {"precision": 0.6764705882352942, "recall": 0.7931034482758621, "f1-score": 0.7301587301587301, "support": 29}, "explosion": {"precision": 0.9393939393939394, "recall": 0.7948717948717948, "f1-score": 0.8611111111111112, "support": 39}, "gunshot": {"precision": 0.8421052631578947, "recall": 0.7619047619047619, "f1-score": 0.8, "support": 21}, "siren": {"precision": 0.8421052631578947, "recall": 1.0, "f1-score": 0.9142857142857143, "support": 16}, "accuracy": 0.819047619047619, "macro avg": {"precision": 0.8250187634862558, "recall": 0.8374700012631047, "f1-score": 0.826388888888889, "support": 105}, "weighted avg": {"precision": 0.8324943374478978, "recall": 0.819047619047619, "f1-score": 0.8208238851095994, "support": 105}, "classificador": "SGDClassifier"}