{"casual": {"precision": 0.5333333333333333, "recall": 0.5517241379310345, "f1-score": 0.5423728813559322, "support": 29}, "explosion": {"precision": 0.8235294117647058, "recall": 0.717948717948718, "f1-score": 0.767123287671233, "support": 39}, "gunshot": {"precision": 0.75, "recall": 0.7142857142857143, "f1-score": 0.7317073170731706, "support": 21}, "siren": {"precision": 0.7619047619047619, "recall": 1.0, "f1-score": 0.8648648648648648, "support": 16}, "accuracy": 0.7142857142857143, "macro avg": {"precision": 0.7171918767507003, "recall": 0.7459896425413667, "f1-score": 0.7265170877413002, "support": 105}, "weighted avg": {"precision": 0.7192837134853941, "recall": 0.7142857142857143, "f1-score": 0.7128601264273765, "support": 105}, "classificador": "SGDClassifier"}