{"casual": {"precision": 0.6388888888888888, "recall": 0.7931034482758621, "f1-score": 0.7076923076923076, "support": 29}, "explosion": {"precision": 0.8648648648648649, "recall": 0.8205128205128205, "f1-score": 0.8421052631578947, "support": 39}, "gunshot": {"precision": 0.75, "recall": 0.5714285714285714, "f1-score": 0.6486486486486486, "support": 21}, "siren": {"precision": 0.875, "recall": 0.875, "f1-score": 0.875, "support": 16}, "accuracy": 0.7714285714285715, "macro avg": {"precision": 0.7821884384384384, "recall": 0.7650112100543135, "f1-score": 0.7683615548747127, "support": 105}, "weighted avg": {"precision": 0.7810238810238811, "recall": 0.7714285714285715, "f1-score": 0.7713028934081565, "support": 105}, "classificador": "KNeighborsClassifier"}