{"casual": {"precision": 0.6666666666666666, "recall": 0.8275862068965517, "f1-score": 0.7384615384615385, "support": 29}, "explosion": {"precision": 0.9166666666666666, "recall": 0.8461538461538461, "f1-score": 0.8799999999999999, "support": 39}, "gunshot": {"precision": 0.75, "recall": 0.5714285714285714, "f1-score": 0.6486486486486486, "support": 21}, "siren": {"precision": 0.8823529411764706, "recall": 0.9375, "f1-score": 0.9090909090909091, "support": 16}, "accuracy": 0.8, "macro avg": {"precision": 0.8039215686274509, "recall": 0.7956671561197424, "f1-score": 0.7940502740502741, "support": 105}, "weighted avg": {"precision": 0.8090569561157795, "recall": 0.8, "f1-score": 0.799071055071055, "support": 105}, "classificador": "SVC"}