{"casual": {"precision": 0.7777777777777778, "recall": 0.7241379310344828, "f1-score": 0.75, "support": 29}, "explosion": {"precision": 0.9142857142857143, "recall": 0.8205128205128205, "f1-score": 0.8648648648648648, "support": 39}, "gunshot": {"precision": 0.6538461538461539, "recall": 0.8095238095238095, "f1-score": 0.7234042553191489, "support": 21}, "siren": {"precision": 0.8823529411764706, "recall": 0.9375, "f1-score": 0.9090909090909091, "support": 16}, "accuracy": 0.8095238095238095, "macro avg": {"precision": 0.8070656467715291, "recall": 0.8229186402677782, "f1-score": 0.8118400073187307, "support": 105}, "weighted avg": {"precision": 0.8196296638313445, "recall": 0.8095238095238095, "f1-score": 0.8115873679703467, "support": 105}, "classificador": "KNeighborsClassifier"}