{"casual": {"precision": 0.4594594594594595, "recall": 0.5862068965517241, "f1-score": 0.5151515151515151, "support": 29}, "explosion": {"precision": 0.58, "recall": 0.7435897435897436, "f1-score": 0.6516853932584269, "support": 39}, "gunshot": {"precision": 0.0, "recall": 0.0, "f1-score": 0.0, "support": 21}, "siren": {"precision": 0.6666666666666666, "recall": 0.75, "f1-score": 0.7058823529411765, "support": 16}, "accuracy": 0.5523809523809524, "macro avg": {"precision": 0.42653153153153156, "recall": 0.519949160035367, "f1-score": 0.46817981533777964, "support": 105}, "weighted avg": {"precision": 0.44391419991419984, "recall": 0.5523809523809524, "f1-score": 0.4918975421288706, "support": 105}, "classificador": "SGDClassifier"}