{"casual": {"precision": 0.6756756756756757, "recall": 0.8620689655172413, "f1-score": 0.7575757575757576, "support": 29}, "explosion": {"precision": 0.8823529411764706, "recall": 0.7692307692307693, "f1-score": 0.8219178082191781, "support": 39}, "gunshot": {"precision": 0.9444444444444444, "recall": 0.8095238095238095, "f1-score": 0.8717948717948718, "support": 21}, "siren": {"precision": 1.0, "recall": 1.0, "f1-score": 1.0, "support": 16}, "accuracy": 0.8380952380952381, "macro avg": {"precision": 0.8756182653241477, "recall": 0.8602058860679551, "f1-score": 0.8628221093974519, "support": 105}, "weighted avg": {"precision": 0.8556161203220026, "recall": 0.8380952380952381, "f1-score": 0.841258893313688, "support": 105}, "classificador": "SGDClassifier", "mediaTempoClassificacaoCadaAudio": 0.0022790613628569105, "desvioTempoClassificacaoCadaAudio": 0.00022378394042418953}