{"casual": {"precision": 0.5925925925925926, "recall": 0.5517241379310345, "f1-score": 0.5714285714285714, "support": 29}, "explosion": {"precision": 0.75, "recall": 0.9230769230769231, "f1-score": 0.8275862068965517, "support": 39}, "gunshot": {"precision": 1.0, "recall": 0.5714285714285714, "f1-score": 0.7272727272727273, "support": 21}, "siren": {"precision": 0.8333333333333334, "recall": 0.9375, "f1-score": 0.8823529411764706, "support": 16}, "accuracy": 0.7523809523809524, "macro avg": {"precision": 0.7939814814814815, "recall": 0.7459324081091323, "f1-score": 0.7521601116935802, "support": 105}, "weighted avg": {"precision": 0.7692239858906526, "recall": 0.7523809523809524, "f1-score": 0.7451206187804276, "support": 105}, "classificador": "QuadraticDiscriminantAnalysis", "mediaTempoClassificacaoCadaAudio": 0.0037955874488467263, "desvioTempoClassificacaoCadaAudio": 0.0011550806866742222}