{"casual": {"precision": 0.55, "recall": 0.7586206896551724, "f1-score": 0.6376811594202898, "support": 29}, "explosion": {"precision": 0.8181818181818182, "recall": 0.6923076923076923, "f1-score": 0.7500000000000001, "support": 39}, "gunshot": {"precision": 0.9, "recall": 0.42857142857142855, "f1-score": 0.5806451612903225, "support": 21}, "siren": {"precision": 0.6818181818181818, "recall": 0.9375, "f1-score": 0.7894736842105263, "support": 16}, "accuracy": 0.6952380952380952, "macro avg": {"precision": 0.7374999999999999, "recall": 0.7042499526335733, "f1-score": 0.6894500012302847, "support": 105}, "weighted avg": {"precision": 0.7396969696969697, "recall": 0.6952380952380952, "f1-score": 0.6911226757871771, "support": 105}, "classificador": "Perceptron", "mediaTempoClassificacaoCadaAudio": 0.002767356236775716, "desvioTempoClassificacaoCadaAudio": 0.0008768994217265708}