{"casual": {"precision": 0.6111111111111112, "recall": 0.7586206896551724, "f1-score": 0.676923076923077, "support": 29}, "explosion": {"precision": 0.8648648648648649, "recall": 0.8205128205128205, "f1-score": 0.8421052631578947, "support": 39}, "gunshot": {"precision": 1.0, "recall": 0.47619047619047616, "f1-score": 0.6451612903225806, "support": 21}, "siren": {"precision": 0.7272727272727273, "recall": 1.0, "f1-score": 0.8421052631578948, "support": 16}, "accuracy": 0.7619047619047619, "macro avg": {"precision": 0.8008121758121758, "recall": 0.7638309965896173, "f1-score": 0.7515737233903618, "support": 105}, "weighted avg": {"precision": 0.8008411008411009, "recall": 0.7619047619047619, "f1-score": 0.7570947219164537, "support": 105}, "classificador": "DecisionTreeClassifier", "mediaTempoClassificacaoCadaAudio": 0.0021970181238083614, "desvioTempoClassificacaoCadaAudio": 0.00041050668536369124}