{"casual": {"precision": 0.7142857142857143, "recall": 0.8620689655172413, "f1-score": 0.7812500000000001, "support": 29}, "explosion": {"precision": 0.9705882352941176, "recall": 0.8461538461538461, "f1-score": 0.9041095890410958, "support": 39}, "gunshot": {"precision": 0.9444444444444444, "recall": 0.8095238095238095, "f1-score": 0.8717948717948718, "support": 21}, "siren": {"precision": 0.8333333333333334, "recall": 0.9375, "f1-score": 0.8823529411764706, "support": 16}, "accuracy": 0.8571428571428571, "macro avg": {"precision": 0.8656629318394025, "recall": 0.8638116552987243, "f1-score": 0.8598768505031096, "support": 105}, "weighted avg": {"precision": 0.8736561291183139, "recall": 0.8571428571428571, "f1-score": 0.860398698467796, "support": 105}, "classificador": "SVC", "mediaTempoClassificacaoCadaAudio": 0.04464886074974423, "desvioTempoClassificacaoCadaAudio": 0.032394738764652334}