{"casual": {"precision": 0.6153846153846154, "recall": 0.8275862068965517, "f1-score": 0.7058823529411765, "support": 29}, "explosion": {"precision": 0.9696969696969697, "recall": 0.8205128205128205, "f1-score": 0.8888888888888888, "support": 39}, "gunshot": {"precision": 0.9285714285714286, "recall": 0.6190476190476191, "f1-score": 0.742857142857143, "support": 21}, "siren": {"precision": 0.7894736842105263, "recall": 0.9375, "f1-score": 0.8571428571428572, "support": 16}, "accuracy": 0.8, "macro avg": {"precision": 0.825781674465885, "recall": 0.8011616616142478, "f1-score": 0.7986928104575164, "support": 105}, "weighted avg": {"precision": 0.8361515677305151, "recall": 0.8, "f1-score": 0.8043003868213954, "support": 105}, "classificador": "SVC", "mediaTempoClassificacaoCadaAudio": 0.053151453109014604, "desvioTempoClassificacaoCadaAudio": 0.039412857493256334}