{"casual": {"precision": 0.7272727272727273, "recall": 0.8275862068965517, "f1-score": 0.7741935483870968, "support": 29}, "explosion": {"precision": 0.9117647058823529, "recall": 0.7948717948717948, "f1-score": 0.8493150684931507, "support": 39}, "gunshot": {"precision": 0.85, "recall": 0.8095238095238095, "f1-score": 0.8292682926829269, "support": 21}, "siren": {"precision": 0.8888888888888888, "recall": 1.0, "f1-score": 0.9411764705882353, "support": 16}, "accuracy": 0.8380952380952381, "macro avg": {"precision": 0.8444815805109923, "recall": 0.857995452823039, "f1-score": 0.8484883450378524, "support": 105}, "weighted avg": {"precision": 0.84497099850041, "recall": 0.8380952380952381, "f1-score": 0.8385557928591612, "support": 105}, "classificador": "Perceptron", "mediaTempoClassificacaoCadaAudio": 0.003733396530151367, "desvioTempoClassificacaoCadaAudio": 0.0009412177162226557}