{"casual": {"precision": 0.6, "recall": 0.7241379310344828, "f1-score": 0.65625, "support": 29}, "explosion": {"precision": 0.8787878787878788, "recall": 0.7435897435897436, "f1-score": 0.8055555555555556, "support": 39}, "gunshot": {"precision": 0.9411764705882353, "recall": 0.7619047619047619, "f1-score": 0.8421052631578947, "support": 21}, "siren": {"precision": 0.8, "recall": 1.0, "f1-score": 0.888888888888889, "support": 16}, "accuracy": 0.780952380952381, "macro avg": {"precision": 0.8049910873440285, "recall": 0.807408109132247, "f1-score": 0.7981999269005847, "support": 105}, "weighted avg": {"precision": 0.8022612681436211, "recall": 0.780952380952381, "f1-score": 0.7843271372876638, "support": 105}, "classificador": "Perceptron", "mediaTempoClassificacaoCadaAudio": 0.0022050267174130393, "desvioTempoClassificacaoCadaAudio": 0.0002406655085894464}