{"casual": {"precision": 0.7419354838709677, "recall": 0.7931034482758621, "f1-score": 0.7666666666666667, "support": 29}, "explosion": {"precision": 0.868421052631579, "recall": 0.8461538461538461, "f1-score": 0.8571428571428572, "support": 39}, "gunshot": {"precision": 0.9444444444444444, "recall": 0.8095238095238095, "f1-score": 0.8717948717948718, "support": 21}, "siren": {"precision": 0.8333333333333334, "recall": 0.9375, "f1-score": 0.8823529411764706, "support": 16}, "accuracy": 0.8380952380952381, "macro avg": {"precision": 0.8470335785700812, "recall": 0.8465702759883795, "f1-score": 0.8444893341952165, "support": 105}, "weighted avg": {"precision": 0.8433449214433935, "recall": 0.8380952380952381, "f1-score": 0.8389261345563866, "support": 105}, "classificador": "KNeighborsClassifier", "mediaTempoClassificacaoCadaAudio": 0.3071097623734247, "desvioTempoClassificacaoCadaAudio": 0.24129276747422101}