{"casual": {"precision": 0.7272727272727273, "recall": 0.8275862068965517, "f1-score": 0.7741935483870968, "support": 29}, "explosion": {"precision": 0.9705882352941176, "recall": 0.8461538461538461, "f1-score": 0.9041095890410958, "support": 39}, "gunshot": {"precision": 0.9444444444444444, "recall": 0.8095238095238095, "f1-score": 0.8717948717948718, "support": 21}, "siren": {"precision": 0.8, "recall": 1.0, "f1-score": 0.888888888888889, "support": 16}, "accuracy": 0.8571428571428571, "macro avg": {"precision": 0.8605763517528222, "recall": 0.8708159656435519, "f1-score": 0.8597467245279883, "support": 105}, "weighted avg": {"precision": 0.8721636533401238, "recall": 0.8571428571428571, "f1-score": 0.8594457276737436, "support": 105}, "classificador": "SVC", "mediaTempoClassificacaoCadaAudio": 0.05130934261140369, "desvioTempoClassificacaoCadaAudio": 0.03964138983609905}